{
  "numNodes": 67,
  "numEdges": 127,
  "selfLinks": 0,
  "numStrongComponents": 63,
  "numWeakComponents": 2,
  "sizeLargestStrong": 5,
  "sizeLargestWeak": 65,
  "radius": 2,
  "diameter": 3,
  "averageInDegree": 1.8955223880597014,
  "averageOutDegree": 1.8955223880597014,
  "maxOutDegree": 9,
  "maxInDegree": 20,
  "pageRank": {
    "Xbox Wiki": 0.013122504120849606,
    "List of Xbox 360 Games": 0.006906741762011687,
    "Microsoft": 0.05300004897457732,
    "Xbox (Company)": 0.05566859309516296,
    "Xbox 360": 0.0830735811775346,
    "Armageddon Soldiers": 0.006906741762011687,
    "Star Wars: The Force Unleashed": 0.013122504120849606,
    "Main Page": 0.006906741762011687,
    "Halo": 0.010843375920760543,
    "2005": 0.021478198278811107,
    "Electronic Entertainment Expo": 0.015214107010338733,
    "LEGO Indiana Jones: The Original Adventures": 0.006906741762011687,
    "SEGA Superstars Tennis": 0.006906741762011687,
    "Destroy All Humans! Path of the Furon": 0.006906741762011687,
    "Dues Ex: Invisible War quotes": 0.006906741762011687,
    "PowerUp Forever": 0.006906741762011687,
    "Rise of the Argonauts": 0.006906741762011687,
    "Single-player": 0.014165864231083115,
    "2008": 0.0161267892609546,
    "Real-time strategy": 0.006906741762011687,
    "Guitar Hero: Metallica": 0.006906741762011687,
    "Rock Band 2": 0.006906741762011687,
    "Video game": 0.017217835347309193,
    "Entertainment Software Rating Board": 0.015919597182326668,
    "Ace Combat 6: Fires of Liberation": 0.006906741762011687,
    "DLC": 0.006906741762011687,
    "Downloadable content": 0.013122504120849606,
    "Role-playing game": 0.006906741762011687,
    "PlayStation 3": 0.019883320828970114,
    "PlayStation 2": 0.02165237189476027,
    "PlayStation Portable": 0.008875058841386115,
    "Nintendo DS": 0.008875058841386115,
    "Wii": 0.022514655626990288,
    "Microsoft Windows": 0.009185854626918925,
    "Windows XP": 0.01317083303048406,
    "Windows Mobile": 0.006906741762011687,
    "Cooperative gameplay": 0.012407944023664304,
    "PlayStation Network": 0.009268722257261,
    "Shoot 'em up": 0.008149894233779272,
    "Yaris (video game)": 0.006906741762011687,
    "Yaris": 0.013122504120849606,
    "Star Wars: The Force Unleashed (video game)": 0.006906741762011687,
    "2006 FIFA World Cup (video game)": 0.008149894233779272,
    "Dreamcast": 0.012991331626552671,
    "Nintendo 64": 0.010629351131303357,
    "Game Boy": 0.012407944023664304,
    "Assault Heroes 2": 0.006906741762011687,
    "Beat'n Groovy": 0.006906741762011687,
    "APB (video game)": 0.006906741762011687,
    "Multiplayer video game": 0.030561003677429744,
    "Game Rankings": 0.008571678108128988,
    "Multiplayer game": 0.009185854626918923,
    "Game artificial intelligence": 0.013122504120849606,
    "Artificial intelligence": 0.006906741762011687,
    "Gamerpoint": 0.006906741762011687,
    "PEGI": 0.021234007291092143,
    "2006": 0.027693960637649024,
    "Non-player character": 0.018416498968692463,
    "2004": 0.01317083303048406,
    "Project Natal": 0.010843375920760543,
    "Resident Evil 5": 0.01881923997735563,
    "Xbox Live 360": 0.006906741762011687,
    "Xbox Live": 0.046900886696657415,
    "Xbox": 0.054178972355902855,
    "Lego Star Wars: The Complete Saga": 0.013122504120849606,
    "Star Wars: Battlefront II": 0.006906741762011687,
    "Lego Star Wars II: The Original Trilogy": 0.008149894233779272
  },
  "hitsHubs": {
    "Xbox Wiki": 0.026232752207988326,
    "List of Xbox 360 Games": 0.03894306898232092,
    "Microsoft": 0.025542891817034178,
    "Xbox (Company)": 0.062887386891097,
    "Xbox 360": 0.05130311946003136,
    "Armageddon Soldiers": 0.03167073154725988,
    "Star Wars: The Force Unleashed": 0.05000294145204415,
    "Main Page": 2.9181771452861846e-35,
    "Halo": 0.0,
    "2005": 0.0,
    "Electronic Entertainment Expo": 0.0,
    "LEGO Indiana Jones: The Original Adventures": 2.9181771452861846e-35,
    "SEGA Superstars Tennis": 0.033242068363571915,
    "Destroy All Humans! Path of the Furon": 0.042089122389175504,
    "Dues Ex: Invisible War quotes": 0.003606239386699096,
    "PowerUp Forever": 0.033242068363571915,
    "Rise of the Argonauts": 0.041714301416545904,
    "Single-player": 0.0020492204536143237,
    "2008": 0.0,
    "Real-time strategy": 0.0030840481123534827,
    "Guitar Hero: Metallica": 0.08156759869720612,
    "Rock Band 2": 0.07183351958028131,
    "Video game": 0.0,
    "Entertainment Software Rating Board": 2.9181771452861846e-35,
    "Ace Combat 6: Fires of Liberation": 0.02820285617474106,
    "DLC": 2.9181771452861846e-35,
    "Downloadable content": 0.023985114778737517,
    "Role-playing game": 0.0019461577889416267,
    "PlayStation 3": 0.0,
    "PlayStation 2": 0.0,
    "PlayStation Portable": 0.0,
    "Nintendo DS": 0.0,
    "Wii": 0.0,
    "Microsoft Windows": 0.01195417453177065,
    "Windows XP": 0.01195417453177065,
    "Windows Mobile": 0.01195417453177065,
    "Cooperative gameplay": 0.004472209565229275,
    "PlayStation Network": 0.0,
    "Shoot 'em up": 0.029408227031221194,
    "Yaris (video game)": 2.9181771452861846e-35,
    "Yaris": 0.03167073154725988,
    "Star Wars: The Force Unleashed (video game)": 2.9181771452861846e-35,
    "2006 FIFA World Cup (video game)": 0.0,
    "Dreamcast": 0.0,
    "Nintendo 64": 0.0,
    "Game Boy": 0.0,
    "Assault Heroes 2": 0.0365638380719697,
    "Beat'n Groovy": 0.058987798878876334,
    "APB (video game)": 0.05318652128979695,
    "Multiplayer video game": 0.03524191532637332,
    "Game Rankings": 0.0,
    "Multiplayer game": 0.0019461577889416267,
    "Game artificial intelligence": 0.0018698585065392472,
    "Artificial intelligence": 2.9181771452861846e-35,
    "Gamerpoint": 0.0097340791169248,
    "PEGI": 0.0,
    "2006": 0.0,
    "Non-player character": 0.0,
    "2004": 0.0,
    "Project Natal": 0.0,
    "Resident Evil 5": 0.0,
    "Xbox Live 360": 0.02193665243033508,
    "Xbox Live": 0.0,
    "Xbox": 2.9181771452861846e-35,
    "Lego Star Wars: The Complete Saga": 0.0,
    "Star Wars: Battlefront II": 0.0259742789880052,
    "Lego Star Wars II: The Original Trilogy": 0.0
  },
  "hitsAuths": {
    "Xbox Wiki": 2.276893980453692e-34,
    "List of Xbox 360 Games": 0.0,
    "Microsoft": 0.09327188404805399,
    "Xbox (Company)": 2.276893980453692e-34,
    "Xbox 360": 0.17115969793203376,
    "Armageddon Soldiers": 0.0,
    "Star Wars: The Force Unleashed": 2.276893980453692e-34,
    "Main Page": 0.0,
    "Halo": 0.005382603225627275,
    "2005": 0.023430335577766997,
    "Electronic Entertainment Expo": 0.01052670088998569,
    "LEGO Indiana Jones: The Original Adventures": 0.0,
    "SEGA Superstars Tennis": 0.0,
    "Destroy All Humans! Path of the Furon": 0.0,
    "Dues Ex: Invisible War quotes": 0.0,
    "PowerUp Forever": 0.0,
    "Rise of the Argonauts": 0.0,
    "Single-player": 0.06610419957019258,
    "2008": 0.05271988778897875,
    "Real-time strategy": 0.0,
    "Guitar Hero: Metallica": 0.0,
    "Rock Band 2": 0.0,
    "Video game": 0.000804141589491367,
    "Entertainment Software Rating Board": 0.03549008783396366,
    "Ace Combat 6: Fires of Liberation": 0.0,
    "DLC": 0.0,
    "Downloadable content": 2.276893980453692e-34,
    "Role-playing game": 0.0,
    "PlayStation 3": 0.06317559100945842,
    "PlayStation 2": 0.07699385459550158,
    "PlayStation Portable": 0.010259922089418646,
    "Nintendo DS": 0.010259922089418646,
    "Wii": 0.058296609103214415,
    "Microsoft Windows": 0.016242717326604365,
    "Windows XP": 0.012903634687781308,
    "Windows Mobile": 0.0,
    "Cooperative gameplay": 0.007231160710663813,
    "PlayStation Network": 0.004921418653560706,
    "Shoot 'em up": 0.007502401246580387,
    "Yaris (video game)": 0.0,
    "Yaris": 2.276893980453692e-34,
    "Star Wars: The Force Unleashed (video game)": 0.0,
    "2006 FIFA World Cup (video game)": 0.007990586995904186,
    "Dreamcast": 0.005839055103240071,