{
  "numNodes": 66,
  "numEdges": 126,
  "selfLinks": 0,
  "numStrongComponents": 62,
  "numWeakComponents": 2,
  "sizeLargestStrong": 5,
  "sizeLargestWeak": 64,
  "radius": 2,
  "diameter": 3,
  "averageInDegree": 1.9090909090909092,
  "averageOutDegree": 1.9090909090909092,
  "maxOutDegree": 9,
  "maxInDegree": 20,
  "pageRank": {
    "Xbox Wiki": 0.013113674389204358,
    "List of Xbox 360 Games": 0.006901890190974791,
    "Microsoft": 0.05371382727542587,
    "Xbox (Company)": 0.057933200408635865,
    "Xbox 360": 0.0855829314393291,
    "Armageddon Soldiers": 0.006901890190974791,
    "Star Wars: The Force Unleashed": 0.013113674389204358,
    "Main Page": 0.006901890190974791,
    "2005": 0.021977438386556122,
    "Electronic Entertainment Expo": 0.015459796091270458,
    "LEGO Indiana Jones: The Original Adventures": 0.006901890190974791,
    "SEGA Superstars Tennis": 0.006901890190974791,
    "Destroy All Humans! Path of the Furon": 0.006901890190974791,
    "Dues Ex: Invisible War quotes": 0.006901890190974791,
    "PowerUp Forever": 0.006901890190974791,
    "Rise of the Argonauts": 0.006901890190974791,
    "Single-player": 0.014156366736764322,
    "2008": 0.016116036751681984,
    "Real-time strategy": 0.006901890190974791,
    "Guitar Hero: Metallica": 0.006901890190974791,
    "Rock Band 2": 0.006901890190974791,
    "Video game": 0.017206131803271497,
    "Entertainment Software Rating Board": 0.015908977278407663,
    "Ace Combat 6: Fires of Liberation": 0.006901890190974791,
    "DLC": 0.006901890190974791,
    "Downloadable content": 0.013113674389204358,
    "Role-playing game": 0.006901890190974791,
    "PlayStation 3": 0.02012597563326733,
    "PlayStation 2": 0.021895542031068395,
    "PlayStation Portable": 0.008868901599217147,
    "Nintendo DS": 0.008868901599217147,
    "Wii": 0.022755598791132977,
    "Microsoft Windows": 0.0091795443969923,
    "Windows XP": 0.013419532486260455,
    "Windows Mobile": 0.006901890190974791,
    "Cooperative gameplay": 0.012399034830436325,
    "PlayStation Network": 0.00926230388086562,
    "Shoot 'em up": 0.008144247030620704,
    "Yaris (video game)": 0.006901890190974791,
    "Yaris": 0.013113674389204358,
    "Star Wars: The Force Unleashed (video game)": 0.006901890190974791,
    "2006 FIFA World Cup (video game)": 0.008144247030620704,
    "Dreamcast": 0.012982102872069336,
    "Nintendo 64": 0.010621689182178505,
    "Game Boy": 0.012399034830436325,
    "Assault Heroes 2": 0.006901890190974791,
    "Beat'n Groovy": 0.006901890190974791,
    "APB (video game)": 0.006901890190974791,
    "Multiplayer video game": 0.0305407511645649,
    "Game Rankings": 0.008565760958357711,
    "Multiplayer game": 0.009179544396992298,
    "Game artificial intelligence": 0.013113674389204358,
    "Artificial intelligence": 0.006901890190974791,
    "Gamerpoint": 0.006901890190974791,
    "PEGI": 0.021219586553479997,
    "2006": 0.028189222584785692,
    "Non-player character": 0.01840365237966423,
    "2004": 0.013419532486260455,
    "Project Natal": 0.010835913007459504,
    "Resident Evil 5": 0.0190625666208072,
    "Xbox Live 360": 0.006901890190974791,
    "Xbox Live": 0.047383126312316,
    "Xbox": 0.05670543302936916,
    "Lego Star Wars: The Complete Saga": 0.013113674389204358,
    "Star Wars: Battlefront II": 0.006901890190974791,
    "Lego Star Wars II: The Original Trilogy": 0.008144247030620704
  },
  "hitsHubs": {
    "Xbox Wiki": 0.025531547699602506,
    "List of Xbox 360 Games": 0.038970826556987484,
    "Microsoft": 0.025531547699602506,
    "Xbox (Company)": 0.06294694860466163,
    "Xbox 360": 0.05134937464415136,
    "Armageddon Soldiers": 0.03168832930923811,
    "Star Wars: The Force Unleashed": 0.05004537149967326,
    "Main Page": 2.944882795795815e-35,
    "2005": 0.0,
    "Electronic Entertainment Expo": 0.0,
    "LEGO Indiana Jones: The Original Adventures": 2.944882795795815e-35,
    "SEGA Superstars Tennis": 0.03325906196644689,
    "Destroy All Humans! Path of the Furon": 0.0421194444239566,
    "Dues Ex: Invisible War quotes": 0.0035895791291709277,
    "PowerUp Forever": 0.03325906196644689,
    "Rise of the Argonauts": 0.04174197882162304,
    "Single-player": 0.0020514063971412647,
    "2008": 0.0,
    "Real-time strategy": 0.003088165223935894,
    "Guitar Hero: Metallica": 0.0816516230716547,
    "Rock Band 2": 0.07190526233284818,
    "Video game": 0.0,
    "Entertainment Software Rating Board": 2.944882795795815e-35,
    "Ace Combat 6: Fires of Liberation": 0.028214011537476852,
    "DLC": 2.944882795795815e-35,
    "Downloadable content": 0.024016335087381685,
    "Role-playing game": 0.001948198259542329,
    "PlayStation 3": 0.0,
    "PlayStation 2": 0.0,
    "PlayStation Portable": 0.0,
    "Nintendo DS": 0.0,
    "Wii": 0.0,
    "Microsoft Windows": 0.011970380280664168,
    "Windows XP": 0.011970380280664168,
    "Windows Mobile": 0.011970380280664168,
    "Cooperative gameplay": 0.004455854044401848,
    "PlayStation Network": 0.0,
    "Shoot 'em up": 0.029423339471303007,
    "Yaris (video game)": 2.944882795795815e-35,
    "Yaris": 0.03168832930923811,
    "Star Wars: The Force Unleashed (video game)": 2.944882795795815e-35,
    "2006 FIFA World Cup (video game)": 0.0,
    "Dreamcast": 0.0,
    "Nintendo 64": 0.0,
    "Game Boy": 0.0,
    "Assault Heroes 2": 0.03658441004702121,
    "Beat'n Groovy": 0.059040635265600216,
    "APB (video game)": 0.053231244249904885,
    "Multiplayer video game": 0.03526293065584277,
    "Game Rankings": 0.0,
    "Multiplayer game": 0.001948198259542329,
    "Game artificial intelligence": 0.0018716461430379435,
    "Artificial intelligence": 2.944882795795815e-35,
    "Gamerpoint": 0.00974636073880653,
    "PEGI": 0.0,
    "2006": 0.0,
    "Non-player character": 0.0,
    "2004": 0.0,
    "Project Natal": 0.0,
    "Resident Evil 5": 0.0,
    "Xbox Live 360": 0.02194196857043158,
    "Xbox Live": 0.0,
    "Xbox": 2.944882795795815e-35,
    "Lego Star Wars: The Complete Saga": 0.0,
    "Star Wars: Battlefront II": 0.025985868171334792,
    "Lego Star Wars II: The Original Trilogy": 0.0
  },
  "hitsAuths": {
    "Xbox Wiki": 2.308069290761083e-34,
    "List of Xbox 360 Games": 0.0,
    "Microsoft": 0.09381856270808489,
    "Xbox (Company)": 2.308069290761083e-34,
    "Xbox 360": 0.17197147509081848,
    "Armageddon Soldiers": 0.0,
    "Star Wars: The Force Unleashed": 2.308069290761083e-34,
    "Main Page": 0.0,
    "2005": 0.023566924151672875,
    "Electronic Entertainment Expo": 0.01058780180128229,
    "LEGO Indiana Jones: The Original Adventures": 0.0,
    "SEGA Superstars Tennis": 0.0,
    "Destroy All Humans! Path of the Furon": 0.0,
    "Dues Ex: Invisible War quotes": 0.0,
    "PowerUp Forever": 0.0,
    "Rise of the Argonauts": 0.0,
    "Single-player": 0.06648536205740802,
    "2008": 0.053015200747982015,
    "Real-time strategy": 0.0,
    "Guitar Hero: Metallica": 0.0,
    "Rock Band 2": 0.0,
    "Video game": 0.0008088998763849786,
    "Entertainment Software Rating Board": 0.03568318740284162,
    "Ace Combat 6: Fires of Liberation": 0.0,
    "DLC": 0.0,
    "Downloadable content": 2.308069290761083e-34,
    "Role-playing game": 0.0,
    "PlayStation 3": 0.06354467277887228,
    "PlayStation 2": 0.07744386664886797,
    "PlayStation Portable": 0.010318927513747255,
    "Nintendo DS": 0.010318927513747255,
    "Wii": 0.05863568646516745,
    "Microsoft Windows": 0.016333890958252245,
    "Windows XP": 0.012979122350390586,
    "Windows Mobile": 0.0,
    "Cooperative gameplay": 0.00727091466345023,
    "PlayStation Network": 0.0049519628558189225,
    "Shoot 'em up": 0.007543392415115599,
    "Yaris (video game)": 0.0,
    "Yaris": 2.308069290761083e-34,
    "Star Wars: The Force Unleashed (video game)": 0.0,
    "2006 FIFA World Cup (video game)": 0.00803545107936806,
    "Dreamcast": 0.00587072184347977,
    "Nintendo 64": 0.0009187589876608481,
    "Game Boy": 0.00727091466345023,