{
  "numNodes": 52,
  "numEdges": 75,
  "selfLinks": 0,
  "numStrongComponents": 52,
  "numWeakComponents": 3,
  "sizeLargestStrong": 1,
  "sizeLargestWeak": 48,
  "radius": 0,
  "diameter": 0,
  "averageInDegree": 1.4423076923076923,
  "averageOutDegree": 1.4423076923076923,
  "maxOutDegree": 6,
  "maxInDegree": 7,
  "pageRank": {
    "Armageddon Soldiers": 0.01098147748112738,
    "Star Wars: The Force Unleashed": 0.020864706940797513,
    "LEGO Indiana Jones: The Original Adventures": 0.01098147748112738,
    "SEGA Superstars Tennis": 0.01098147748112738,
    "Destroy All Humans! Path of the Furon": 0.01098147748112738,
    "Dues Ex: Invisible War quotes": 0.01098147748112738,
    "PowerUp Forever": 0.01098147748112738,
    "Rise of the Argonauts": 0.01098147748112738,
    "Single-player": 0.026465203634610586,
    "2008": 0.03239514131041266,
    "Real-time strategy": 0.01098147748112738,
    "Guitar Hero: Metallica": 0.01098147748112738,
    "Rock Band 2": 0.01098147748112738,
    "Video game": 0.02915081402534967,
    "Entertainment Software Rating Board": 0.03157153885544016,
    "Ace Combat 6: Fires of Liberation": 0.01098147748112738,
    "DLC": 0.01098147748112738,
    "Downloadable content": 0.020864706940797513,
    "Role-playing game": 0.01098147748112738,
    "PlayStation 3": 0.020831882195588826,
    "PlayStation 2": 0.02738787709016023,
    "PlayStation Portable": 0.014737224028792245,
    "Nintendo DS": 0.014737224028792245,
    "Wii": 0.030468180110004975,
    "Microsoft Windows": 0.01542893073797894,
    "Cooperative gameplay": 0.022766091266607003,
    "PlayStation Network": 0.014737224028792245,
    "Shoot 'em up": 0.013452284846044913,
    "Yaris (video game)": 0.01098147748112738,
    "Yaris": 0.020864706940797513,
    "Star Wars: The Force Unleashed (video game)": 0.01098147748112738,
    "Dreamcast": 0.02156683535156861,
    "Nintendo 64": 0.017811088803903745,
    "Game Boy": 0.022766091266607003,
    "Assault Heroes 2": 0.01098147748112738,
    "Beat'n Groovy": 0.01098147748112738,
    "APB (video game)": 0.01098147748112738,
    "Multiplayer video game": 0.05237650271639966,
    "Game Rankings": 0.014605328283006428,
    "Multiplayer game": 0.015923092210962445,
    "Game artificial intelligence": 0.020864706940797513,
    "Artificial intelligence": 0.01098147748112738,
    "Gamerpoint": 0.01098147748112738,
    "PEGI": 0.039397005437993744,
    "2006": 0.020864706940797513,
    "Non-player character": 0.03396728357588351,
    "Project Natal": 0.01724105506056882,
    "Resident Evil 5": 0.014737224028792245,
    "Xbox Live": 0.07000864420177154,
    "Xbox": 0.029670964155507906,
    "Lego Star Wars: The Complete Saga": 0.020864706940797513,
    "Star Wars: Battlefront II": 0.01098147748112738
  },
  "hitsHubs": {
    "Armageddon Soldiers": 0.020349786597502348,
    "Star Wars: The Force Unleashed": 0.0881034224897441,
    "LEGO Indiana Jones: The Original Adventures": 9.890165797227e-47,
    "SEGA Superstars Tennis": 0.022138536665652606,
    "Destroy All Humans! Path of the Furon": 0.062101175978431164,
    "Dues Ex: Invisible War quotes": 0.006011441599605275,
    "PowerUp Forever": 0.022138536665652606,
    "Rise of the Argonauts": 0.053514949845043555,
    "Single-player": 0.011188016814680806,
    "2008": 0.0,
    "Real-time strategy": 9.890165797227e-47,
    "Guitar Hero: Metallica": 0.1451366844757751,
    "Rock Band 2": 0.12478689787827275,
    "Video game": 0.0,
    "Entertainment Software Rating Board": 9.890165797227e-47,
    "Ace Combat 6: Fires of Liberation": 0.009867484009908294,
    "DLC": 9.890165797227e-47,
    "Downloadable content": 0.06566327176037813,
    "Role-playing game": 0.010374976201537855,
    "PlayStation 3": 0.0,
    "PlayStation 2": 0.0,
    "PlayStation Portable": 0.0,
    "Nintendo DS": 0.0,
    "Wii": 0.0,
    "Microsoft Windows": 0.0,
    "Cooperative gameplay": 0.010972600366372562,
    "PlayStation Network": 0.0,
    "Shoot 'em up": 0.021491670261312365,
    "Yaris (video game)": 9.890165797227e-47,
    "Yaris": 0.020349786597502348,
    "Star Wars: The Force Unleashed (video game)": 9.890165797227e-47,
    "Dreamcast": 0.0,
    "Nintendo 64": 0.0,
    "Game Boy": 0.0,
    "Assault Heroes 2": 0.02814848593250375,
    "Beat'n Groovy": 0.07936114454072396,
    "APB (video game)": 0.04983195824645645,
    "Multiplayer video game": 0.025403804602923546,
    "Game Rankings": 0.0,
    "Multiplayer game": 0.010374976201537855,
    "Game artificial intelligence": 0.003169364084735234,
    "Artificial intelligence": 9.890165797227e-47,
    "Gamerpoint": 0.020349786597502348,
    "PEGI": 0.0,
    "2006": 0.0,
    "Non-player character": 0.0,
    "Project Natal": 0.0,
    "Resident Evil 5": 0.0,
    "Xbox Live": 0.0,
    "Xbox": 0.0,
    "Lego Star Wars: The Complete Saga": 0.0,
    "Star Wars: Battlefront II": 0.08917124158624533
  },
  "hitsAuths": {
    "Armageddon Soldiers": 0.0,
    "Star Wars: The Force Unleashed": 4.3768361973662444e-46,
    "LEGO Indiana Jones: The Original Adventures": 0.0,
    "SEGA Superstars Tennis": 0.0,
    "Destroy All Humans! Path of the Furon": 0.0,
    "Dues Ex: Invisible War quotes": 0.0,
    "PowerUp Forever": 0.0,
    "Rise of the Argonauts": 0.0,
    "Single-player": 0.1388545184809561,
    "2008": 0.06393834900381672,
    "Real-time strategy": 0.0,
    "Guitar Hero: Metallica": 0.0,
    "Rock Band 2": 0.0,
    "Video game": 0.0035980646416773386,
    "Entertainment Software Rating Board": 0.034034476347721866,
    "Ace Combat 6: Fires of Liberation": 0.0,
    "DLC": 0.0,
    "Downloadable content": 4.3768361973662444e-46,
    "Role-playing game": 0.0,
    "PlayStation 3": 0.10221243858749486,
    "PlayStation 2": 0.14841532984155026,
    "PlayStation Portable": 0.022079361915454235,
    "Nintendo DS": 0.022079361915454235,
    "Wii": 0.09511015514820355,
    "Microsoft Windows": 0.03483521835987288,
    "Cooperative gameplay": 0.006366379191730447,
    "PlayStation Network": 0.01645569604795119,
    "Shoot 'em up": 0.007054216458815803,
    "Yaris (video game)": 0.0,
    "Yaris": 4.3768361973662444e-46,
    "Star Wars: The Force Unleashed (video game)": 0.0,
    "Dreamcast": 0.019205509934029797,
    "Nintendo 64": 0.002749813886078603,
    "Game Boy": 0.006366379191730447,
    "Assault Heroes 2": 0.0,
    "Beat'n Groovy": 0.0,
    "APB (video game)": 0.0,
    "Multiplayer video game": 0.045913862635585084,
    "Game Rankings": 0.06764482351302015,
    "Multiplayer game": 0.01954246961783629,
    "Game artificial intelligence": 4.3768361973662444e-46,
    "Artificial intelligence": 0.0,
    "Gamerpoint": 0.0,
    "PEGI": 4.3768361973662444e-46,
    "2006": 4.3768361973662444e-46,
    "Non-player character": 0.009633508675955263,
    "Project Natal": 0.0007942658170268769,
    "Resident Evil 5": 0.01645569604795119,
    "Xbox Live": 0.0900568144303501,
    "Xbox": 0.026603290309736467,
    "Lego Star Wars: The Complete Saga": 4.3768361973662444e-46,
    "Star Wars: Battlefront II": 0.0
  },
  "averagePathLength": 0
}