{
  "numNodes": 83,
  "numEdges": 170,
  "selfLinks": 0,
  "numStrongComponents": 70,
  "numWeakComponents": 2,
  "sizeLargestStrong": 8,
  "sizeLargestWeak": 81,
  "radius": 2,
  "diameter": 4,
  "averageInDegree": 2.0481927710843375,
  "averageOutDegree": 2.0481927710843375,
  "maxOutDegree": 11,
  "maxInDegree": 20,
  "pageRank": {
    "Xbox Wiki": 0.007788340037248006,
    "List of Xbox 360 Games": 0.005267339627314991,
    "Microsoft": 0.03507431130415048,
    "Xbox (Company)": 0.020455394725911798,
    "Xbox 360": 0.03461786223044952,
    "Armageddon Soldiers": 0.004099018590493301,
    "Halo: Combat Evolved": 0.01600154564851855,
    "Halo 2": 0.006774191315755317,
    "Gears of War": 0.12108378202298947,
    "Guitar Hero II": 0.004625783489485143,
    "Gears of War Weapons": 0.041288394766998415,
    "Locust Horde": 0.04229102561499824,
    "Delta Team": 0.04659353731025482,
    "Coalition of Ordered Governments": 0.024130555586477975,
    "Marcus Fenix": 0.054081900418956316,
    "Crackdown": 0.005152829410450101,
    "Star Wars: Knights of the Old Republic": 0.006774191315755317,
    "Star Wars: The Force Unleashed": 0.007788340037248006,
    "Main Page": 0.004099018590493301,
    "Call of Duty 4:Modern Warfare": 0.004625783489485143,
    "Halo": 0.011364518105637982,
    "List of Xbox Games": 0.005267339627314991,
    "2005": 0.012045537546344453,
    "Electronic Entertainment Expo": 0.0072148433029329394,
    "LEGO Indiana Jones: The Original Adventures": 0.004099018590493301,
    "SEGA Superstars Tennis": 0.004099018590493301,
    "Destroy All Humans! Path of the Furon": 0.004099018590493301,
    "Dues Ex: Invisible War quotes": 0.004099018590493301,
    "PowerUp Forever": 0.004099018590493301,
    "Rise of the Argonauts": 0.004099018590493301,
    "Single-player": 0.008407618994381832,
    "2008": 0.012640610632729567,
    "Real-time strategy": 0.004099018590493301,
    "Guitar Hero: Metallica": 0.004099018590493301,
    "Rock Band 2": 0.004099018590493301,
    "Video game": 0.010219317389577189,
    "Entertainment Software Rating Board": 0.009448534688287623,
    "Ace Combat 6: Fires of Liberation": 0.004099018590493301,
    "DLC": 0.004099018590493301,
    "Downloadable content": 0.007788340037248006,
    "Role-playing game": 0.004099018590493301,
    "PlayStation 3": 0.009731518357268642,
    "PlayStation 2": 0.01339648857753889,
    "PlayStation Portable": 0.00510043662205475,
    "Nintendo DS": 0.00510043662205475,
    "Wii": 0.01138119363709858,
    "Microsoft Windows": 0.008520868350520147,
    "Windows XP": 0.008929712833904816,
    "Windows Mobile": 0.007255958140204247,
    "Cooperative gameplay": 0.007350029766662804,
    "PlayStation Network": 0.00510043662205475,
    "Shoot 'em up": 0.004836882879844242,
    "Yaris (video game)": 0.004099018590493301,
    "Yaris": 0.007788340037248006,
    "Star Wars: The Force Unleashed (video game)": 0.004099018590493301,
    "2006 FIFA World Cup (video game)": 0.004625783489485143,
    "Dreamcast": 0.007305587507066763,
    "Nintendo 64": 0.006304169475505315,
    "Game Boy": 0.007350029766662804,
    "Assault Heroes 2": 0.004099018590493301,
    "Beat'n Groovy": 0.004099018590493301,
    "C.O.G.": 0.02225948861901357,
    "The Locust Horde": 0.02225948861901357,
    "United Nations Space Command": 0.018501495957144867,
    "APB (video game)": 0.004099018590493301,
    "Multiplayer video game": 0.018060005925914415,
    "Game Rankings": 0.005087229692302598,
    "Multiplayer game": 0.005363928800809201,
    "Game artificial intelligence": 0.007788340037248006,
    "Artificial intelligence": 0.004099018590493301,
    "Gamerpoint": 0.004099018590493301,
    "PEGI": 0.012603216959802387,
    "2006": 0.015734858993099156,
    "Non-player character": 0.010916445655891085,
    "2004": 0.008929712833904816,
    "Project Natal": 0.006435660664136681,
    "Resident Evil 5": 0.00874302623348623,
    "Xbox Live 360": 0.004099018590493301,
    "Xbox Live": 0.0235634680274946,
    "Xbox": 0.018172440510583237,
    "Lego Star Wars: The Complete Saga": 0.007788340037248006,
    "Star Wars: Battlefront II": 0.004099018590493301,
    "Lego Star Wars II: The Original Trilogy": 0.004625783489485143
  },
  "hitsHubs": {
    "Xbox Wiki": 0.037311021096938485,
    "List of Xbox 360 Games": 0.04276369054394404,
    "Microsoft": 0.05958237454171736,
    "Xbox (Company)": 0.06990459443303773,
    "Xbox 360": 0.052729603182973685,
    "Armageddon Soldiers": 0.027363188211183408,
    "Halo: Combat Evolved": 2.1094525425207544e-31,
    "Halo 2": 0.000899856537227577,
    "Gears of War": 0.00037793252002275114,
    "Guitar Hero II": 0.0,
    "Gears of War Weapons": 0.0033118741629167606,
    "Locust Horde": 0.0034008638658977195,
    "Delta Team": 0.0034849119768324307,
    "Coalition of Ordered Governments": 0.0034849119768324307,
    "Marcus Fenix": 0.0034008638658977195,
    "Crackdown": 0.0,
    "Star Wars: Knights of the Old Republic": 0.0,
    "Star Wars: The Force Unleashed": 0.04666971786512076,
    "Main Page": 2.1094525425207544e-31,
    "Call of Duty 4:Modern Warfare": 0.0,
    "Halo": 0.001685939019230768,
    "List of Xbox Games": 0.0,
    "2005": 0.0,
    "Electronic Entertainment Expo": 0.0,
    "LEGO Indiana Jones: The Original Adventures": 2.1094525425207544e-31,
    "SEGA Superstars Tennis": 0.029567013746302658,
    "Destroy All Humans! Path of the Furon": 0.03563307231548366,
    "Dues Ex: Invisible War quotes": 0.00435460462726999,
    "PowerUp Forever": 0.029567013746302658,
    "Rise of the Argonauts": 0.0362816634606297,
    "Single-player": 0.001626786134611494,
    "2008": 0.0,
    "Real-time strategy": 0.004394647182655136,
    "Guitar Hero: Metallica": 0.07103298822125362,
    "Rock Band 2": 0.06278062917044233,
    "Video game": 0.0,
    "Entertainment Software Rating Board": 2.1094525425207544e-31,
    "Ace Combat 6: Fires of Liberation": 0.023990107049951144,
    "DLC": 2.1094525425207544e-31,
    "Downloadable content": 0.028056384637891542,
    "Role-playing game": 0.0015552343899732058,
    "PlayStation 3": 0.0,
    "PlayStation 2": 0.0,
    "PlayStation Portable": 0.0,
    "Nintendo DS": 0.0,
    "Wii": 0.0,
    "Microsoft Windows": 0.011188400486895792,
    "Windows XP": 0.011188400486895792,
    "Windows Mobile": 0.011188400486895792,
    "Cooperative gameplay": 0.005263220445235722,
    "PlayStation Network": 0.0,
    "Shoot 'em up": 0.025196301634185618,
    "Yaris (video game)": 2.1094525425207544e-31,
    "Yaris": 0.027363188211183408,
    "Star Wars: The Force Unleashed (video game)": 2.1094525425207544e-31,
    "2006 FIFA World Cup (video game)": 0.0,
    "Dreamcast": 0.0,
    "Nintendo 64": 0.0,
    "Game Boy": 0.0,
    "Assault Heroes 2": 0.0322957810241396,
    "Beat'n Groovy": 0.05372777217961785,
    "C.O.G.": 2.1094525425207544e-31,
    "The Locust Horde": 9.11486862914717e-06,
    "United Nations Space Command": 0.0,
    "APB (video game)": 0.05128090020332099,
    "Multiplayer video game": 0.030087015414278672,
    "Game Rankings": 0.0,
    "Multiplayer game": 0.0015552343899732058,
    "Game artificial intelligence": 0.0014115370301487804,
    "Artificial intelligence": 2.1094525425207544e-31,
    "Gamerpoint": 0.008252359050811299,
    "PEGI": 0.0,
    "2006": 0.0,
    "Non-player character": 0.0,
    "2004": 0.0,
    "Project Natal": 0.0,
    "Resident Evil 5": 0.0,
    "Xbox Live 360": 0.019110829160372107,
    "Xbox Live": 0.0,
    "Xbox": 2.1094525425207544e-31,
    "Lego Star Wars: The Complete Saga": 0.0,
    "Star Wars: Battlefront II": 0.025670056444875484,
    "Lego Star Wars II: The Original Trilogy": 0.0
  },
  "hitsAuths": {
    "Xbox Wiki": 1.5109994050371164e-30,
    "List of Xbox 360 Games": 0.006293872371684372,
    "Microsoft": 0.08014243571848544,
    "Xbox (Company)": 1.5109994050371164e-30,
    "Xbox 360": 0.1368907378052764,
    "Armageddon Soldiers": 0.0,
    "Halo: Combat Evolved": 0.01207636959655131,
    "Halo 2": 0.016524712593392117,