{
  "numNodes": 74,
  "numEdges": 149,
  "selfLinks": 0,
  "numStrongComponents": 68,
  "numWeakComponents": 2,
  "sizeLargestStrong": 7,
  "sizeLargestWeak": 72,
  "radius": 2,
  "diameter": 3,
  "averageInDegree": 2.0135135135135136,
  "averageOutDegree": 2.0135135135135136,
  "maxOutDegree": 10,
  "maxInDegree": 20,
  "pageRank": {
    "Xbox Wiki": 0.012206850045249374,
    "List of Xbox 360 Games": 0.008255643163074738,
    "Microsoft": 0.05671725461578052,
    "Xbox (Company)": 0.03230702843983731,
    "Xbox 360": 0.05553226614264964,
    "Armageddon Soldiers": 0.0064245894106779505,
    "Halo: Combat Evolved": 0.025593380787574643,
    "Halo 2": 0.010901899250225505,
    "Gears of War": 0.014230126111647309,
    "Star Wars: The Force Unleashed": 0.012206850045249374,
    "Main Page": 0.0064245894106779505,
    "Halo": 0.018066979807286998,
    "List of Xbox Games": 0.008255643163074738,
    "2005": 0.019435225953654947,
    "Electronic Entertainment Expo": 0.011422277762244111,
    "LEGO Indiana Jones: The Original Adventures": 0.0064245894106779505,
    "SEGA Superstars Tennis": 0.0064245894106779505,
    "Destroy All Humans! Path of the Furon": 0.0064245894106779505,
    "Dues Ex: Invisible War quotes": 0.0064245894106779505,
    "PowerUp Forever": 0.0064245894106779505,
    "Rise of the Argonauts": 0.0064245894106779505,
    "Single-player": 0.013177443794623864,
    "2008": 0.020106722348733706,
    "Real-time strategy": 0.0064245894106779505,
    "Guitar Hero: Metallica": 0.0064245894106779505,
    "Rock Band 2": 0.0064245894106779505,
    "Video game": 0.01601662765186016,
    "Entertainment Software Rating Board": 0.014808867330806516,
    "Ace Combat 6: Fires of Liberation": 0.0064245894106779505,
    "DLC": 0.0064245894106779505,
    "Downloadable content": 0.012206850045249374,
    "Role-playing game": 0.0064245894106779505,
    "PlayStation 3": 0.01576586143323443,
    "PlayStation 2": 0.021699790066057302,
    "PlayStation Portable": 0.008255643163074738,
    "Nintendo DS": 0.008255643163074738,
    "Wii": 0.01821368783273917,
    "Microsoft Windows": 0.013649864640128954,
    "Windows XP": 0.014437537602088785,
    "Windows Mobile": 0.011529702407452765,
    "Cooperative gameplay": 0.011541922903360192,
    "PlayStation Network": 0.007994064055589481,
    "Shoot 'em up": 0.007581041537592235,
    "Yaris (video game)": 0.0064245894106779505,
    "Yaris": 0.012206850045249374,
    "Star Wars: The Force Unleashed (video game)": 0.0064245894106779505,
    "2006 FIFA World Cup (video game)": 0.007662963115169615,
    "Dreamcast": 0.011456721211405684,
    "Nintendo 64": 0.009887246566494153,
    "Game Boy": 0.011541922903360192,
    "Assault Heroes 2": 0.0064245894106779505,
    "Beat'n Groovy": 0.0064245894106779505,
    "C.O.G.": 0.012828418494663598,
    "The Locust Horde": 0.012828418494663598,
    "United Nations Space Command": 0.029457495585002637,
    "APB (video game)": 0.0064245894106779505,
    "Multiplayer video game": 0.02842921472436332,
    "Game Rankings": 0.007973409223509581,
    "Multiplayer game": 0.008544751643354139,
    "Game artificial intelligence": 0.012206850045249374,
    "Artificial intelligence": 0.0064245894106779505,
    "Gamerpoint": 0.0064245894106779505,
    "PEGI": 0.019752739770972853,
    "2006": 0.02521748658822637,
    "Non-player character": 0.017131450619677573,
    "2004": 0.014437537602088785,
    "Project Natal": 0.010086696915471524,
    "Resident Evil 5": 0.014230126111647307,
    "Xbox Live 360": 0.0064245894106779505,
    "Xbox Live": 0.03735182104148568,
    "Xbox": 0.028759814428717622,
    "Lego Star Wars: The Complete Saga": 0.012206850045249374,
    "Star Wars: Battlefront II": 0.0064245894106779505,
    "Lego Star Wars II: The Original Trilogy": 0.007662963115169615
  },
  "hitsHubs": {
    "Xbox Wiki": 0.03848845072585025,
    "List of Xbox 360 Games": 0.038778582220023484,
    "Microsoft": 0.06152742629265028,
    "Xbox (Company)": 0.06901316307857927,
    "Xbox 360": 0.05366148887099279,
    "Armageddon Soldiers": 0.028260894583901273,
    "Halo: Combat Evolved": 1.6235989323031018e-34,
    "Halo 2": 0.0009425473783925039,
    "Gears of War": 1.7024668740386573e-28,
    "Star Wars: The Force Unleashed": 0.045181769844927014,
    "Main Page": 1.6235989323031018e-34,
    "Halo": 0.0016900699999137859,
    "List of Xbox Games": 0.0,
    "2005": 0.0,
    "Electronic Entertainment Expo": 0.0,
    "LEGO Indiana Jones: The Original Adventures": 1.6235989323031018e-34,
    "SEGA Superstars Tennis": 0.03064860191323304,
    "Destroy All Humans! Path of the Furon": 0.0369553042134007,
    "Dues Ex: Invisible War quotes": 0.00455191704429201,
    "PowerUp Forever": 0.03064860191323304,
    "Rise of the Argonauts": 0.03770169562962511,
    "Single-player": 0.0017178898986312575,
    "2008": 0.0,
    "Real-time strategy": 0.004510942441429164,
    "Guitar Hero: Metallica": 0.07335931426927925,
    "Rock Band 2": 0.06481504591747488,
    "Video game": 0.0,
    "Entertainment Software Rating Board": 1.6235989323031018e-34,
    "Ace Combat 6: Fires of Liberation": 0.02485025802704327,
    "DLC": 1.6235989323031018e-34,
    "Downloadable content": 0.028267635822945773,
    "Role-playing game": 0.0016413159131073586,
    "PlayStation 3": 0.0,
    "PlayStation 2": 0.0,
    "PlayStation Portable": 0.0,
    "Nintendo DS": 0.0,
    "Wii": 0.0,
    "Microsoft Windows": 0.01143732608389446,
    "Windows XP": 0.01143732608389446,
    "Windows Mobile": 0.01143732608389446,
    "Cooperative gameplay": 0.005490085467999749,
    "PlayStation Network": 0.0,
    "Shoot 'em up": 0.026003815897605056,
    "Yaris (video game)": 1.6235989323031018e-34,
    "Yaris": 0.028260894583901273,
    "Star Wars: The Force Unleashed (video game)": 1.6235989323031018e-34,
    "2006 FIFA World Cup (video game)": 0.0,
    "Dreamcast": 0.0,
    "Nintendo 64": 0.0,
    "Game Boy": 0.0,
    "Assault Heroes 2": 0.03345572924276002,
    "Beat'n Groovy": 0.05552348327576024,
    "C.O.G.": 0.0,
    "The Locust Horde": 0.0,
    "United Nations Space Command": 0.0,
    "APB (video game)": 0.050523309130877575,
    "Multiplayer video game": 0.03112222888434597,
    "Game Rankings": 0.0,
    "Multiplayer game": 0.0016413159131073586,
    "Game artificial intelligence": 0.0014855444809941437,
    "Artificial intelligence": 1.6235989323031018e-34,
    "Gamerpoint": 0.008544268351804383,
    "PEGI": 0.0,
    "2006": 0.0,
    "Non-player character": 0.0,
    "2004": 0.0,
    "Project Natal": 0.0,
    "Resident Evil 5": 0.0,
    "Xbox Live 360": 0.01971662623209689,
    "Xbox Live": 0.0,
    "Xbox": 1.6235989323031018e-34,
    "Lego Star Wars: The Complete Saga": 0.0,
    "Star Wars: Battlefront II": 0.02670780428813815,
    "Lego Star Wars II: The Original Trilogy": 0.0
  },
  "hitsAuths": {
    "Xbox Wiki": 1.1965786451966014e-33,
    "List of Xbox 360 Games": 0.006780447226476122,
    "Microsoft": 0.08429212336771404,
    "Xbox (Company)": 1.1965786451966014e-33,
    "Xbox 360": 0.14530986338592825,
    "Armageddon Soldiers": 0.0,
    "Halo: Combat Evolved": 0.012455672583595446,
    "Halo 2": 0.017137798752009353,
    "Gears of War": 0.02126487870209643,
    "Star Wars: The Force Unleashed": 1.1965786451966014e-33,
    "Main Page": 0.0,
    "Halo": 0.006946494251943505,
    "List of Xbox Games": 0.006780447226476122,
    "2005": 0.03245057794187557,
    "Electronic Entertainment Expo": 0.00945345645963296,
    "LEGO Indiana Jones: The Original Adventures": 0.0,
    "SEGA Superstars Tennis": 0.0,
    "Destroy All Humans! Path of the Furon": 0.0,
    "Dues Ex: Invisible War quotes": 0.0,
    "PowerUp Forever": 0.0,
    "Rise of the Argonauts": 0.0,
    "Single-player": 0.05198070259650516,
    "2008": 0.05285558988723045,
    "Real-time strategy": 0.0,
    "Guitar Hero: Metallica": 0.0,
    "Rock Band 2": 0.0,
    "Video game": 0.0005643437799353386,
    "Entertainment Software Rating Board": 0.02771214386522108,