{
  "numNodes": 68,
  "numEdges": 138,
  "selfLinks": 0,
  "numStrongComponents": 62,
  "numWeakComponents": 2,
  "sizeLargestStrong": 7,
  "sizeLargestWeak": 66,
  "radius": 2,
  "diameter": 3,
  "averageInDegree": 2.0294117647058822,
  "averageOutDegree": 2.0294117647058822,
  "maxOutDegree": 10,
  "maxInDegree": 20,
  "pageRank": {
    "Xbox Wiki": 0.013458372670135043,
    "List of Xbox 360 Games": 0.00910207672314857,
    "Microsoft": 0.06619059135667231,
    "Xbox (Company)": 0.036603041111291576,
    "Xbox 360": 0.06274019754478649,
    "Armageddon Soldiers": 0.00708328528056512,
    "Star Wars: The Force Unleashed": 0.013458372670135043,
    "Main Page": 0.00708328528056512,
    "Halo": 0.00910207672314857,
    "List of Xbox Games": 0.00910207672314857,
    "2005": 0.023432794400308696,
    "Electronic Entertainment Expo": 0.013357126069518534,
    "LEGO Indiana Jones: The Original Adventures": 0.00708328528056512,
    "SEGA Superstars Tennis": 0.00708328528056512,
    "Destroy All Humans! Path of the Furon": 0.00708328528056512,
    "Dues Ex: Invisible War quotes": 0.00708328528056512,
    "PowerUp Forever": 0.00708328528056512,
    "Rise of the Argonauts": 0.00708328528056512,
    "Single-player": 0.01452847662481285,
    "2008": 0.022497232325879787,
    "Real-time strategy": 0.00708328528056512,
    "Guitar Hero: Metallica": 0.00708328528056512,
    "Rock Band 2": 0.00708328528056512,
    "Video game": 0.01765879620687298,
    "Entertainment Software Rating Board": 0.016327161995441507,
    "Ace Combat 6: Fires of Liberation": 0.00708328528056512,
    "DLC": 0.00708328528056512,
    "Downloadable content": 0.013458372670135043,
    "Role-playing game": 0.00708328528056512,
    "PlayStation 3": 0.0181460447706651,
    "PlayStation 2": 0.025857942434501638,
    "PlayStation Portable": 0.00910207672314857,
    "Nintendo DS": 0.00910207672314857,
    "Wii": 0.02084484002711482,
    "Microsoft Windows": 0.015378384740860038,
    "Windows XP": 0.017158953611355283,
    "Windows Mobile": 0.013040852698017734,
    "Cooperative gameplay": 0.012725411629048871,
    "PlayStation Network": 0.009505835011665258,
    "Shoot 'em up": 0.008358302758479104,
    "Yaris (video game)": 0.00708328528056512,
    "Yaris": 0.013458372670135043,
    "Star Wars: The Force Unleashed (video game)": 0.00708328528056512,
    "2006 FIFA World Cup (video game)": 0.008721711448116436,
    "Dreamcast": 0.013323571742807915,
    "Nintendo 64": 0.010901022011707777,
    "Game Boy": 0.012725411629048871,
    "Assault Heroes 2": 0.00708328528056512,
    "Beat'n Groovy": 0.00708328528056512,
    "APB (video game)": 0.00708328528056512,
    "Multiplayer video game": 0.03134398655699368,
    "Game Rankings": 0.008790897974199921,
    "Multiplayer game": 0.009420817323407424,
    "Game artificial intelligence": 0.013458372670135043,
    "Artificial intelligence": 0.00708328528056512,
    "Gamerpoint": 0.00708328528056512,
    "PEGI": 0.021777981505734657,
    "2006": 0.029807881789878615,
    "Non-player character": 0.01888802364407241,
    "2004": 0.017158953611355283,
    "Project Natal": 0.011120868165732017,
    "Resident Evil 5": 0.017418101968169987,
    "Xbox Live 360": 0.00708328528056512,
    "Xbox Live": 0.04354956624563393,
    "Xbox": 0.03280132652818116,
    "Lego Star Wars: The Complete Saga": 0.013458372670135043,
    "Star Wars: Battlefront II": 0.00708328528056512,
    "Lego Star Wars II: The Original Trilogy": 0.008721711448116436
  },
  "hitsHubs": {
    "Xbox Wiki": 0.03924854554927605,
    "List of Xbox 360 Games": 0.03620257513279676,
    "Microsoft": 0.062476023486362234,
    "Xbox (Company)": 0.06544553840699434,
    "Xbox 360": 0.05067321974054132,
    "Armageddon Soldiers": 0.028712179891976143,
    "Star Wars: The Force Unleashed": 0.046149072435020956,
    "Main Page": 8.99262323565633e-33,
    "Halo": 0.0,
    "List of Xbox Games": 0.0,
    "2005": 0.0,
    "Electronic Entertainment Expo": 0.0,
    "LEGO Indiana Jones: The Original Adventures": 8.99262323565633e-33,
    "SEGA Superstars Tennis": 0.031670969677291425,
    "Destroy All Humans! Path of the Furon": 0.03772918382702498,
    "Dues Ex: Invisible War quotes": 0.004600420159412063,
    "PowerUp Forever": 0.031670969677291425,
    "Rise of the Argonauts": 0.03898561398552367,
    "Single-player": 0.0017830891257973023,
    "2008": 0.0,
    "Real-time strategy": 0.004439187297546409,
    "Guitar Hero: Metallica": 0.07462926259917431,
    "Rock Band 2": 0.06617481495937085,
    "Video game": 0.0,
    "Entertainment Software Rating Board": 8.99262323565633e-33,
    "Ace Combat 6: Fires of Liberation": 0.025627681634299987,
    "DLC": 8.99262323565633e-33,
    "Downloadable content": 0.022556852313872965,
    "Role-playing game": 0.0017023596268165868,
    "PlayStation 3": 0.0,
    "PlayStation 2": 0.0,
    "PlayStation Portable": 0.0,
    "Nintendo DS": 0.0,
    "Wii": 0.0,
    "Microsoft Windows": 0.011534666751044453,
    "Windows XP": 0.011534666751044453,
    "Windows Mobile": 0.011534666751044453,
    "Cooperative gameplay": 0.005409916668462655,
    "PlayStation Network": 0.0,
    "Shoot 'em up": 0.026667750615459878,
    "Yaris (video game)": 8.99262323565633e-33,
    "Yaris": 0.028712179891976143,
    "Star Wars: The Force Unleashed (video game)": 8.99262323565633e-33,
    "2006 FIFA World Cup (video game)": 0.0,
    "Dreamcast": 0.0,
    "Nintendo 64": 0.0,
    "Game Boy": 0.0,
    "Assault Heroes 2": 0.03460622081970824,
    "Beat'n Groovy": 0.056800549476253334,
    "APB (video game)": 0.05181211303865342,
    "Multiplayer video game": 0.03167596574363874,
    "Game Rankings": 0.0,
    "Multiplayer game": 0.0017023596268165868,
    "Game artificial intelligence": 0.001545502258703112,
    "Artificial intelligence": 8.99262323565633e-33,
    "Gamerpoint": 0.008454447639803448,
    "PEGI": 0.0,
    "2006": 0.0,
    "Non-player character": 0.0,
    "2004": 0.0,
    "Project Natal": 0.0,
    "Resident Evil 5": 0.0,
    "Xbox Live 360": 0.020257732252172696,
    "Xbox Live": 0.0,
    "Xbox": 8.99262323565633e-33,
    "Lego Star Wars: The Complete Saga": 0.0,
    "Star Wars: Battlefront II": 0.0272737021888288,
    "Lego Star Wars II: The Original Trilogy": 0.0
  },
  "hitsAuths": {
    "Xbox Wiki": 6.897404897111468e-32,
    "List of Xbox 360 Games": 0.007301207018202823,
    "Microsoft": 0.08847170047083171,
    "Xbox (Company)": 6.897404897111468e-32,
    "Xbox 360": 0.15537822277095648,
    "Armageddon Soldiers": 0.0,
    "Star Wars: The Force Unleashed": 6.897404897111468e-32,
    "Main Page": 0.0,
    "Halo": 0.007301207018202823,
    "List of Xbox Games": 0.007301207018202823,
    "2005": 0.03322307755356628,
    "Electronic Entertainment Expo": 0.009426480959210925,
    "LEGO Indiana Jones: The Original Adventures": 0.0,
    "SEGA Superstars Tennis": 0.0,
    "Destroy All Humans! Path of the Furon": 0.0,
    "Dues Ex: Invisible War quotes": 0.0,
    "PowerUp Forever": 0.0,
    "Rise of the Argonauts": 0.0,
    "Single-player": 0.0561038332754607,
    "2008": 0.05729984939783345,
    "Real-time strategy": 0.0,
    "Guitar Hero: Metallica": 0.0,
    "Rock Band 2": 0.0,
    "Video game": 0.0006192009016936234,
    "Entertainment Software Rating Board": 0.030240479652952467,
    "Ace Combat 6: Fires of Liberation": 0.0,
    "DLC": 0.0,
    "Downloadable content": 6.897404897111468e-32,
    "Role-playing game": 0.0,
    "PlayStation 3": 0.05384276669910141,
    "PlayStation 2": 0.07841057999533517,
    "PlayStation Portable": 0.008584876886342617,
    "Nintendo DS": 0.008584876886342617,
    "Wii": 0.0491652890273509,
    "Microsoft Windows": 0.02633402781935496,
    "Windows XP": 0.023796596594355353,
    "Windows Mobile": 0.011622096431074,
    "Cooperative gameplay": 0.005892518569083377,
    "PlayStation Network": 0.004196136340480404,
    "Shoot 'em up": 0.006437619001296704,
    "Yaris (video game)": 0.0,
    "Yaris": 6.897404897111468e-32,