{
  "numNodes": 70,
  "numEdges": 141,
  "selfLinks": 0,
  "numStrongComponents": 64,
  "numWeakComponents": 2,
  "sizeLargestStrong": 7,
  "sizeLargestWeak": 68,
  "radius": 2,
  "diameter": 3,
  "averageInDegree": 2.0142857142857142,
  "averageOutDegree": 2.0142857142857142,
  "maxOutDegree": 10,
  "maxInDegree": 20,
  "pageRank": {
    "Xbox Wiki": 0.01298204802071769,
    "List of Xbox 360 Games": 0.008779922491170978,
    "Microsoft": 0.06262798629721202,
    "Xbox (Company)": 0.03515768832943655,
    "Xbox 360": 0.05995337338163873,
    "Armageddon Soldiers": 0.0068325952576815145,
    "Halo: Combat Evolved": 0.01825075908607443,
    "Star Wars: The Force Unleashed": 0.01298204802071769,
    "Main Page": 0.0068325952576815145,
    "Halo": 0.008779922491170978,
    "List of Xbox Games": 0.008779922491170978,
    "2005": 0.021980664910592553,
    "Electronic Entertainment Expo": 0.01282774135343235,
    "LEGO Indiana Jones: The Original Adventures": 0.0068325952576815145,
    "SEGA Superstars Tennis": 0.0068325952576815145,
    "Destroy All Humans! Path of the Furon": 0.0068325952576815145,
    "Dues Ex: Invisible War quotes": 0.0068325952576815145,
    "PowerUp Forever": 0.0068325952576815145,
    "Rise of the Argonauts": 0.0068325952576815145,
    "Single-player": 0.014014277591655903,
    "2008": 0.02159121205088724,
    "Real-time strategy": 0.0068325952576815145,
    "Guitar Hero: Metallica": 0.0068325952576815145,
    "Rock Band 2": 0.0068325952576815145,
    "Video game": 0.017033734996524066,
    "Entertainment Software Rating Board": 0.015749301764083967,
    "Ace Combat 6: Fires of Liberation": 0.0068325952576815145,
    "DLC": 0.0068325952576815145,
    "Downloadable content": 0.01298204802071769,
    "Role-playing game": 0.0068325952576815145,
    "PlayStation 3": 0.017447152228003013,
    "PlayStation 2": 0.02437659468097484,
    "PlayStation Portable": 0.008779922491170978,
    "Nintendo DS": 0.008779922491170978,
    "Wii": 0.020050420879471797,
    "Microsoft Windows": 0.01472432313216351,
    "Windows XP": 0.015985518814841716,
    "Windows Mobile": 0.012469523785716913,
    "Cooperative gameplay": 0.012274979416465246,
    "PlayStation Network": 0.009169387937868872,
    "Shoot 'em up": 0.00806248581028875,
    "Yaris (video game)": 0.0068325952576815145,
    "Yaris": 0.01298204802071769,
    "Star Wars: The Force Unleashed (video game)": 0.0068325952576815145,
    "2006 FIFA World Cup (video game)": 0.008413029017535137,
    "Dreamcast": 0.012852009617354587,
    "Nintendo 64": 0.01051521693716723,
    "Game Boy": 0.012274979416465246,
    "Assault Heroes 2": 0.0068325952576815145,
    "Beat'n Groovy": 0.0068325952576815145,
    "United Nations Space Command": 0.023257818078332253,
    "APB (video game)": 0.0068325952576815145,
    "Multiplayer video game": 0.03023456036621399,
    "Game Rankings": 0.008479770104923347,
    "Multiplayer game": 0.009087394604128112,
    "Game artificial intelligence": 0.01298204802071769,
    "Artificial intelligence": 0.0068325952576815145,
    "Gamerpoint": 0.0068325952576815145,
    "PEGI": 0.02100708844567357,
    "2006": 0.02813011767362873,
    "Non-player character": 0.0182194514711229,
    "2004": 0.015985518814841716,
    "Project Natal": 0.010727249724660444,
    "Resident Evil 5": 0.016744967793473328,
    "Xbox Live 360": 0.0068325952576815145,
    "Xbox Live": 0.04149511885268946,
    "Xbox": 0.03147396211008634,
    "Lego Star Wars: The Complete Saga": 0.01298204802071769,
    "Star Wars: Battlefront II": 0.0068325952576815145,
    "Lego Star Wars II: The Original Trilogy": 0.008413029017535137
  },
  "hitsHubs": {
    "Xbox Wiki": 0.03910403535576827,
    "List of Xbox 360 Games": 0.036075470012387006,
    "Microsoft": 0.06239768904216309,
    "Xbox (Company)": 0.06710381369483076,
    "Xbox 360": 0.05057894947827932,
    "Armageddon Soldiers": 0.02863077066585086,
    "Halo: Combat Evolved": 8.567283062381388e-33,
    "Star Wars: The Force Unleashed": 0.04595825643981475,
    "Main Page": 8.567283062381388e-33,
    "Halo": 0.0016637105395209532,
    "List of Xbox Games": 0.0,
    "2005": 0.0,
    "Electronic Entertainment Expo": 0.0,
    "LEGO Indiana Jones: The Original Adventures": 8.567283062381388e-33,
    "SEGA Superstars Tennis": 0.031511699818627066,
    "Destroy All Humans! Path of the Furon": 0.03758925788538861,
    "Dues Ex: Invisible War quotes": 0.004577389894981597,
    "PowerUp Forever": 0.031511699818627066,
    "Rise of the Argonauts": 0.03877900656500971,
    "Single-player": 0.0017711759144349785,
    "2008": 0.0,
    "Real-time strategy": 0.0044647499121131815,
    "Guitar Hero: Metallica": 0.07436186757250048,
    "Rock Band 2": 0.06590747798806494,
    "Video game": 0.0,
    "Entertainment Software Rating Board": 8.567283062381388e-33,
    "Ace Combat 6: Fires of Liberation": 0.025507486371842508,
    "DLC": 8.567283062381388e-33,
    "Downloadable content": 0.02252559323418218,
    "Role-playing game": 0.0016911804731551171,
    "PlayStation 3": 0.0,
    "PlayStation 2": 0.0,
    "PlayStation Portable": 0.0,
    "Nintendo DS": 0.0,
    "Wii": 0.0,
    "Microsoft Windows": 0.011512102187068638,
    "Windows XP": 0.011512102187068638,
    "Windows Mobile": 0.011512102187068638,
    "Cooperative gameplay": 0.005382812990596889,
    "PlayStation Network": 0.0,
    "Shoot 'em up": 0.0265477807061925,
    "Yaris (video game)": 8.567283062381388e-33,
    "Yaris": 0.02863077066585086,
    "Star Wars: The Force Unleashed (video game)": 8.567283062381388e-33,
    "2006 FIFA World Cup (video game)": 0.0,
    "Dreamcast": 0.0,
    "Nintendo 64": 0.0,
    "Game Boy": 0.0,
    "Assault Heroes 2": 0.03442539791899997,
    "Beat'n Groovy": 0.05658782541907358,
    "United Nations Space Command": 0.0,
    "APB (video game)": 0.05158349832061437,
    "Multiplayer video game": 0.031576866791689716,
    "Game Rankings": 0.0,
    "Multiplayer game": 0.0016911804731551171,
    "Game artificial intelligence": 0.0015353418423574366,
    "Artificial intelligence": 8.567283062381388e-33,
    "Gamerpoint": 0.008454389584435533,
    "PEGI": 0.0,
    "2006": 0.0,
    "Non-player character": 0.0,
    "2004": 0.0,
    "Project Natal": 0.0,
    "Resident Evil 5": 0.0,
    "Xbox Live 360": 0.02017638108141533,
    "Xbox Live": 0.0,
    "Xbox": 8.567283062381388e-33,
    "Lego Star Wars: The Complete Saga": 0.0,
    "Star Wars: Battlefront II": 0.02716016696687036,
    "Lego Star Wars II: The Original Trilogy": 0.0
  },
  "hitsAuths": {
    "Xbox Wiki": 6.508053382349857e-32,
    "List of Xbox 360 Games": 0.007186607827623607,
    "Microsoft": 0.08745056633588556,
    "Xbox (Company)": 6.508053382349857e-32,
    "Xbox 360": 0.15326791957774494,
    "Armageddon Soldiers": 0.0,
    "Halo: Combat Evolved": 0.012638215552283616,
    "Star Wars: The Force Unleashed": 6.508053382349857e-32,
    "Main Page": 0.0,
    "Halo": 0.007186607827623607,
    "List of Xbox Games": 0.007186607827623607,
    "2005": 0.03309549961426525,
    "Electronic Entertainment Expo": 0.009295487553072874,
    "LEGO Indiana Jones: The Original Adventures": 0.0,
    "SEGA Superstars Tennis": 0.0,
    "Destroy All Humans! Path of the Furon": 0.0,
    "Dues Ex: Invisible War quotes": 0.0,
    "PowerUp Forever": 0.0,
    "Rise of the Argonauts": 0.0,
    "Single-player": 0.05520538997835205,
    "2008": 0.056383654191827365,
    "Real-time strategy": 0.0,
    "Guitar Hero: Metallica": 0.0,
    "Rock Band 2": 0.0,
    "Video game": 0.0006076776014089813,
    "Entertainment Software Rating Board": 0.029723993834475847,
    "Ace Combat 6: Fires of Liberation": 0.0,
    "DLC": 0.0,
    "Downloadable content": 6.508053382349857e-32,
    "Role-playing game": 0.0,
    "PlayStation 3": 0.05300082638475836,
    "PlayStation 2": 0.07755639052774715,
    "PlayStation Portable": 0.008446288533497567,
    "Nintendo DS": 0.008446288533497567,
    "Wii": 0.048399718529678004,
    "Microsoft Windows": 0.025939204295124876,