{
  "numNodes": 81,
  "numEdges": 167,
  "selfLinks": 0,
  "numStrongComponents": 68,
  "numWeakComponents": 2,
  "sizeLargestStrong": 8,
  "sizeLargestWeak": 79,
  "radius": 2,
  "diameter": 4,
  "averageInDegree": 2.0617283950617282,
  "averageOutDegree": 2.0617283950617282,
  "maxOutDegree": 10,
  "maxInDegree": 20,
  "pageRank": {
    "Xbox Wiki": 0.007829017595088252,
    "List of Xbox 360 Games": 0.005294856276306784,
    "Microsoft": 0.03584075529158252,
    "Xbox (Company)": 0.020646642170520303,
    "Xbox 360": 0.035260745922504874,
    "Armageddon Soldiers": 0.004120444289755578,
    "Halo: Combat Evolved": 0.01640324731595655,
    "Halo 2": 0.006985404487153443,
    "Gears of War": 0.12214266816134237,
    "Guitar Hero II": 0.004716145113084113,
    "Gears of War Weapons": 0.041623848485998025,
    "Locust Horde": 0.04263445649739645,
    "Delta Team": 0.04696952142915914,
    "Coalition of Ordered Governments": 0.024314824475924826,
    "Marcus Fenix": 0.054515138979532085,
    "Crackdown": 0.005245941299560209,
    "Star Wars: The Force Unleashed": 0.007829017595088252,
    "Main Page": 0.004120444289755578,
    "Halo": 0.011582077431463665,
    "List of Xbox Games": 0.005294856276306784,
    "2005": 0.012378306101501129,
    "Electronic Entertainment Expo": 0.007294098519783622,
    "LEGO Indiana Jones: The Original Adventures": 0.004120444289755578,
    "SEGA Superstars Tennis": 0.004120444289755578,
    "Destroy All Humans! Path of the Furon": 0.004120444289755578,
    "Dues Ex: Invisible War quotes": 0.004120444289755578,
    "PowerUp Forever": 0.004120444289755578,
    "Rise of the Argonauts": 0.004120444289755578,
    "Single-player": 0.008451528114197665,
    "2008": 0.012759081558187989,
    "Real-time strategy": 0.004120444289755578,
    "Guitar Hero: Metallica": 0.004120444289755578,
    "Rock Band 2": 0.004120444289755578,
    "Video game": 0.010272649284755901,
    "Entertainment Software Rating Board": 0.009497875582487953,
    "Ace Combat 6: Fires of Liberation": 0.004120444289755578,
    "DLC": 0.004120444289755578,
    "Downloadable content": 0.007829017595088252,
    "Role-playing game": 0.004120444289755578,
    "PlayStation 3": 0.009991674542453605,
    "PlayStation 2": 0.01386249987541536,
    "PlayStation Portable": 0.005294856276306784,
    "Nintendo DS": 0.005294856276306784,
    "Wii": 0.011649954870041303,
    "Microsoft Windows": 0.00861784136723317,
    "Windows XP": 0.009204651871473086,
    "Windows Mobile": 0.0073463305196905405,
    "Cooperative gameplay": 0.007388387796389147,
    "PlayStation Network": 0.005127083135370898,
    "Shoot 'em up": 0.004862158950822113,
    "Yaris (video game)": 0.004120444289755578,
    "Yaris": 0.007829017595088252,
    "Star Wars: The Force Unleashed (video game)": 0.004120444289755578,
    "2006 FIFA World Cup (video game)": 0.004716145113084113,
    "Dreamcast": 0.0073437198008857885,
    "Nintendo 64": 0.006337080955270469,
    "Game Boy": 0.007388387796389147,
    "Assault Heroes 2": 0.004120444289755578,
    "Beat'n Groovy": 0.004120444289755578,
    "C.O.G.": 0.022440076311227204,
    "The Locust Horde": 0.022440076311227204,
    "United Nations Space Command": 0.01888431485370146,
    "APB (video game)": 0.004120444289755578,
    "Multiplayer video game": 0.018154252291652677,
    "Game Rankings": 0.005113812139398258,
    "Multiplayer game": 0.005391955137298209,
    "Game artificial intelligence": 0.007829017595088252,
    "Artificial intelligence": 0.004120444289755578,
    "Gamerpoint": 0.004120444289755578,
    "PEGI": 0.012668970585351366,
    "2006": 0.0160868794068338,
    "Non-player character": 0.010973402871269116,
    "2004": 0.009204651871473086,
    "Project Natal": 0.00646926826285799,
    "Resident Evil 5": 0.008896438188727476,
    "Xbox Live 360": 0.004120444289755578,
    "Xbox Live": 0.023903813130967434,
    "Xbox": 0.01836132136818389,
    "Lego Star Wars: The Complete Saga": 0.007829017595088252,
    "Star Wars: Battlefront II": 0.004120444289755578,
    "Lego Star Wars II: The Original Trilogy": 0.004716145113084113
  },
  "hitsHubs": {
    "Xbox Wiki": 0.0376201893143214,
    "List of Xbox 360 Games": 0.04196266724832664,
    "Microsoft": 0.0598668622412761,
    "Xbox (Company)": 0.0672074253870372,
    "Xbox 360": 0.052959119320365816,
    "Armageddon Soldiers": 0.027538884836462475,
    "Halo: Combat Evolved": 5.7810612902801545e-33,
    "Halo 2": 0.0009149946360344194,
    "Gears of War": 0.0003836678746234095,
    "Guitar Hero II": 0.0,
    "Gears of War Weapons": 0.003328816942614418,
    "Locust Horde": 0.00341911164257222,
    "Delta Team": 0.0035043439605114673,
    "Coalition of Ordered Governments": 0.0035043439605114673,
    "Marcus Fenix": 0.00341911164257222,
    "Crackdown": 0.0,
    "Star Wars: The Force Unleashed": 0.043987566841784606,
    "Main Page": 5.7810612902801545e-33,
    "Halo": 0.0016346125543865201,
    "List of Xbox Games": 0.0,
    "2005": 0.0,
    "Electronic Entertainment Expo": 0.0,
    "LEGO Indiana Jones: The Original Adventures": 5.7810612902801545e-33,
    "SEGA Superstars Tennis": 0.029887173864495336,
    "Destroy All Humans! Path of the Furon": 0.035945831662887236,
    "Dues Ex: Invisible War quotes": 0.0044194082179948,
    "PowerUp Forever": 0.029887173864495336,
    "Rise of the Argonauts": 0.03671064854728162,
    "Single-player": 0.0016569164704025206,
    "2008": 0.0,
    "Real-time strategy": 0.00437875525704843,
    "Guitar Hero: Metallica": 0.07147017636949783,
    "Rock Band 2": 0.06317486548866284,
    "Video game": 0.0,
    "Entertainment Software Rating Board": 5.7810612902801545e-33,
    "Ace Combat 6: Fires of Liberation": 0.024213801842416404,
    "DLC": 5.7810612902801545e-33,
    "Downloadable content": 0.028096283193854637,
    "Role-playing game": 0.001583472143638483,
    "PlayStation 3": 0.0,
    "PlayStation 2": 0.0,
    "PlayStation Portable": 0.0,
    "Nintendo DS": 0.0,
    "Wii": 0.0,
    "Microsoft Windows": 0.011255675221043787,
    "Windows XP": 0.011255675221043787,
    "Windows Mobile": 0.011255675221043787,
    "Cooperative gameplay": 0.005340133972999624,
    "PlayStation Network": 0.0,
    "Shoot 'em up": 0.025344366112046535,
    "Yaris (video game)": 5.7810612902801545e-33,
    "Yaris": 0.027538884836462475,
    "Star Wars: The Force Unleashed (video game)": 5.7810612902801545e-33,
    "2006 FIFA World Cup (video game)": 0.0,
    "Dreamcast": 0.0,
    "Nintendo 64": 0.0,
    "Game Boy": 0.0,
    "Assault Heroes 2": 0.032666568535271785,
    "Beat'n Groovy": 0.0541519359288278,
    "C.O.G.": 5.7810612902801545e-33,
    "The Locust Horde": 9.331533351739326e-06,
    "United Nations Space Command": 0.0,
    "APB (video game)": 0.05172163107359024,
    "Multiplayer video game": 0.030306777034310048,
    "Game Rankings": 0.0,
    "Multiplayer game": 0.001583472143638483,
    "Game artificial intelligence": 0.0014362061911176818,
    "Artificial intelligence": 5.7810612902801545e-33,
    "Gamerpoint": 0.008295310880834983,
    "PEGI": 0.0,
    "2006": 0.0,
    "Non-player character": 0.0,
    "2004": 0.0,
    "Project Natal": 0.0,
    "Resident Evil 5": 0.0,
    "Xbox Live 360": 0.01924357395562749,
    "Xbox Live": 0.0,
    "Xbox": 5.7810612902801545e-33,
    "Lego Star Wars: The Complete Saga": 0.0,
    "Star Wars: Battlefront II": 0.02591855681271382,
    "Lego Star Wars II: The Original Trilogy": 0.0
  },
  "hitsAuths": {
    "Xbox Wiki": 4.2343854853534404e-32,
    "List of Xbox 360 Games": 0.0065428190110405505,
    "Microsoft": 0.08244311103217955,
    "Xbox (Company)": 4.2343854853534404e-32,
    "Xbox 360": 0.14095112670927198,
    "Armageddon Soldiers": 0.0,
    "Halo: Combat Evolved": 0.01197285295367517,
    "Halo 2": 0.01657500741048156,
    "Gears of War": 0.024382191153904945,
    "Guitar Hero II": 0.0072980530431988365,
    "Gears of War Weapons": 0.0006613708931757951,
    "Locust Horde": 6.834957700090687e-05,
    "Delta Team": 0.0006613708931757951,