{
  "numNodes": 80,
  "numEdges": 165,
  "selfLinks": 0,
  "numStrongComponents": 67,
  "numWeakComponents": 2,
  "sizeLargestStrong": 8,
  "sizeLargestWeak": 78,
  "radius": 2,
  "diameter": 4,
  "averageInDegree": 2.0625,
  "averageOutDegree": 2.0625,
  "maxOutDegree": 10,
  "maxInDegree": 20,
  "pageRank": {
    "Xbox Wiki": 0.007846087441466254,
    "List of Xbox 360 Games": 0.0053064011078279676,
    "Microsoft": 0.03629244624701102,
    "Xbox (Company)": 0.020744124503925803,
    "Xbox 360": 0.035564074037596094,
    "Armageddon Soldiers": 0.004129429033729121,
    "Halo: Combat Evolved": 0.016447551929925752,
    "Halo 2": 0.007005356706113287,
    "Gears of War": 0.12280835146407436,
    "Guitar Hero II": 0.004811714087761371,
    "Gears of War Weapons": 0.04182579801618658,
    "Locust Horde": 0.0428412968870262,
    "Delta Team": 0.0471946440789074,
    "Coalition of Ordered Governments": 0.024421794961029624,
    "Marcus Fenix": 0.054773462950643025,
    "Star Wars: The Force Unleashed": 0.007846087441466254,
    "Main Page": 0.004129429033729121,
    "Halo": 0.011611577490238476,
    "List of Xbox Games": 0.0053064011078279676,
    "2005": 0.012464016832873577,
    "Electronic Entertainment Expo": 0.007330382894329218,
    "LEGO Indiana Jones: The Original Adventures": 0.004129429033729121,
    "SEGA Superstars Tennis": 0.004129429033729121,
    "Destroy All Humans! Path of the Furon": 0.004129429033729121,
    "Dues Ex: Invisible War quotes": 0.004129429033729121,
    "PowerUp Forever": 0.004129429033729121,
    "Rise of the Argonauts": 0.004129429033729121,
    "Single-player": 0.008469955102764987,
    "2008": 0.012909011811069833,
    "Real-time strategy": 0.004129429033729121,
    "Guitar Hero: Metallica": 0.004129429033729121,
    "Rock Band 2": 0.004129429033729121,
    "Video game": 0.010295045082316621,
    "Entertainment Software Rating Board": 0.009518583724947963,
    "Ace Combat 6: Fires of Liberation": 0.004129429033729121,
    "DLC": 0.004129429033729121,
    "Downloadable content": 0.007846087441466254,
    "Role-playing game": 0.004129429033729121,
    "PlayStation 3": 0.0101223315384567,
    "PlayStation 2": 0.013931065117910065,
    "PlayStation Portable": 0.0053064011078279676,
    "Nintendo DS": 0.0053064011078279676,
    "Wii": 0.011695735078054673,
    "Microsoft Windows": 0.008758743255763368,
    "Windows XP": 0.00926306297227348,
    "Windows Mobile": 0.007395968506259753,
    "Cooperative gameplay": 0.0074188329106362,
    "PlayStation Network": 0.005138262240099561,
    "Shoot 'em up": 0.0048727607152765475,
    "Yaris (video game)": 0.004129429033729121,
    "Yaris": 0.007846087441466254,
    "Star Wars: The Force Unleashed (video game)": 0.004129429033729121,
    "2006 FIFA World Cup (video game)": 0.004811714087761371,
    "Dreamcast": 0.00736403199080264,
    "Nintendo 64": 0.0063551987844322,
    "Game Boy": 0.0074188329106362,
    "Assault Heroes 2": 0.004129429033729121,
    "Beat'n Groovy": 0.004129429033729121,
    "C.O.G.": 0.022548930959725696,
    "The Locust Horde": 0.022548930959725696,
    "United Nations Space Command": 0.018933169053614092,
    "APB (video game)": 0.004129429033729121,
    "Multiplayer video game": 0.01827347784658875,
    "Game Rankings": 0.005124962535801567,
    "Multiplayer game": 0.005492203783232736,
    "Game artificial intelligence": 0.007846087441466254,
    "Artificial intelligence": 0.004129429033729121,
    "Gamerpoint": 0.004129429033729121,
    "PEGI": 0.012696589794907379,
    "2006": 0.01618067524061071,
    "Non-player character": 0.011011663194746273,
    "2004": 0.00926306297227348,
    "Project Natal": 0.0064833731819268145,
    "Resident Evil 5": 0.009021501154731909,
    "Xbox Live 360": 0.004129429033729121,
    "Xbox Live": 0.02399536518042413,
    "Xbox": 0.018459654280946335,
    "Lego Star Wars: The Complete Saga": 0.007846087441466254,
    "Star Wars: Battlefront II": 0.004129429033729121,
    "Lego Star Wars II: The Original Trilogy": 0.004811714087761371
  },
  "hitsHubs": {
    "Xbox Wiki": 0.0377476252982137,
    "List of Xbox 360 Games": 0.039569969751340285,
    "Microsoft": 0.060255650872777386,
    "Xbox (Company)": 0.06767184540483508,
    "Xbox 360": 0.05318942414396209,
    "Armageddon Soldiers": 0.027702498591954255,
    "Halo: Combat Evolved": 6.320410452204156e-33,
    "Halo 2": 0.000922521346923739,
    "Gears of War": 0.0003816534611540586,
    "Guitar Hero II": 0.0,
    "Gears of War Weapons": 0.0032925537710536182,
    "Locust Horde": 0.003382348416182365,
    "Delta Team": 0.003467081065722139,
    "Coalition of Ordered Governments": 0.003467081065722139,
    "Marcus Fenix": 0.003382348416182365,
    "Star Wars: The Force Unleashed": 0.04426241166674415,
    "Main Page": 6.320410452204156e-33,
    "Halo": 0.0016538450167713264,
    "List of Xbox Games": 0.0,
    "2005": 0.0,
    "Electronic Entertainment Expo": 0.0,
    "LEGO Indiana Jones: The Original Adventures": 6.320410452204156e-33,
    "SEGA Superstars Tennis": 0.02999818483517604,
    "Destroy All Humans! Path of the Furon": 0.036202192644055754,
    "Dues Ex: Invisible War quotes": 0.004465827788130066,
    "PowerUp Forever": 0.02999818483517604,
    "Rise of the Argonauts": 0.03689402171677381,
    "Single-player": 0.0016785413578907663,
    "2008": 0.0,
    "Real-time strategy": 0.004426350641406063,
    "Guitar Hero: Metallica": 0.07190495623261343,
    "Rock Band 2": 0.06351889306895021,
    "Video game": 0.0,
    "Entertainment Software Rating Board": 6.320410452204156e-33,
    "Ace Combat 6: Fires of Liberation": 0.024332162514361228,
    "DLC": 6.320410452204156e-33,
    "Downloadable content": 0.02826609395507017,
    "Role-playing game": 0.0016038571705037311,
    "PlayStation 3": 0.0,
    "PlayStation 2": 0.0,
    "PlayStation Portable": 0.0,
    "Nintendo DS": 0.0,
    "Wii": 0.0,
    "Microsoft Windows": 0.01124181368147323,
    "Windows XP": 0.01124181368147323,
    "Windows Mobile": 0.01124181368147323,
    "Cooperative gameplay": 0.005397684439212211,
    "PlayStation Network": 0.0,
    "Shoot 'em up": 0.025479806314470596,
    "Yaris (video game)": 6.320410452204156e-33,
    "Yaris": 0.027702498591954255,
    "Star Wars: The Force Unleashed (video game)": 6.320410452204156e-33,
    "2006 FIFA World Cup (video game)": 0.0,
    "Dreamcast": 0.0,
    "Nintendo 64": 0.0,
    "Game Boy": 0.0,
    "Assault Heroes 2": 0.032741423764803004,
    "Beat'n Groovy": 0.05439699837163434,
    "C.O.G.": 6.320410452204156e-33,
    "The Locust Horde": 9.327301162785713e-06,
    "United Nations Space Command": 0.0,
    "APB (video game)": 0.049507935194192325,
    "Multiplayer video game": 0.030500484954032764,
    "Game Rankings": 0.0,
    "Multiplayer game": 0.0016038571705037311,
    "Game artificial intelligence": 0.0014520620585428798,
    "Artificial intelligence": 6.320410452204156e-33,
    "Gamerpoint": 0.00838606316366322,
    "PEGI": 0.0,
    "2006": 0.0,
    "Non-player character": 0.0,
    "2004": 0.0,
    "Project Natal": 0.0,
    "Resident Evil 5": 0.0,
    "Xbox Live 360": 0.019316435428291034,
    "Xbox Live": 0.0,
    "Xbox": 6.320410452204156e-33,
    "Lego Star Wars: The Complete Saga": 0.0,
    "Star Wars: Battlefront II": 0.02614185715347116,
    "Lego Star Wars II: The Original Trilogy": 0.0
  },
  "hitsAuths": {
    "Xbox Wiki": 4.6858177467411384e-32,
    "List of Xbox 360 Games": 0.006676215566205045,
    "Microsoft": 0.083344413234799,
    "Xbox (Company)": 4.6858177467411384e-32,
    "Xbox 360": 0.14320793976615895,
    "Armageddon Soldiers": 0.0,
    "Halo: Combat Evolved": 0.012261254848162444,
    "Halo 2": 0.016968017443813432,
    "Gears of War": 0.024410292668765047,
    "Guitar Hero II": 0.00699852364259708,
    "Gears of War Weapons": 0.0006657183815647145,
    "Locust Horde": 6.915062502394711e-05,
    "Delta Team": 0.0006657183815647145,
    "Coalition of Ordered Governments": 4.6858177467411384e-32,