{
  "numNodes": 116,
  "numEdges": 346,
  "selfLinks": 2,
  "numStrongComponents": 78,
  "numWeakComponents": 1,
  "sizeLargestStrong": 31,
  "sizeLargestWeak": 116,
  "radius": 4,
  "diameter": 7,
  "averageInDegree": 2.9827586206896552,
  "averageOutDegree": 2.9827586206896552,
  "maxOutDegree": 20,
  "maxInDegree": 33,
  "pageRank": {
    "Xbox Wiki": 0.005309547968736007,
    "List of Xbox 360 Games": 0.0031130136064729443,
    "Microsoft": 0.03803471446107523,
    "Xbox (Company)": 0.022541416118667282,
    "Xbox 360": 0.03454428105848966,
    "Armageddon Soldiers": 0.0027944206061860065,
    "Halo: Combat Evolved": 0.020204019536000192,
    "Halo 2": 0.011039949753739254,
    "Gears of War": 0.08286602963431586,
    "Gears of War Weapons": 0.028231700682216025,
    "Locust Horde": 0.028917966114220935,
    "Delta Team": 0.031855243139190983,
    "Coalition of Ordered Governments": 0.016490930416041785,
    "Marcus Fenix": 0.03697249611381129,
    "Crackdown": 0.0031537245151217206,
    "Star Wars: Knights of the Old Republic": 0.006044992207548251,
    "Star Wars: Battlefront": 0.0029740725606538635,
    "Star Wars: Knights of the Old Republic II: The Sith Lords": 0.0029740725606538635,
    "Halo 3": 0.013575927133783463,
    "Nintendo GameCube": 0.007309552501780932,
    "Star Wars: The Force Unleashed": 0.005309547968736007,
    "Main Page": 0.0027944206061860065,
    "List of Xbox games compatible with Xbox 360": 0.0027944206061860065,
    "List of Xbox Originals": 0.004448691510604442,
    "Halo": 0.012731236297333783,
    "List of Xbox Games": 0.0031130136064729443,
    "Xbox LIVE": 0.021821054148785504,
    "Multiplayer features in XBox 360 games": 0.0031130136064729443,
    "Xbox Live Arcade": 0.0161110976246975,
    "Xbox LIVE Arcade": 0.0031130136064729443,
    "List of Xbox Live Arcade games": 0.003909888706367465,
    "2005": 0.010458186194944851,
    "E3": 0.012573018482764096,
    "Electronic Entertainment Expo": 0.003405388132361449,
    "LEGO Indiana Jones: The Original Adventures": 0.0031130136064729443,
    "Kung Fu Panda": 0.003796410102673557,
    "SEGA Superstars Tennis": 0.0031130136064729443,
    "Destroy All Humans! Path of the Furon": 0.0027944206061860065,
    "Prince of Persia": 0.003837582342003279,
    "Quotes": 0.0031130136064729443,
    "Star Wars: Knights of the Old Republic II The Sith Lords": 0.0027944206061860065,
    "Deus Ex: Invisible War": 0.004508536152107006,
    "Dues Ex: Invisible War quotes": 0.003808906149490493,
    "METEOS WARS": 0.005309547968736007,
    "PowerUp Forever": 0.0030457874242451654,
    "Rise of the Argonauts": 0.0027944206061860065,
    "Cortana": 0.007250180006989834,
    "Master Chief": 0.010786997160138884,
    "Master Chief (Halo)": 0.005068251210501289,
    "Halo quotes": 0.004415684454734069,
    "Doritos Dash of Destruction": 0.004161255524426623,
    "Video game console": 0.0027944206061860065,
    "Single-player": 0.008554601123293667,
    "2008": 0.016602741958278065,
    "Metoes Wars": 0.0027944206061860065,
    "Beyond Good & Evil (video game)": 0.003657930387535422,
    "Real-time strategy": 0.0027944206061860065,
    "Guitar Hero: Metallica": 0.0027944206061860065,
    "Rock Band 2": 0.0027944206061860065,
    "Video game": 0.00842053469360688,
    "Entertainment Software Rating Board": 0.01125551511031634,
    "Ace Combat 6: Fires of Liberation": 0.0027944206061860065,
    "Featured quotes": 0.0027944206061860065,
    "DLC": 0.0027944206061860065,
    "Downloadable content": 0.005309547968736007,
    "Role-playing game": 0.0027944206061860065,
    "PlayStation 3": 0.004430273317608512,
    "PlayStation 2": 0.010261061401413536,
    "PlayStation Portable": 0.0042736023932325035,
    "Nintendo DS": 0.003477119892515159,
    "Wii": 0.007637452902618914,
    "Microsoft Windows": 0.00820422142096599,
    "Windows XP": 0.01052659434396248,
    "Windows Mobile": 0.007309552501780933,
    "Cooperative gameplay": 0.006705898788665343,
    "PlayStation Network": 0.003477119892515159,
    "Shoot 'em up": 0.003251316406753321,
    "Yaris (video game)": 0.004161255524426623,
    "Yaris": 0.006539803499868119,
    "1 vs. 100": 0.006788354169456587,
    "Star Wars: The Force Unleashed (video game)": 0.0027944206061860065,
    "2006 FIFA World Cup (video game)": 0.0029740725606538635,
    "Dreamcast": 0.006891950330823808,
    "Nintendo 64": 0.004806346958135379,
    "Game Boy": 0.00508463494011728,
    "Assault Heroes 2": 0.0030457874242451654,
    "Beat'n Groovy": 0.0030457874242451654,
    "C.O.G.": 0.015221456304365156,
    "The Locust Horde": 0.015221456304365156,
    "United Nations Space Command": 0.005950894954908205,
    "Marine (military)": 0.003405388132361449,
    "APB (video game)": 0.0027944206061860065,
    "Multiplayer video game": 0.015266986481998214,
    "Game Rankings": 0.003999237648519088,
    "2007": 0.004962078316012318,
    "Multiplayer game": 0.0036106203156890354,
    "Game artificial intelligence": 0.00592051549491145,
    "Artificial intelligence": 0.0027944206061860065,
    "Metagaming": 0.003405388132361449,
    "Gamerpoint": 0.0027944206061860065,
    "PEGI": 0.01353578561403725,
    "2006": 0.02401680378940564,
    "Non-player character": 0.007699283399750567,
    "2004": 0.010424822419472835,
    "Arbiter (Halo)": 0.004940598632535585,
    "Covenant (Halo)": 0.005950894954908205,
    "Elite (Halo)": 0.004415684454734069,
    "Project Natal": 0.004570693278302626,
    "Resident Evil 5": 0.006068149369426463,
    "Xbox Live 360": 0.0027944206061860065,
    "Xbox Live": 0.02078504866736168,
    "Xbox": 0.021939224550272512,
    "Lego Star Wars: The Complete Saga": 0.005596302358850483,
    "Star Wars: Battlefront II": 0.0029740725606538635,
    "Lego Star Wars: The Video Game": 0.0029740725606538635,
    "Lego Star Wars II: The Original Trilogy": 0.0029740725606538635
  },
  "hitsHubs": {
    "Xbox Wiki": 0.0320757876774025,
    "List of Xbox 360 Games": 0.0,
    "Microsoft": 0.03063893437316603,
    "Xbox (Company)": 0.03405392614345621,
    "Xbox 360": 0.03262147073121984,
    "Armageddon Soldiers": 0.01394052663695596,
    "Halo: Combat Evolved": 0.05535176774134097,
    "Halo 2": 5.278937396649074e-45,
    "Gears of War": 2.7202574333295344e-05,
    "Gears of War Weapons": 0.0005439697903135499,
    "Locust Horde": 0.0005505771489112201,
    "Delta Team": 0.0005570208013153917,
    "Coalition of Ordered Governments": 0.0005570208013153917,
    "Marcus Fenix": 0.0005505771489112201,
    "Crackdown": 0.0,
    "Star Wars: Knights of the Old Republic": 0.0,
    "Star Wars: Battlefront": 0.0,
    "Star Wars: Knights of the Old Republic II: The Sith Lords": 0.0,
    "Halo 3": 0.05069136460166139,
    "Nintendo GameCube": 0.0,
    "Star Wars: The Force Unleashed": 0.01606222064721017,
    "Main Page": 5.278937396649074e-45,
    "List of Xbox games compatible with Xbox 360": 0.03589772449638356,
    "List of Xbox Originals": 0.01968953328588726,
    "Halo": 0.0026832584505416947,
    "List of Xbox Games": 0.0,
    "Xbox LIVE": 0.040677315235422985,
    "Multiplayer features in XBox 360 games": 0.0,
    "Xbox Live Arcade": 0.04052169207590548,
    "Xbox LIVE Arcade": 0.002777602023342252,
    "List of Xbox Live Arcade games": 0.03127473055601464,
    "2005": 0.0,
    "E3": 0.0020709296678447335,
    "Electronic Entertainment Expo": 0.002627774000483563,
    "LEGO Indiana Jones: The Original Adventures": 5.278937396649074e-45,
    "Kung Fu Panda": 0.017886767921114457,
    "SEGA Superstars Tennis": 0.01596006207763644,
    "Destroy All Humans! Path of the Furon": 0.017878960624647694,
    "Prince of Persia": 0.012962340845257932,
    "Quotes": 0.0,
    "Star Wars: Knights of the Old Republic II The Sith Lords": 0.015971837420036005,
    "Deus Ex: Invisible War": 0.009677924322197629,
    "Dues Ex: Invisible War quotes": 0.005551107532380037,
    "METEOS WARS": 0.021148559330665572,
    "PowerUp Forever": 0.018737664100978692,