{
  "numNodes": 145,
  "numEdges": 495,
  "selfLinks": 3,
  "numStrongComponents": 96,
  "numWeakComponents": 2,
  "sizeLargestStrong": 41,
  "sizeLargestWeak": 143,
  "radius": 5,
  "diameter": 8,
  "averageInDegree": 3.413793103448276,
  "averageOutDegree": 3.413793103448276,
  "maxOutDegree": 22,
  "maxInDegree": 50,
  "pageRank": {
    "Xbox Wiki": 0.0038721871466089824,
    "List of Xbox 360 Games": 0.0024735830364706196,
    "Microsoft": 0.04613972321281897,
    "Xbox (Company)": 0.02454503883070148,
    "Xbox 360": 0.03946051051148931,
    "Armageddon Soldiers": 0.0020379331956814394,
    "Halo: Combat Evolved": 0.011766727976026594,
    "Halo 2": 0.008837687649145028,
    "Gears of War": 0.061338342561186296,
    "Guitar Hero II": 0.0020379331956814394,
    "Gears of War Weapons": 0.020836688653925867,
    "Locust Horde": 0.021343799618559756,
    "Delta Team": 0.023503271196497425,
    "Coalition of Ordered Governments": 0.012146410970487284,
    "Marcus Fenix": 0.02727210223948534,
    "Crackdown": 0.002286509965919451,
    "Knights of the Old Republic": 0.0020379331956814394,
    "Knights of the Old Republic II: The Sith Lords": 0.0020379331956814394,
    "Star Wars: Knights of the Old Republic": 0.007442469195178551,
    "Star Wars: Battlefront": 0.002152574067614411,
    "Star Wars: Knights of the Old Republic II: The Sith Lords": 0.0058210819694694965,
    "Halo 3": 0.01187331249757569,
    "Nintendo GameCube": 0.005498770810158008,
    "Star Wars: The Force Unleashed": 0.0038721871466089824,
    "The Godfather: The Game": 0.0020379331956814394,
    "Main Page": 0.0020379331956814394,
    "Project Gotham Racing 3": 0.0020379331956814394,
    "List of Xbox games compatible with Xbox 360": 0.0020379331956814394,
    "List of Xbox Originals": 0.0021922877181915173,
    "Halo": 0.0046894816578259444,
    "List of Xbox Games": 0.0024735830364706196,
    "Xbox LIVE": 0.01958042502459117,
    "Multiplayer features in XBox 360 games": 0.0024735830364706196,
    "Xbox Live Arcade": 0.013648101825718403,
    "Xbox LIVE Arcade": 0.0020379331956814394,
    "List of Xbox Live Arcade games": 0.0029153803564569165,
    "2005": 0.010291922661901418,
    "E3": 0.01248410623814436,
    "Electronic Entertainment Expo": 0.0035836024295048396,
    "LEGO Indiana Jones: The Original Adventures": 0.0020379331956814394,
    "Kung Fu Panda": 0.0024853193281269333,
    "SEGA Superstars Tennis": 0.0020379331956814394,
    "Destroy All Humans! Path of the Furon": 0.0020379331956814394,
    "Prince of Persia": 0.0027775674437030265,
    "Quotes": 0.0024735830364706196,
    "Star Wars: Knights of the Old Republic II The Sith Lords": 0.0020379331956814394,
    "Deus Ex: Invisible War": 0.0032880196125122858,
    "Dues Ex: Invisible War quotes": 0.002777787072299022,
    "METEOS WARS": 0.0038721871466089824,
    "PowerUp Forever": 0.0021922877181915173,
    "Rise of the Argonauts": 0.0020379331956814394,
    "Cortana": 0.005821978869970676,
    "Master Chief": 0.012090010113781816,
    "Master Chief (Halo)": 0.005059519947094083,
    "Halo quotes": 0.003081125714002889,
    "Doritos Dash of Destruction": 0.0029153803564569165,
    "Video game console": 0.0020379331956814394,
    "Avatar": 0.0020379331956814394,
    "Single-player": 0.009419288494662429,
    "The Elder Scrolls IV: Oblivion": 0.004127200584960553,
    "2008": 0.016165611922445804,
    "Metoes Wars": 0.0020379331956814394,
    "Beyond Good & Evil (video game)": 0.002662926571770055,
    "Halo 3: ODST": 0.006008901199331641,
    "Halo 3: Recon": 0.0020379331956814394,
    "Halo Wars": 0.006823409074291947,
    "Real-time strategy": 0.0020379331956814394,
    "Ensemble Studios": 0.005114198707937307,
    "Guitar Hero: Metallica": 0.0027655244702010683,
    "Velvet Assassin": 0.0020379331956814394,
    "Lips": 0.0023436421875026965,
    "Rock Band 2": 0.0027655244702010683,
    "Video game": 0.007695865591534658,
    "Entertainment Software Rating Board": 0.010448113287710328,
    "Absolute: Blazing Infinity": 0.0020379331956814394,
    "Ace Combat 6: Fires of Liberation": 0.0020379331956814394,
    "Afro Samurai": 0.004996470187767787,
    "Featured quotes": 0.0042643013313395685,
    "Call of Duty 4": 0.0024735830364706196,
    "News Archive": 0.0020379331956814394,
    "Fable II": 0.005188386385033342,
    "DLC": 0.0020379331956814394,
    "Downloadable content": 0.0038721871466089824,
    "RPG": 0.008736709086088803,
    "Role-playing game": 0.009901649471312154,
    "Overlord II": 0.0020379331956814394,
    "The Orange Box": 0.002152574067614411,
    "PlayStation 3": 0.005860665359106108,
    "PlayStation 2": 0.008905027532529959,
    "PlayStation Portable": 0.003557767450535029,
    "Nintendo DS": 0.002817702168280892,
    "Wii": 0.006367350569349887,
    "Microsoft Windows": 0.010687831653683852,
    "Space Invaders Extreme": 0.0021922877181915173,
    "Windows XP": 0.00979731847943452,
    "Windows Mobile": 0.008436111829022343,
    "Microsoft Points": 0.009912692554709954,
    "MSP": 0.0020379331956814394,
    "FPS": 0.0026837458621444934,
    "Halo: ODST": 0.0038721871466089824,
    "Sony": 0.03251741237665924,
    "Blinx: The Time Sweeper": 0.002152574067614411,
    "Cooperative gameplay": 0.007783264048955481,
    "PlayStation Network": 0.002425177498605155,
    "Shoot 'em up": 0.0023198166359504006,
    "Yaris (video game)": 0.003069734878966994,
    "Yaris": 0.004800890209307948,
    "1 vs. 100": 0.004127200584960553,
    "Afro Samurai (video game)": 0.0020379331956814394,
    "Star Wars: The Force Unleashed (video game)": 0.0020379331956814394,
    "2006 FIFA World Cup (video game)": 0.002152574067614411,
    "Dreamcast": 0.004760360596669283,
    "Nintendo 64": 0.004373116293745568,
    "Game Boy": 0.0047303491815902845,
    "Assault Heroes 2": 0.0021922877181915173,
    "Beat'n Groovy": 0.0021922877181915173,
    "C.O.G.": 0.01123532184375391,
    "The Locust Horde": 0.01123532184375391,
    "United Nations Space Command": 0.00518802791353604,
    "Marine (military)": 0.0025237024730182,
    "APB (video game)": 0.002209432277117794,
    "Multiplayer video game": 0.020939180610549706,
    "Game Rankings": 0.005687611735349244,
    "2007": 0.00401001687625663,
    "Multiplayer game": 0.002935244196373921,
    "Game artificial intelligence": 0.0047294682291054504,
    "Artificial intelligence": 0.0024506864793574466,
    "Metagaming": 0.0025237024730182,
    "Gamerpoint": 0.0020379331956814394,
    "PEGI": 0.012190407861884096,
    "2006": 0.02009409216274847,
    "Non-player character": 0.007173463732098495,
    "2004": 0.010073827491857174,
    "Arbiter (Halo)": 0.004338403768758758,
    "Covenant (Halo)": 0.004895827009743447,
    "Elite (Halo)": 0.003464975240349912,
    "Project Natal": 0.0034568764788711283,
    "Resident Evil 5": 0.004514444887884269,
    "Xbox Live 360": 0.0020379331956814394,
    "Xbox Live": 0.019150312142637835,
    "Xbox": 0.025005546226329212,
    "Lego Star Wars: The Complete Saga": 0.0038721871466089824,
    "Star Wars: Battlefront II": 0.002394753817538056,
    "Lego Star Wars: The Video Game": 0.002152574067614411,
    "Lego Star Wars II: The Original Trilogy": 0.002152574067614411
  },
  "hitsHubs": {
    "Xbox Wiki": 0.01489356015582891,
    "List of Xbox 360 Games": 0.0,
    "Microsoft": 0.019641344604033523,
    "Xbox (Company)": 0.02227708915273822,
    "Xbox 360": 0.02491347153885144,
    "Armageddon Soldiers": 0.010349909150252927,
    "Halo: Combat Evolved": 0.03901912578747807,
    "Halo 2": 0.004109920478902929,
    "Gears of War": 1.926583010085028e-05,
    "Guitar Hero II": 0.013111629671686905,
    "Gears of War Weapons": 0.0005533212917712274,
    "Locust Horde": 0.0005580397440967045,
    "Delta Team": 0.0005626765273345472,
    "Coalition of Ordered Governments": 0.0005626765273345472,
    "Marcus Fenix": 0.0005580397440967045,
    "Crackdown": 0.02970648453503648,
    "Knights of the Old Republic": 0.0005553997337883251,