{
  "numNodes": 118,
  "numEdges": 352,
  "selfLinks": 2,
  "numStrongComponents": 80,
  "numWeakComponents": 1,
  "sizeLargestStrong": 31,
  "sizeLargestWeak": 118,
  "radius": 4,
  "diameter": 7,
  "averageInDegree": 2.983050847457627,
  "averageOutDegree": 2.983050847457627,
  "maxOutDegree": 20,
  "maxInDegree": 34,
  "pageRank": {
    "Xbox Wiki": 0.005264525186377975,
    "List of Xbox 360 Games": 0.0030866161863050377,
    "Microsoft": 0.038049747504463674,
    "Xbox (Company)": 0.022264569200155265,
    "Xbox 360": 0.034828597910007295,
    "Armageddon Soldiers": 0.0027707246111192516,
    "Halo: Combat Evolved": 0.020021851497501297,
    "Halo 2": 0.010949316125973827,
    "Gears of War": 0.08156684323076327,
    "Gears of War Weapons": 0.027826185378694624,
    "Locust Horde": 0.028502621824518126,
    "Delta Team": 0.03140178202384833,
    "Coalition of Ordered Governments": 0.016270482834639565,
    "Marcus Fenix": 0.036450616120067045,
    "Crackdown": 0.003126981836156212,
    "Star Wars: Knights of the Old Republic": 0.005986019057746514,
    "Star Wars: Battlefront": 0.002948853223637732,
    "Star Wars: Knights of the Old Republic II: The Sith Lords": 0.002948853223637732,
    "Halo 3": 0.013320115650314993,
    "Nintendo GameCube": 0.007296031888690791,
    "Star Wars: The Force Unleashed": 0.005264525186377975,
    "Main Page": 0.0027707246111192516,
    "List of Xbox games compatible with Xbox 360": 0.0027707246111192516,
    "List of Xbox Originals": 0.004433494684828137,
    "Halo": 0.01262596479309662,
    "List of Xbox Games": 0.0030866161863050377,
    "Xbox LIVE": 0.021960207943725555,
    "Multiplayer features in XBox 360 games": 0.0030866161863050377,
    "Xbox Live Arcade": 0.01635288091933715,
    "Xbox LIVE Arcade": 0.0030866161863050377,
    "List of Xbox Live Arcade games": 0.0039029327103827435,
    "2005": 0.010417293569208832,
    "E3": 0.012349550599894047,
    "Electronic Entertainment Expo": 0.003370179740639747,
    "LEGO Indiana Jones: The Original Adventures": 0.0030866161863050377,
    "Kung Fu Panda": 0.0037642179781303955,
    "SEGA Superstars Tennis": 0.0030866161863050377,
    "Destroy All Humans! Path of the Furon": 0.0027707246111192516,
    "Prince of Persia": 0.0038050410647774355,
    "Quotes": 0.0030866161863050377,
    "Star Wars: Knights of the Old Republic II The Sith Lords": 0.0027707246111192516,
    "Deus Ex: Invisible War": 0.00447030573104613,
    "Dues Ex: Invisible War quotes": 0.00377660811755155,
    "METEOS WARS": 0.005264525186377975,
    "PowerUp Forever": 0.0030216443116919747,
    "Rise of the Argonauts": 0.0027707246111192516,
    "Cortana": 0.007179391501674505,
    "Master Chief": 0.010680875767720201,
    "Master Chief (Halo)": 0.005017562461968819,
    "Halo quotes": 0.0043713669987906,
    "Doritos Dash of Destruction": 0.004153852410955467,
    "Video game console": 0.0027707246111192516,
    "Avatar": 0.0027707246111192516,
    "Single-player": 0.008481772760107987,
    "The Elder Scrolls IV: Oblivion": 0.005182129345234033,
    "2008": 0.016371020963076167,
    "Metoes Wars": 0.0027707246111192516,
    "Beyond Good & Evil (video game)": 0.003626912452258955,
    "Real-time strategy": 0.0027707246111192516,
    "Guitar Hero: Metallica": 0.0027707246111192516,
    "Rock Band 2": 0.0027707246111192516,
    "Video game": 0.008347103752345108,
    "Entertainment Software Rating Board": 0.01166925319479985,
    "Ace Combat 6: Fires of Liberation": 0.0027707246111192516,
    "Featured quotes": 0.0027707246111192516,
    "DLC": 0.0027707246111192516,
    "Downloadable content": 0.005264525186377975,
    "Role-playing game": 0.0027707246111192516,
    "PlayStation 3": 0.004392706379125333,
    "PlayStation 2": 0.0102227666704078,
    "PlayStation Portable": 0.0042373640673389725,
    "Nintendo DS": 0.0034476351293745073,
    "Wii": 0.007415112494244105,
    "Microsoft Windows": 0.008183114558101324,
    "Windows XP": 0.010299584340485973,
    "Windows Mobile": 0.007296031888690789,
    "Cooperative gameplay": 0.006642095706522423,
    "PlayStation Network": 0.0034476351293745073,
    "Shoot 'em up": 0.003223998887238312,
    "Yaris (video game)": 0.004153852410955467,
    "Yaris": 0.006509445500593012,
    "1 vs. 100": 0.0065939797183701965,
    "Star Wars: The Force Unleashed (video game)": 0.0027707246111192516,
    "2006 FIFA World Cup (video game)": 0.002948853223637732,
    "Dreamcast": 0.006852269997771266,
    "Nintendo 64": 0.004763509106379847,
    "Game Boy": 0.005041453318851074,
    "Assault Heroes 2": 0.0030216443116919747,
    "Beat'n Groovy": 0.0030216443116919747,
    "C.O.G.": 0.015002863600997816,
    "The Locust Horde": 0.015002863600997816,
    "United Nations Space Command": 0.005891523063934773,
    "Marine (military)": 0.003370179740639747,
    "APB (video game)": 0.0027707246111192516,
    "Multiplayer video game": 0.015137086559801546,
    "Game Rankings": 0.003958993765353612,
    "2007": 0.0049519398329481365,
    "Multiplayer game": 0.0035802561122752724,
    "Game artificial intelligence": 0.00586398031589847,
    "Artificial intelligence": 0.0027707246111192516,
    "Metagaming": 0.003370179740639747,
    "Gamerpoint": 0.0027707246111192516,
    "PEGI": 0.01388098855155362,
    "2006": 0.023754564676387556,
    "Non-player character": 0.00763203169457855,
    "2004": 0.010382528437103944,
    "Arbiter (Halo)": 0.004890335805783921,
    "Covenant (Halo)": 0.005891523063934773,
    "Elite (Halo)": 0.0043713669987906,
    "Project Natal": 0.004530036128427154,
    "Resident Evil 5": 0.005859039863489289,
    "Xbox Live 360": 0.0027707246111192516,
    "Xbox Live": 0.020968982734569732,
    "Xbox": 0.021657967479351323,
    "Lego Star Wars: The Complete Saga": 0.005548848223573035,
    "Star Wars: Battlefront II": 0.002948853223637732,
    "Lego Star Wars: The Video Game": 0.002948853223637732,
    "Lego Star Wars II: The Original Trilogy": 0.002948853223637732
  },
  "hitsHubs": {
    "Xbox Wiki": 0.03089487096127335,
    "List of Xbox 360 Games": 0.0,
    "Microsoft": 0.02935911324164132,
    "Xbox (Company)": 0.03315175781510615,
    "Xbox 360": 0.03224408772852822,
    "Armageddon Soldiers": 0.013846933667148493,
    "Halo: Combat Evolved": 0.05350354980096466,
    "Halo 2": 3.0053663374896726e-45,
    "Gears of War": 2.5404160130139227e-05,
    "Gears of War Weapons": 0.0005215779834068519,
    "Locust Horde": 0.0005277527991367635,
    "Delta Team": 0.0005337785612114585,
    "Coalition of Ordered Governments": 0.0005337785612114585,
    "Marcus Fenix": 0.0005277527991367635,
    "Crackdown": 0.0,
    "Star Wars: Knights of the Old Republic": 0.0,
    "Star Wars: Battlefront": 0.0,
    "Star Wars: Knights of the Old Republic II: The Sith Lords": 0.0,
    "Halo 3": 0.0487138975878869,
    "Nintendo GameCube": 0.0,
    "Star Wars: The Force Unleashed": 0.015573833956989195,
    "Main Page": 3.0053663374896726e-45,
    "List of Xbox games compatible with Xbox 360": 0.034867297907121425,
    "List of Xbox Originals": 0.019343279559841393,
    "Halo": 0.0025212129474819975,
    "List of Xbox Games": 0.0,
    "Xbox LIVE": 0.03942191908038148,
    "Multiplayer features in XBox 360 games": 0.0,
    "Xbox Live Arcade": 0.0393582091332362,
    "Xbox LIVE Arcade": 0.0029704861430008816,
    "List of Xbox Live Arcade games": 0.03067557955041138,
    "2005": 0.0,
    "E3": 0.001956063602876883,
    "Electronic Entertainment Expo": 0.0024957260461975664,
    "LEGO Indiana Jones: The Original Adventures": 3.0053663374896726e-45,
    "Kung Fu Panda": 0.01732511594080533,
    "SEGA Superstars Tennis": 0.01582436258319567,
    "Destroy All Humans! Path of the Furon": 0.017579108725699382,
    "Prince of Persia": 0.012620990761703314,
    "Quotes": 0.0,
    "Star Wars: Knights of the Old Republic II The Sith Lords": 0.015434368150773082,
    "Deus Ex: Invisible War": 0.009456496818063235,
    "Dues Ex: Invisible War quotes": 0.005224557426077872,