{
  "numNodes": 119,
  "numEdges": 357,
  "selfLinks": 2,
  "numStrongComponents": 81,
  "numWeakComponents": 1,
  "sizeLargestStrong": 31,
  "sizeLargestWeak": 119,
  "radius": 4,
  "diameter": 7,
  "averageInDegree": 3,
  "averageOutDegree": 3,
  "maxOutDegree": 20,
  "maxInDegree": 35,
  "pageRank": {
    "Xbox Wiki": 0.005214624756239525,
    "List of Xbox 360 Games": 0.003057359276697986,
    "Microsoft": 0.03787914150777175,
    "Xbox (Company)": 0.022163606631701256,
    "Xbox 360": 0.03514961846790828,
    "Armageddon Soldiers": 0.0027444619037025357,
    "Halo: Combat Evolved": 0.01988374723967684,
    "Halo 2": 0.010879953502070192,
    "Gears of War": 0.08096139938499906,
    "Guitar Hero II": 0.0027444619037025357,
    "Gears of War Weapons": 0.02760897471058759,
    "Locust Horde": 0.02828014609294594,
    "Delta Team": 0.031155443597333507,
    "Coalition of Ordered Governments": 0.01613883206670713,
    "Marcus Fenix": 0.0361634182351378,
    "Crackdown": 0.00309734231120782,
    "Star Wars: Knights of the Old Republic": 0.005939187767620786,
    "Star Wars: Battlefront": 0.002920902107455178,
    "Star Wars: Knights of the Old Republic II: The Sith Lords": 0.002920902107455178,
    "Halo 3": 0.01335675152847183,
    "Nintendo GameCube": 0.007252302716623908,
    "Star Wars: The Force Unleashed": 0.005214624756239525,
    "Main Page": 0.0027444619037025357,
    "List of Xbox games compatible with Xbox 360": 0.0027444619037025357,
    "List of Xbox Originals": 0.004401602548961692,
    "Halo": 0.012537271687864143,
    "List of Xbox Games": 0.003057359276697986,
    "Xbox LIVE": 0.021905658744379462,
    "Multiplayer features in XBox 360 games": 0.003057359276697986,
    "Xbox Live Arcade": 0.016255334673861338,
    "Xbox LIVE Arcade": 0.003057359276697986,
    "List of Xbox Live Arcade games": 0.003869916397864151,
    "2005": 0.01034824548805147,
    "E3": 0.012300613195682172,
    "Electronic Entertainment Expo": 0.003345565867490179,
    "LEGO Indiana Jones: The Original Adventures": 0.003057359276697986,
    "Kung Fu Panda": 0.00372853836467848,
    "SEGA Superstars Tennis": 0.003057359276697986,
    "Destroy All Humans! Path of the Furon": 0.0027444619037025357,
    "Prince of Persia": 0.003768974501999227,
    "Quotes": 0.003057359276697986,
    "Star Wars: Knights of the Old Republic II The Sith Lords": 0.0027444619037025357,
    "Deus Ex: Invisible War": 0.0044279334055410385,
    "Dues Ex: Invisible War quotes": 0.0037408110657657064,
    "METEOS WARS": 0.005214624756239525,
    "PowerUp Forever": 0.002993259003990238,
    "Rise of the Argonauts": 0.0027444619037025357,
    "Cortana": 0.007124770248766829,
    "Master Chief": 0.010600772292784841,
    "Master Chief (Halo)": 0.0049811266353113805,
    "Halo quotes": 0.004339847392884656,
    "Doritos Dash of Destruction": 0.0041187134981518535,
    "Video game console": 0.0027444619037025357,
    "Avatar": 0.0027444619037025357,
    "Single-player": 0.008898032422292212,
    "The Elder Scrolls IV: Oblivion": 0.005178092795028368,
    "2008": 0.01628362582450812,
    "Metoes Wars": 0.0027444619037025357,
    "Beyond Good & Evil (video game)": 0.003592534298246585,
    "Real-time strategy": 0.0027444619037025357,
    "Guitar Hero: Metallica": 0.0027444619037025357,
    "Rock Band 2": 0.0027444619037025357,
    "Video game": 0.008493694484030496,
    "Entertainment Software Rating Board": 0.012058134184963076,
    "Ace Combat 6: Fires of Liberation": 0.0027444619037025357,
    "Featured quotes": 0.0027444619037025357,
    "DLC": 0.0027444619037025357,
    "Downloadable content": 0.005214624756239525,
    "Role-playing game": 0.0027444619037025357,
    "PlayStation 3": 0.0043510695776502566,
    "PlayStation 2": 0.010645367134929857,
    "PlayStation Portable": 0.004197199706895698,
    "Nintendo DS": 0.003414956274407072,
    "Wii": 0.007389921933663499,
    "Microsoft Windows": 0.008130977090956514,
    "Windows XP": 0.010272500944934074,
    "Windows Mobile": 0.007252302716623907,
    "Cooperative gameplay": 0.006689678957653291,
    "PlayStation Network": 0.003414956274407072,
    "Shoot 'em up": 0.003193478147526791,
    "Yaris (video game)": 0.0041187134981518535,
    "Yaris": 0.006451555918138915,
    "1 vs. 100": 0.006586436339999821,
    "Star Wars: The Force Unleashed (video game)": 0.0027444619037025357,
    "2006 FIFA World Cup (video game)": 0.002920902107455178,
    "Dreamcast": 0.0068303609104146635,
    "Nintendo 64": 0.0047515229947386745,
    "Game Boy": 0.0050942934684711704,
    "Assault Heroes 2": 0.002993259003990238,
    "Beat'n Groovy": 0.002993259003990238,
    "C.O.G.": 0.014885775929941347,
    "The Locust Horde": 0.014885775929941347,
    "United Nations Space Command": 0.005848532888790064,
    "Marine (military)": 0.003345565867490179,
    "APB (video game)": 0.0027444619037025357,
    "Multiplayer video game": 0.015664396530565936,
    "Game Rankings": 0.0039287987632280795,
    "2007": 0.0049110600266780696,
    "Multiplayer game": 0.004040391125539474,
    "Game artificial intelligence": 0.005815728720027169,
    "Artificial intelligence": 0.0027444619037025357,
    "Metagaming": 0.003345565867490179,
    "Gamerpoint": 0.0027444619037025357,
    "PEGI": 0.014199243410687207,
    "2006": 0.023622140950765536,
    "Non-player character": 0.007662516313577874,
    "2004": 0.010313554117338312,
    "Arbiter (Halo)": 0.0048542513633955875,
    "Covenant (Halo)": 0.005848532888790064,
    "Elite (Halo)": 0.004339847392884656,
    "Project Natal": 0.00448929713129691,
    "Resident Evil 5": 0.0058485871657329045,
    "Xbox Live 360": 0.0027444619037025357,
    "Xbox Live": 0.020940879598720073,
    "Xbox": 0.021574972022625438,
    "Lego Star Wars: The Complete Saga": 0.005496252825057517,
    "Star Wars: Battlefront II": 0.002920902107455178,
    "Lego Star Wars: The Video Game": 0.002920902107455178,
    "Lego Star Wars II: The Original Trilogy": 0.002920902107455178
  },
  "hitsHubs": {
    "Xbox Wiki": 0.030030553775436838,
    "List of Xbox 360 Games": 0.0,
    "Microsoft": 0.028872976637600065,
    "Xbox (Company)": 0.03224587134250838,
    "Xbox 360": 0.03117218920338243,
    "Armageddon Soldiers": 0.013629931825503976,
    "Halo: Combat Evolved": 0.05231258219500044,
    "Halo 2": 2.2554130168133623e-45,
    "Gears of War": 2.4052135428445306e-05,
    "Guitar Hero II": 0.017889800085708937,
    "Gears of War Weapons": 0.0005001913339154482,
    "Locust Horde": 0.0005060394623356409,
    "Delta Team": 0.0005117482014538613,
    "Coalition of Ordered Governments": 0.0005117482014538613,
    "Marcus Fenix": 0.0005060394623356409,
    "Crackdown": 0.0,
    "Star Wars: Knights of the Old Republic": 0.0,
    "Star Wars: Battlefront": 0.0,
    "Star Wars: Knights of the Old Republic II: The Sith Lords": 0.0,
    "Halo 3": 0.0471706555287394,
    "Nintendo GameCube": 0.0,
    "Star Wars: The Force Unleashed": 0.015562799090063995,
    "Main Page": 2.2554130168133623e-45,
    "List of Xbox games compatible with Xbox 360": 0.0338791676932243,
    "List of Xbox Originals": 0.01920450782090873,
    "Halo": 0.002420760112973683,
    "List of Xbox Games": 0.0,
    "Xbox LIVE": 0.038546320520058616,
    "Multiplayer features in XBox 360 games": 0.0,
    "Xbox Live Arcade": 0.03829476662286915,
    "Xbox LIVE Arcade": 0.002892427599329212,
    "List of Xbox Live Arcade games": 0.029942941645518768,
    "2005": 0.0,
    "E3": 0.0018834169979639304,
    "Electronic Entertainment Expo": 0.002414515125254379,
    "LEGO Indiana Jones: The Original Adventures": 2.2554130168133623e-45,
    "Kung Fu Panda": 0.017278546878129897,
    "SEGA Superstars Tennis": 0.015819059130809464,
    "Destroy All Humans! Path of the Furon": 0.017482021103912386,
    "Prince of Persia": 0.012688955987260244,
    "Quotes": 0.0,
    "Star Wars: Knights of the Old Republic II The Sith Lords": 0.01538373364615326,
    "Deus Ex: Invisible War": 0.009363808643000387,