{
  "numNodes": 132,
  "numEdges": 433,
  "selfLinks": 3,
  "numStrongComponents": 89,
  "numWeakComponents": 2,
  "sizeLargestStrong": 35,
  "sizeLargestWeak": 130,
  "radius": 4,
  "diameter": 7,
  "averageInDegree": 3.2803030303030303,
  "averageOutDegree": 3.2803030303030303,
  "maxOutDegree": 22,
  "maxInDegree": 44,
  "pageRank": {
    "Xbox Wiki": 0.004493447242645967,
    "List of Xbox 360 Games": 0.0026537889551223252,
    "Microsoft": 0.03918234002583394,
    "Xbox (Company)": 0.022161178222454787,
    "Xbox 360": 0.03803103033265254,
    "Armageddon Soldiers": 0.002364906416491617,
    "Halo: Combat Evolved": 0.019564728038777283,
    "Halo 2": 0.011296185327728029,
    "Gears of War": 0.07187767479615492,
    "Guitar Hero II": 0.002364906416491617,
    "Gears of War Weapons": 0.02437704854656808,
    "Locust Horde": 0.024969861411963244,
    "Delta Team": 0.027493015681490967,
    "Coalition of Ordered Governments": 0.014191194149483537,
    "Marcus Fenix": 0.03189652427345868,
    "Crackdown": 0.002697362155635101,
    "Knights of the Old Republic": 0.002364906416491617,
    "Knights of the Old Republic II: The Sith Lords": 0.002364906416491617,
    "Star Wars: Knights of the Old Republic": 0.00808894481095094,
    "Star Wars: Battlefront": 0.0025169450469312137,
    "Star Wars: Knights of the Old Republic II: The Sith Lords": 0.006774026699239913,
    "Halo 3": 0.013691920306588818,
    "Nintendo GameCube": 0.006909000668921207,
    "Star Wars: The Force Unleashed": 0.004493447242645967,
    "Main Page": 0.002364906416491617,
    "Project Gotham Racing 3": 0.002364906416491617,
    "List of Xbox games compatible with Xbox 360": 0.002364906416491617,
    "List of Xbox Originals": 0.003702871256037837,
    "Halo": 0.012532357646652661,
    "List of Xbox Games": 0.0026537889551223252,
    "Xbox LIVE": 0.020810981394342645,
    "Multiplayer features in XBox 360 games": 0.0026537889551223252,
    "Xbox Live Arcade": 0.014601228847757528,
    "Xbox LIVE Arcade": 0.002364906416491617,
    "List of Xbox Live Arcade games": 0.003375836295593756,
    "2005": 0.01072606547552443,
    "E3": 0.012746526165276367,
    "Electronic Entertainment Expo": 0.004136551005421089,
    "LEGO Indiana Jones: The Original Adventures": 0.002364906416491617,
    "Kung Fu Panda": 0.0028840705644879606,
    "SEGA Superstars Tennis": 0.002364906416491617,
    "Destroy All Humans! Path of the Furon": 0.002364906416491617,
    "Prince of Persia": 0.003247729198069355,
    "Quotes": 0.0026537889551223252,
    "Star Wars: Knights of the Old Republic II The Sith Lords": 0.002364906416491617,
    "Deus Ex: Invisible War": 0.003815553961675413,
    "Dues Ex: Invisible War quotes": 0.003223460435401338,
    "METEOS WARS": 0.004710479746659397,
    "PowerUp Forever": 0.0025819389205050465,
    "Rise of the Argonauts": 0.002364906416491617,
    "Cortana": 0.006440918978473288,
    "Master Chief": 0.010222426619839416,
    "Master Chief (Halo)": 0.005267250231152352,
    "Halo quotes": 0.0039034069169577865,
    "Doritos Dash of Destruction": 0.003375836295593756,
    "Video game console": 0.002364906416491617,
    "Avatar": 0.002364906416491617,
    "Single-player": 0.010629478050345469,
    "The Elder Scrolls IV: Oblivion": 0.004809952608746621,
    "2008": 0.015303419285473,
    "Metoes Wars": 0.002364906416491617,
    "Beyond Good & Evil (video game)": 0.003095690567629759,
    "Halo 3: ODST": 0.006969432614710246,
    "Halo 3: Recon": 0.002364906416491617,
    "Halo Wars": 0.007596897488986421,
    "Real-time strategy": 0.002364906416491617,
    "Ensemble Studios": 0.004808517578794535,
    "Guitar Hero: Metallica": 0.003131499676310624,
    "Velvet Assassin": 0.002364906416491617,
    "Lips": 0.0026537889551223252,
    "Rock Band 2": 0.003131499676310624,
    "Video game": 0.008664696676060494,
    "Entertainment Software Rating Board": 0.012498143751812992,
    "Absolute: Blazing Infinity": 0.002364906416491617,
    "Ace Combat 6: Fires of Liberation": 0.002364906416491617,
    "Afro Samurai": 0.005798106122627265,
    "Featured quotes": 0.002364906416491617,
    "DLC": 0.002364906416491617,
    "Downloadable content": 0.004493447242645967,
    "Role-playing game": 0.002364906416491617,
    "PlayStation 3": 0.005245270623827466,
    "PlayStation 2": 0.011039775882286672,
    "PlayStation Portable": 0.003932461183617074,
    "Nintendo DS": 0.0029426714937530337,
    "Wii": 0.006878917999949101,
    "Microsoft Windows": 0.008738194645101872,
    "Windows XP": 0.010010773858848724,
    "Windows Mobile": 0.006909000668921207,
    "Halo: ODST": 0.004493447242645967,
    "Cooperative gameplay": 0.007351839690063968,
    "PlayStation Network": 0.0029426714937530337,
    "Shoot 'em up": 0.0027522205621165474,
    "Yaris (video game)": 0.003592868799607185,
    "Yaris": 0.005598705520274859,
    "1 vs. 100": 0.006147917448292841,
    "Afro Samurai (video game)": 0.002364906416491617,
    "Star Wars: The Force Unleashed (video game)": 0.002364906416491617,
    "2006 FIFA World Cup (video game)": 0.0025169450469312137,
    "Dreamcast": 0.006486362755826429,
    "Nintendo 64": 0.004570632839018793,
    "Game Boy": 0.004381158780851499,
    "Assault Heroes 2": 0.0025819389205050465,
    "Beat'n Groovy": 0.0025819389205050465,
    "C.O.G.": 0.013143573678971322,
    "The Locust Horde": 0.013143573678971322,
    "United Nations Space Command": 0.006103699218633331,
    "Marine (military)": 0.0029250770738803306,
    "APB (video game)": 0.0025856128936971572,
    "Multiplayer video game": 0.01568080527895949,
    "Game Rankings": 0.0048765567561307975,
    "2007": 0.004968947993662798,
    "Multiplayer game": 0.0035103844664909015,
    "Game artificial intelligence": 0.00505361790003468,
    "Artificial intelligence": 0.002364906416491617,
    "Metagaming": 0.0029250770738803306,
    "Gamerpoint": 0.002364906416491617,
    "PEGI": 0.014485048433487791,
    "2006": 0.023586249275129555,
    "Non-player character": 0.006606858011715397,
    "2004": 0.010306213587990807,
    "Arbiter (Halo)": 0.004768613039901188,
    "Covenant (Halo)": 0.005746942882978644,
    "Elite (Halo)": 0.004330765714900823,
    "Project Natal": 0.003881092038637398,
    "Resident Evil 5": 0.005387717686008037,
    "Xbox Live 360": 0.002364906416491617,
    "Xbox Live": 0.02017305030736854,
    "Xbox": 0.02199397602677001,
    "Lego Star Wars: The Complete Saga": 0.004493447242645967,
    "Star Wars: Battlefront II": 0.0028001181387243964,
    "Lego Star Wars: The Video Game": 0.0025169450469312137,
    "Lego Star Wars II: The Original Trilogy": 0.0025169450469312137
  },
  "hitsHubs": {
    "Xbox Wiki": 0.023464226413951277,
    "List of Xbox 360 Games": 0.0,
    "Microsoft": 0.02183793206726492,
    "Xbox (Company)": 0.025738886222128447,
    "Xbox 360": 0.025606723426933573,
    "Armageddon Soldiers": 0.011569527167162941,
    "Halo: Combat Evolved": 0.0442197741579064,
    "Halo 2": 1.7861382653480843e-45,
    "Gears of War": 2.37954140621472e-05,
    "Guitar Hero II": 0.014742208133991358,
    "Gears of War Weapons": 0.0006256163532849794,
    "Locust Horde": 0.000631433763836399,
    "Delta Team": 0.0006371412555219672,
    "Coalition of Ordered Governments": 0.0006371412555219672,
    "Marcus Fenix": 0.000631433763836399,
    "Crackdown": 0.031883101671453175,
    "Knights of the Old Republic": 0.0006926896515739785,
    "Knights of the Old Republic II: The Sith Lords": 0.00024806336078749317,
    "Star Wars: Knights of the Old Republic": 0.0,
    "Star Wars: Battlefront": 0.013156856252857327,
    "Star Wars: Knights of the Old Republic II: The Sith Lords": 0.012037555244294545,
    "Halo 3": 0.041505881903607905,
    "Nintendo GameCube": 0.0,
    "Star Wars: The Force Unleashed": 0.012106342130699993,
    "Main Page": 1.7861382653480843e-45,
    "Project Gotham Racing 3": 0.018041331617158658,
    "List of Xbox games compatible with Xbox 360": 0.027443856284670887,