{
  "numNodes": 117,
  "numEdges": 351,
  "selfLinks": 2,
  "numStrongComponents": 79,
  "numWeakComponents": 1,
  "sizeLargestStrong": 31,
  "sizeLargestWeak": 117,
  "radius": 4,
  "diameter": 7,
  "averageInDegree": 3,
  "averageOutDegree": 3,
  "maxOutDegree": 20,
  "maxInDegree": 34,
  "pageRank": {
    "Xbox Wiki": 0.005251820098783694,
    "List of Xbox 360 Games": 0.0030791674329923853,
    "Microsoft": 0.03864378016912096,
    "Xbox (Company)": 0.02250703973939185,
    "Xbox 360": 0.03489508846838635,
    "Armageddon Soldiers": 0.0027640383123599217,
    "Halo: Combat Evolved": 0.020075417842042705,
    "Halo 2": 0.010989141537462211,
    "Gears of War": 0.08216783694027772,
    "Gears of War Weapons": 0.027981034192150252,
    "Locust Horde": 0.028661223938258776,
    "Delta Team": 0.03157094272050745,
    "Coalition of Ordered Governments": 0.01633892748642686,
    "Marcus Fenix": 0.036641019528666746,
    "Crackdown": 0.0031194357104204606,
    "Star Wars: Knights of the Old Republic": 0.00599823365638086,
    "Star Wars: Battlefront": 0.002941737011390191,
    "Star Wars: Knights of the Old Republic II: The Sith Lords": 0.002941737011390191,
    "Halo 3": 0.013529581545288626,
    "Nintendo GameCube": 0.007350560459224147,
    "Star Wars: The Force Unleashed": 0.005251820098783694,
    "Main Page": 0.0027640383123599217,
    "List of Xbox games compatible with Xbox 360": 0.0027640383123599217,
    "List of Xbox Originals": 0.004439869999746496,
    "Halo": 0.012655124142922036,
    "List of Xbox Games": 0.0030791674329923853,
    "Xbox LIVE": 0.02215630401587593,
    "Multiplayer features in XBox 360 games": 0.0030791674329923853,
    "Xbox Live Arcade": 0.01655153645344001,
    "Xbox LIVE Arcade": 0.0030791674329923853,
    "List of Xbox Live Arcade games": 0.003910000526246477,
    "2005": 0.010492481860768106,
    "E3": 0.012578886484070517,
    "Electronic Entertainment Expo": 0.00337292018013946,
    "LEGO Indiana Jones: The Original Adventures": 0.0030791674329923853,
    "Kung Fu Panda": 0.0037551337457681503,
    "SEGA Superstars Tennis": 0.0030791674329923853,
    "Destroy All Humans! Path of the Furon": 0.0027640383123599217,
    "Prince of Persia": 0.0037958583394554993,
    "Quotes": 0.0030791674329923853,
    "Star Wars: Knights of the Old Republic II The Sith Lords": 0.0027640383123599217,
    "Deus Ex: Invisible War": 0.004459517248473828,
    "Dues Ex: Invisible War quotes": 0.003767493930476212,
    "METEOS WARS": 0.005251820098783694,
    "PowerUp Forever": 0.0030154123701307783,
    "Rise of the Argonauts": 0.0027640383123599217,
    "Cortana": 0.0071836931325553605,
    "Master Chief": 0.010689138432520638,
    "Master Chief (Halo)": 0.005023368518978164,
    "Halo quotes": 0.004376785973540377,
    "Doritos Dash of Destruction": 0.004161374584017334,
    "Video game console": 0.0027640383123599217,
    "Avatar": 0.0027640383123599217,
    "Single-player": 0.008466556544271522,
    "2008": 0.01662451447815637,
    "Metoes Wars": 0.0027640383123599217,
    "Beyond Good & Evil (video game)": 0.0036181596404252295,
    "Real-time strategy": 0.0027640383123599217,
    "Guitar Hero: Metallica": 0.0027640383123599217,
    "Rock Band 2": 0.0027640383123599217,
    "Video game": 0.008332584672634192,
    "Entertainment Software Rating Board": 0.01165360440952562,
    "Ace Combat 6: Fires of Liberation": 0.0027640383123599217,
    "Featured quotes": 0.0027640383123599217,
    "DLC": 0.0027640383123599217,
    "Downloadable content": 0.005251820098783694,
    "Role-playing game": 0.0027640383123599217,
    "PlayStation 3": 0.004382105319284527,
    "PlayStation 2": 0.010270390339760462,
    "PlayStation Portable": 0.004227137801010645,
    "Nintendo DS": 0.003439314999429486,
    "Wii": 0.007609021741893881,
    "Microsoft Windows": 0.008235502143470344,
    "Windows XP": 0.010569267422277585,
    "Windows Mobile": 0.007350560459224148,
    "Cooperative gameplay": 0.006643174046191086,
    "PlayStation Network": 0.003439314999429486,
    "Shoot 'em up": 0.0032163776107769484,
    "Yaris (video game)": 0.004161374584017334,
    "Yaris": 0.006509529125230304,
    "1 vs. 100": 0.0068058379747842285,
    "Star Wars: The Force Unleashed (video game)": 0.0027640383123599217,
    "2006 FIFA World Cup (video game)": 0.002941737011390191,
    "Dreamcast": 0.0068568802843840026,
    "Nintendo 64": 0.004757145967698721,
    "Game Boy": 0.00503042638501063,
    "Assault Heroes 2": 0.0030154123701307783,
    "Beat'n Groovy": 0.0030154123701307783,
    "C.O.G.": 0.015086334764191838,
    "The Locust Horde": 0.015086334764191838,
    "United Nations Space Command": 0.005898005093202921,
    "Marine (military)": 0.00337292018013946,
    "APB (video game)": 0.0027640383123599217,
    "Multiplayer video game": 0.015108155416196685,
    "Game Rankings": 0.003960313101933961,
    "2007": 0.004960609566285045,
    "Multiplayer game": 0.0035717750088374873,
    "Game artificial intelligence": 0.0058607019665632325,
    "Artificial intelligence": 0.0027640383123599217,
    "Metagaming": 0.00337292018013946,
    "Gamerpoint": 0.0027640383123599217,
    "PEGI": 0.013859809245627644,
    "2006": 0.024033595996846506,
    "Non-player character": 0.00761801451490772,
    "2004": 0.01045674061953238,
    "Arbiter (Halo)": 0.004894139299802003,
    "Covenant (Halo)": 0.005898005093202921,
    "Elite (Halo)": 0.004376785973540377,
    "Project Natal": 0.00452236584678242,
    "Resident Evil 5": 0.006056657032238075,
    "Xbox Live 360": 0.0027640383123599217,
    "Xbox Live": 0.021195126277478736,
    "Xbox": 0.021934784664397983,
    "Lego Star Wars: The Complete Saga": 0.005535456777700817,
    "Star Wars: Battlefront II": 0.002941737011390191,
    "Lego Star Wars: The Video Game": 0.002941737011390191,
    "Lego Star Wars II: The Original Trilogy": 0.002941737011390191
  },
  "hitsHubs": {
    "Xbox Wiki": 0.03090834402898688,
    "List of Xbox 360 Games": 0.0,
    "Microsoft": 0.02937016118530866,
    "Xbox (Company)": 0.03316691783187315,
    "Xbox 360": 0.03185593553734906,
    "Armageddon Soldiers": 0.013854439799892655,
    "Halo: Combat Evolved": 0.05352851227596475,
    "Halo 2": 3.033584134203306e-45,
    "Gears of War": 2.5201063350740145e-05,
    "Gears of War Weapons": 0.0005171660686462582,
    "Locust Horde": 0.0005232914444191652,
    "Delta Team": 0.0005292688915288198,
    "Coalition of Ordered Governments": 0.0005292688915288198,
    "Marcus Fenix": 0.0005232914444191652,
    "Crackdown": 0.0,
    "Star Wars: Knights of the Old Republic": 0.0,
    "Star Wars: Battlefront": 0.0,
    "Star Wars: Knights of the Old Republic II: The Sith Lords": 0.0,
    "Halo 3": 0.04874464880246939,
    "Nintendo GameCube": 0.0,
    "Star Wars: The Force Unleashed": 0.015582530273134337,
    "Main Page": 3.033584134203306e-45,
    "List of Xbox games compatible with Xbox 360": 0.03488431428847595,
    "List of Xbox Originals": 0.01935610674681192,
    "Halo": 0.002523692970487478,
    "List of Xbox Games": 0.0,
    "Xbox LIVE": 0.03942685316720176,
    "Multiplayer features in XBox 360 games": 0.0,
    "Xbox Live Arcade": 0.03936873632388048,
    "Xbox LIVE Arcade": 0.0029682211382311336,
    "List of Xbox Live Arcade games": 0.030687695336174894,
    "2005": 0.0,
    "E3": 0.001957720836073108,
    "Electronic Entertainment Expo": 0.002493057951832195,
    "LEGO Indiana Jones: The Original Adventures": 3.033584134203306e-45,
    "Kung Fu Panda": 0.017336027030522783,
    "SEGA Superstars Tennis": 0.015833885284260746,
    "Destroy All Humans! Path of the Furon": 0.017590061451539865,
    "Prince of Persia": 0.012632324660247716,
    "Quotes": 0.0,
    "Star Wars: Knights of the Old Republic II The Sith Lords": 0.015443430194031816,
    "Deus Ex: Invisible War": 0.009460266270491183,
    "Dues Ex: Invisible War quotes": 0.005224541662578448,
    "METEOS WARS": 0.021100641858874933,
    "PowerUp Forever": 0.01880210642249188,