{
  "numNodes": 142,
  "numEdges": 765,
  "selfLinks": 0,
  "numStrongComponents": 80,
  "numWeakComponents": 5,
  "sizeLargestStrong": 62,
  "sizeLargestWeak": 134,
  "radius": 5,
  "diameter": 9,
  "averageInDegree": 5.387323943661972,
  "averageOutDegree": 5.387323943661972,
  "maxOutDegree": 23,
  "maxInDegree": 76,
  "pageRank": {
    "Main Characters": 0.002458482899235579,
    "Michael Scott": 0.027021061043241597,
    "Dwight Schrute": 0.031053275908318387,
    "Jim Halpert": 0.01677076650187355,
    "Pam Halpert": 0.01257551554900874,
    "Ryan Howard": 0.01123937463052778,
    "Angela Martin": 0.014355384235391457,
    "Creed Bratton": 0.011714066547499218,
    "Kelly Kapoor": 0.005777318022043042,
    "Kevin Malone": 0.013510968911936976,
    "Meredith Palmer": 0.013091778056183041,
    "Oscar Martinez": 0.013510968911936976,
    "Phyllis Vance": 0.013659936277524452,
    "Stanley Hudson": 0.012491079396261281,
    "Toby Flenderson": 0.010341018873451423,
    "Jan Levenson": 0.008150647694796584,
    "Todd Packer": 0.00880845086571332,
    "Roy Anderson": 0.02312640759799438,
    "Darryl Philbin": 0.006757906625373697,
    "Season 1": 0.004867176367377272,
    "Season 2": 0.010455892528836764,
    "Mr. Brown": 0.002722690633618345,
    "Katy": 0.0029549377467564166,
    "Bob Vance": 0.0028718511453864302,
    "Billy Merchant": 0.0028572781060235285,
    "Brenda Matlowe": 0.004971552072973107,
    "Lonnie Collins": 0.004671039647773888,
    "Madge Madsen": 0.010020001301175151,
    "Jerry DiCanio": 0.005003867328176309,
    "Devon White": 0.008445944269800654,
    "Pilot": 0.004792887991058375,
    "Dan Gore": 0.002789095424296501,
    "Craig": 0.00353445398690291,
    "Josh Porter": 0.002789095424296501,
    "David Wallace": 0.0049686141010718745,
    "Sadiq": 0.002815551968653704,
    "Diversity Day": 0.0046967015835791505,
    "Health Care": 0.0034715205540259424,
    "The Alliance": 0.0034715205540259424,
    "Basketball": 0.008627409189744441,
    "Hot Girl": 0.004136363800629679,
    "The Dundies": 0.005214537534650081,
    "Sexual Harassment": 0.010014086172993299,
    "Carol Stills": 0.003048087774134349,
    "Hank Tate": 0.0028600906758037142,
    "Office Olympics": 0.0035534944935049955,
    "The Fire": 0.004376932373715279,
    "Halloween": 0.004226910395355016,
    "The Fight": 0.004077174191147282,
    "The Client": 0.002867673803657062,
    "Performance Review": 0.002867673803657062,
    "Email Surveillance": 0.00634720226303783,
    "Christmas Party": 0.0047059655971772325,
    "Booze Cruise": 0.007011444987967817,
    "The Injury": 0.003724847795943284,
    "The Secret": 0.002867673803657062,
    "The Carpet": 0.005399463226814399,
    "Boys and Girls": 0.005771588249819187,
    "Valentine's Day": 0.007713682622249117,
    "Dwight's Speech": 0.002867673803657062,
    "Take Your Daughter to Work Day": 0.00610444746776042,
    "Michael's Birthday": 0.0035534944935049955,
    "Drug Testing": 0.003382495071900536,
    "Conflict Resolution": 0.002867673803657062,
    "Casino Night": 0.004927592842278955,
    "Ed Truck": 0.0026899006532313382,
    "Captain Jack": 0.0027589953244347987,
    "Sensei Ira": 0.0026878318731345,
    "Edward R. Meow": 0.00269737417538774,
    "Chet Montgomery": 0.00269737417538774,
    "Brenda": 0.002458482899235579,
    "Mr. O'Malley": 0.0050806977685756895,
    "O'Malley": 0.002458482899235579,
    "James P. Albini": 0.0028681410200373813,
    "The Office: The Accountants": 0.00546759609682421,
    "The Accountants: The Books Don't Balance": 0.002458482899235579,
    "The Accountants: Phyllis": 0.002458482899235579,
    "DVD": 0.002458482899235579,
    "Season 1 DVD": 0.003011622086370156,
    "The Accountants: Meredith": 0.003196001815415015,
    "The Accountants: Stanley": 0.002458482899235579,
    "The Accountants: Someone in the Warehouse": 0.002458482899235579,
    "Toby": 0.008757208201242966,
    "David": 0.002789095424296501,
    "Victor Neill Jr.": 0.00269737417538774,
    "Jim": 0.002458482899235579,
    "Dwight": 0.002458482899235579,
    "Michael": 0.0035647612735047332,
    "Stanley": 0.002458482899235579,
    "Angela": 0.002458482899235579,
    "Pam": 0.002458482899235579,
    "Meredith": 0.002458482899235579,
    "Ryan": 0.002458482899235579,
    "Kevin": 0.002458482899235579,
    "Kelly": 0.002458482899235579,
    "The Office (US)": 0.24846684961544058,
    "Micheal": 0.002458482899235579,
    "Creed": 0.002458482899235579,
    "Nick Figaro": 0.002458482899235579,
    "David Denman": 0.016495148097645587,
    "Devon Abner": 0.003945014575641992,
    "Karly Rothenberg": 0.005211075358842734,
    "David Koechner": 0.00474914956817363,
    "Madge": 0.00839827235002317,
    "Jerry": 0.00282820630571862,
    "Devon": 0.0066513688333401785,
    "E-mail Surveillance": 0.002458482899235579,
    "Oscar": 0.002458482899235579,
    "Darryl": 0.002458482899235579,
    "Roy": 0.002458482899235579,
    "Phyllis Lapin": 0.00998625358818487,
    "Jim's pranks": 0.002458482899235579,
    "Lester": 0.002458482899235579,
    "Jake Palmer": 0.00269737417538774,
    "Melissa Hudson": 0.00269737417538774,
    "Phyllis Lapin-Vance": 0.002458482899235579,
    "Lonnie": 0.002458482899235579,
    "Robert R. Shafer": 0.0033887755018741678,
    "Meredith (disambiguation)": 0.002458482899235579,
    "Toilet Buddy": 0.002458482899235579,
    "Mackenzie Crook": 0.010867279130977094,
    "Judgement": 0.004671039647773888,
    "Interview": 0.004671039647773888,
    "Judgement Quotes": 0.002458482899235579,
    "Interview Quotes": 0.002458482899235579,
    "St. Patrick's Day Quotes": 0.002458482899235579,
    "Jan Levinson": 0.006323950478259283,
    "Big Tuna": 0.002458482899235579,
    "Will Ferrell": 0.002458482899235579,
    "List of Jim's Pranks": 0.004671039647773888,
    "Pam Beesly": 0.01123937463052778,
    "Calvin": 0.004671039647773888,
    "The Cameraman": 0.002458482899235579,
    "Brian (Cameraman)": 0.004671039647773888,
    "Secretary's Day Quotes": 0.002458482899235579,
    "The Chump Quotes": 0.002458482899235579,
    "Samuel L. Chang": 0.002458482899235579,
    "The Office: The Girl Next Door": 0.002458482899235579,
    "The Girl Next Door": 0.0035647612735047332,
    "Banana Slings": 0.002458482899235579,
    "List of Books, Movies, and Television Shows": 0.002458482899235579,
    "List of Books, Movies, Music, and Television Shows": 0.004671039647773888
  },
  "hitsHubs": {
    "Main Characters": 0.026550411676167816,
    "Michael Scott": 0.0019572288741549074,
    "Dwight Schrute": 0.0019572288741549074,
    "Jim Halpert": 0.0019572288741549074,
    "Pam Halpert": 0.0019572288741549074,
    "Ryan Howard": 0.0019572288741549074,
    "Angela Martin": 0.0037494628855209247,
    "Creed Bratton": 0.0019572288741549074,
    "Kelly Kapoor": 0.0019572288741549074,
    "Kevin Malone": 0.0019572288741549074,
    "Meredith Palmer": 0.0019572288741549074,
    "Oscar Martinez": 0.0019572288741549074,
    "Phyllis Vance": 0.0019572288741549074,
    "Stanley Hudson": 0.0019572288741549074,
    "Toby Flenderson": 0.0019572288741549074,
    "Jan Levenson": 0.0019572288741549074,
    "Todd Packer": 0.0022835978139199376,
    "Roy Anderson": 0.0028409716005826447,
    "Darryl Philbin": 0.0019572288741549074,
    "Season 1": 0.002016589493901862,
    "Season 2": 0.0023352695635170183,
    "Mr. Brown": 0.001966851656057982,
    "Katy": 0.00201527472215187,
    "Bob Vance": 0.003895225817587725,
    "Billy Merchant": 0.00198904206487432,
    "Brenda Matlowe": 0.0019753889909172755,
    "Lonnie Collins": 0.001990800732900222,
    "Madge Madsen": 0.0023106302467378985,
    "Jerry DiCanio": 0.001976282171530975,
    "Devon White": 0.009434781544806068,
    "Pilot": 0.02441176270859367,
    "Dan Gore": 0.0019855820855376976,
    "Craig": 0.0019855820855376976,
    "Josh Porter": 0.0019855820855376976,
    "David Wallace": 0.00466875685076421,
    "Sadiq": 0.0019666604837926694,
    "Diversity Day": 0.025364225477374422,