{
  "numNodes": 137,
  "numEdges": 731,
  "selfLinks": 0,
  "numStrongComponents": 75,
  "numWeakComponents": 5,
  "sizeLargestStrong": 62,
  "sizeLargestWeak": 129,
  "radius": 5,
  "diameter": 9,
  "averageInDegree": 5.335766423357664,
  "averageOutDegree": 5.335766423357664,
  "maxOutDegree": 23,
  "maxInDegree": 75,
  "pageRank": {
    "Main Characters": 0.0025544184552809997,
    "Michael Scott": 0.026610593088786074,
    "Dwight Schrute": 0.029734311337097037,
    "Jim Halpert": 0.017374474968326257,
    "Pam Halpert": 0.01301923921641792,
    "Ryan Howard": 0.011627503766943052,
    "Angela Martin": 0.012547019159164365,
    "Creed Bratton": 0.011267223678604957,
    "Kelly Kapoor": 0.006002601176110923,
    "Kevin Malone": 0.012547019159164365,
    "Meredith Palmer": 0.013368098135641526,
    "Oscar Martinez": 0.012547019159164365,
    "Phyllis Vance": 0.014145686457181289,
    "Stanley Hudson": 0.012467780622806901,
    "Toby Flenderson": 0.010726089752935025,
    "Jan Levenson": 0.008355173355958576,
    "Todd Packer": 0.009140881119660932,
    "Roy Anderson": 0.0226778541448298,
    "Darryl Philbin": 0.006959787515346923,
    "Season 1": 0.003908510516618455,
    "Season 2": 0.009934064410189493,
    "Mr. Brown": 0.0027971613063706696,
    "Katy": 0.0030419294360726572,
    "Bob Vance": 0.0029805324876285384,
    "Billy Merchant": 0.0029651464064789908,
    "Brenda Matlowe": 0.0051635050090533515,
    "Lonnie Collins": 0.004853206935834282,
    "Madge Madsen": 0.010425147524607957,
    "Jerry DiCanio": 0.005177441046397089,
    "Devon White": 0.009710797967840527,
    "Pilot": 0.004428070913225985,
    "Dan Gore": 0.0028962209046424024,
    "Craig": 0.0036703298761490114,
    "Josh Porter": 0.0028962209046424024,
    "David Wallace": 0.0051608576797360205,
    "Sadiq": 0.0029232656880477425,
    "Diversity Day": 0.004315558770753553,
    "Health Care": 0.0030569200387621648,
    "The Alliance": 0.0030569200387621648,
    "Basketball": 0.00840685581624596,
    "Hot Girl": 0.0037413153908476314,
    "The Dundies": 0.006255770514414575,
    "Sexual Harassment": 0.010367583820154786,
    "Carol Stills": 0.0031612628721325313,
    "Hank Tate": 0.003051747541454275,
    "Office Olympics": 0.003654395955211405,
    "The Fire": 0.005375972442116465,
    "Halloween": 0.005607040919171339,
    "The Fight": 0.004198833165525297,
    "The Client": 0.0029431517597134577,
    "Performance Review": 0.0029431517597134577,
    "Email Surveillance": 0.006557336579639712,
    "Christmas Party": 0.004850765691632508,
    "Booze Cruise": 0.007240109005875196,
    "The Injury": 0.003832640953644852,
    "The Secret": 0.0029431517597134577,
    "The Carpet": 0.005571148370546902,
    "Boys and Girls": 0.005963264168176335,
    "Valentine's Day": 0.007975309616262256,
    "Dwight's Speech": 0.0029431517597134577,
    "Take Your Daughter to Work Day": 0.0063042591831688555,
    "Michael's Birthday": 0.003654395955211405,
    "Drug Testing": 0.0038586155888537988,
    "Conflict Resolution": 0.0029431517597134577,
    "Casino Night": 0.005080348206598029,
    "Ed Truck": 0.0027931826285615647,
    "Captain Jack": 0.0028647165285000695,
    "Sensei Ira": 0.00279059668873551,
    "Edward R. Meow": 0.0028011047947249443,
    "Chet Montgomery": 0.0028011047947249443,
    "Brenda": 0.0025544184552809997,
    "Mr. O'Malley": 0.005277328455658191,
    "O'Malley": 0.0025544184552809997,
    "James P. Albini": 0.002978539975104909,
    "The Office: The Accountants": 0.004623328087778954,
    "The Accountants: The Books Don't Balance": 0.0025544184552809997,
    "The Accountants: Phyllis": 0.0025544184552809997,
    "Toby": 0.009079638558947755,
    "David": 0.0028962209046424024,
    "Victor Neill Jr.": 0.0028011047947249443,
    "Jim": 0.0025544184552809997,
    "Dwight": 0.0025544184552809997,
    "Michael": 0.003703812695557641,
    "Stanley": 0.0025544184552809997,
    "Angela": 0.0025544184552809997,
    "Pam": 0.0025544184552809997,
    "Meredith": 0.0025544184552809997,
    "Ryan": 0.0025544184552809997,
    "Kevin": 0.0025544184552809997,
    "Kelly": 0.0025544184552809997,
    "The Office (US)": 0.24827000730797694,
    "Micheal": 0.0025544184552809997,
    "Creed": 0.0025544184552809997,
    "Nick Figaro": 0.0025544184552809997,
    "David Denman": 0.01609076760070769,
    "Devon Abner": 0.005105731605530587,
    "Karly Rothenberg": 0.00542657325852944,
    "David Koechner": 0.004927728214808518,
    "Madge": 0.008745468284074617,
    "Jerry": 0.0029146985436190945,
    "Devon": 0.007951127923653944,
    "E-mail Surveillance": 0.0025544184552809997,
    "Oscar": 0.0025544184552809997,
    "Darryl": 0.0025544184552809997,
    "Roy": 0.0025544184552809997,
    "Phyllis Lapin": 0.010324936039955657,
    "Jim's pranks": 0.0025544184552809997,
    "Lester": 0.0025544184552809997,
    "Jake Palmer": 0.0028011047947249443,
    "Melissa Hudson": 0.0028011047947249443,
    "Phyllis Lapin-Vance": 0.0025544184552809997,
    "Lonnie": 0.0025544184552809997,
    "Robert R. Shafer": 0.0035169955450837674,
    "Meredith (disambiguation)": 0.0025544184552809997,
    "Toilet Buddy": 0.0025544184552809997,
    "Mackenzie Crook": 0.011289932359756803,
    "Judgement": 0.004853206935834282,
    "Interview": 0.004853206935834282,
    "Judgement Quotes": 0.0025544184552809997,
    "Interview Quotes": 0.0025544184552809997,
    "St. Patrick's Day Quotes": 0.0025544184552809997,
    "Jan Levinson": 0.006445372754320719,
    "Big Tuna": 0.0025544184552809997,
    "Will Ferrell": 0.0025544184552809997,
    "List of Jim's Pranks": 0.004853206935834282,
    "Pam Beesly": 0.011627503766943053,
    "Calvin": 0.004853206935834282,
    "The Cameraman": 0.0025544184552809997,
    "Brian (Cameraman)": 0.004853206935834282,
    "Secretary's Day Quotes": 0.0025544184552809997,
    "The Chump Quotes": 0.0025544184552809997,
    "Samuel L. Chang": 0.0025544184552809997,
    "The Office: The Girl Next Door": 0.0025544184552809997,
    "The Girl Next Door": 0.003703812695557641,
    "Banana Slings": 0.0025544184552809997,
    "List of Books, Movies, and Television Shows": 0.0025544184552809997,
    "List of Books, Movies, Music, and Television Shows": 0.004853206935834282
  },
  "hitsHubs": {
    "Main Characters": 0.02760686439002967,
    "Michael Scott": 0.0020249978984627237,
    "Dwight Schrute": 0.0020249978984627237,
    "Jim Halpert": 0.0020249978984627237,
    "Pam Halpert": 0.0020249978984627237,
    "Ryan Howard": 0.0020249978984627237,
    "Angela Martin": 0.003876292968522072,
    "Creed Bratton": 0.0020249978984627237,
    "Kelly Kapoor": 0.0020249978984627237,
    "Kevin Malone": 0.0020249978984627237,
    "Meredith Palmer": 0.0020249978984627237,
    "Oscar Martinez": 0.0020249978984627237,
    "Phyllis Vance": 0.0020249978984627237,
    "Stanley Hudson": 0.0020249978984627237,
    "Toby Flenderson": 0.0020249978984627237,
    "Jan Levenson": 0.0020249978984627237,
    "Todd Packer": 0.002366946154855096,
    "Roy Anderson": 0.002937937807553968,
    "Darryl Philbin": 0.0020249978984627237,
    "Season 1": 0.0020813487456800214,
    "Season 2": 0.002351476563275064,
    "Mr. Brown": 0.0020341144397991407,
    "Katy": 0.0020678495986290574,
    "Bob Vance": 0.004064037572283344,
    "Billy Merchant": 0.0020581175781832963,
    "Brenda Matlowe": 0.0020438425622485816,
    "Lonnie Collins": 0.0020590045719482445,
    "Madge Madsen": 0.002378384275516001,
    "Jerry DiCanio": 0.002043965931249094,
    "Devon White": 0.0022689269741983775,
    "Pilot": 0.025328094604880978,
    "Dan Gore": 0.0020545885310348424,
    "Craig": 0.0020545885310348424,
    "Josh Porter": 0.0020545885310348424,
    "David Wallace": 0.004842801699140716,
    "Sadiq": 0.002034735772428402,
    "Diversity Day": 0.026348176091653266,
    "Health Care": 0.027069839483938436,
    "The Alliance": 0.028696739658397113,
    "Basketball": 0.02829973018811166,
    "Hot Girl": 0.029024011013817814,