{
  "numNodes": 114,
  "numEdges": 462,
  "selfLinks": 0,
  "numStrongComponents": 78,
  "numWeakComponents": 5,
  "sizeLargestStrong": 36,
  "sizeLargestWeak": 106,
  "radius": 5,
  "diameter": 9,
  "averageInDegree": 4.052631578947368,
  "averageOutDegree": 4.052631578947368,
  "maxOutDegree": 21,
  "maxInDegree": 56,
  "pageRank": {
    "Main Characters": 0.0031886763119951624,
    "Michael Scott": 0.0283801524392079,
    "Dwight Schrute": 0.032050420347345634,
    "Jim Halpert": 0.018551273091122675,
    "Pam Halpert": 0.013427273256463727,
    "Ryan Howard": 0.011376804405280194,
    "Angela Martin": 0.011376804405280194,
    "Creed Bratton": 0.010872796709953548,
    "Kelly Kapoor": 0.0074933575235006525,
    "Kevin Malone": 0.011376804405280194,
    "Meredith Palmer": 0.015356091208796984,
    "Oscar Martinez": 0.011376804405280194,
    "Phyllis Vance": 0.014418655573564048,
    "Stanley Hudson": 0.012811698142448692,
    "Toby Flenderson": 0.010551787450413883,
    "Jan Levenson": 0.008082301369268005,
    "Todd Packer": 0.010887353185642507,
    "Roy Anderson": 0.022634247348772382,
    "Darryl Philbin": 0.007526298404221191,
    "Season 1": 0.00494909120551739,
    "Season 2": 0.006595560591403235,
    "Mr. Brown": 0.003492222860524427,
    "Katy": 0.003742122156907248,
    "Bob Vance": 0.0034778310424872258,
    "Billy Merchant": 0.0031886763119951624,
    "Brenda Matlowe": 0.006357637236283453,
    "Lonnie Collins": 0.006058463786332156,
    "Madge Madsen": 0.012657412332321694,
    "Jerry DiCanio": 0.0065120361776449705,
    "Devon White": 0.012068459829570161,
    "Pilot": 0.005784732132297515,
    "Dan Gore": 0.0031886763119951624,
    "Craig": 0.004551777778465576,
    "Josh Porter": 0.0031886763119951624,
    "David Wallace": 0.006058463786332156,
    "Sadiq": 0.0036496593511483465,
    "Diversity Day": 0.005396471712768171,
    "Health Care": 0.0038249802553937816,
    "The Alliance": 0.0038249802553937816,
    "Basketball": 0.011760733210055253,
    "Hot Girl": 0.004666959678595617,
    "The Dundies": 0.008135507968806271,
    "Sexual Harassment": 0.009285356860997112,
    "Carol Stills": 0.0034840512507512966,
    "Hank Tate": 0.0031886763119951624,
    "Office Olympics": 0.005251130747017506,
    "The Fire": 0.006698302781355726,
    "Halloween": 0.00585632335815389,
    "The Fight": 0.003683318906970584,
    "The Client": 0.003683318906970584,
    "Performance Review": 0.003683318906970584,
    "Email Surveillance": 0.008195451479535638,
    "Christmas Party": 0.006425580202833877,
    "Booze Cruise": 0.007386114577112952,
    "Brenda": 0.0035210586923459532,
    "Toby": 0.0081816225229545,
    "David": 0.0031886763119951624,
    "Jim": 0.0031886763119951624,
    "Dwight": 0.0031886763119951624,
    "Michael": 0.00462357004916366,
    "Stanley": 0.0031886763119951624,
    "Angela": 0.0031886763119951624,
    "Pam": 0.0031886763119951624,
    "Meredith": 0.0031886763119951624,
    "Ryan": 0.0031886763119951624,
    "Kevin": 0.0031886763119951624,
    "Kelly": 0.0031886763119951624,
    "The Office (US)": 0.25964886864720965,
    "Micheal": 0.0031886763119951624,
    "Creed": 0.0031886763119951624,
    "Nick Figaro": 0.0031886763119951624,
    "David Denman": 0.015755843199200828,
    "Devon Abner": 0.00633747156997096,
    "Karly Rothenberg": 0.006738266062480744,
    "David Koechner": 0.0060064398084556945,
    "Madge": 0.010522589116623796,
    "Jerry": 0.003692684007321808,
    "Devon": 0.00986684083502554,
    "E-mail Surveillance": 0.0031886763119951624,
    "Oscar": 0.0031886763119951624,
    "Darryl": 0.0031886763119951624,
    "Roy": 0.0031886763119951624,
    "Phyllis Lapin": 0.009289526349902759,
    "Jim's pranks": 0.0031886763119951624,
    "Lester": 0.0031886763119951624,
    "Jake Palmer": 0.0031886763119951624,
    "Melissa Hudson": 0.0031886763119951624,
    "Phyllis Lapin-Vance": 0.0031886763119951624,
    "Lonnie": 0.0031886763119951624,
    "Robert R. Shafer": 0.004260340461446786,
    "Meredith (disambiguation)": 0.0031886763119951624,
    "Toilet Buddy": 0.0031886763119951624,
    "Mackenzie Crook": 0.014093488043758469,
    "Judgement": 0.006058463786332156,
    "Interview": 0.006058463786332156,
    "Judgement Quotes": 0.0031886763119951624,
    "Interview Quotes": 0.0031886763119951624,
    "St. Patrick's Day Quotes": 0.0031886763119951624,
    "Jan Levinson": 0.005437533359144373,
    "Big Tuna": 0.0031886763119951624,
    "Will Ferrell": 0.0031886763119951624,
    "List of Jim's Pranks": 0.006058463786332156,
    "Pam Beesly": 0.011376804405280192,
    "Calvin": 0.006058463786332156,
    "The Cameraman": 0.0031886763119951624,
    "Brian (Cameraman)": 0.006058463786332156,
    "Secretary's Day Quotes": 0.0031886763119951624,
    "The Chump Quotes": 0.0031886763119951624,
    "Samuel L. Chang": 0.0031886763119951624,
    "The Office: The Girl Next Door": 0.0031886763119951624,
    "The Girl Next Door": 0.00462357004916366,
    "Banana Slings": 0.0031886763119951624,
    "List of Books, Movies, and Television Shows": 0.0031886763119951624,
    "List of Books, Movies, Music, and Television Shows": 0.006058463786332156
  },
  "hitsHubs": {
    "Main Characters": 0.04264229013765706,
    "Michael Scott": 0.003232708440585082,
    "Dwight Schrute": 0.003232708440585082,
    "Jim Halpert": 0.003232708440585082,
    "Pam Halpert": 0.003232708440585082,
    "Ryan Howard": 0.003232708440585082,
    "Angela Martin": 0.006136899531780918,
    "Creed Bratton": 0.003232708440585082,
    "Kelly Kapoor": 0.003232708440585082,
    "Kevin Malone": 0.003232708440585082,
    "Meredith Palmer": 0.003232708440585082,
    "Oscar Martinez": 0.003232708440585082,
    "Phyllis Vance": 0.003232708440585082,
    "Stanley Hudson": 0.003232708440585082,
    "Toby Flenderson": 0.003232708440585082,
    "Jan Levenson": 0.003232708440585082,
    "Todd Packer": 0.003867734841769234,
    "Roy Anderson": 0.004539213227997429,
    "Darryl Philbin": 0.003232708440585082,
    "Season 1": 0.0033826876970595257,
    "Season 2": 0.003580422386719662,
    "Mr. Brown": 0.0032568675536352024,
    "Katy": 0.0033333510898989533,
    "Bob Vance": 0.006339681608463274,
    "Billy Merchant": 0.003232708440585082,
    "Brenda Matlowe": 0.003269762911493386,
    "Lonnie Collins": 0.0032830923886368888,
    "Madge Madsen": 0.0038979523717155343,
    "Jerry DiCanio": 0.0032830923886368888,
    "Devon White": 0.0038458799481997943,
    "Pilot": 0.0395709160804203,
    "Dan Gore": 0.003232708440585082,
    "Craig": 0.003232708440585082,
    "Josh Porter": 0.003232708440585082,
    "David Wallace": 0.006290823741320826,
    "Sadiq": 0.003257680869477807,
    "Diversity Day": 0.04131042179946454,
    "Health Care": 0.04241907297276427,
    "The Alliance": 0.04457506399741819,
    "Basketball": 0.04430304430673034,
    "Hot Girl": 0.04535705768691886,
    "The Dundies": 0.046592858258502005,
    "Sexual Harassment": 0.04522453929962624,
    "Carol Stills": 0.0032575896713509397,
    "Hank Tate": 0.003232708440585082,
    "Office Olympics": 0.042134246234830405,
    "The Fire": 0.04558627291850038,
    "Halloween": 0.042980323531567464,
    "The Fight": 0.04198093385487864,
    "The Client": 0.04323989978752145,
    "Performance Review": 0.04323989978752145,
    "Email Surveillance": 0.042134246234830405,
    "Christmas Party": 0.044112081689497366,
    "Booze Cruise": 0.04589492235751051,
    "Brenda": 6.850470491734578e-34,
    "Toby": 6.850470491734578e-34,
    "David": 6.850470491734578e-34,
    "Jim": 0.002903224942801685,
    "Dwight": 0.002904191091195836,
    "Michael": 0.0029710502238620173,
    "Stanley": 0.0028829014059445998,
    "Angela": 0.0028605674887437855,
    "Pam": 0.0028605674887437855,
    "Meredith": 0.0027479327173779928,
    "Ryan": 0.0028605674887437855,
    "Kevin": 0.0028605674887437855,
    "Kelly": 1.3455557130455223e-28,
    "The Office (US)": 0.0,
    "Micheal": 0.0029710502238620173,
    "Creed": 0.0026987748715233584,