{
  "numNodes": 25,
  "numEdges": 14,
  "selfLinks": 0,
  "numStrongComponents": 25,
  "numWeakComponents": 11,
  "sizeLargestStrong": 1,
  "sizeLargestWeak": 5,
  "radius": 0,
  "diameter": 0,
  "averageInDegree": 0.56,
  "averageOutDegree": 0.56,
  "maxOutDegree": 1,
  "maxInDegree": 2,
  "pageRank": {
    "Michael": 0.048444504379975176,
    "Pam": 0.02549726063750658,
    "The Office (US)": 0.048444504379975176,
    "Nick Figaro": 0.02549726063750658,
    "Devon Abner": 0.02549726063750658,
    "Karly Rothenberg": 0.02549726063750658,
    "Madge": 0.048444504379975176,
    "Devon": 0.048444504379975176,
    "Jim's pranks": 0.02549726063750658,
    "Lester": 0.02549726063750658,
    "Mackenzie Crook": 0.11269881979021945,
    "Judgement": 0.048444504379975176,
    "Interview": 0.048444504379975176,
    "Judgement Quotes": 0.02549726063750658,
    "Interview Quotes": 0.02549726063750658,
    "St. Patrick's Day Quotes": 0.02549726063750658,
    "List of Jim's Pranks": 0.048444504379975176,
    "Pam Beesly": 0.048444504379975176,
    "Calvin": 0.048444504379975176,
    "The Cameraman": 0.02549726063750658,
    "Brian (Cameraman)": 0.048444504379975176,
    "The Office: The Girl Next Door": 0.02549726063750658,
    "The Girl Next Door": 0.048444504379975176,
    "List of Books, Movies, and Television Shows": 0.02549726063750658,
    "List of Books, Movies, Music, and Television Shows": 0.048444504379975176
  },
  "hitsHubs": {
    "Michael": 0.0,
    "Pam": 2.3283064300334833e-10,
    "The Office (US)": 0.0,
    "Nick Figaro": 2.3283064300334833e-10,
    "Devon Abner": 2.3283064300334833e-10,
    "Karly Rothenberg": 2.3283064300334833e-10,
    "Madge": 0.0,
    "Devon": 0.0,
    "Jim's pranks": 2.3283064300334833e-10,
    "Lester": 2.3283064300334833e-10,
    "Mackenzie Crook": 0.0,
    "Judgement": 0.49999999860301614,
    "Interview": 0.49999999860301614,
    "Judgement Quotes": 2.3283064300334833e-10,
    "Interview Quotes": 2.3283064300334833e-10,
    "St. Patrick's Day Quotes": 2.3283064300334833e-10,
    "List of Jim's Pranks": 0.0,
    "Pam Beesly": 0.0,
    "Calvin": 0.0,
    "The Cameraman": 2.3283064300334833e-10,
    "Brian (Cameraman)": 0.0,
    "The Office: The Girl Next Door": 2.3283064300334833e-10,
    "The Girl Next Door": 0.0,
    "List of Books, Movies, and Television Shows": 2.3283064300334833e-10,
    "List of Books, Movies, Music, and Television Shows": 0.0
  },
  "hitsAuths": {
    "Michael": 4.6566128470565404e-10,
    "Pam": 0.0,
    "The Office (US)": 4.6566128470565404e-10,
    "Nick Figaro": 0.0,
    "Devon Abner": 0.0,
    "Karly Rothenberg": 0.0,
    "Madge": 4.6566128470565404e-10,
    "Devon": 4.6566128470565404e-10,
    "Jim's pranks": 0.0,
    "Lester": 0.0,
    "Mackenzie Crook": 0.9999999944120646,
    "Judgement": 4.6566128470565404e-10,
    "Interview": 4.6566128470565404e-10,
    "Judgement Quotes": 0.0,
    "Interview Quotes": 0.0,
    "St. Patrick's Day Quotes": 0.0,
    "List of Jim's Pranks": 4.6566128470565404e-10,
    "Pam Beesly": 4.6566128470565404e-10,
    "Calvin": 4.6566128470565404e-10,
    "The Cameraman": 0.0,
    "Brian (Cameraman)": 4.6566128470565404e-10,
    "The Office: The Girl Next Door": 0.0,
    "The Girl Next Door": 4.6566128470565404e-10,
    "List of Books, Movies, and Television Shows": 0.0,
    "List of Books, Movies, Music, and Television Shows": 4.6566128470565404e-10
  },
  "averagePathLength": 0
}