{
  "numNodes": 81,
  "numEdges": 149,
  "selfLinks": 0,
  "numStrongComponents": 69,
  "numWeakComponents": 3,
  "sizeLargestStrong": 12,
  "sizeLargestWeak": 77,
  "radius": 3,
  "diameter": 6,
  "averageInDegree": 1.8395061728395061,
  "averageOutDegree": 1.8395061728395061,
  "maxOutDegree": 10,
  "maxInDegree": 13,
  "pageRank": {
    "Main Page": 0.013889938361428999,
    "Arrested Development": 0.04554411830341586,
    "Michael Bluth": 0.08575780474523438,
    "George Michael Bluth": 0.03602220905281925,
    "Michael": 0.04164140166620687,
    "George Bluth": 0.05845630512982596,
    "List of episodes": 0.006746868077581071,
    "Season One": 0.012581735524728438,
    "George Michael": 0.025939104364832034,
    "George": 0.004960867897666657,
    "George Sr.": 0.025077355051319587,
    "Season Two": 0.037407281268148795,
    "Season Three": 0.012480292890145586,
    "Development Arrested": 0.04062284173340126,
    "My Mother, The Car": 0.01064095040455422,
    "Lindsay": 0.018709489646108135,
    "Tobias": 0.015625965011233638,
    "The apartment": 0.013732221894312155,
    "Lucille": 0.023855116065760774,
    "Larry Mittleman": 0.013732221894312155,
    "Lucille 2": 0.0062190972042574415,
    "Annyong": 0.012679086103883921,
    "Ann": 0.01731048747510715,
    "Banana Stand": 0.009592269268889887,
    "Best Man for the GOB": 0.01064095040455422,
    "Oscar": 0.006449046308293713,
    "Kitty": 0.0058537749440428916,
    "The Model Home": 0.012679086103883921,
    "Model House": 0.009592269268889887,
    "George Bluth Sr.": 0.0319924618797753,
    "Home": 0.004960867897666657,
    "George, Sr.": 0.004960867897666657,
    "Barry": 0.006449046308293713,
    "Bluth Family": 0.02608184147175265,
    "John Fortenberry": 0.004960867897666657,
    "Lemon grove": 0.004960867897666657,
    "Jeff Garlin": 0.014569621967838023,
    "Cookies scented spray": 0.004960867897666657,
    "Gcheung28/Arrested Development's Return Date": 0.004960867897666657,
    "Mort": 0.008616908325329794,
    "Hurwitz": 0.004960867897666657,
    "Tobias Funke": 0.006746868077581071,
    "Los Mas Buscados de Mexico": 0.004960867897666657,
    "Afternoon Deelite": 0.004960867897666657,
    "Reno": 0.004960867897666657,
    "Arrested Development Wiki": 0.004960867897666657,
    "Nichael Bluth": 0.004960867897666657,
    "Nichael": 0.004960867897666657,
    "Arrested Development Netflix Premiere": 0.004960867897666657,
    "2013 Netflix Orange Carpet Season Four Premiere": 0.009425403129547828,
    "James": 0.009425403129547828,
    "Transcript of Good Grief": 0.004960867897666657,
    "Transcript of Afternoon Delight": 0.004960867897666657,
    "3x13": 0.004960867897666657,
    "Peanut brittle": 0.004960867897666657,
    "The Plumb Clinic": 0.009019778850755738,
    "Dr. Sandor Plumb": 0.009019778850755738,
    "Black Friday": 0.004960867897666657,
    "Chareth Richter": 0.004960867897666657,
    "Freddie Wilson": 0.004960867897666657,
    "Austero Bluth Company": 0.004960867897666657,
    "Pete the mailman": 0.004960867897666657,
    "Mural": 0.004960867897666657,
    "Herb Zuckerkorn": 0.004960867897666657,
    "Mitchell Hurwitz": 0.02858488052370976,
    "UnLead News": 0.004960867897666657,
    "John Beard's To Entrap a Local Predator: Orange County Edition: Super Creep": 0.0071931355136072425,
    "Max Winkler": 0.004960867897666657,
    "Fox.com/arresteddev": 0.004960867897666657,
    "The Cockroach": 0.004960867897666657,
    "Arrested Development bobbleheads": 0.004960867897666657,
    "Seth Rogen": 0.004960867897666657,
    "Transcript of Queen for a Day": 0.004960867897666657,
    "Transcript of Burning Love": 0.004960867897666657,
    "Transcript of Ready, Aim, Marry Me": 0.004960867897666657,
    "Transcript of Hand to God": 0.004960867897666657,
    "Transcript of Motherboy XXX": 0.004960867897666657,
    "Transcript of Righteous Brothers": 0.004960867897666657,
    "Transcript of Spring Breakout": 0.004960867897666657,
    "Transcript of Meat the Veals": 0.004960867897666657,
    "Transcript of The Cabin Show": 0.004960867897666657
  },
  "hitsHubs": {
    "Main Page": 0.05681461865809341,
    "Arrested Development": 0.0,
    "Michael Bluth": 0.06193624439989274,
    "George Michael Bluth": 0.03986102975955515,
    "Michael": 0.008888094071024038,
    "George Bluth": 0.029441982387848693,
    "List of episodes": 0.013938956196196051,
    "Season One": 0.071711506661188,
    "George Michael": 0.0017554100423935724,
    "George": 1.2903510664776495e-33,
    "George Sr.": 1.2903510664776495e-33,
    "Season Two": 0.05487553162722552,
    "Season Three": 0.06384384297382442,
    "Development Arrested": 0.06912232538712046,
    "My Mother, The Car": 0.0,
    "Lindsay": 0.0,
    "Tobias": 0.0,
    "The apartment": 0.0,
    "Lucille": 0.0,
    "Larry Mittleman": 0.0,
    "Lucille 2": 0.0,
    "Annyong": 0.0,
    "Ann": 0.0,
    "Banana Stand": 0.0,
    "Best Man for the GOB": 0.0,
    "Oscar": 0.0,
    "Kitty": 0.0,
    "The Model Home": 0.0,
    "Model House": 0.0,
    "George Bluth Sr.": 0.0011498248199746683,
    "Home": 1.2903510664776495e-33,
    "George, Sr.": 0.0011498248199746683,
    "Barry": 0.0,
    "Bluth Family": 0.0,
    "John Fortenberry": 0.03163132832964687,
    "Lemon grove": 0.019482953276600594,
    "Jeff Garlin": 0.032797029207113776,
    "Cookies scented spray": 3.8455458476473376e-41,
    "Gcheung28/Arrested Development's Return Date": 0.015628208625056057,
    "Mort": 0.0,
    "Hurwitz": 0.007096320932612757,
    "Tobias Funke": 0.0,
    "Los Mas Buscados de Mexico": 0.0011498248199746683,
    "Afternoon Deelite": 0.01894598226928745,
    "Reno": 0.027515622704164383,
    "Arrested Development Wiki": 1.2903510664776495e-33,
    "Nichael Bluth": 0.008888094071024038,
    "Nichael": 0.008888094071024038,
    "Arrested Development Netflix Premiere": 3.8455458476473376e-41,
    "2013 Netflix Orange Carpet Season Four Premiere": 0.0,
    "James": 0.0,
    "Transcript of Good Grief": 0.004649978297620836,
    "Transcript of Afternoon Delight": 0.004649978297620836,
    "3x13": 0.009360440875036425,
    "Peanut brittle": 0.0011498248199746683,
    "The Plumb Clinic": 0.009140002299070764,
    "Dr. Sandor Plumb": 0.009140002299070764,
    "Black Friday": 0.0011498248199746683,
    "Chareth Richter": 0.012992533927277698,
    "Freddie Wilson": 0.03630093013949853,
    "Austero Bluth Company": 0.008888094071024038,
    "Pete the mailman": 0.018793839944371508,
    "Mural": 0.028620742552333753,
    "Herb Zuckerkorn": 0.007304595621213638,
    "Mitchell Hurwitz": 0.0,
    "UnLead News": 0.010186496602577531,
    "John Beard's To Entrap a Local Predator: Orange County Edition: Super Creep": 0.0,
    "Max Winkler": 0.015628208625056057,
    "Fox.com/arresteddev": 0.03991339967950898,
    "The Cockroach": 0.024516302696080097,
    "Arrested Development bobbleheads": 0.012992533927277698,
    "Seth Rogen": 0.0011498248199746683,
    "Transcript of Queen for a Day": 0.0073591213622582466,
    "Transcript of Burning Love": 0.01764251222489853,
    "Transcript of Ready, Aim, Marry Me": 0.011746299230233593,
    "Transcript of Hand to God": 0.011746299230233593,
    "Transcript of Motherboy XXX": 0.011746299230233593,
    "Transcript of Righteous Brothers": 0.014455442294871003,
    "Transcript of Spring Breakout": 0.0073591213622582466,
    "Transcript of Meat the Veals": 0.004649978297620836,
    "Transcript of The Cabin Show": 0.010254722342013215
  },
  "hitsAuths": {
    "Main Page": 9.451390012753403e-33,
    "Arrested Development": 0.11447140142975958,
    "Michael Bluth": 0.0651023165072452,
    "George Michael Bluth": 0.012857791475505411,
    "Michael": 0.09516596575212671,
    "George Bluth": 0.008422082255172682,
    "List of episodes": 0.01146948569450201,
    "Season One": 0.025521166809587336,
    "George Michael": 0.07255627561249527,
    "George": 0.0,
    "George Sr.": 0.06490087845874687,
    "Season Two": 0.034059535876250525,