{
  "numNodes": 45,
  "numEdges": 44,
  "selfLinks": 0,
  "numStrongComponents": 44,
  "numWeakComponents": 5,
  "sizeLargestStrong": 2,
  "sizeLargestWeak": 36,
  "radius": 1,
  "diameter": 1,
  "averageInDegree": 0.9777777777777777,
  "averageOutDegree": 0.9777777777777777,
  "maxOutDegree": 4,
  "maxInDegree": 8,
  "pageRank": {
    "Main Page": 0.030733072021821916,
    "Arrested Development": 0.09247482131944156,
    "Michael": 0.061192017649621386,
    "George Michael": 0.031556286768519196,
    "Lindsay": 0.013445562341178972,
    "Tobias": 0.016738421327968104,
    "Lucille": 0.02414735404824365,
    "Oscar": 0.014268777087876255,
    "Kitty": 0.014268777087876255,
    "Home": 0.010975918101087122,
    "Barry": 0.01591520658127082,
    "John Fortenberry": 0.010975918101087122,
    "Lemon grove": 0.010975918101087122,
    "Jeff Garlin": 0.03567236050200562,
    "Cookies scented spray": 0.010975918101087122,
    "Gcheung28/Arrested Development's Return Date": 0.010975918101087122,
    "Hurwitz": 0.010975918101087122,
    "Afternoon Deelite": 0.010975918101087122,
    "Reno": 0.010975918101087122,
    "Arrested Development Wiki": 0.010975918101087122,
    "Arrested Development Netflix Premiere": 0.010975918101087122,
    "2013 Netflix Orange Carpet Season Four Premiere": 0.02085449506145452,
    "James": 0.02085449506145452,
    "The Plumb Clinic": 0.10966467417322469,
    "Dr. Sandor Plumb": 0.10966467417322469,
    "Chareth Richter": 0.010975918101087122,
    "Freddie Wilson": 0.010975918101087122,
    "Pete the mailman": 0.010975918101087122,
    "Mural": 0.010975918101087122,
    "Herb Zuckerkorn": 0.010975918101087122,
    "Mitchell Hurwitz": 0.06530809138310781,
    "UnLead News": 0.010975918101087122,
    "John Beard's To Entrap a Local Predator: Orange County Edition: Super Creep": 0.01591520658127082,
    "Max Winkler": 0.010975918101087122,
    "Fox.com/arresteddev": 0.010975918101087122,
    "The Cockroach": 0.010975918101087122,
    "Arrested Development bobbleheads": 0.010975918101087122,
    "Transcript of Queen for a Day": 0.010975918101087122,
    "Transcript of Burning Love": 0.010975918101087122,
    "Transcript of Ready, Aim, Marry Me": 0.010975918101087122,
    "Transcript of Hand to God": 0.010975918101087122,
    "Transcript of Motherboy XXX": 0.010975918101087122,
    "Transcript of Righteous Brothers": 0.010975918101087122,
    "Transcript of Spring Breakout": 0.010975918101087122,
    "Transcript of The Cabin Show": 0.010975918101087122
  },
  "hitsHubs": {
    "Main Page": 0.0,
    "Arrested Development": 0.0,
    "Michael": 0.0,
    "George Michael": 0.0,
    "Lindsay": 0.0,
    "Tobias": 0.0,
    "Lucille": 0.0,
    "Oscar": 0.0,
    "Kitty": 0.0,
    "Home": 1.3087812131692948e-30,
    "Barry": 0.0,
    "John Fortenberry": 0.039155103921136976,
    "Lemon grove": 0.09698512643451453,
    "Jeff Garlin": 0.039155103921136976,
    "Cookies scented spray": 1.190329579157419e-42,
    "Gcheung28/Arrested Development's Return Date": 0.039155103921136976,
    "Hurwitz": 1.1446944089208554e-10,
    "Afternoon Deelite": 0.08772535230910825,
    "Reno": 0.03405888925061138,
    "Arrested Development Wiki": 1.3087812131692948e-30,
    "Arrested Development Netflix Premiere": 1.190329579157419e-42,
    "2013 Netflix Orange Carpet Season Four Premiere": 0.0,
    "James": 0.0,
    "The Plumb Clinic": 1.190329579157419e-42,
    "Dr. Sandor Plumb": 1.190329579157419e-42,
    "Chareth Richter": 0.0680087202273161,
    "Freddie Wilson": 0.10924621145900953,
    "Pete the mailman": 0.01712484436300042,
    "Mural": 0.10716382414845307,
    "Herb Zuckerkorn": 0.021797804226116373,
    "Mitchell Hurwitz": 0.0,
    "UnLead News": 0.018932442582308022,
    "John Beard's To Entrap a Local Predator: Orange County Edition: Super Creep": 0.0,
    "Max Winkler": 0.039155103921136976,
    "Fox.com/arresteddev": 0.10716382414845307,
    "The Cockroach": 0.039155103921136976,
    "Arrested Development bobbleheads": 0.0680087202273161,
    "Transcript of Queen for a Day": 3.4658557966926154e-11,
    "Transcript of Burning Love": 0.0680087202273161,
    "Transcript of Ready, Aim, Marry Me": 1.1446944089208554e-10,
    "Transcript of Hand to God": 1.1446944089208554e-10,
    "Transcript of Motherboy XXX": 1.1446944089208554e-10,
    "Transcript of Righteous Brothers": 1.4912799885901169e-10,
    "Transcript of Spring Breakout": 3.4658557966926154e-11,
    "Transcript of The Cabin Show": 1.1446944089208554e-10
  },
  "hitsAuths": {
    "Main Page": 7.092961336399492e-30,
    "Arrested Development": 0.2122017304655519,
    "Michael": 0.3685743791678079,
    "George Michael": 0.09280837601915425,
    "Lindsay": 0.056527812804211854,
    "Tobias": 0.0741510739623042,
    "Lucille": 0.10685461223997222,
    "Oscar": 0.05018349835283234,
    "Kitty": 0.017623261158092342,
    "Home": 0.0,
    "Barry": 0.011278946706712839,
    "John Fortenberry": 0.0,
    "Lemon grove": 0.0,
    "Jeff Garlin": 1.878326256223306e-10,
    "Cookies scented spray": 0.0,
    "Gcheung28/Arrested Development's Return Date": 0.0,
    "Hurwitz": 0.0,
    "Afternoon Deelite": 0.0,
    "Reno": 0.0,
    "Arrested Development Wiki": 0.0,
    "Arrested Development Netflix Premiere": 0.0,
    "2013 Netflix Orange Carpet Season Four Premiere": 6.451010755335566e-42,
    "James": 6.451010755335566e-42,
    "The Plumb Clinic": 6.451010755335566e-42,
    "Dr. Sandor Plumb": 6.451010755335566e-42,
    "Chareth Richter": 0.0,
    "Freddie Wilson": 0.0,
    "Pete the mailman": 0.0,
    "Mural": 0.0,
    "Herb Zuckerkorn": 0.0,
    "Mitchell Hurwitz": 6.203690198766663e-10,
    "UnLead News": 0.0,
    "John Beard's To Entrap a Local Predator: Orange County Edition: Super Creep": 0.009796308315158351,
    "Max Winkler": 0.0,
    "Fox.com/arresteddev": 0.0,
    "The Cockroach": 0.0,
    "Arrested Development bobbleheads": 0.0,
    "Transcript of Queen for a Day": 0.0,
    "Transcript of Burning Love": 0.0,
    "Transcript of Ready, Aim, Marry Me": 0.0,
    "Transcript of Hand to God": 0.0,
    "Transcript of Motherboy XXX": 0.0,
    "Transcript of Righteous Brothers": 0.0,
    "Transcript of Spring Breakout": 0.0,
    "Transcript of The Cabin Show": 0.0
  },
  "averagePathLength": 1.0
}