{
  "numNodes": 98,
  "numEdges": 193,
  "selfLinks": 0,
  "numStrongComponents": 80,
  "numWeakComponents": 3,
  "sizeLargestStrong": 18,
  "sizeLargestWeak": 94,
  "radius": 3,
  "diameter": 6,
  "averageInDegree": 1.969387755102041,
  "averageOutDegree": 1.969387755102041,
  "maxOutDegree": 15,
  "maxInDegree": 16,
  "pageRank": {
    "Main Page": 0.009942772948089066,
    "Arrested Development": 0.03396273028721858,
    "Michael Bluth": 0.0875279539183601,
    "George Michael Bluth": 0.030567857781281446,
    "Michael": 0.035795160741991384,
    "George Bluth": 0.059953465912333574,
    "List of episodes": 0.004829199095853909,
    "Season One": 0.009437239951882987,
    "George Michael": 0.019634301598643183,
    "George": 0.0035508276726655976,
    "George Sr.": 0.01835704832114509,
    "Season Two": 0.026641069636765442,
    "Season Three": 0.009249012093729095,
    "Development Arrested": 0.03348737628953449,
    "Pilot": 0.026589523196829702,
    "My Mother, the Car": 0.02162272731011263,
    "Bluth Company": 0.036870663035833064,
    "You Here With Me": 0.0035508276726655976,
    "Mr. Bananagrabber": 0.006746800310377332,
    "Marta": 0.004190022200207945,
    "Bananagrabber": 0.0035508276726655976,
    "My Mother, The Car": 0.00664644189122562,
    "Lindsay": 0.013772567468347707,
    "Tobias": 0.011112769849089738,
    "Lindsay F\u00fcnke": 0.00633098618474057,
    "The Bluth Company": 0.0035508276726655976,
    "The apartment": 0.010294655177323126,
    "Byron \"Buster\" Bluth": 0.01461238065158234,
    "Lucille": 0.016348962161296964,
    "Larry Mittleman": 0.010294655177323126,
    "Lucille 2": 0.004400109164204875,
    "Annyong": 0.012124292817380497,
    "Ann": 0.01556316169062324,
    "Banana Stand": 0.0069896965459083395,
    "Best Man for the GOB": 0.00664644189122562,
    "Oscar": 0.004349820832093531,
    "Kitty": 0.004190022200207945,
    "The Model Home": 0.010115239962657672,
    "Model House": 0.0069896965459083395,
    "George Bluth Sr.": 0.045086921415253306,
    "My Mother the Car": 0.00633098618474057,
    "Beef Consomme": 0.004190022200207945,
    "FOX": 0.00633098618474057,
    "Home": 0.0035508276726655976,
    "George, Sr.": 0.0035508276726655976,
    "Bluth company": 0.0035508276726655976,
    "Barry": 0.004349820832093531,
    "Bluth Family": 0.020297936340557942,
    "John Fortenberry": 0.005559880527388421,
    "Lemon grove": 0.0035508276726655976,
    "Jeff Garlin": 0.009821177377670732,
    "Cookies scented spray": 0.0035508276726655976,
    "Gcheung28/Arrested Development's Return Date": 0.0035508276726655976,
    "Mort": 0.005559880527388421,
    "Hurwitz": 0.0035508276726655976,
    "Tobias Funke": 0.004829199095853909,
    "Los Mas Buscados de Mexico": 0.0035508276726655976,
    "Afternoon Deelite": 0.0035508276726655976,
    "Reno": 0.0035508276726655976,
    "Arrested Development Wiki": 0.0035508276726655976,
    "Nichael Bluth": 0.0035508276726655976,
    "Nichael": 0.0035508276726655976,
    "Arrested Development Netflix Premiere": 0.0035508276726655976,
    "2013 Netflix Orange Carpet Season Four Premiere": 0.006746800310377332,
    "James": 0.006746800310377332,
    "Transcript of Good Grief": 0.0035508276726655976,
    "Transcript of Afternoon Delight": 0.0035508276726655976,
    "1x8": 0.0035508276726655976,
    "1x01": 0.0035508276726655976,
    "1x08": 0.0035508276726655976,
    "3x13": 0.0035508276726655976,
    "Peanut brittle": 0.0035508276726655976,
    "The Plumb Clinic": 0.006456294813161461,
    "Dr. Sandor Plumb": 0.006456294813161461,
    "Black Friday": 0.0035508276726655976,
    "Chareth Richter": 0.0035508276726655976,
    "Freddie Wilson": 0.0035508276726655976,
    "Austero Bluth Company": 0.0035508276726655976,
    "Pete the mailman": 0.0035508276726655976,
    "Mural": 0.0035508276726655976,
    "Herb Zuckerkorn": 0.0035508276726655976,
    "Mitchell Hurwitz": 0.05301245961889386,
    "UnLead News": 0.0035508276726655976,
    "John Beard's To Entrap a Local Predator: Orange County Edition: Super Creep": 0.005148813991521464,
    "Max Winkler": 0.0035508276726655976,
    "Fox.com/arresteddev": 0.0035508276726655976,
    "The Cockroach": 0.0035508276726655976,
    "Arrested Development bobbleheads": 0.0035508276726655976,
    "Seth Rogen": 0.0035508276726655976,
    "Transcript of Queen for a Day": 0.0035508276726655976,
    "Transcript of Burning Love": 0.0035508276726655976,
    "Transcript of Ready, Aim, Marry Me": 0.0035508276726655976,
    "Transcript of Hand to God": 0.0035508276726655976,
    "Transcript of Motherboy XXX": 0.0035508276726655976,
    "Transcript of Righteous Brothers": 0.0035508276726655976,
    "Transcript of Spring Breakout": 0.0035508276726655976,
    "Transcript of Meat the Veals": 0.0035508276726655976,
    "Transcript of The Cabin Show": 0.0035508276726655976
  },
  "hitsHubs": {
    "Main Page": 0.04393558448567108,
    "Arrested Development": 0.006843674169598179,
    "Michael Bluth": 0.0653118145818451,
    "George Michael Bluth": 0.040298905914497536,
    "Michael": 0.007697926717123668,
    "George Bluth": 0.03645391031783531,
    "List of episodes": 0.017433614693363405,
    "Season One": 0.06383467582498595,
    "George Michael": 0.0019827306313626894,
    "George": 0.0010237433392188502,
    "George Sr.": 0.0010237433392188502,
    "Season Two": 0.042597134034710674,
    "Season Three": 0.051721415491251393,
    "Development Arrested": 0.07796733352439834,
    "Pilot": 0.014304384339780221,
    "My Mother, the Car": 0.01957728047468885,
    "Bluth Company": 0.008925379642184122,
    "You Here With Me": 0.03192273952242555,
    "Mr. Bananagrabber": 0.010250273047297875,
    "Marta": 0.0,
    "Bananagrabber": 3.0310611406686086e-43,
    "My Mother, The Car": 3.412671455913084e-28,
    "Lindsay": 0.0,
    "Tobias": 0.0,
    "Lindsay F\u00fcnke": 0.0,
    "The Bluth Company": 0.005582714283437704,
    "The apartment": 0.0,
    "Byron \"Buster\" Bluth": 0.0,
    "Lucille": 0.0,
    "Larry Mittleman": 0.0,
    "Lucille 2": 0.0,
    "Annyong": 0.0,
    "Ann": 0.0,
    "Banana Stand": 0.0,
    "Best Man for the GOB": 0.0,
    "Oscar": 0.0,
    "Kitty": 0.0,
    "The Model Home": 0.0,
    "Model House": 0.0,
    "George Bluth Sr.": 0.0010549526644919015,
    "My Mother the Car": 3.412671455913084e-28,
    "Beef Consomme": 0.0,
    "FOX": 0.0,
    "Home": 1.0170553493240726e-35,
    "George, Sr.": 0.0010549526644919015,
    "Bluth company": 0.005582714283437704,
    "Barry": 0.0,
    "Bluth Family": 0.0,
    "John Fortenberry": 0.02352062880164985,
    "Lemon grove": 0.02151196322990259,
    "Jeff Garlin": 0.024241037517170636,
    "Cookies scented spray": 3.0310611406686086e-43,
    "Gcheung28/Arrested Development's Return Date": 0.011858407786298184,
    "Mort": 0.0,
    "Hurwitz": 0.006843674169598179,
    "Tobias Funke": 0.0,
    "Los Mas Buscados de Mexico": 0.0010549526644919015,
    "Afternoon Deelite": 0.01543826780167167,
    "Reno": 0.022207643249162655,
    "Arrested Development Wiki": 1.0170553493240726e-35,
    "Nichael Bluth": 0.007697926717123668,
    "Nichael": 0.007697926717123668,
    "Arrested Development Netflix Premiere": 3.0310611406686086e-43,
    "2013 Netflix Orange Carpet Season Four Premiere": 0.0,
    "James": 0.0,
    "Transcript of Good Grief": 0.0028943741657760907,
    "Transcript of Afternoon Delight": 0.0028943741657760907,
    "1x8": 3.412671455913084e-28,
    "1x01": 0.00554641649836686,
    "1x08": 3.412671455913084e-28,
    "3x13": 0.007532405816508315,
    "Peanut brittle": 0.0010549526644919015,
    "The Plumb Clinic": 0.007877725018708303,
    "Dr. Sandor Plumb": 0.007877725018708303,
    "Black Friday": 0.006637666947929606,
    "Chareth Richter": 0.010250273047297875,
    "Freddie Wilson": 0.02857751023696371,
    "Austero Bluth Company": 0.013280641000561371,
    "Pete the mailman": 0.01605479965096013,
    "Mural": 0.022108680833596055,
    "Herb Zuckerkorn": 0.012101870344713,
    "Mitchell Hurwitz": 0.0,