{
  "numNodes": 83,
  "numEdges": 157,
  "selfLinks": 0,
  "numStrongComponents": 70,
  "numWeakComponents": 3,
  "sizeLargestStrong": 13,
  "sizeLargestWeak": 79,
  "radius": 3,
  "diameter": 6,
  "averageInDegree": 1.891566265060241,
  "averageOutDegree": 1.891566265060241,
  "maxOutDegree": 11,
  "maxInDegree": 14,
  "pageRank": {
    "Main Page": 0.0127507853058158,
    "Arrested Development": 0.041962078674454714,
    "Michael Bluth": 0.09312031297682778,
    "George Michael Bluth": 0.03380884125962248,
    "Michael": 0.037464676867418195,
    "George Bluth": 0.06727756175516633,
    "List of episodes": 0.006193436813389609,
    "Season One": 0.011539531962028704,
    "George Michael": 0.024041417684752563,
    "George": 0.004554022522994328,
    "George Sr.": 0.023240002480106547,
    "Season Two": 0.03427336038379699,
    "Season Three": 0.011390730948420382,
    "Development Arrested": 0.03743549594917628,
    "Pilot": 0.033182697654542626,
    "My Mother, The Car": 0.009010643795447257,
    "Lindsay": 0.017414717681124497,
    "Tobias": 0.014332976719575882,
    "The apartment": 0.01320519892917288,
    "Lucille": 0.022203774134105993,
    "Larry Mittleman": 0.01320519892917288,
    "Lucille 2": 0.005708052990146226,
    "Annyong": 0.012172992084984558,
    "Ann": 0.01597651858450041,
    "Banana Stand": 0.008357549022510182,
    "Best Man for the GOB": 0.009010643795447257,
    "Oscar": 0.005920149653464574,
    "Kitty": 0.005373698801276475,
    "The Model Home": 0.012172992084984558,
    "Model House": 0.008357549022510182,
    "George Bluth Sr.": 0.044500177266846894,
    "Home": 0.004554022522994328,
    "George, Sr.": 0.004554022522994328,
    "Barry": 0.005920149653464574,
    "Bluth Family": 0.02462769499067896,
    "John Fortenberry": 0.004554022522994328,
    "Lemon grove": 0.004554022522994328,
    "Jeff Garlin": 0.013081630826010665,
    "Cookies scented spray": 0.004554022522994328,
    "Gcheung28/Arrested Development's Return Date": 0.004554022522994328,
    "Mort": 0.007617122304129684,
    "Hurwitz": 0.004554022522994328,
    "Tobias Funke": 0.006193436813389609,
    "Los Mas Buscados de Mexico": 0.004554022522994328,
    "Afternoon Deelite": 0.004554022522994328,
    "Reno": 0.004554022522994328,
    "Arrested Development Wiki": 0.004554022522994328,
    "Nichael Bluth": 0.004554022522994328,
    "Nichael": 0.004554022522994328,
    "Arrested Development Netflix Premiere": 0.004554022522994328,
    "2013 Netflix Orange Carpet Season Four Premiere": 0.008652403914405065,
    "James": 0.008652403914405065,
    "Transcript of Good Grief": 0.004554022522994328,
    "Transcript of Afternoon Delight": 0.004554022522994328,
    "1x01": 0.004554022522994328,
    "3x13": 0.004554022522994328,
    "Peanut brittle": 0.004554022522994328,
    "The Plumb Clinic": 0.008280014873290944,
    "Dr. Sandor Plumb": 0.008280014873290944,
    "Black Friday": 0.004554022522994328,
    "Chareth Richter": 0.004554022522994328,
    "Freddie Wilson": 0.004554022522994328,
    "Austero Bluth Company": 0.004554022522994328,
    "Pete the mailman": 0.004554022522994328,
    "Mural": 0.004554022522994328,
    "Herb Zuckerkorn": 0.004554022522994328,
    "Mitchell Hurwitz": 0.02621920444168341,
    "UnLead News": 0.004554022522994328,
    "John Beard's To Entrap a Local Predator: Orange County Edition: Super Creep": 0.006603213218699696,
    "Max Winkler": 0.004554022522994328,
    "Fox.com/arresteddev": 0.004554022522994328,
    "The Cockroach": 0.004554022522994328,
    "Arrested Development bobbleheads": 0.004554022522994328,
    "Seth Rogen": 0.004554022522994328,
    "Transcript of Queen for a Day": 0.004554022522994328,
    "Transcript of Burning Love": 0.004554022522994328,
    "Transcript of Ready, Aim, Marry Me": 0.004554022522994328,
    "Transcript of Hand to God": 0.004554022522994328,
    "Transcript of Motherboy XXX": 0.004554022522994328,
    "Transcript of Righteous Brothers": 0.004554022522994328,
    "Transcript of Spring Breakout": 0.004554022522994328,
    "Transcript of Meat the Veals": 0.004554022522994328,
    "Transcript of The Cabin Show": 0.004554022522994328
  },
  "hitsHubs": {
    "Main Page": 0.0540592545561111,
    "Arrested Development": 0.0,
    "Michael Bluth": 0.06733576983379651,
    "George Michael Bluth": 0.046597149029777074,
    "Michael": 0.00889913935854928,
    "George Bluth": 0.03676488774577775,
    "List of episodes": 0.02105934844791159,
    "Season One": 0.06788984176535254,
    "George Michael": 0.001829706144267619,
    "George": 0.0002557120189829301,
    "George Sr.": 0.0002557120189829301,
    "Season Two": 0.05073486534223959,
    "Season Three": 0.060338050177603804,
    "Development Arrested": 0.07306746218590673,
    "Pilot": 0.009154851377532209,
    "My Mother, The Car": 0.0,
    "Lindsay": 0.0,
    "Tobias": 0.0,
    "The apartment": 0.0,
    "Lucille": 0.0,
    "Larry Mittleman": 0.0,
    "Lucille 2": 0.0,
    "Annyong": 0.0,
    "Ann": 0.0,
    "Banana Stand": 0.0,
    "Best Man for the GOB": 0.0,
    "Oscar": 0.0,
    "Kitty": 0.0,
    "The Model Home": 0.0,
    "Model House": 0.0,
    "George Bluth Sr.": 0.0010486193964908052,
    "Home": 4.591923502476779e-34,
    "George, Sr.": 0.0010486193964908052,
    "Barry": 0.0,
    "Bluth Family": 0.0,
    "John Fortenberry": 0.02990326110199049,
    "Lemon grove": 0.018496873269689556,
    "Jeff Garlin": 0.030857869790162397,
    "Cookies scented spray": 1.36849984600448e-41,
    "Gcheung28/Arrested Development's Return Date": 0.014553417436466556,
    "Mort": 0.0,
    "Hurwitz": 0.006309350830884015,
    "Tobias Funke": 0.0,
    "Los Mas Buscados de Mexico": 0.0010486193964908052,
    "Afternoon Deelite": 0.01800755627732693,
    "Reno": 0.02625663059224961,
    "Arrested Development Wiki": 4.591923502476779e-34,
    "Nichael Bluth": 0.00889913935854928,
    "Nichael": 0.00889913935854928,
    "Arrested Development Netflix Premiere": 1.36849984600448e-41,
    "2013 Netflix Orange Carpet Season Four Premiere": 0.0,
    "James": 0.0,
    "Transcript of Good Grief": 0.004058351460203186,
    "Transcript of Afternoon Delight": 0.004058351460203186,
    "1x01": 0.006652587584898294,
    "3x13": 0.009426692372384048,
    "Peanut brittle": 0.0010486193964908052,
    "The Plumb Clinic": 0.009140954518479133,
    "Dr. Sandor Plumb": 0.009140954518479133,
    "Black Friday": 0.0010486193964908052,
    "Chareth Richter": 0.012152812870512833,
    "Freddie Wilson": 0.03418152304919226,
    "Austero Bluth Company": 0.00889913935854928,
    "Pete the mailman": 0.018346395940289317,
    "Mural": 0.026706230306979387,
    "Herb Zuckerkorn": 0.007090946985759796,
    "Mitchell Hurwitz": 0.0,
    "UnLead News": 0.009703965660085584,
    "John Beard's To Entrap a Local Predator: Orange County Edition: Super Creep": 0.0,
    "Max Winkler": 0.014553417436466556,
    "Fox.com/arresteddev": 0.036687733060322456,
    "The Cockroach": 0.023452556795015834,
    "Arrested Development bobbleheads": 0.012152812870512833,
    "Seth Rogen": 0.0010486193964908052,
    "Transcript of Queen for a Day": 0.006689045502335113,
    "Transcript of Burning Love": 0.016211164330716017,
    "Transcript of Ready, Aim, Marry Me": 0.010367702291087202,
    "Transcript of Hand to God": 0.010367702291087202,
    "Transcript of Motherboy XXX": 0.010367702291087202,
    "Transcript of Righteous Brothers": 0.01299839633321913,
    "Transcript of Spring Breakout": 0.006689045502335113,
    "Transcript of Meat the Veals": 0.004058351460203186,
    "Transcript of The Cabin Show": 0.009128759351992626
  },
  "hitsAuths": {
    "Main Page": 3.310046569701922e-33,
    "Arrested Development": 0.10490699472025855,
    "Michael Bluth": 0.06414864204766739,
    "George Michael Bluth": 0.013189271430869592,
    "Michael": 0.08760245359613063,
    "George Bluth": 0.0075588781790574735,
    "List of episodes": 0.010308642739559476,
    "Season One": 0.022373049355586934,