{
  "numNodes": 99,
  "numEdges": 193,
  "selfLinks": 0,
  "numStrongComponents": 82,
  "numWeakComponents": 3,
  "sizeLargestStrong": 17,
  "sizeLargestWeak": 95,
  "radius": 3,
  "diameter": 6,
  "averageInDegree": 1.9494949494949494,
  "averageOutDegree": 1.9494949494949494,
  "maxOutDegree": 12,
  "maxInDegree": 16,
  "pageRank": {
    "Main Page": 0.009708888989210115,
    "Arrested Development": 0.03411483428335484,
    "Michael Bluth": 0.0874535434055209,
    "George Michael Bluth": 0.03112705278599983,
    "Michael": 0.03607096099498665,
    "George Bluth": 0.06028507827384761,
    "List of episodes": 0.004559579473269498,
    "Season One": 0.010371745263859188,
    "George Michael": 0.020325191831570975,
    "George": 0.0034673021817342303,
    "George Sr.": 0.019308094765794752,
    "Season Two": 0.02754792605525496,
    "Season Three": 0.010123496217718115,
    "Development Arrested": 0.032976880291241836,
    "Pilot": 0.02715356431667891,
    "My Mother, the Car": 0.02182759400205115,
    "Bluth Company": 0.03680896653555127,
    "You Here With Me": 0.0034673021817342303,
    "Mr. Bananagrabber": 0.006588095585472173,
    "Seasons": 0.004559579473269498,
    "Marta": 0.0040914608624818185,
    "Bananagrabber": 0.0034673021817342303,
    "My Mother, The Car": 0.007191028372937513,
    "Lindsay": 0.01443753200353301,
    "Tobias": 0.011029521936518428,
    "Lindsay F\u00fcnke": 0.006273847839805885,
    "The Bluth Company": 0.0034673021817342303,
    "The apartment": 0.010248404450314247,
    "Byron \"Buster\" Bluth": 0.01451039960538673,
    "Lucille": 0.01700039192639232,
    "Larry Mittleman": 0.010248404450314247,
    "Lucille 2": 0.004400675562909704,
    "Annyong": 0.010026139580258393,
    "Ann": 0.013527942453157669,
    "Banana Stand": 0.006969105054633504,
    "Best Man for the GOB": 0.007191028372937513,
    "Oscar": 0.004247500532668716,
    "Kitty": 0.0040914608624818185,
    "The Model Home": 0.010026139580258393,
    "Model House": 0.006969105054633504,
    "George Bluth Sr.": 0.045961217288272946,
    "My Mother the Car": 0.006273847839805885,
    "Beef Consomme": 0.0040914608624818185,
    "FOX": 0.006273847839805885,
    "Home": 0.0034673021817342303,
    "George, Sr.": 0.0034673021817342303,
    "Bluth company": 0.0034673021817342303,
    "Barry": 0.004247500532668716,
    "Bluth Family": 0.020309044721737685,
    "John Fortenberry": 0.0034673021817342303,
    "Lemon grove": 0.0034673021817342303,
    "Jeff Garlin": 0.010326180744549477,
    "Cookies scented spray": 0.0034673021817342303,
    "Gcheung28/Arrested Development's Return Date": 0.0034673021817342303,
    "Mort": 0.006165122872898887,
    "Hurwitz": 0.0034673021817342303,
    "Tobias Funke": 0.004559579473269498,
    "Los Mas Buscados de Mexico": 0.0034673021817342303,
    "Afternoon Deelite": 0.0034673021817342303,
    "Reno": 0.0034673021817342303,
    "Arrested Development Wiki": 0.0034673021817342303,
    "Nichael Bluth": 0.0034673021817342303,
    "Nichael": 0.0034673021817342303,
    "Arrested Development Netflix Premiere": 0.0034673021817342303,
    "2013 Netflix Orange Carpet Season Four Premiere": 0.006588095585472173,
    "James": 0.006588095585472173,
    "Transcript of Good Grief": 0.0034673021817342303,
    "Transcript of Afternoon Delight": 0.0034673021817342303,
    "1x8": 0.0034673021817342303,
    "1x01": 0.0034673021817342303,
    "1x08": 0.0034673021817342303,
    "3x13": 0.0034673021817342303,
    "Peanut brittle": 0.0034673021817342303,
    "The Plumb Clinic": 0.006304455372819797,
    "Dr. Sandor Plumb": 0.006304455372819797,
    "Black Friday": 0.0034673021817342303,
    "Chareth Richter": 0.0034673021817342303,
    "Freddie Wilson": 0.0034673021817342303,
    "Austero Bluth Company": 0.0034673021817342303,
    "Pete the mailman": 0.0034673021817342303,
    "Mural": 0.0034673021817342303,
    "Herb Zuckerkorn": 0.0034673021817342303,
    "Mitchell Hurwitz": 0.05115773125480367,
    "UnLead News": 0.0034673021817342303,
    "John Beard's To Entrap a Local Predator: Orange County Edition: Super Creep": 0.005027698883603202,
    "Max Winkler": 0.0034673021817342303,
    "Fox.com/arresteddev": 0.0034673021817342303,
    "The Cockroach": 0.0034673021817342303,
    "Arrested Development bobbleheads": 0.0034673021817342303,
    "Seth Rogen": 0.0034673021817342303,
    "Transcript of Queen for a Day": 0.0034673021817342303,
    "Transcript of Burning Love": 0.0034673021817342303,
    "Transcript of Ready, Aim, Marry Me": 0.0034673021817342303,
    "Transcript of Hand to God": 0.0034673021817342303,
    "Transcript of Motherboy XXX": 0.0034673021817342303,
    "Transcript of Righteous Brothers": 0.0034673021817342303,
    "Transcript of Spring Breakout": 0.0034673021817342303,
    "Transcript of Meat the Veals": 0.0034673021817342303,
    "Transcript of The Cabin Show": 0.0034673021817342303
  },
  "hitsHubs": {
    "Main Page": 0.04743496965585504,
    "Arrested Development": 0.004958850570812644,
    "Michael Bluth": 0.06242102242456306,
    "George Michael Bluth": 0.04007857701543355,
    "Michael": 0.008464288937836344,
    "George Bluth": 0.03802553907208026,
    "List of episodes": 0.017098921816183135,
    "Season One": 0.06305051204418392,
    "George Michael": 0.002055060994248771,
    "George": 0.0011756057724807004,
    "George Sr.": 0.0011756057724807004,
    "Season Two": 0.041659262247229045,
    "Season Three": 0.05057935542144869,
    "Development Arrested": 0.06020490812445716,
    "Pilot": 0.015554135189307058,
    "My Mother, the Car": 0.021268668654268828,
    "Bluth Company": 0.009876609308459978,
    "You Here With Me": 0.03247171042028215,
    "Mr. Bananagrabber": 0.01047511516081316,
    "Seasons": 0.008003422585559167,
    "Marta": 0.0,
    "Bananagrabber": 2.3098884870976786e-44,
    "My Mother, The Car": 1.0402812929760504e-28,
    "Lindsay": 0.0,
    "Tobias": 0.0,
    "Lindsay F\u00fcnke": 0.0,
    "The Bluth Company": 0.005914240478990014,
    "The apartment": 0.0,
    "Byron \"Buster\" Bluth": 0.0,
    "Lucille": 0.0,
    "Larry Mittleman": 0.0,
    "Lucille 2": 0.0,
    "Annyong": 0.0,
    "Ann": 0.0,
    "Banana Stand": 0.0,
    "Best Man for the GOB": 0.0,
    "Oscar": 0.0,
    "Kitty": 0.0,
    "The Model Home": 0.0,
    "Model House": 0.0,
    "George Bluth Sr.": 0.0011685888384816226,
    "My Mother the Car": 1.0402812929760504e-28,
    "Beef Consomme": 0.0,
    "FOX": 0.0,
    "Home": 1.5501399233580387e-36,
    "George, Sr.": 0.0011685888384816226,
    "Bluth company": 0.005914240478990014,
    "Barry": 0.0,
    "Bluth Family": 0.0,
    "John Fortenberry": 0.02502641751993711,
    "Lemon grove": 0.021979006217435332,
    "Jeff Garlin": 0.025666804387742805,
    "Cookies scented spray": 2.3098884870976786e-44,
    "Gcheung28/Arrested Development's Return Date": 0.012142918133508466,
    "Mort": 0.0,
    "Hurwitz": 0.004958850570812644,
    "Tobias Funke": 0.0,
    "Los Mas Buscados de Mexico": 0.0011685888384816226,
    "Afternoon Deelite": 0.015537990661387398,
    "Reno": 0.02338812731337486,
    "Arrested Development Wiki": 1.5501399233580387e-36,
    "Nichael Bluth": 0.008464288937836344,
    "Nichael": 0.008464288937836344,
    "Arrested Development Netflix Premiere": 2.3098884870976786e-44,
    "2013 Netflix Orange Carpet Season Four Premiere": 0.0,
    "James": 0.0,
    "Transcript of Good Grief": 0.0031643853104131895,
    "Transcript of Afternoon Delight": 0.0031643853104131895,
    "1x8": 1.0402812929760504e-28,
    "1x01": 0.005348948129343648,
    "1x08": 1.0402812929760504e-28,
    "3x13": 0.00804446211128266,
    "Peanut brittle": 0.0011685888384816226,
    "The Plumb Clinic": 0.00867213568460576,
    "Dr. Sandor Plumb": 0.00867213568460576,
    "Black Friday": 0.007082829317471636,
    "Chareth Richter": 0.01047511516081316,
    "Freddie Wilson": 0.02881046601161254,
    "Austero Bluth Company": 0.014378529416826361,
    "Pete the mailman": 0.016761454582295433,