{
  "numNodes": 92,
  "numEdges": 184,
  "selfLinks": 0,
  "numStrongComponents": 74,
  "numWeakComponents": 3,
  "sizeLargestStrong": 18,
  "sizeLargestWeak": 88,
  "radius": 3,
  "diameter": 6,
  "averageInDegree": 2,
  "averageOutDegree": 2,
  "maxOutDegree": 15,
  "maxInDegree": 16,
  "pageRank": {
    "Main Page": 0.010552125808675613,
    "Arrested Development": 0.035485825840577266,
    "Michael Bluth": 0.09360867178431471,
    "George Michael Bluth": 0.03197873255516259,
    "Michael": 0.030860867801121256,
    "George Bluth": 0.06956714800183317,
    "List of episodes": 0.00512532400632966,
    "Season One": 0.010026821141814279,
    "George Michael": 0.02025863036935285,
    "George": 0.003768510046550163,
    "George Sr.": 0.01958333856656219,
    "Season Two": 0.028283089736693547,
    "Season Three": 0.009834663658128934,
    "Development Arrested": 0.03623852042222289,
    "Pilot": 0.028932384588997287,
    "My Mother, the Car": 0.022990448564665394,
    "Bluth Company": 0.04006803215662402,
    "My Mother, The Car": 0.0070957596896408905,
    "Lindsay": 0.01471315084619492,
    "Tobias": 0.0117968162355738,
    "Lindsay F\u00fcnke": 0.006724711600844614,
    "The Bluth Company": 0.003768510046550163,
    "The apartment": 0.01159533197291691,
    "Lucille": 0.018063566753561123,
    "Larry Mittleman": 0.01159533197291691,
    "Lucille 2": 0.00467085910456579,
    "Annyong": 0.01296284981791361,
    "Ann": 0.01656058298004295,
    "Banana Stand": 0.007366243208679503,
    "Best Man for the GOB": 0.0070957596896408905,
    "Oscar": 0.004616462016815845,
    "Kitty": 0.004446871622762708,
    "The Model Home": 0.010788771976347748,
    "Model House": 0.007366243208679503,
    "George Bluth Sr.": 0.05444984730109724,
    "My Mother the Car": 0.006724711600844614,
    "FOX": 0.006724711600844614,
    "Home": 0.003768510046550163,
    "George, Sr.": 0.003768510046550163,
    "Bluth company": 0.003768510046550163,
    "Barry": 0.004616462016815845,
    "Bluth Family": 0.022213327064843833,
    "John Fortenberry": 0.005942587888116028,
    "Lemon grove": 0.003768510046550163,
    "Jeff Garlin": 0.010464998396199661,
    "Cookies scented spray": 0.003768510046550163,
    "Gcheung28/Arrested Development's Return Date": 0.003768510046550163,
    "Mort": 0.005942587888116028,
    "Hurwitz": 0.003768510046550163,
    "Tobias Funke": 0.00512532400632966,
    "Los Mas Buscados de Mexico": 0.003768510046550163,
    "Afternoon Deelite": 0.003768510046550163,
    "Reno": 0.003768510046550163,
    "Arrested Development Wiki": 0.003768510046550163,
    "Nichael Bluth": 0.003768510046550163,
    "Nichael": 0.003768510046550163,
    "Arrested Development Netflix Premiere": 0.003768510046550163,
    "2013 Netflix Orange Carpet Season Four Premiere": 0.007160317927612889,
    "James": 0.007160317927612889,
    "Transcript of Good Grief": 0.003768510046550163,
    "Transcript of Afternoon Delight": 0.003768510046550163,
    "1x8": 0.003768510046550163,
    "1x01": 0.003768510046550163,
    "1x08": 0.003768510046550163,
    "3x13": 0.003768510046550163,
    "Peanut brittle": 0.003768510046550163,
    "The Plumb Clinic": 0.0068521998462903536,
    "Dr. Sandor Plumb": 0.0068521998462903536,
    "Black Friday": 0.003768510046550163,
    "Chareth Richter": 0.003768510046550163,
    "Freddie Wilson": 0.003768510046550163,
    "Austero Bluth Company": 0.003768510046550163,
    "Pete the mailman": 0.003768510046550163,
    "Mural": 0.003768510046550163,
    "Herb Zuckerkorn": 0.003768510046550163,
    "Mitchell Hurwitz": 0.023869102906973687,
    "UnLead News": 0.003768510046550163,
    "John Beard's To Entrap a Local Predator: Orange County Edition: Super Creep": 0.0054644139870815255,
    "Max Winkler": 0.003768510046550163,
    "Fox.com/arresteddev": 0.003768510046550163,
    "The Cockroach": 0.003768510046550163,
    "Arrested Development bobbleheads": 0.003768510046550163,
    "Seth Rogen": 0.003768510046550163,
    "Transcript of Queen for a Day": 0.003768510046550163,
    "Transcript of Burning Love": 0.003768510046550163,
    "Transcript of Ready, Aim, Marry Me": 0.003768510046550163,
    "Transcript of Hand to God": 0.003768510046550163,
    "Transcript of Motherboy XXX": 0.003768510046550163,
    "Transcript of Righteous Brothers": 0.003768510046550163,
    "Transcript of Spring Breakout": 0.003768510046550163,
    "Transcript of Meat the Veals": 0.003768510046550163,
    "Transcript of The Cabin Show": 0.003768510046550163
  },
  "hitsHubs": {
    "Main Page": 0.045629467980718895,
    "Arrested Development": 0.0,
    "Michael Bluth": 0.06958206659087891,
    "George Michael Bluth": 0.042939740413340616,
    "Michael": 0.008542317004073359,
    "George Bluth": 0.04030362935625081,
    "List of episodes": 0.019117998082006347,
    "Season One": 0.06756160681760238,
    "George Michael": 0.002204346779814261,
    "George": 0.0011716934621798496,
    "George Sr.": 0.0011716934621798496,
    "Season Two": 0.04360630793014268,
    "Season Three": 0.05286619542343113,
    "Development Arrested": 0.08141903060271352,
    "Pilot": 0.01592748429008936,
    "My Mother, the Car": 0.02171424514539094,
    "Bluth Company": 0.009714010466253207,
    "My Mother, The Car": 8.14621580008306e-28,
    "Lindsay": 0.0,
    "Tobias": 0.0,
    "Lindsay F\u00fcnke": 0.0,
    "The Bluth Company": 0.006213473823836152,
    "The apartment": 0.0,
    "Lucille": 0.0,
    "Larry Mittleman": 0.0,
    "Lucille 2": 0.0,
    "Annyong": 0.0,
    "Ann": 0.0,
    "Banana Stand": 0.0,
    "Best Man for the GOB": 0.0,
    "Oscar": 0.0,
    "Kitty": 0.0,
    "The Model Home": 0.0,
    "Model House": 0.0,
    "George Bluth Sr.": 0.0011813060174746264,
    "My Mother the Car": 8.14621580008306e-28,
    "FOX": 0.0,
    "Home": 2.4277614951381266e-35,
    "George, Sr.": 0.0011813060174746264,
    "Bluth company": 0.006213473823836152,
    "Barry": 0.0,
    "Bluth Family": 0.0,
    "John Fortenberry": 0.02457027530909478,
    "Lemon grove": 0.022224343092950766,
    "Jeff Garlin": 0.02538075127190777,
    "Cookies scented spray": 7.235293075853964e-43,
    "Gcheung28/Arrested Development's Return Date": 0.01192756410308149,
    "Mort": 0.0,
    "Hurwitz": 0.007206965119369884,
    "Tobias Funke": 0.0,
    "Los Mas Buscados de Mexico": 0.0011813060174746264,
    "Afternoon Deelite": 0.015486914038257237,
    "Reno": 0.023428430825935802,
    "Arrested Development Wiki": 2.4277614951381266e-35,
    "Nichael Bluth": 0.008542317004073359,
    "Nichael": 0.008542317004073359,
    "Arrested Development Netflix Premiere": 7.235293075853964e-43,
    "2013 Netflix Orange Carpet Season Four Premiere": 0.0,
    "James": 0.0,
    "Transcript of Good Grief": 0.003107077656880959,
    "Transcript of Afternoon Delight": 0.003107077656880959,
    "1x8": 8.14621580008306e-28,
    "1x01": 0.00611742931555904,
    "1x08": 8.14621580008306e-28,
    "3x13": 0.008260100007799621,
    "Peanut brittle": 0.0011813060174746264,
    "The Plumb Clinic": 0.008748570998826836,
    "Dr. Sandor Plumb": 0.008748570998826836,
    "Black Friday": 0.007394779841310779,
    "Chareth Richter": 0.009819952274065544,
    "Freddie Wilson": 0.02880427604612129,
    "Austero Bluth Company": 0.01475579082790951,
    "Pete the mailman": 0.016766744253605463,
    "Mural": 0.021747516377147034,
    "Herb Zuckerkorn": 0.0133771169751129,
    "Mitchell Hurwitz": 0.0,
    "UnLead News": 0.008423005805131742,
    "John Beard's To Entrap a Local Predator: Orange County Edition: Super Creep": 0.0,
    "Max Winkler": 0.01192756410308149,
    "Fox.com/arresteddev": 0.029237205232241662,
    "The Cockroach": 0.020469881107154846,
    "Arrested Development bobbleheads": 0.009819952274065544,
    "Seth Rogen": 0.0011813060174746264,
    "Transcript of Queen for a Day": 0.00559200775931895,
    "Transcript of Burning Love": 0.012927029930946502,
    "Transcript of Ready, Aim, Marry Me": 0.010314042776250844,