{
  "numNodes": 89,
  "numEdges": 172,
  "selfLinks": 0,
  "numStrongComponents": 72,
  "numWeakComponents": 3,
  "sizeLargestStrong": 17,
  "sizeLargestWeak": 85,
  "radius": 3,
  "diameter": 6,
  "averageInDegree": 1.9325842696629214,
  "averageOutDegree": 1.9325842696629214,
  "maxOutDegree": 15,
  "maxInDegree": 15,
  "pageRank": {
    "Main Page": 0.011606748079773835,
    "Arrested Development": 0.038639868404408896,
    "Michael Bluth": 0.08922915275817009,
    "George Michael Bluth": 0.03441444718604631,
    "Michael": 0.034113366436318404,
    "George Bluth": 0.06447690586583504,
    "List of episodes": 0.0056377243916240155,
    "Season One": 0.011015490290939107,
    "George Michael": 0.021916533684123565,
    "George": 0.0041454054947862255,
    "George Sr.": 0.021171880487960856,
    "Season Two": 0.03109751512967502,
    "Season Three": 0.01079439628316197,
    "Development Arrested": 0.03900128974162049,
    "Pilot": 0.030947853668939068,
    "My Mother, the Car": 0.02523614226753236,
    "My Mother, The Car": 0.007754110688639827,
    "Lindsay": 0.0158205464742079,
    "Tobias": 0.013082953237011452,
    "Lindsay F\u00fcnke": 0.007390037739097006,
    "The apartment": 0.012436114329176493,
    "Lucille": 0.02023038836725152,
    "Larry Mittleman": 0.012436114329176493,
    "Lucille 2": 0.005247012080598142,
    "Annyong": 0.013786272065272531,
    "Ann": 0.017657985959221727,
    "Banana Stand": 0.008017119388735422,
    "Best Man for the GOB": 0.007754110688639827,
    "Oscar": 0.00538896259228416,
    "Kitty": 0.004891539753284987,
    "The Model Home": 0.011446054454252199,
    "Model House": 0.008017119388735422,
    "George Bluth Sr.": 0.04410160361940784,
    "My Mother the Car": 0.007390037739097006,
    "FOX": 0.007390037739097006,
    "Home": 0.0041454054947862255,
    "George, Sr.": 0.0041454054947862255,
    "Barry": 0.00538896259228416,
    "Bluth Family": 0.02360847718259166,
    "John Fortenberry": 0.006485623105806557,
    "Lemon grove": 0.0041454054947862255,
    "Jeff Garlin": 0.011459851495798297,
    "Cookies scented spray": 0.0041454054947862255,
    "Gcheung28/Arrested Development's Return Date": 0.0041454054947862255,
    "Mort": 0.006485623105806557,
    "Hurwitz": 0.0041454054947862255,
    "Tobias Funke": 0.0056377243916240155,
    "Los Mas Buscados de Mexico": 0.0041454054947862255,
    "Afternoon Deelite": 0.0041454054947862255,
    "Reno": 0.0041454054947862255,
    "Arrested Development Wiki": 0.0041454054947862255,
    "Nichael Bluth": 0.0041454054947862255,
    "Nichael": 0.0041454054947862255,
    "Arrested Development Netflix Premiere": 0.0041454054947862255,
    "2013 Netflix Orange Carpet Season Four Premiere": 0.00787607678728003,
    "James": 0.00787607678728003,
    "Transcript of Good Grief": 0.0041454054947862255,
    "Transcript of Afternoon Delight": 0.0041454054947862255,
    "1x8": 0.0041454054947862255,
    "1x01": 0.0041454054947862255,
    "1x08": 0.0041454054947862255,
    "3x13": 0.0041454054947862255,
    "Peanut brittle": 0.0041454054947862255,
    "The Plumb Clinic": 0.007537084660948806,
    "Dr. Sandor Plumb": 0.007537084660948806,
    "Black Friday": 0.0041454054947862255,
    "Chareth Richter": 0.0041454054947862255,
    "Freddie Wilson": 0.0041454054947862255,
    "Austero Bluth Company": 0.0041454054947862255,
    "Pete the mailman": 0.0041454054947862255,
    "Mural": 0.0041454054947862255,
    "Herb Zuckerkorn": 0.0041454054947862255,
    "Mitchell Hurwitz": 0.026306802503474235,
    "UnLead News": 0.0041454054947862255,
    "John Beard's To Entrap a Local Predator: Orange County Edition: Super Creep": 0.006010741141033128,
    "Max Winkler": 0.0041454054947862255,
    "Fox.com/arresteddev": 0.0041454054947862255,
    "The Cockroach": 0.0041454054947862255,
    "Arrested Development bobbleheads": 0.0041454054947862255,
    "Seth Rogen": 0.0041454054947862255,
    "Transcript of Queen for a Day": 0.0041454054947862255,
    "Transcript of Burning Love": 0.0041454054947862255,
    "Transcript of Ready, Aim, Marry Me": 0.0041454054947862255,
    "Transcript of Hand to God": 0.0041454054947862255,
    "Transcript of Motherboy XXX": 0.0041454054947862255,
    "Transcript of Righteous Brothers": 0.0041454054947862255,
    "Transcript of Spring Breakout": 0.0041454054947862255,
    "Transcript of Meat the Veals": 0.0041454054947862255,
    "Transcript of The Cabin Show": 0.0041454054947862255
  },
  "hitsHubs": {
    "Main Page": 0.049340644606259476,
    "Arrested Development": 0.0,
    "Michael Bluth": 0.06837965736487467,
    "George Michael Bluth": 0.045680441807624525,
    "Michael": 0.008327935498164556,
    "George Bluth": 0.03474673393850209,
    "List of episodes": 0.020825513306202893,
    "Season One": 0.06555691727709331,
    "George Michael": 0.002269713406046908,
    "George": 0.0008006726779963912,
    "George Sr.": 0.0008006726779963912,
    "Season Two": 0.048539819275618484,
    "Season Three": 0.05833010891473254,
    "Development Arrested": 0.08931363918217827,
    "Pilot": 0.009128608176160949,
    "My Mother, the Car": 0.021927983863677804,
    "My Mother, The Car": 2.474379540515643e-24,
    "Lindsay": 0.0,
    "Tobias": 0.0,
    "Lindsay F\u00fcnke": 0.0,
    "The apartment": 0.0,
    "Lucille": 0.0,
    "Larry Mittleman": 0.0,
    "Lucille 2": 0.0,
    "Annyong": 0.0,
    "Ann": 0.0,
    "Banana Stand": 0.0,
    "Best Man for the GOB": 0.0,
    "Oscar": 0.0,
    "Kitty": 0.0,
    "The Model Home": 0.0,
    "Model House": 0.0,
    "George Bluth Sr.": 0.0008848283667141645,
    "My Mother the Car": 2.474379540515643e-24,
    "FOX": 0.0,
    "Home": 5.899380542077167e-31,
    "George, Sr.": 0.0008848283667141645,
    "Barry": 0.0,
    "Bluth Family": 0.0,
    "John Fortenberry": 0.02726935345573005,
    "Lemon grove": 0.01711464223022163,
    "Jeff Garlin": 0.028283953736708445,
    "Cookies scented spray": 1.4065219264214437e-37,
    "Gcheung28/Arrested Development's Return Date": 0.013251165885055672,
    "Mort": 0.0,
    "Hurwitz": 0.008099898191955553,
    "Tobias Funke": 0.0,
    "Los Mas Buscados de Mexico": 0.0008848283667141645,
    "Afternoon Deelite": 0.016695043581846706,
    "Reno": 0.024090877835917755,
    "Arrested Development Wiki": 5.899380542077167e-31,
    "Nichael Bluth": 0.008327935498164556,
    "Nichael": 0.008327935498164556,
    "Arrested Development Netflix Premiere": 1.4065219264214437e-37,
    "2013 Netflix Orange Carpet Season Four Premiere": 0.0,
    "James": 0.0,
    "Transcript of Good Grief": 0.003684481017671287,
    "Transcript of Afternoon Delight": 0.003684481017671287,
    "1x8": 2.474379540515643e-24,
    "1x01": 0.006508122310994148,
    "1x08": 2.474379540515643e-24,
    "3x13": 0.00891684111549377,
    "Peanut brittle": 0.0008848283667141645,
    "The Plumb Clinic": 0.008537242558194312,
    "Dr. Sandor Plumb": 0.008537242558194312,
    "Black Friday": 0.0008848283667141645,
    "Chareth Richter": 0.011053263849117357,
    "Freddie Wilson": 0.031588611286899576,
    "Austero Bluth Company": 0.008327935498164556,
    "Pete the mailman": 0.01724333981605643,
    "Mural": 0.024304429734173023,
    "Herb Zuckerkorn": 0.006690642168916112,
    "Mitchell Hurwitz": 0.0,
    "UnLead News": 0.009139476305730827,
    "John Beard's To Entrap a Local Predator: Orange County Edition: Super Creep": 0.0,
    "Max Winkler": 0.013251165885055672,
    "Fox.com/arresteddev": 0.03309025720702493,
    "The Cockroach": 0.02157910138322023,
    "Arrested Development bobbleheads": 0.011053263849117357,
    "Seth Rogen": 0.0008848283667141645,
    "Transcript of Queen for a Day": 0.006554879578462145,
    "Transcript of Burning Love": 0.014737744866788643,
    "Transcript of Ready, Aim, Marry Me": 0.01178437920962684,
    "Transcript of Hand to God": 0.01178437920962684,
    "Transcript of Motherboy XXX": 0.01178437920962684,
    "Transcript of Righteous Brothers": 0.014654777770417701,