{
  "numNodes": 164,
  "numEdges": 525,
  "selfLinks": 1,
  "numStrongComponents": 95,
  "numWeakComponents": 3,
  "sizeLargestStrong": 70,
  "sizeLargestWeak": 160,
  "radius": 4,
  "diameter": 7,
  "averageInDegree": 3.201219512195122,
  "averageOutDegree": 3.201219512195122,
  "maxOutDegree": 32,
  "maxInDegree": 21,
  "pageRank": {
    "WARFRAME Wiki": 0.0016341454306547318,
    "Main Page": 0.0008600669735079434,
    "Warframes": 0.04105858212713003,
    "Factions": 0.0018179913617885047,
    "Loki": 0.010212484029993299,
    "Mag": 0.005805188014402171,
    "Excalibur": 0.009455753153312022,
    "Rhino": 0.008406300963317459,
    "Neurodes": 0.014433806670292567,
    "Cronus": 0.010481102851803039,
    "Warframe": 0.01860105987956096,
    "Weapons": 0.015593595768026337,
    "Morphics": 0.014784007607022316,
    "Bronco": 0.0008600669735079434,
    "Artifact": 0.0010439129046417163,
    "Lato": 0.012542380277462923,
    "Lex": 0.002651275960565259,
    "Bolto": 0.009815366230157097,
    "Sicarus": 0.002651275960565259,
    "Furis": 0.0028533509946742186,
    "Snipetron": 0.0008600669735079434,
    "Latron": 0.0008600669735079434,
    "Aklato": 0.0008600669735079434,
    "Afuris": 0.0039384865309623615,
    "Strun": 0.002806400754038408,
    "Boar": 0.0008600669735079434,
    "Hek": 0.007521123539332052,
    "Gorgon": 0.002126058638306946,
    "Burston": 0.003545353772300343,
    "Braton": 0.005970088618943707,
    "MK1-Braton": 0.008649509514140384,
    "Resources": 0.022688848613989412,
    "Dual Skana": 0.0008600669735079434,
    "Skana": 0.10197847155255833,
    "Furax": 0.001848958456772561,
    "Heat Sword": 0.0011180931258902062,
    "Mercury": 0.011958537410946888,
    "Venus": 0.022856962175836215,
    "Earth": 0.00877143716363096,
    "Mars": 0.009410251221910696,
    "Jupiter": 0.012496983617354001,
    "Saturn": 0.008998681635411239,
    "Blueprints": 0.028855372208718137,
    "Pangolin Sword": 0.0008600669735079434,
    "Orokin Cell": 0.037776064599748575,
    "Hyena Pack": 0.0008600669735079434,
    "Mods 2.0": 0.0016341454306547318,
    "Styling:Planets": 0.0009890800496990748,
    "WARFRAME Wiki:Styling Guide": 0.0008600669735079434,
    "Jaw Sword": 0.0008600669735079434,
    "Lato Prime": 0.006504744390843791,
    "Skana Prime": 0.0008600669735079434,
    "Styling:Weapons": 0.0009890800496990748,
    "Styling:Warframes": 0.0009890800496990748,
    "Ceramic Dagger": 0.007837042146158968,
    "Plasma Sword": 0.007463711282605099,
    "Dark Dagger": 0.007746515049835002,
    "Credits": 0.024859893769674346,
    "Ash": 0.005051197258380203,
    "Ember": 0.0059830382936021794,
    "Trinity": 0.0101866875415855,
    "Volt": 0.012471384762179454,
    "Circuits": 0.007373769921921387,
    "Ferrite": 0.01633382226752531,
    "Nano Spores": 0.004876401732167514,
    "Polymer Bundle": 0.01825386959890734,
    "Salvage": 0.010375195604643794,
    "Alloy Plate": 0.01014664487596508,
    "Plastids": 0.008044114157994834,
    "Rubedo": 0.008969378084720847,
    "Control Module": 0.006631990952892094,
    "Gallium": 0.012038262819886927,
    "Neural Sensors": 0.009327235658287901,
    "Grineer": 0.00564897158457614,
    "Corpus": 0.005089030726589663,
    "Infested": 0.003499103572882116,
    "Neptune": 0.00970399793220862,
    "Fragor": 0.008956546408353899,
    "Scindo": 0.007690554743554896,
    "Uranus": 0.007596379043246127,
    "Pluto": 0.007597000786339514,
    "Styling:Using Templates": 0.0009890800496990748,
    "Jackal": 0.010364124063320091,
    "Platinum": 0.027172132669110723,
    "Mission": 0.0008600669735079434,
    "Orokin Catalyst": 0.01695990729979966,
    "Orokin Reactor": 0.01607566083108989,
    "Sol": 0.01088696090417738,
    "Excalibur Prime": 0.0008600669735079434,
    "Upgrades": 0.004238054652731126,
    "Captain Vor": 0.006500473183517663,
    "Dark Sword": 0.007746515049835001,
    "Color Picker Extension": 0.0016341454306547318,
    "Characters": 0.0010439129046417163,
    "General Sargas Ruk": 0.006496120007357056,
    "Lotus": 0.0025550219062569087,
    "Heat Dagger": 0.00968524441127028,
    "Hacking": 0.0016341454306547318,
    "Councilor Vay Hek": 0.011252087056595401,
    "The Sergeant": 0.0008600669735079434,
    "J3-Golem": 0.0008600669735079434,
    "Arn Etina": 0.002286396197155504,
    "Tyl Regor": 0.0033214040107976623,
    "Styling:Resources": 0.0009890800496990748,
    "Mastery Rank": 0.008334116186271485,
    "Styling:CraftedComponents": 0.0009890800496990748,
    "Login Rewards": 0.0016341454306547318,
    "Frost": 0.0016341454306547318,
    "Nyx": 0.0027049600898715505,
    "Dual Zoren": 0.0008600669735079434,
    "Boltor": 0.008949985159974876,
    "Akbolto": 0.0016341454306547318,
    "Blueprint": 0.0008600669735079434,
    "Infestation": 0.0008600669735079434,
    "Credit": 0.0008600669735079434,
    "Melee": 0.0008600669735079434,
    "Weapon": 0.0008600669735079434,
    "Mod": 0.0008600669735079434,
    "Sargas Ruk": 0.0008600669735079434,
    "Nano Spore": 0.0008600669735079434,
    "Polymer Bundles": 0.0008600669735079434,
    "Neurode": 0.0008600669735079434,
    "Colour Picker Extension": 0.0008600669735079434,
    "Faction": 0.0008600669735079434,
    "Login reward": 0.0008600669735079434,
    "Nano spores": 0.0008600669735079434,
    "Resource": 0.024047591503292862,
    "Rank": 0.0008600669735079434,
    "Infested Summer": 0.0008600669735079434,
    "Vay Hek Terra Frame": 0.0008600669735079434,
    "Brawler Bundle": 0.0008600669735079434,
    "Dragon Bundle": 0.0008600669735079434,
    "Gunslinger Bundle": 0.0008600669735079434,
    "Forged Artistry Bundle": 0.0008600669735079434,
    "Loki Ersatz Helmet": 0.0008600669735079434,
    "Loki Rogue Helmet": 0.0008600669735079434,
    "Trinity Messiah Helmet": 0.0008600669735079434,
    "Valkyr Cheetah Helmet": 0.0010535865877946405,
    "Atlas Telamon Helmet": 0.0012471062020813376,
    "Drac Chroma Helmet": 0.0010535865877946405,
    "Longhorn Mesa Helmet": 0.0010535865877946405,
    "Octavia Collection": 0.0008600669735079434,
    "Nemesis Complete Bundle": 0.0008600669735079434,
    "Update 12 Mega Bundle": 0.0008600669735079434,
    "Destreza Finesse Pack": 0.0008600669735079434,
    "Elytron Ultimatum Bundle": 0.0008600669735079434,
    "Forged Artistry Weapon Pack": 0.0008600669735079434,
    "Ictus Sentinel Pack": 0.0008600669735079434,
    "Itzal Raider Pack": 0.0008600669735079434,
    "Okina Master Pack": 0.0008600669735079434,
    "U12 Cosmetic Pack": 0.0008600669735079434,
    "Endura Collection": 0.0008600669735079434,
    "Harrow Collection": 0.0008600669735079434,
    "Nyx Ampulex Helmet": 0.0011180931258902062,
    "Saryn Belladonna Helmet": 0.0011180931258902062,
    "Trinity Ancyra Helmet": 0.0011180931258902062,
    "TennoGen Bundle I": 0.0008600669735079434,
    "TennoGen Bundle II": 0.0008600669735079434,
    "TennoGen Bundle III": 0.0008600669735079434,
    "TennoGen Bundle V": 0.0008600669735079434,
    "TennoGen Bundle VII": 0.0008600669735079434,
    "TennoGen Bundle VIII": 0.0008600669735079434,
    "TennoGen Bundle IX": 0.0008600669735079434,
    "TennoGen Bundle X": 0.0008600669735079434
  },
  "hitsHubs": {
    "WARFRAME Wiki": 0.005308122127227658,
    "Main Page": 9.011788254650384e-94,
    "Warframes": 0.006317044035300666,
    "Factions": 0.0002550341047445721,
    "Loki": 0.015626427772688554,
    "Mag": 0.015626427772688554,
    "Excalibur": 0.015626427772688554,
    "Rhino": 0.017372356693894524,
    "Neurodes": 0.014963923501905658,
    "Cronus": 0.011123872257106657,
    "Warframe": 0.00016207059884068141,
    "Weapons": 0.0024632473132668955,
    "Morphics": 0.0146967874963004,
    "Bronco": 0.00019088713251855564,
    "Artifact": 0.0,
    "Lato": 0.00019378636947571529,
    "Lex": 0.00019088713251855564,
    "Bolto": 0.010890308081434135,
    "Sicarus": 0.00019088713251855564,
    "Furis": 0.00019088713251855564,
    "Snipetron": 0.00019088713251855564,
    "Latron": 0.00019088713251855564,