{
  "numNodes": 57,
  "numEdges": 50,
  "selfLinks": 0,
  "numStrongComponents": 57,
  "numWeakComponents": 9,
  "sizeLargestStrong": 1,
  "sizeLargestWeak": 31,
  "radius": 0,
  "diameter": 0,
  "averageInDegree": 0.8771929824561403,
  "averageOutDegree": 0.8771929824561403,
  "maxOutDegree": 6,
  "maxInDegree": 5,
  "pageRank": {
    "Code Geass Wiki": 0.03642884377867141,
    "Knightmare Frame": 0.049294127635786555,
    "Lelouch vi Britannia": 0.03733640826436062,
    "C.C.": 0.03733640826436062,
    "Suzaku Kururugi": 0.03953171918223904,
    "Nunnally vi Britannia": 0.028254673175080014,
    "Kallen K\u014dzuki": 0.01917293808579941,
    "Rolo Lamperouge": 0.01917293808579941,
    "Euphemia li Britannia": 0.04021239254650595,
    "Cornelia li Britannia": 0.031130657457225347,
    "Clovis la Britannia": 0.03869096499177225,
    "Charles zi Britannia": 0.03733640826436062,
    "Marianne vi Britannia": 0.029609229902491645,
    "Anya Alstreim": 0.028254673175080014,
    "World of Code Geass": 0.01917293808579941,
    "C.C": 0.010091202996518805,
    "Knightmare": 0.010091202996518805,
    "Rolo": 0.010091202996518805,
    "Knightmare frame": 0.010091202996518805,
    "Suzaku": 0.010091202996518805,
    "Knightmare Frames": 0.010091202996518805,
    "Anya Earlstreim": 0.010091202996518805,
    "Kyoto House": 0.011907550014374926,
    "Anya": 0.010091202996518805,
    "Charles Di Britannia": 0.010091202996518805,
    "Cornelia Li Britannia": 0.010091202996518805,
    "Clovis La Britannia": 0.0184922647215325,
    "Euphemia Li Britannia": 0.010091202996518805,
    "Marianne Vi Britannia": 0.0184922647215325,
    "Nunnally Vi Britannia": 0.010091202996518805,
    "The Messenger from Kyoto": 0.011907550014374926,
    "Knightmares": 0.010091202996518805,
    "Energy Filler": 0.011907550014374926,
    "Yggdrasil Drive": 0.011907550014374926,
    "Emperor of Britannia": 0.010091202996518805,
    "C2": 0.010091202996518805,
    "Kallen Kouzuki": 0.010091202996518805,
    "CC": 0.010091202996518805,
    "Chinese Federation": 0.01917293808579941,
    "Lulu": 0.010091202996518805,
    "Lelouche": 0.010091202996518805,
    "Spinzaku": 0.010091202996518805,
    "The Black Knights": 0.011907550014374926,
    "Charles": 0.010091202996518805,
    "Code Geass:No page": 0.01917293808579941,
    "CG:NOPAGE": 0.010091202996518805,
    "Britannian Shuttle": 0.010091202996518805,
    "Burai Special Weapons B-Type": 0.010091202996518805,
    "Setting": 0.010091202996518805,
    "Euphy": 0.010091202996518805,
    "Code Geass": 0.05127802752952796,
    "Main Page": 0.010091202996518805,
    "Letizia Scifoni": 0.010091202996518805,
    "Yamato Alliance": 0.010091202996518805,
    "Yukimaro Sawazaki": 0.010091202996518805,
    "Stefano Onofri": 0.010091202996518805,
    "Veronica Puccio": 0.010091202996518805
  },
  "hitsHubs": {
    "Code Geass Wiki": 0.010118848857441343,
    "Knightmare Frame": 0.0,
    "Lelouch vi Britannia": 0.0,
    "C.C.": 0.0,
    "Suzaku Kururugi": 0.0,
    "Nunnally vi Britannia": 0.0,
    "Kallen K\u014dzuki": 0.0,
    "Rolo Lamperouge": 0.0,
    "Euphemia li Britannia": 0.0,
    "Cornelia li Britannia": 0.0,
    "Clovis la Britannia": 0.0,
    "Charles zi Britannia": 0.07855491859150839,
    "Marianne vi Britannia": 0.0,
    "Anya Alstreim": 0.0,
    "World of Code Geass": 0.26304052315734505,
    "C.C": 3.9295880654395974e-16,
    "Knightmare": 0.05522317825992072,
    "Rolo": 6.3619189187697355e-31,
    "Knightmare frame": 0.05522317825992072,
    "Suzaku": 0.05050776081047663,
    "Knightmare Frames": 0.05522317825992072,
    "Anya Earlstreim": 1.3662116847959847e-21,
    "Kyoto House": 0.0,
    "Anya": 1.3662116847959847e-21,
    "Charles Di Britannia": 3.9295880654395974e-16,
    "Cornelia Li Britannia": 0.038892754987059276,
    "Clovis La Britannia": 0.038892754987059276,
    "Euphemia Li Britannia": 0.04564118885475009,
    "Marianne Vi Britannia": 0.03388288525807904,
    "Nunnally Vi Britannia": 1.3662116847959847e-21,
    "The Messenger from Kyoto": 0.0,
    "Knightmares": 0.05522317825992072,
    "Energy Filler": 0.0,
    "Yggdrasil Drive": 0.0,
    "Emperor of Britannia": 3.9295880654395974e-16,
    "C2": 3.9295880654395974e-16,
    "Kallen Kouzuki": 6.3619189187697355e-31,
    "CC": 3.9295880654395974e-16,
    "Chinese Federation": 0.0,
    "Lulu": 3.9295880654395974e-16,
    "Lelouche": 3.9295880654395974e-16,
    "Spinzaku": 0.05050776081047663,
    "The Black Knights": 0.0,
    "Charles": 3.9295880654395974e-16,
    "Code Geass:No page": 1.3662116847959847e-21,
    "CG:NOPAGE": 6.3619189187697355e-31,
    "Britannian Shuttle": 3.9295880654395974e-16,
    "Burai Special Weapons B-Type": 2.962499353461777e-09,
    "Setting": 6.3619189187697355e-31,
    "Euphy": 0.04564118885475009,
    "Code Geass": 0.0,
    "Main Page": 1.3662116847959847e-21,
    "Letizia Scifoni": 0.04564118885475009,
    "Yamato Alliance": 0.038892754987059276,
    "Yukimaro Sawazaki": 6.3619189187697355e-31,
    "Stefano Onofri": 0.038892754987059276,
    "Veronica Puccio": 1.3662116847959847e-21
  },
  "hitsAuths": {
    "Code Geass Wiki": 4.693471281530463e-21,
    "Knightmare Frame": 0.18971320778630268,
    "Lelouch vi Britannia": 1.3499671345688818e-15,
    "C.C.": 1.3499671345688818e-15,
    "Suzaku Kururugi": 0.17351390527287236,
    "Nunnally vi Britannia": 4.693471281530463e-21,
    "Kallen K\u014dzuki": 2.18556787889938e-30,
    "Rolo Lamperouge": 2.18556787889938e-30,
    "Euphemia li Britannia": 0.15679532793387463,
    "Cornelia li Britannia": 0.13361181918058493,
    "Clovis la Britannia": 0.13361181918058493,
    "Charles zi Britannia": 1.3499671345688818e-15,
    "Marianne vi Britannia": 0.11640095796570021,
    "Anya Alstreim": 4.693471281530463e-21,
    "World of Code Geass": 2.18556787889938e-30,
    "C.C": 0.0,
    "Knightmare": 0.0,
    "Rolo": 0.0,
    "Knightmare frame": 0.0,
    "Suzaku": 0.0,
    "Knightmare Frames": 0.0,
    "Anya Earlstreim": 0.0,
    "Kyoto House": 2.035468703973462e-09,
    "Anya": 0.0,
    "Charles Di Britannia": 0.0,
    "Cornelia Li Britannia": 0.0,
    "Clovis La Britannia": 0.030795375268600256,
    "Euphemia Li Britannia": 0.0,
    "Marianne Vi Britannia": 0.030795375268600256,
    "Nunnally Vi Britannia": 0.0,
    "The Messenger from Kyoto": 2.035468703973462e-09,
    "Knightmares": 0.0,
    "Energy Filler": 2.035468703973462e-09,
    "Yggdrasil Drive": 2.035468703973462e-09,
    "Emperor of Britannia": 0.0,
    "C2": 0.0,
    "Kallen Kouzuki": 0.0,
    "CC": 0.0,
    "Chinese Federation": 2.18556787889938e-30,
    "Lulu": 0.0,
    "Lelouche": 0.0,
    "Spinzaku": 0.0,
    "The Black Knights": 2.035468703973462e-09,
    "Charles": 0.0,
    "Code Geass:No page": 2.18556787889938e-30,
    "CG:NOPAGE": 0.0,
    "Britannian Shuttle": 0.0,
    "Burai Special Weapons B-Type": 0.0,
    "Setting": 0.0,
    "Euphy": 0.0,
    "Code Geass": 0.034762201965532376,
    "Main Page": 0.0,
    "Letizia Scifoni": 0.0,
    "Yamato Alliance": 0.0,
    "Yukimaro Sawazaki": 0.0,
    "Stefano Onofri": 0.0,
    "Veronica Puccio": 0.0
  },
  "averagePathLength": 0
}