{
  "numNodes": 34,
  "numEdges": 25,
  "selfLinks": 0,
  "numStrongComponents": 34,
  "numWeakComponents": 9,
  "sizeLargestStrong": 1,
  "sizeLargestWeak": 6,
  "radius": 0,
  "diameter": 0,
  "averageInDegree": 0.7352941176470589,
  "averageOutDegree": 0.7352941176470589,
  "maxOutDegree": 5,
  "maxInDegree": 4,
  "pageRank": {
    "Code Geass Wiki": 0.06439652727457883,
    "Knightmare Frame": 0.08205556112984028,
    "Lelouch vi Britannia": 0.066001291992702,
    "C.C.": 0.066001291992702,
    "Suzaku Kururugi": 0.04994702285556371,
    "Nunnally vi Britannia": 0.04994702285556371,
    "Kallen K\u014dzuki": 0.03389275371842542,
    "C.C": 0.017838484581287135,
    "Knightmare": 0.017838484581287135,
    "Knightmare frame": 0.017838484581287135,
    "Suzaku": 0.017838484581287135,
    "Knightmare Frames": 0.017838484581287135,
    "Kyoto House": 0.021049338408714792,
    "Nunnally Vi Britannia": 0.017838484581287135,
    "The Messenger from Kyoto": 0.021049338408714792,
    "Knightmares": 0.017838484581287135,
    "Energy Filler": 0.021049338408714792,
    "Yggdrasil Drive": 0.021049338408714792,
    "C2": 0.017838484581287135,
    "Kallen Kouzuki": 0.017838484581287135,
    "CC": 0.017838484581287135,
    "Chinese Federation": 0.03389275371842542,
    "Lulu": 0.017838484581287135,
    "Lelouche": 0.017838484581287135,
    "Spinzaku": 0.017838484581287135,
    "The Black Knights": 0.021049338408714792,
    "Code Geass:No page": 0.03389275371842542,
    "CG:NOPAGE": 0.017838484581287135,
    "Britannian Shuttle": 0.017838484581287135,
    "Burai Special Weapons B-Type": 0.017838484581287135,
    "Code Geass": 0.07579512165574383,
    "Main Page": 0.017838484581287135,
    "Yukimaro Sawazaki": 0.017838484581287135,
    "Veronica Puccio": 0.017838484581287135
  },
  "hitsHubs": {
    "Code Geass Wiki": 9.671406206956976e-59,
    "Knightmare Frame": 0.0,
    "Lelouch vi Britannia": 0.0,
    "C.C.": 0.0,
    "Suzaku Kururugi": 0.0,
    "Nunnally vi Britannia": 0.0,
    "Kallen K\u014dzuki": 0.0,
    "C.C": 3.8597019216505624e-19,
    "Knightmare": 9.046256644326322e-09,
    "Knightmare frame": 9.046256644326322e-09,
    "Suzaku": 9.35361014045718e-34,
    "Knightmare Frames": 9.046256644326322e-09,
    "Kyoto House": 0.0,
    "Nunnally Vi Britannia": 9.35361014045718e-34,
    "The Messenger from Kyoto": 0.0,
    "Knightmares": 9.046256644326322e-09,
    "Energy Filler": 0.0,
    "Yggdrasil Drive": 0.0,
    "C2": 3.8597019216505624e-19,
    "Kallen Kouzuki": 9.671406206956976e-59,
    "CC": 3.8597019216505624e-19,
    "Chinese Federation": 0.0,
    "Lulu": 3.8597019216505624e-19,
    "Lelouche": 3.8597019216505624e-19,
    "Spinzaku": 9.35361014045718e-34,
    "The Black Knights": 0.0,
    "Code Geass:No page": 9.35361014045718e-34,
    "CG:NOPAGE": 9.671406206956976e-59,
    "Britannian Shuttle": 3.8597019216505624e-19,
    "Burai Special Weapons B-Type": 0.9999999638149735,
    "Code Geass": 0.0,
    "Main Page": 9.35361014045718e-34,
    "Yukimaro Sawazaki": 9.671406206956976e-59,
    "Veronica Puccio": 9.35361014045718e-34
  },
  "hitsAuths": {
    "Code Geass Wiki": 9.353610394302658e-34,
    "Knightmare Frame": 9.046256889830605e-09,
    "Lelouch vi Britannia": 3.859702026398127e-19,
    "C.C.": 3.859702026398127e-19,
    "Suzaku Kururugi": 9.353610394302658e-34,
    "Nunnally vi Britannia": 9.353610394302658e-34,
    "Kallen K\u014dzuki": 9.67140646942705e-59,
    "C.C": 0.0,
    "Knightmare": 0.0,
    "Knightmare frame": 0.0,
    "Suzaku": 0.0,
    "Knightmare Frames": 0.0,
    "Kyoto House": 0.1999999981907486,
    "Nunnally Vi Britannia": 0.0,
    "The Messenger from Kyoto": 0.1999999981907486,
    "Knightmares": 0.0,
    "Energy Filler": 0.1999999981907486,
    "Yggdrasil Drive": 0.1999999981907486,
    "C2": 0.0,
    "Kallen Kouzuki": 0.0,
    "CC": 0.0,
    "Chinese Federation": 9.67140646942705e-59,
    "Lulu": 0.0,
    "Lelouche": 0.0,
    "Spinzaku": 0.0,
    "The Black Knights": 0.1999999981907486,
    "Code Geass:No page": 9.67140646942705e-59,
    "CG:NOPAGE": 0.0,
    "Britannian Shuttle": 0.0,
    "Burai Special Weapons B-Type": 0.0,
    "Code Geass": 9.67140646942705e-59,
    "Main Page": 0.0,
    "Yukimaro Sawazaki": 0.0,
    "Veronica Puccio": 0.0
  },
  "averagePathLength": 0
}