{
  "numNodes": 84,
  "numEdges": 61,
  "selfLinks": 0,
  "numStrongComponents": 69,
  "numWeakComponents": 39,
  "sizeLargestStrong": 2,
  "sizeLargestWeak": 4,
  "radius": 1,
  "diameter": 1,
  "averageInDegree": 0.7261904761904762,
  "averageOutDegree": 0.7261904761904762,
  "maxOutDegree": 2,
  "maxInDegree": 3,
  "pageRank": {
    "Lyrics:The Night Santa Went Crazy (Extra Gory Version)": 0.002671777064072861,
    "Weird Al": 0.005076376428202761,
    "Lyrics:Eat It": 0.002671777064072861,
    "Lyrics:Confessions Part III": 0.002671777064072861,
    "Lyrics:Polka Your Eyes Out": 0.002671777064072861,
    "Lyrics:I Think I'm A Clone Now": 0.002671777064072861,
    "Lyrics:Weasel Stomping Day": 0.002671777064072861,
    "Lyrics:Stuck In A Closet With Vanna White": 0.002671777064072861,
    "Lyrics:Attack Of The Radioactive Hamsters From A Planet Near Mars": 0.005076376428202761,
    "Lyrics:Beverly Hillbillies/Miss You": 0.002671777064072861,
    "Lyrics:Polkamon": 0.002671777064072861,
    "Lyrics:Yoda Chant": 0.002671777064072861,
    "Song:Confessions Part III": 0.005076376428202761,
    "Song:Polkamon": 0.005076376428202761,
    "Song:Eat It": 0.005076376428202761,
    "Song:Stuck In A Closet With Vanna White": 0.005076376428202761,
    "Song:The Night Santa Went Crazy (Extra Gory Version)": 0.005076376428202761,
    "Song:Weasel Stomping Day": 0.005076376428202761,
    "Song:Yoda Chant": 0.005076376428202761,
    "Song:Attack Of The Radioactive Hamsters From A Planet Near Mars": 0.0072405158642577985,
    "Song:Beverly Hillbillies/Miss You": 0.005076376428202761,
    "Song:I Think I'm A Clone Now": 0.005076376428202761,
    "Song:Polka Your Eyes Out": 0.005076376428202761,
    "Lyrics:Doctor": 0.002671777064072861,
    "Theme from Rocky XIII": 0.002671777064072861,
    "Christmas At Ground Zero (Alternate Mix)": 0.02671777041771925,
    "Lyrics:Christmas At Ground Zero (Alternate Mix)": 0.02671777041771925,
    "Lyrics:Fun Zone": 0.005076376428202761,
    "Lyrics:Stanley Spadowski's Theme": 0.002671777064072861,
    "Al's Band (Instrumental)": 0.005076376428202761,
    "Lyrics:Money For Nothing/Beverly Hillbillies": 0.002671777064072861,
    "Rick Derringer": 0.002671777064072861,
    "Hit Me With A Rock": 0.02671777041771925,
    "Lyrics:Hit Me With A Rock": 0.02671777041771925,
    "Poodle Hat": 0.005076376428202761,
    "Album:Another One Rides the Bus": 0.002671777064072861,
    "Album:Placebo": 0.002671777064072861,
    "Spy Hard (Instrumental)": 0.004857776496683366,
    "Spy Hard (Orchestral)": 0.004857776496683366,
    "The Ballad Of Kent Marlow": 0.02671777041771925,
    "Lyrics:The Ballad Of Kent Marlow": 0.02671777041771925,
    "Lyrics:Al's Band (Instrumental)": 0.002671777064072861,
    "I Feel Like Throwin' Up": 0.039354102408528865,
    "Lyrics:I Feel Like Throwin' Up": 0.03812743178055603,
    "Feel Like Throwing Up": 0.002671777064072861,
    "Doctor": 0.005076376428202761,
    "My Bologna (food medley)": 0.02671777041771925,
    "Lyrics:My Bologna (food medley)": 0.02671777041771925,
    "Alligator": 0.02671777041771925,
    "Lyrics:Alligator": 0.02671777041771925,
    "Song:Theme from Rocky XIII": 0.002671777064072861,
    "Song:Spy Hard": 0.007043775929293871,
    "Theme from Rocky XIII (song)": 0.002671777064072861,
    "Internet Leaks": 0.002671777064072861,
    "Snails": 0.02671777041771925,
    "Lyrics:Snails": 0.02671777041771925,
    "Don't You Forget About Meat": 0.02671777041771925,
    "Lyrics:Don't You Forget About Meat": 0.02671777041771925,
    "Lyrics:Attack Of The Radioactive Hamsters...": 0.002671777064072861,
    "UHF (film)": 0.002671777064072861,
    "Pigeons": 0.02671777041771925,
    "Lyrics:Pigeons": 0.02671777041771925,
    "Lyrics:Perform This Way": 0.005076376428202761,
    "Lyrics:Song:Perform This Way": 0.002671777064072861,
    "My Home Movies": 0.002671777064072861,
    "Lyrics:Ebay": 0.002671777064072861,
    "Leisure Suit Serenade": 0.02671777041771925,
    "Lyrics:Leisure Suit Serenade": 0.02671777041771925,
    "Money For Nothing/Beverly Hillbillies": 0.005076376428202761,
    "Album:Internet Leaks": 0.005076376428202761,
    "Album:Another One Rides The Bus": 0.007480975792332661,
    "Studio Albums": 0.002671777064072861,
    "Lyrics:EBay": 0.005076376428202761,
    "Studio Albums (info)": 0.005076376428202761,
    "Vulture": 0.02671777041771925,
    "Unicorn": 0.02671777041771925,
    "Poodle": 0.02671777041771925,
    "Finale": 0.02671777041771925,
    "Lyrics:Vulture": 0.02671777041771925,
    "Lyrics:Unicorn": 0.02671777041771925,
    "Lyrics:Poodle": 0.02671777041771925,
    "Lyrics:Finale": 0.02671777041771925,
    "Theme From Rocky XIII": 0.009885575156462562,
    "UHF Movie": 0.005076376428202761
  },
  "hitsHubs": {
    "Lyrics:The Night Santa Went Crazy (Extra Gory Version)": 2.50732001729922e-24,
    "Weird Al": 0.0,
    "Lyrics:Eat It": 2.50732001729922e-24,
    "Lyrics:Confessions Part III": 2.50732001729922e-24,
    "Lyrics:Polka Your Eyes Out": 2.50732001729922e-24,
    "Lyrics:I Think I'm A Clone Now": 2.50732001729922e-24,
    "Lyrics:Weasel Stomping Day": 2.50732001729922e-24,
    "Lyrics:Stuck In A Closet With Vanna White": 2.50732001729922e-24,
    "Lyrics:Attack Of The Radioactive Hamsters From A Planet Near Mars": 2.50732001729922e-24,
    "Lyrics:Beverly Hillbillies/Miss You": 2.50732001729922e-24,
    "Lyrics:Polkamon": 2.50732001729922e-24,
    "Lyrics:Yoda Chant": 2.50732001729922e-24,
    "Song:Confessions Part III": 0.0,
    "Song:Polkamon": 0.0,
    "Song:Eat It": 0.0,
    "Song:Stuck In A Closet With Vanna White": 0.0,
    "Song:The Night Santa Went Crazy (Extra Gory Version)": 0.0,
    "Song:Weasel Stomping Day": 0.0,
    "Song:Yoda Chant": 0.0,
    "Song:Attack Of The Radioactive Hamsters From A Planet Near Mars": 0.0,
    "Song:Beverly Hillbillies/Miss You": 0.0,
    "Song:I Think I'm A Clone Now": 0.0,
    "Song:Polka Your Eyes Out": 0.0,
    "Lyrics:Doctor": 2.50732001729922e-24,
    "Theme from Rocky XIII": 0.19999999943540175,
    "Christmas At Ground Zero (Alternate Mix)": 2.50732001729922e-24,
    "Lyrics:Christmas At Ground Zero (Alternate Mix)": 2.50732001729922e-24,
    "Lyrics:Fun Zone": 0.0,
    "Lyrics:Stanley Spadowski's Theme": 2.50732001729922e-24,
    "Al's Band (Instrumental)": 0.0,
    "Lyrics:Money For Nothing/Beverly Hillbillies": 2.50732001729922e-24,
    "Rick Derringer": 2.50732001729922e-24,
    "Hit Me With A Rock": 2.50732001729922e-24,
    "Lyrics:Hit Me With A Rock": 2.50732001729922e-24,
    "Poodle Hat": 0.0,
    "Album:Another One Rides the Bus": 7.057478434754596e-10,
    "Album:Placebo": 7.057478434754596e-10,
    "Spy Hard (Instrumental)": 0.19999999943540175,
    "Spy Hard (Orchestral)": 0.19999999943540175,
    "The Ballad Of Kent Marlow": 2.50732001729922e-24,
    "Lyrics:The Ballad Of Kent Marlow": 2.50732001729922e-24,
    "Lyrics:Al's Band (Instrumental)": 2.50732001729922e-24,
    "I Feel Like Throwin' Up": 2.50732001729922e-24,
    "Lyrics:I Feel Like Throwin' Up": 7.057478434754596e-10,
    "Feel Like Throwing Up": 7.057478434754596e-10,
    "Doctor": 0.0,
    "My Bologna (food medley)": 2.50732001729922e-24,
    "Lyrics:My Bologna (food medley)": 2.50732001729922e-24,
    "Alligator": 2.50732001729922e-24,
    "Lyrics:Alligator": 2.50732001729922e-24,
    "Song:Theme from Rocky XIII": 0.19999999943540175,
    "Song:Spy Hard": 0.0,
    "Theme from Rocky XIII (song)": 0.19999999943540175,
    "Internet Leaks": 2.50732001729922e-24,
    "Snails": 2.50732001729922e-24,
    "Lyrics:Snails": 2.50732001729922e-24,
    "Don't You Forget About Meat": 2.50732001729922e-24,
    "Lyrics:Don't You Forget About Meat": 2.50732001729922e-24,
    "Lyrics:Attack Of The Radioactive Hamsters...": 2.50732001729922e-24,
    "UHF (film)": 2.50732001729922e-24,
    "Pigeons": 2.50732001729922e-24,
    "Lyrics:Pigeons": 2.50732001729922e-24,
    "Lyrics:Perform This Way": 0.0,
    "Lyrics:Song:Perform This Way": 2.50732001729922e-24,