{
  "numNodes": 19,
  "numEdges": 32,
  "selfLinks": 2,
  "numStrongComponents": 15,
  "numWeakComponents": 1,
  "sizeLargestStrong": 3,
  "sizeLargestWeak": 19,
  "radius": 2,
  "diameter": 2,
  "averageInDegree": 1.6842105263157894,
  "averageOutDegree": 1.6842105263157894,
  "maxOutDegree": 6,
  "maxInDegree": 5,
  "pageRank": {
    "Airbenders": 0.029269974867320317,
    "Waterbenders": 0.03756665458661191,
    "Earthbenders": 0.029269974867320317,
    "Avatar": 0.03703303288649412,
    "Airbender": 0.015804359121053164,
    "Earthbender": 0.01718713907426843,
    "Waterbender": 0.015804359121053164,
    "Firebender": 0.024101038840344757,
    "Flopsie": 0.0106011971277674,
    "Kanna": 0.009218417174552134,
    "Sokka": 0.321291713618745,
    "Katara": 0.32129171361874487,
    "Aang": 0.02936779358400998,
    "Waterbending": 0.009218417174552134,
    "The Avatar Returns": 0.011983977080982665,
    "The Southern Air Temple": 0.05333498573252309,
    "The King of Omashu": 0.009218417174552134,
    "Winter Solstice, Part 1: The Spirit World": 0.009218417174552134,
    "Zuko": 0.009218417174552134
  },
  "hitsHubs": {
    "Airbenders": 0.031556769408334504,
    "Waterbenders": 8.810720361606033e-10,
    "Earthbenders": 8.810720361606033e-10,
    "Avatar": 2.019714757238012e-24,
    "Airbender": 0.0,
    "Earthbender": 0.0,
    "Waterbender": 0.0,
    "Firebender": 0.0,
    "Flopsie": 0.0,
    "Kanna": 0.15345889058328097,
    "Sokka": 0.07052490973720946,
    "Katara": 0.07052490973720946,
    "Aang": 0.022983760732146717,
    "Waterbending": 3.2800666351719424e-10,
    "The Avatar Returns": 2.019714757238012e-24,
    "The Southern Air Temple": 0.19346283686804494,
    "The King of Omashu": 0.26124882947901806,
    "Winter Solstice, Part 1: The Spirit World": 0.19346283686804494,
    "Zuko": 0.002776254496560154
  },
  "hitsAuths": {
    "Airbenders": 9.822226676442242e-10,
    "Waterbenders": 1.1650542448719307e-09,
    "Earthbenders": 9.822226676442242e-10,
    "Avatar": 0.08163653663915472,
    "Airbender": 0.00906365227191962,
    "Earthbender": 0.08409885363237997,
    "Waterbender": 0.00906365227191962,
    "Firebender": 0.009861040783071283,
    "Flopsie": 0.07503520136046032,
    "Kanna": 0.0,
    "Sokka": 0.2504990129697121,
    "Katara": 0.2504990129697121,
    "Aang": 0.18616697522606687,
    "Waterbending": 0.0,
    "The Avatar Returns": 0.044076058746103826,
    "The Southern Air Temple": 7.173870268727872e-24,
    "The King of Omashu": 0.0,
    "Winter Solstice, Part 1: The Spirit World": 0.0,
    "Zuko": 0.0
  },
  "averagePathLength": 0.30116959064327486
}