{
  "numNodes": 21,
  "numEdges": 35,
  "selfLinks": 2,
  "numStrongComponents": 15,
  "numWeakComponents": 1,
  "sizeLargestStrong": 5,
  "sizeLargestWeak": 21,
  "radius": 2,
  "diameter": 4,
  "averageInDegree": 1.6666666666666667,
  "averageOutDegree": 1.6666666666666667,
  "maxOutDegree": 7,
  "maxInDegree": 5,
  "pageRank": {
    "Airbenders": 0.027510019472540906,
    "Waterbenders": 0.035307875551058625,
    "Earthbenders": 0.027510019472540906,
    "Avatar": 0.03942097799739245,
    "Airbender": 0.014854092408679496,
    "Earthbender": 0.018323192807014728,
    "Waterbender": 0.014854092408679496,
    "Firebender": 0.018753020447938355,
    "Flopsie": 0.012133273997452239,
    "Kanna": 0.008664173599117005,
    "Sokka": 0.30314293095186434,
    "Katara": 0.3031429309518644,
    "Aang": 0.030318822722488845,
    "Waterbending": 0.008664173599117005,
    "The Avatar Returns": 0.008664173599117005,
    "The Southern Air Temple": 0.051942024641603,
    "The Warriors of Kyoshi": 0.02035150892538885,
    "The King of Omashu": 0.026981075250455934,
    "Imprisoned": 0.012133273997452239,
    "Winter Solstice, Part 1: The Spirit World": 0.008664173599117005,
    "Zuko": 0.008664173599117005
  },
  "hitsHubs": {
    "Airbenders": 0.035356097660712286,
    "Waterbenders": 6.3223642283278e-10,
    "Earthbenders": 6.3223642283278e-10,
    "Avatar": 1.4712552412367024e-23,
    "Airbender": 0.0,
    "Earthbender": 0.0,
    "Waterbender": 0.0,
    "Firebender": 0.0,
    "Flopsie": 0.0,
    "Kanna": 0.12508869200413988,
    "Sokka": 0.06254434600206994,
    "Katara": 0.06254434600206994,
    "Aang": 0.021641929642229052,
    "Waterbending": 2.3536981211105536e-10,
    "The Avatar Returns": 1.4712552412367024e-23,
    "The Southern Air Temple": 0.19259312406990478,
    "The Warriors of Kyoshi": 1.096170575348066e-31,
    "The King of Omashu": 0.26222310298817353,
    "Imprisoned": 0.0,
    "Winter Solstice, Part 1: The Spirit World": 0.17790978388505008,
    "Zuko": 0.060098576245808034
  },
  "hitsAuths": {
    "Airbenders": 6.852569366080545e-10,
    "Waterbenders": 8.128111161779133e-10,
    "Earthbenders": 6.852569366080545e-10,
    "Avatar": 0.07473686124388854,
    "Airbender": 0.00930866243198186,
    "Earthbender": 0.07834756969494622,
    "Waterbender": 0.00930866243198186,
    "Firebender": 0.025131600932786307,
    "Flopsie": 0.06903890726296436,
    "Kanna": 0.0,
    "Sokka": 0.2159866604327899,
    "Katara": 0.2159866604327899,
    "Aang": 0.1824089940183205,
    "Waterbending": 0.0,
    "The Avatar Returns": 0.0,
    "The Southern Air Temple": 5.0807391316944496e-23,
    "The Warriors of Kyoshi": 0.05070651167126119,
    "The King of Omashu": 3.7854456392634285e-31,
    "Imprisoned": 0.06903890726296436,
    "Winter Solstice, Part 1: The Spirit World": 0.0,
    "Zuko": 0.0
  },
  "averagePathLength": 0.5976190476190476
}