{
  "numNodes": 20,
  "numEdges": 35,
  "selfLinks": 2,
  "numStrongComponents": 14,
  "numWeakComponents": 1,
  "sizeLargestStrong": 6,
  "sizeLargestWeak": 20,
  "radius": 2,
  "diameter": 3,
  "averageInDegree": 1.75,
  "averageOutDegree": 1.75,
  "maxOutDegree": 4,
  "maxInDegree": 6,
  "pageRank": {
    "Airbenders": 0.032544144514221926,
    "Waterbenders": 0.041768676573240245,
    "Earthbenders": 0.032544144514221926,
    "Avatar": 0.10033401873914052,
    "Airbender": 0.017572074621421182,
    "Earthbender": 0.017572074621421182,
    "Waterbender": 0.017572074621421182,
    "Firebender": 0.02218434065093034,
    "Kanna": 0.01024929034656872,
    "Sokka": 0.15536985059491357,
    "Katara": 0.20392455581770358,
    "Aang": 0.09636184388861042,
    "Waterbending": 0.01024929034656872,
    "The Avatar Returns": 0.04034906568432525,
    "The Southern Air Temple": 0.07666286772904496,
    "The Warriors of Kyoshi": 0.02749823681540329,
    "The King of Omashu": 0.034997630404404546,
    "Imprisoned": 0.04174723882330111,
    "Winter Solstice, Part 1: The Spirit World": 0.01024929034656872,
    "Zuko": 0.01024929034656872
  },
  "hitsHubs": {
    "Airbenders": 0.006108423026181395,
    "Waterbenders": 5.053368514590852e-10,
    "Earthbenders": 5.053368514590852e-10,
    "Avatar": 0.08660485134186065,
    "Airbender": 0.0,
    "Earthbender": 0.0,
    "Waterbender": 0.0,
    "Firebender": 0.0,
    "Kanna": 0.12968552067619105,
    "Sokka": 0.05787701123987337,
    "Katara": 0.14162051533422323,
    "Aang": 0.15384979310860375,
    "Waterbending": 1.881274717577856e-10,
    "The Avatar Returns": 0.007713588877591166,
    "The Southern Air Temple": 0.190949569140951,
    "The Warriors of Kyoshi": 3.386060988182015e-34,
    "The King of Omashu": 3.386060988182015e-34,
    "Imprisoned": 0.0,
    "Winter Solstice, Part 1: The Spirit World": 0.17533325414168394,
    "Zuko": 0.050257471914039335
  },
  "hitsAuths": {
    "Airbenders": 6.720007878177345e-10,
    "Waterbenders": 7.970874590810377e-10,
    "Earthbenders": 6.720007878177345e-10,
    "Avatar": 0.1023829126800387,
    "Airbender": 0.0021166192454319865,
    "Earthbender": 0.0021166192454319865,
    "Waterbender": 0.0021166192454319865,
    "Firebender": 0.01953125012869362,
    "Kanna": 0.0,
    "Sokka": 0.30424935705660644,
    "Katara": 0.24522223892846273,
    "Aang": 0.1934073505631555,
    "Waterbending": 0.0,
    "The Avatar Returns": 0.030009299341551377,
    "The Southern Air Temple": 0.03268212186868155,
    "The Warriors of Kyoshi": 0.06616560955542503,
    "The King of Omashu": 1.4346584920029006e-33,
    "Imprisoned": 1.4346584920029006e-33,
    "Winter Solstice, Part 1: The Spirit World": 0.0,
    "Zuko": 0.0
  },
  "averagePathLength": 0.631578947368421
}