{
  "numNodes": 20,
  "numEdges": 33,
  "selfLinks": 2,
  "numStrongComponents": 15,
  "numWeakComponents": 1,
  "sizeLargestStrong": 5,
  "sizeLargestWeak": 20,
  "radius": 2,
  "diameter": 3,
  "averageInDegree": 1.65,
  "averageOutDegree": 1.65,
  "maxOutDegree": 4,
  "maxInDegree": 5,
  "pageRank": {
    "Airbenders": 0.034068260379250606,
    "Waterbenders": 0.04372475637310645,
    "Earthbenders": 0.034068260379250606,
    "Avatar": 0.09824569868237078,
    "Airbender": 0.018394997364380723,
    "Earthbender": 0.018394997364380723,
    "Waterbender": 0.018394997364380723,
    "Firebender": 0.023223245361308646,
    "Kanna": 0.010729251292044256,
    "Sokka": 0.1307736818218071,
    "Katara": 0.1911301804209566,
    "Aang": 0.10059543252223234,
    "Waterbending": 0.010729251292044256,
    "The Avatar Returns": 0.010729251292044256,
    "The Southern Air Temple": 0.10880550029539111,
    "The Warriors of Kyoshi": 0.03521015443660071,
    "The King of Omashu": 0.04241814206387094,
    "Imprisoned": 0.048905438710490606,
    "Winter Solstice, Part 1: The Spirit World": 0.010729251292044256,
    "Zuko": 0.010729251292044256
  },
  "hitsHubs": {
    "Airbenders": 0.007554297380885014,
    "Waterbenders": 6.162499568427576e-10,
    "Earthbenders": 6.162499568427576e-10,
    "Avatar": 4.367578179825297e-26,
    "Airbender": 0.0,
    "Earthbender": 0.0,
    "Waterbender": 0.0,
    "Firebender": 0.0,
    "Kanna": 0.1406143460090615,
    "Sokka": 0.06656591870498801,
    "Katara": 0.15423460675416265,
    "Aang": 0.16812793799725906,
    "Waterbending": 2.2941834939789478e-10,
    "The Avatar Returns": 4.367578179825297e-26,
    "The Southern Air Temple": 0.21132334762243998,
    "The Warriors of Kyoshi": 1.0169060388173203e-35,
    "The King of Omashu": 1.0169060388173203e-35,
    "Imprisoned": 0.0,
    "Winter Solstice, Part 1: The Spirit World": 0.19328693347095313,
    "Zuko": 0.058292610598332316
  },
  "hitsAuths": {
    "Airbenders": 7.849946515968556e-10,
    "Waterbenders": 9.311140754246437e-10,
    "Earthbenders": 7.849946515968556e-10,
    "Avatar": 0.11166627618469184,
    "Airbender": 0.002616806050983917,
    "Earthbender": 0.002616806050983917,
    "Waterbender": 0.002616806050983917,
    "Firebender": 0.022809346594488737,
    "Kanna": 0.0,
    "Sokka": 0.30053190212044134,
    "Katara": 0.27016349830976366,
    "Aang": 0.21377622018255582,
    "Waterbending": 0.0,
    "The Avatar Returns": 0.0,
    "The Southern Air Temple": 1.7726191167471614e-25,
    "The Warriors of Kyoshi": 0.07320233595400352,
    "The King of Omashu": 4.1272004990539546e-35,
    "Imprisoned": 4.1272004990539546e-35,
    "Winter Solstice, Part 1: The Spirit World": 0.0,
    "Zuko": 0.0
  },
  "averagePathLength": 0.5815789473684211
}