{
  "numNodes": 20,
  "numEdges": 29,
  "selfLinks": 2,
  "numStrongComponents": 16,
  "numWeakComponents": 1,
  "sizeLargestStrong": 3,
  "sizeLargestWeak": 20,
  "radius": 2,
  "diameter": 2,
  "averageInDegree": 1.45,
  "averageOutDegree": 1.45,
  "maxOutDegree": 4,
  "maxInDegree": 4,
  "pageRank": {
    "Airbenders": 0.03132015344373034,
    "Waterbenders": 0.04019802086703572,
    "Earthbenders": 0.03132015344373034,
    "Avatar": 0.03570351800328816,
    "Airbender": 0.01691137462050053,
    "Earthbender": 0.01691137462050053,
    "Waterbender": 0.01691137462050053,
    "Firebender": 0.02135030833215322,
    "Kanna": 0.009864152803053155,
    "Sokka": 0.28705269816876516,
    "Katara": 0.2870526981687651,
    "Aang": 0.02870976043338555,
    "Waterbending": 0.009864152803053155,
    "The Avatar Returns": 0.009864152803053155,
    "The Southern Air Temple": 0.050875972260489885,
    "The Warriors of Kyoshi": 0.02131153758063107,
    "The King of Omashu": 0.02904499518457769,
    "Imprisoned": 0.03600529623668016,
    "Winter Solstice, Part 1: The Spirit World": 0.009864152803053155,
    "Zuko": 0.009864152803053155
  },
  "hitsHubs": {
    "Airbenders": 0.016530115240675988,
    "Waterbenders": 2.7668153432292925e-09,
    "Earthbenders": 2.7668153432292925e-09,
    "Avatar": 5.216392041533079e-37,
    "Airbender": 0.0,
    "Earthbender": 0.0,
    "Waterbender": 0.0,
    "Firebender": 0.0,
    "Kanna": 0.1829057603809389,
    "Sokka": 0.09145288019046945,
    "Katara": 0.09145288019046945,
    "Aang": 1.4478396374953625e-53,
    "Waterbending": 1.0300336772184131e-09,
    "The Avatar Returns": 5.216392041533079e-37,
    "The Southern Air Temple": 0.2845900015207129,
    "The Warriors of Kyoshi": 1.4478396374953625e-53,
    "The King of Omashu": 1.4478396374953625e-53,
    "Imprisoned": 0.0,
    "Winter Solstice, Part 1: The Spirit World": 0.2525164398972438,
    "Zuko": 0.08055191601582516
  },
  "hitsAuths": {
    "Airbenders": 2.883868518536845e-09,
    "Waterbenders": 3.420673712644219e-09,
    "Earthbenders": 2.883868518536845e-09,
    "Avatar": 4.808179671832761e-53,
    "Airbender": 0.0061867655449398245,
    "Earthbender": 0.0061867655449398245,
    "Waterbender": 0.0061867655449398245,
    "Firebender": 0.03633512272996896,
    "Kanna": 0.0,
    "Sokka": 0.303708966155294,
    "Katara": 0.303708966155294,
    "Aang": 0.23117246242254139,
    "Waterbending": 0.0,
    "The Avatar Returns": 0.0,
    "The Southern Air Temple": 1.7323292942717133e-36,
    "The Warriors of Kyoshi": 0.10651417671367162,
    "The King of Omashu": 4.808179671832761e-53,
    "Imprisoned": 4.808179671832761e-53,
    "Winter Solstice, Part 1: The Spirit World": 0.0,
    "Zuko": 0.0
  },
  "averagePathLength": 0.44473684210526315
}