{
  "numNodes": 25,
  "numEdges": 92,
  "selfLinks": 0,
  "numStrongComponents": 14,
  "numWeakComponents": 1,
  "sizeLargestStrong": 12,
  "sizeLargestWeak": 25,
  "radius": 2,
  "diameter": 3,
  "averageInDegree": 3.68,
  "averageOutDegree": 3.68,
  "maxOutDegree": 10,
  "maxInDegree": 16,
  "pageRank": {
    "Airbenders": 0.024392072542566347,
    "Waterbenders": 0.012837971546212024,
    "Earthbenders": 0.03129271437511094,
    "Avatar": 0.04253567986222971,
    "Airbender": 0.04793757318744453,
    "Earthbender": 0.04507557218953774,
    "Waterbender": 0.05333541981213885,
    "Firebender": 0.04346482081985644,
    "Winged lemur": 0.012837971546212024,
    "Flying bison": 0.012837971546212024,
    "Elephant koi": 0.012837971546212024,
    "Unagi": 0.034872136582980585,
    "Hog monkey": 0.012837971546212024,
    "Kanna": 0.012837971546212024,
    "Sokka": 0.08105796722880887,
    "Katara": 0.07969564731643677,
    "Aang": 0.1251258985306888,
    "Waterbending": 0.039028274294791554,
    "The Avatar Returns": 0.04510067540655467,
    "The Southern Air Temple": 0.04187213700230368,
    "The Warriors of Kyoshi": 0.05383069791815346,
    "The King of Omashu": 0.03570314723846732,
    "Imprisoned": 0.031214622326641215,
    "Winter Solstice, Part 1: The Spirit World": 0.012837971546212024,
    "Zuko": 0.05459914254180447
  },
  "hitsHubs": {
    "Airbenders": 0.0,
    "Waterbenders": 0.05925453771123938,
    "Earthbenders": 0.0,
    "Avatar": 0.046567389044863274,
    "Airbender": 0.0,
    "Earthbender": 0.0,
    "Waterbender": 0.0,
    "Firebender": 0.0,
    "Winged lemur": 0.0051849489644369435,
    "Flying bison": 0.020741001319782983,
    "Elephant koi": 0.027433663844210886,
    "Unagi": 0.023196239520757115,
    "Hog monkey": 0.020163450397863932,
    "Kanna": 0.06243753323475831,
    "Sokka": 0.07808640756533068,
    "Katara": 0.06626275319489919,
    "Aang": 0.08510092030226549,
    "Waterbending": 0.05925453771123938,
    "The Avatar Returns": 0.07739016740169037,
    "The Southern Air Temple": 0.08092268351445366,
    "The Warriors of Kyoshi": 0.07768111495023515,
    "The King of Omashu": 0.00458768585957898,
    "Imprisoned": 0.06976319420399402,
    "Winter Solstice, Part 1: The Spirit World": 0.06521079245437603,
    "Zuko": 0.07076097880402428
  },
  "hitsAuths": {
    "Airbenders": 0.004378085164073631,
    "Waterbenders": 0.0,
    "Earthbenders": 0.033198851257223244,
    "Avatar": 0.03750993247292078,
    "Airbender": 0.06123506472517946,
    "Earthbender": 0.048106229556410175,
    "Waterbender": 0.06918563985904037,
    "Firebender": 0.03874696913399078,
    "Winged lemur": 0.0,
    "Flying bison": 0.0,
    "Elephant koi": 0.0,
    "Unagi": 0.0321215045467419,
    "Hog monkey": 0.0,
    "Kanna": 0.0,
    "Sokka": 0.11856239530770141,
    "Katara": 0.13270775127379691,
    "Aang": 0.1528476532425929,
    "Waterbending": 0.03734143774374068,
    "The Avatar Returns": 0.046664786274018974,
    "The Southern Air Temple": 0.03492606495701652,
    "The Warriors of Kyoshi": 0.022989850004193332,
    "The King of Omashu": 0.03926964325534703,
    "Imprisoned": 0.011786788101612204,
    "Winter Solstice, Part 1: The Spirit World": 0.0,
    "Zuko": 0.07842135312439955
  },
  "averagePathLength": 0.9883333333333333
}