{
  "numNodes": 21,
  "numEdges": 52,
  "selfLinks": 0,
  "numStrongComponents": 12,
  "numWeakComponents": 1,
  "sizeLargestStrong": 10,
  "sizeLargestWeak": 21,
  "radius": 3,
  "diameter": 5,
  "averageInDegree": 2.4761904761904763,
  "averageOutDegree": 2.4761904761904763,
  "maxOutDegree": 9,
  "maxInDegree": 11,
  "pageRank": {
    "Airbenders": 0.018683878676336564,
    "Waterbenders": 0.06805584225304356,
    "Earthbenders": 0.03330309654624389,
    "Avatar": 0.060862754330409496,
    "Airbender": 0.028964349164504598,
    "Waterbender": 0.031863568353732996,
    "Firebender": 0.024113062224479568,
    "Flying bison": 0.012885440297879771,
    "Unagi": 0.028964349164504598,
    "Kanna": 0.012885440297879771,
    "Sokka": 0.10099833289287653,
    "Katara": 0.12503761122023505,
    "Aang": 0.16078845569071987,
    "Waterbending": 0.061301789258460734,
    "The Avatar Returns": 0.0307832109382696,
    "The Southern Air Temple": 0.05428480318103851,
    "The Warriors of Kyoshi": 0.025099538141825785,
    "The King of Omashu": 0.032729210012146404,
    "Imprisoned": 0.04234158211733502,
    "Winter Solstice, Part 1: The Spirit World": 0.012885440297879771,
    "Zuko": 0.033168244940197655
  },
  "hitsHubs": {
    "Airbenders": 0.05459769378049421,
    "Waterbenders": 0.06493613820667823,
    "Earthbenders": 0.0,
    "Avatar": 0.07120251779958596,
    "Airbender": 0.0,
    "Waterbender": 0.0,
    "Firebender": 0.0,
    "Flying bison": 0.03512861195574598,
    "Unagi": 0.0,
    "Kanna": 0.1003620233806731,
    "Sokka": 0.06245665929232884,
    "Katara": 0.08540991275414535,
    "Aang": 0.11230362321966995,
    "Waterbending": 1.8395679635772196e-24,
    "The Avatar Returns": 0.002826682430998517,
    "The Southern Air Temple": 0.09590366027955237,
    "The Warriors of Kyoshi": 0.12188821514523304,
    "The King of Omashu": 1.8395679635772196e-24,
    "Imprisoned": 0.0,
    "Winter Solstice, Part 1: The Spirit World": 0.09224173781257088,
    "Zuko": 0.10074252394232365
  },
  "hitsAuths": {
    "Airbenders": 0.007903899221333107,
    "Waterbenders": 1.0839825221197958e-23,
    "Earthbenders": 0.01461055998112077,
    "Avatar": 0.07191004390654449,
    "Airbender": 0.025268192187882822,
    "Waterbender": 0.047849537525798035,
    "Firebender": 0.05009167245450117,
    "Flying bison": 0.0,
    "Unagi": 0.025268192187882822,
    "Kanna": 0.0,
    "Sokka": 0.17551134383273265,
    "Katara": 0.168936958412651,
    "Aang": 0.19909471208471063,
    "Waterbending": 0.05676975030156972,
    "The Avatar Returns": 0.028304909822355964,
    "The Southern Air Temple": 0.01665648897704815,
    "The Warriors of Kyoshi": 0.02157821852826106,
    "The King of Omashu": 0.05269290709029109,
    "Imprisoned": 1.0839825221197958e-23,
    "Winter Solstice, Part 1: The Spirit World": 0.0,
    "Zuko": 0.037552613485316334
  },
  "averagePathLength": 1.2190476190476192
}