{
  "numNodes": 20,
  "numEdges": 42,
  "selfLinks": 2,
  "numStrongComponents": 13,
  "numWeakComponents": 1,
  "sizeLargestStrong": 7,
  "sizeLargestWeak": 20,
  "radius": 2,
  "diameter": 4,
  "averageInDegree": 2.1,
  "averageOutDegree": 2.1,
  "maxOutDegree": 6,
  "maxInDegree": 8,
  "pageRank": {
    "Airbenders": 0.02851195541936199,
    "Waterbenders": 0.03659359905535264,
    "Earthbenders": 0.02851195541936199,
    "Avatar": 0.11258769667114854,
    "Airbender": 0.015394928522452347,
    "Earthbender": 0.015394928522452347,
    "Waterbender": 0.015394928522452347,
    "Firebender": 0.02150389790658548,
    "Kanna": 0.008979443604509897,
    "Sokka": 0.1733964357472912,
    "Katara": 0.22744341052263245,
    "Aang": 0.10429227849187642,
    "Waterbending": 0.008979443604509897,
    "The Avatar Returns": 0.0427553831244799,
    "The Southern Air Temple": 0.08123491984566863,
    "The Warriors of Kyoshi": 0.02725712922169269,
    "The King of Omashu": 0.013068002079645369,
    "Imprisoned": 0.020740776509505787,
    "Winter Solstice, Part 1: The Spirit World": 0.008979443604509897,
    "Zuko": 0.008979443604509897
  },
  "hitsHubs": {
    "Airbenders": 0.020639909785120876,
    "Waterbenders": 2.90401925753518e-10,
    "Earthbenders": 2.90401925753518e-10,
    "Avatar": 0.05416384115772053,
    "Airbender": 0.0,
    "Earthbender": 0.0,
    "Waterbender": 0.0,
    "Firebender": 0.0,
    "Kanna": 0.09081838433934486,
    "Sokka": 0.04242127494422387,
    "Katara": 0.10358048711910295,
    "Aang": 0.11086204539114324,
    "Waterbending": 1.0811121319938974e-10,
    "The Avatar Returns": 0.0029600583470988638,
    "The Southern Air Temple": 0.132841721528744,
    "The Warriors of Kyoshi": 0.17236473456653048,
    "The King of Omashu": 8.722733164965003e-25,
    "Imprisoned": 0.0,
    "Winter Solstice, Part 1: The Spirit World": 0.12595810101152843,
    "Zuko": 0.14338944112052673
  },
  "hitsAuths": {
    "Airbenders": 4.842396424572701e-10,
    "Waterbenders": 5.743763298939235e-10,
    "Earthbenders": 4.842396424572701e-10,
    "Avatar": 0.10648853279758327,
    "Airbender": 0.005682193426076591,
    "Earthbender": 0.005682193426076591,
    "Waterbender": 0.005682193426076591,
    "Firebender": 0.09260971975657856,
    "Kanna": 0.0,
    "Sokka": 0.2571255399805395,
    "Katara": 0.22537695666171567,
    "Aang": 0.18669128667029938,
    "Waterbending": 0.0,
    "The Avatar Returns": 0.014911374388454468,
    "The Southern Air Temple": 0.01572628221776459,
    "The Warriors of Kyoshi": 0.03657149496388316,
    "The King of Omashu": 0.047452230742095876,
    "Imprisoned": 4.634238497255979e-24,
    "Winter Solstice, Part 1: The Spirit World": 0.0,
    "Zuko": 0.0
  },
  "averagePathLength": 0.7315789473684211
}