{
  "numNodes": 21,
  "numEdges": 51,
  "selfLinks": 0,
  "numStrongComponents": 12,
  "numWeakComponents": 1,
  "sizeLargestStrong": 10,
  "sizeLargestWeak": 21,
  "radius": 3,
  "diameter": 5,
  "averageInDegree": 2.4285714285714284,
  "averageOutDegree": 2.4285714285714284,
  "maxOutDegree": 8,
  "maxInDegree": 11,
  "pageRank": {
    "Airbenders": 0.018169998486727183,
    "Waterbenders": 0.07062835868598975,
    "Earthbenders": 0.033720800059371114,
    "Avatar": 0.06419963899684795,
    "Airbender": 0.031127893404266145,
    "Waterbender": 0.033947379922235586,
    "Firebender": 0.02418812686368845,
    "Flying bison": 0.0125310254507883,
    "Unagi": 0.031127893404266145,
    "Kanna": 0.0125310254507883,
    "Sokka": 0.10550673163846305,
    "Katara": 0.13039157301949028,
    "Aang": 0.16530473154452527,
    "Waterbending": 0.06455434068020305,
    "The Avatar Returns": 0.03106392799343638,
    "The Southern Air Temple": 0.054934022392974444,
    "The Warriors of Kyoshi": 0.02489120333026014,
    "The King of Omashu": 0.016264620143444257,
    "Imprisoned": 0.027169493301168583,
    "Winter Solstice, Part 1: The Spirit World": 0.0125310254507883,
    "Zuko": 0.0352161897802772
  },
  "hitsHubs": {
    "Airbenders": 0.055261422163889184,
    "Waterbenders": 0.06625687333889418,
    "Earthbenders": 0.0,
    "Avatar": 0.07271098576087838,
    "Airbender": 0.0,
    "Waterbender": 0.0,
    "Firebender": 0.0,
    "Flying bison": 0.03611208273061875,
    "Unagi": 0.0,
    "Kanna": 0.10170779277472168,
    "Sokka": 0.06368606351328547,
    "Katara": 0.08621062536026398,
    "Aang": 0.10246880041733465,
    "Waterbending": 1.5655474063559865e-21,
    "The Avatar Returns": 0.002935118081581573,
    "The Southern Air Temple": 0.09757144357899704,
    "The Warriors of Kyoshi": 0.11892125657138693,
    "The King of Omashu": 1.5655474063559865e-21,
    "Imprisoned": 0.0,
    "Winter Solstice, Part 1: The Spirit World": 0.09378560804124648,
    "Zuko": 0.10237192766690173
  },
  "hitsAuths": {
    "Airbenders": 0.00843883478913232,
    "Waterbenders": 9.42881592341487e-21,
    "Earthbenders": 0.015483205760080974,
    "Avatar": 0.07188151816840073,
    "Airbender": 0.023945372514567582,
    "Waterbender": 0.04771290940150552,
    "Firebender": 0.05171279188430956,
    "Flying bison": 0.0,
    "Unagi": 0.023945372514567582,
    "Kanna": 0.0,
    "Sokka": 0.18128040299550047,
    "Katara": 0.17450853540631386,
    "Aang": 0.2090532573032287,
    "Waterbending": 0.05700520020952545,
    "The Avatar Returns": 0.029905170907282442,
    "The Southern Air Temple": 0.0176773235945219,
    "The Warriors of Kyoshi": 0.02280093611783967,
    "The King of Omashu": 0.02779005693876551,
    "Imprisoned": 9.42881592341487e-21,
    "Winter Solstice, Part 1: The Spirit World": 0.0,
    "Zuko": 0.03685911149445781
  },
  "averagePathLength": 1.3571428571428572
}