{
  "numNodes": 28,
  "numEdges": 100,
  "selfLinks": 1,
  "numStrongComponents": 15,
  "numWeakComponents": 1,
  "sizeLargestStrong": 14,
  "sizeLargestWeak": 28,
  "radius": 2,
  "diameter": 4,
  "averageInDegree": 3.5714285714285716,
  "averageOutDegree": 3.5714285714285716,
  "maxOutDegree": 10,
  "maxInDegree": 16,
  "pageRank": {
    "Airbenders": 0.01731421984258476,
    "Earthbenders": 0.02239713595386226,
    "Avatar": 0.044271106668799826,
    "Airbender": 0.04568297582205923,
    "Earthbender": 0.02152172082382301,
    "Waterbender": 0.04430827316744867,
    "Firebender": 0.02116722823761916,
    "Winged lemur": 0.00911269082264826,
    "Flying bison": 0.00911269082264826,
    "Elephant koi": 0.00911269082264826,
    "Unagi": 0.032156126631374,
    "Scorpion bee": 0.00911269082264826,
    "Flopsie": 0.0535660757092693,
    "Lop-eared rabbit": 0.00911269082264826,
    "Hog monkey": 0.00911269082264826,
    "Kanna": 0.02116722823761916,
    "Sokka": 0.06349737117034243,
    "Katara": 0.07044202924980165,
    "Aang": 0.12599367496301087,
    "Waterbending": 0.050463856259288085,
    "Avatar Wiki:Votes for deletion": 0.00911269082264826,
    "The Avatar Returns": 0.03250912251330732,
    "The Southern Air Temple": 0.03380782024288734,
    "The Warriors of Kyoshi": 0.05996678934319663,
    "The King of Omashu": 0.07536993855681515,
    "Imprisoned": 0.03942888579636908,
    "Winter Solstice, Part 1: The Spirit World": 0.00911269082264826,
    "Zuko": 0.0520668942293358
  },
  "hitsHubs": {
    "Airbenders": 0.0,
    "Earthbenders": 0.0,
    "Avatar": 0.06978001230321618,
    "Airbender": 0.0,
    "Earthbender": 0.0,
    "Waterbender": 0.0,
    "Firebender": 0.0,
    "Winged lemur": 0.007079744848038343,
    "Flying bison": 0.01961224533791424,
    "Elephant koi": 0.027699942600389656,
    "Unagi": 0.023665741014360052,
    "Scorpion bee": 0.019038300368633288,
    "Flopsie": 0.02316907543509953,
    "Lop-eared rabbit": 0.004511065597017974,
    "Hog monkey": 0.019038300368633288,
    "Kanna": 0.06658363878792935,
    "Sokka": 0.08514540133920115,
    "Katara": 0.0891176072737129,
    "Aang": 0.08316117997877139,
    "Waterbending": 0.06167307179744744,
    "Avatar Wiki:Votes for deletion": 0.006674518630605044,
    "The Avatar Returns": 0.07670074979377033,
    "The Southern Air Temple": 0.08200348071595495,
    "The Warriors of Kyoshi": 0.07675419767519354,
    "The King of Omashu": 0.00866373008994195,
    "Imprisoned": 0.004511065597017974,
    "Winter Solstice, Part 1: The Spirit World": 0.07224521993636113,
    "Zuko": 0.07317171051079044
  },
  "hitsAuths": {
    "Airbenders": 0.004139038109098517,
    "Earthbenders": 0.022766652113248218,
    "Avatar": 0.06158930939285826,
    "Airbender": 0.06219735732527552,
    "Earthbender": 0.02454970776361654,
    "Waterbender": 0.058496769731392305,
    "Firebender": 0.027022384910412832,
    "Winged lemur": 0.0,
    "Flying bison": 0.0,
    "Elephant koi": 0.0,
    "Unagi": 0.029092883461077208,
    "Scorpion bee": 0.0,
    "Flopsie": 0.00274248766472314,
    "Lop-eared rabbit": 0.0,
    "Hog monkey": 0.0,
    "Kanna": 0.027022384910412832,
    "Sokka": 0.10692123054827156,
    "Katara": 0.11586871182828044,
    "Aang": 0.13729582969768023,
    "Waterbending": 0.04813368606849692,
    "Avatar Wiki:Votes for deletion": 0.0,
    "The Avatar Returns": 0.04808626900065316,
    "The Southern Air Temple": 0.046916960805634456,
    "The Warriors of Kyoshi": 0.0333710620449379,
    "The King of Omashu": 0.029789328829970898,
    "Imprisoned": 0.02636545250920817,
    "Winter Solstice, Part 1: The Spirit World": 0.0,
    "Zuko": 0.08763249328475096
  },
  "averagePathLength": 1.123015873015873
}