{
  "numNodes": 26,
  "numEdges": 91,
  "selfLinks": 1,
  "numStrongComponents": 15,
  "numWeakComponents": 1,
  "sizeLargestStrong": 12,
  "sizeLargestWeak": 26,
  "radius": 2,
  "diameter": 4,
  "averageInDegree": 3.5,
  "averageOutDegree": 3.5,
  "maxOutDegree": 9,
  "maxInDegree": 15,
  "pageRank": {
    "Airbenders": 0.019223765657420105,
    "Earthbenders": 0.023566540653211142,
    "Avatar": 0.03721339024042363,
    "Airbender": 0.04697868592265887,
    "Earthbender": 0.024047099946946798,
    "Waterbender": 0.04188112657377331,
    "Firebender": 0.025481389589589287,
    "Winged lemur": 0.010117770929265302,
    "Flying bison": 0.010117770929265302,
    "Elephant koi": 0.010117770929265302,
    "Unagi": 0.03498006713504022,
    "Flopsie": 0.014670768293342703,
    "Lop-eared rabbit": 0.010117770929265302,
    "Hog monkey": 0.010117770929265302,
    "Kanna": 0.010117770929265302,
    "Sokka": 0.06555341180480498,
    "Katara": 0.07101325389942237,
    "Aang": 0.10730809620064094,
    "Waterbending": 0.0404936862219054,
    "The Avatar Returns": 0.034321517058401495,
    "The Southern Air Temple": 0.03649722802148676,
    "The Warriors of Kyoshi": 0.086298488901533,
    "The King of Omashu": 0.10258009473401271,
    "Imprisoned": 0.06608570858722237,
    "Winter Solstice, Part 1: The Spirit World": 0.010117770929265302,
    "Zuko": 0.05098128405330678
  },
  "hitsHubs": {
    "Airbenders": 0.0,
    "Earthbenders": 0.0,
    "Avatar": 0.07503082264317228,
    "Airbender": 0.0,
    "Earthbender": 0.0,
    "Waterbender": 0.0,
    "Firebender": 0.0,
    "Winged lemur": 0.006267540185086426,
    "Flying bison": 0.021211459406110755,
    "Elephant koi": 0.03056130214021001,
    "Unagi": 0.02595266141198902,
    "Flopsie": 0.02528178853904163,
    "Lop-eared rabbit": 0.004818676545349404,
    "Hog monkey": 0.02057476225915508,
    "Kanna": 0.07105932275233924,
    "Sokka": 0.07676179378814867,
    "Katara": 0.07649538895643242,
    "Aang": 0.0872533594099615,
    "Waterbending": 0.06697597527458932,
    "The Avatar Returns": 0.08063318691108724,
    "The Southern Air Temple": 0.08806210447761532,
    "The Warriors of Kyoshi": 0.0810881251938954,
    "The King of Omashu": 0.008974101775221427,
    "Imprisoned": 0.004707026279886549,
    "Winter Solstice, Part 1: The Spirit World": 0.0697378177700446,
    "Zuko": 0.07855278428066384
  },
  "hitsAuths": {
    "Airbenders": 0.004514328440861601,
    "Earthbenders": 0.023613650709557687,
    "Avatar": 0.05147981516343023,
    "Airbender": 0.0649818558846755,
    "Earthbender": 0.0255155219285935,
    "Waterbender": 0.06282459389465885,
    "Firebender": 0.025177527139294404,
    "Winged lemur": 0.0,
    "Flying bison": 0.0,
    "Elephant koi": 0.0,
    "Unagi": 0.03267631716680118,
    "Flopsie": 0.0007916259264214924,
    "Lop-eared rabbit": 0.0,
    "Hog monkey": 0.0,
    "Kanna": 0.0,
    "Sokka": 0.11629795255145738,
    "Katara": 0.12734472257087673,
    "Aang": 0.14587977168513272,
    "Waterbending": 0.0502303932807154,
    "The Avatar Returns": 0.0523088932245058,
    "The Southern Air Temple": 0.03992396541213134,
    "The Warriors of Kyoshi": 0.038130535394740504,
    "The King of Omashu": 0.03337389323758669,
    "Imprisoned": 0.02549789936230864,
    "Winter Solstice, Part 1: The Spirit World": 0.0,
    "Zuko": 0.07943673702625043
  },
  "averagePathLength": 1.0215384615384615
}