{
  "numNodes": 27,
  "numEdges": 103,
  "selfLinks": 1,
  "numStrongComponents": 14,
  "numWeakComponents": 1,
  "sizeLargestStrong": 14,
  "sizeLargestWeak": 27,
  "radius": 2,
  "diameter": 4,
  "averageInDegree": 3.814814814814815,
  "averageOutDegree": 3.814814814814815,
  "maxOutDegree": 13,
  "maxInDegree": 16,
  "pageRank": {
    "Airbenders": 0.01708411406932084,
    "Earthbenders": 0.019897438854356644,
    "Avatar": 0.03991119424830824,
    "Airbender": 0.04050714074495576,
    "Earthbender": 0.021293868380611817,
    "Waterbender": 0.03915341242762407,
    "Firebender": 0.020695906027507156,
    "Winged lemur": 0.008991552059810637,
    "Flying bison": 0.008991552059810637,
    "Elephant koi": 0.008991552059810637,
    "Unagi": 0.029513707169680468,
    "Scorpion bee": 0.008991552059810637,
    "Flopsie": 0.05896279260245093,
    "Lop-eared rabbit": 0.008991552059810637,
    "Hog monkey": 0.008991552059810637,
    "Kanna": 0.020695906027507156,
    "Sokka": 0.06260558730469645,
    "Katara": 0.06744166623503323,
    "Aang": 0.12743129651821802,
    "Waterbending": 0.0351416466473292,
    "The Avatar Returns": 0.04182054527832739,
    "The Southern Air Temple": 0.044471204519901185,
    "The Warriors of Kyoshi": 0.07001971063239114,
    "The King of Omashu": 0.07947751326973229,
    "Imprisoned": 0.049074259146391554,
    "Winter Solstice, Part 1: The Spirit World": 0.008991552059810637,
    "Zuko": 0.05186022547698187
  },
  "hitsHubs": {
    "Airbenders": 0.0,
    "Earthbenders": 0.0,
    "Avatar": 0.06958704776662648,
    "Airbender": 0.0,
    "Earthbender": 0.0,
    "Waterbender": 0.0,
    "Firebender": 0.0,
    "Winged lemur": 0.008738782702034887,
    "Flying bison": 0.017788590989776983,
    "Elephant koi": 0.02810614743969196,
    "Unagi": 0.023843868521764934,
    "Scorpion bee": 0.017256188029798482,
    "Flopsie": 0.02157885705630609,
    "Lop-eared rabbit": 0.004768136237615833,
    "Hog monkey": 0.017256188029798482,
    "Kanna": 0.06269210506315863,
    "Sokka": 0.08172271159105331,
    "Katara": 0.08636943701636841,
    "Aang": 0.10926307081839469,
    "Waterbending": 0.057937659285337166,
    "The Avatar Returns": 0.07425470770251534,
    "The Southern Air Temple": 0.08149093279207999,
    "The Warriors of Kyoshi": 0.07500200091951903,
    "The King of Omashu": 0.012659462835197768,
    "Imprisoned": 0.004768136237615833,
    "Winter Solstice, Part 1: The Spirit World": 0.0720433681072075,
    "Zuko": 0.07287260085813826
  },
  "hitsAuths": {
    "Airbenders": 0.003798807444756121,
    "Earthbenders": 0.0199998259206839,
    "Avatar": 0.05913149575715866,
    "Airbender": 0.05968481700128018,
    "Earthbender": 0.0221385588356251,
    "Waterbender": 0.05592332005290632,
    "Firebender": 0.02407135030118506,
    "Winged lemur": 0.0,
    "Flying bison": 0.0,
    "Elephant koi": 0.0,
    "Unagi": 0.030412259326473238,
    "Scorpion bee": 0.0,
    "Flopsie": 0.003178502535036594,
    "Lop-eared rabbit": 0.0,
    "Hog monkey": 0.0,
    "Kanna": 0.02407135030118506,
    "Sokka": 0.10075430031912862,
    "Katara": 0.10838573788254696,
    "Aang": 0.12312654226857893,
    "Waterbending": 0.04627717944612543,
    "The Avatar Returns": 0.05942025640925236,
    "The Southern Air Temple": 0.05855425082512356,
    "The Warriors of Kyoshi": 0.047004490165808224,
    "The King of Omashu": 0.03084315549217979,
    "Imprisoned": 0.040144945496388945,
    "Winter Solstice, Part 1: The Spirit World": 0.0,
    "Zuko": 0.08307885421857698
  },
  "averagePathLength": 1.0911680911680912
}