{
  "numNodes": 26,
  "numEdges": 89,
  "selfLinks": 0,
  "numStrongComponents": 14,
  "numWeakComponents": 1,
  "sizeLargestStrong": 13,
  "sizeLargestWeak": 26,
  "radius": 2,
  "diameter": 4,
  "averageInDegree": 3.423076923076923,
  "averageOutDegree": 3.423076923076923,
  "maxOutDegree": 9,
  "maxInDegree": 15,
  "pageRank": {
    "Airbenders": 0.01751697970386228,
    "Waterbenders": 0.009219403983834643,
    "Earthbenders": 0.03241306049974243,
    "Avatar": 0.03840425917144434,
    "Airbender": 0.055847813734161506,
    "Earthbender": 0.02491448931291134,
    "Waterbender": 0.05115333611978288,
    "Firebender": 0.024531450554178522,
    "Winged lemur": 0.009219403983834643,
    "Flying bison": 0.009219403983834643,
    "Elephant koi": 0.009219403983834643,
    "Unagi": 0.03233825884046375,
    "Flopsie": 0.009219403983834643,
    "Hog monkey": 0.009219403983834643,
    "Kanna": 0.009219403983834643,
    "Sokka": 0.06468371899646794,
    "Katara": 0.07142396667716785,
    "Aang": 0.11071819722473568,
    "Waterbending": 0.0884239196091757,
    "The Avatar Returns": 0.035002863157531705,
    "The Southern Air Temple": 0.03366049953708127,
    "The Warriors of Kyoshi": 0.07218465702022007,
    "The King of Omashu": 0.07312448334086333,
    "Imprisoned": 0.04378070989876903,
    "Winter Solstice, Part 1: The Spirit World": 0.009219403983834643,
    "Zuko": 0.05612210473076332
  },
  "hitsHubs": {
    "Airbenders": 0.0,
    "Waterbenders": 0.006219983376337594,
    "Earthbenders": 0.0,
    "Avatar": 0.07334004953903725,
    "Airbender": 0.0,
    "Earthbender": 0.0,
    "Waterbender": 0.006219983376337594,
    "Firebender": 0.0,
    "Winged lemur": 0.0064991586231473554,
    "Flying bison": 0.02153240436544949,
    "Elephant koi": 0.030746366613599894,
    "Unagi": 0.025932789725825568,
    "Flopsie": 0.025675296913617987,
    "Hog monkey": 0.020867971564907845,
    "Kanna": 0.07066269307482802,
    "Sokka": 0.07836928855484183,
    "Katara": 0.08765259811780599,
    "Aang": 0.08898046304224382,
    "Waterbending": 0.05946268494881846,
    "The Avatar Returns": 0.08296857815952877,
    "The Southern Air Temple": 0.08969501442051322,
    "The Warriors of Kyoshi": 0.08335177169282189,
    "The King of Omashu": 0.006880277305620061,
    "Imprisoned": 0.0048073253487101435,
    "Winter Solstice, Part 1: The Spirit World": 0.06971160277843405,
    "Zuko": 0.06042369845757335
  },
  "hitsAuths": {
    "Airbenders": 0.004716498199641756,
    "Waterbenders": 0.0,
    "Earthbenders": 0.023191152589693148,
    "Avatar": 0.05177585867060816,
    "Airbender": 0.06800263486716011,
    "Earthbender": 0.02335284955347608,
    "Waterbender": 0.06557418061224386,
    "Firebender": 0.02793429426146086,
    "Winged lemur": 0.0,
    "Flying bison": 0.0,
    "Elephant koi": 0.0,
    "Unagi": 0.034169334666375645,
    "Flopsie": 0.0,
    "Hog monkey": 0.0,
    "Kanna": 0.0,
    "Sokka": 0.11892155672158204,
    "Katara": 0.11719788076092913,
    "Aang": 0.14813198601247238,
    "Waterbending": 0.04415275761880309,
    "The Avatar Returns": 0.05078459089631244,
    "The Southern Air Temple": 0.041417994137690255,
    "The Warriors of Kyoshi": 0.03595277914938513,
    "The King of Omashu": 0.034124957909663495,
    "Imprisoned": 0.012887096754602515,
    "Winter Solstice, Part 1: The Spirit World": 0.0,
    "Zuko": 0.09771159661789992
  },
  "averagePathLength": 1.1046153846153846
}