{
  "numNodes": 27,
  "numEdges": 93,
  "selfLinks": 1,
  "numStrongComponents": 15,
  "numWeakComponents": 1,
  "sizeLargestStrong": 13,
  "sizeLargestWeak": 27,
  "radius": 2,
  "diameter": 4,
  "averageInDegree": 3.4444444444444446,
  "averageOutDegree": 3.4444444444444446,
  "maxOutDegree": 9,
  "maxInDegree": 15,
  "pageRank": {
    "Airbenders": 0.01603823974352704,
    "Waterbenders": 0.008441176010395911,
    "Earthbenders": 0.02966296474599875,
    "Avatar": 0.034286628036671915,
    "Airbender": 0.0522308640117876,
    "Earthbender": 0.020938415236496803,
    "Waterbender": 0.04753385091178207,
    "Firebender": 0.02325223862696055,
    "Winged lemur": 0.008441176010395911,
    "Flying bison": 0.008441176010395911,
    "Elephant koi": 0.008441176010395911,
    "Unagi": 0.031076935938250953,
    "Flopsie": 0.012239707876961476,
    "Lop-eared rabbit": 0.008441176010395911,
    "Hog monkey": 0.008441176010395911,
    "Kanna": 0.008441176010395911,
    "Sokka": 0.05928728151469615,
    "Katara": 0.07236775264596103,
    "Aang": 0.10357186675598025,
    "Waterbending": 0.097012609126686,
    "The Avatar Returns": 0.03015080471357951,
    "The Southern Air Temple": 0.03165159440834618,
    "The Warriors of Kyoshi": 0.07579973959697289,
    "The King of Omashu": 0.09099624368434103,
    "Imprisoned": 0.059047087656817134,
    "Winter Solstice, Part 1: The Spirit World": 0.008441176010395911,
    "Zuko": 0.04532576668501498
  },
  "hitsHubs": {
    "Airbenders": 0.0,
    "Waterbenders": 0.0073347917506000225,
    "Earthbenders": 0.0,
    "Avatar": 0.07417584644888364,
    "Airbender": 0.0,
    "Earthbender": 0.0,
    "Waterbender": 0.0073347917506000225,
    "Firebender": 0.0,
    "Winged lemur": 0.006164881925230268,
    "Flying bison": 0.02086227962944176,
    "Elephant koi": 0.030054728957202494,
    "Unagi": 0.025518662140165144,
    "Flopsie": 0.02487002683797911,
    "Lop-eared rabbit": 0.0047427537557353195,
    "Hog monkey": 0.02023699811683864,
    "Kanna": 0.06993023575666686,
    "Sokka": 0.0755205022679565,
    "Katara": 0.07566550543584641,
    "Aang": 0.08624246720687795,
    "Waterbending": 0.06628555961739864,
    "The Avatar Returns": 0.07933319340566011,
    "The Southern Air Temple": 0.08662846058725485,
    "The Warriors of Kyoshi": 0.07976970860775123,
    "The King of Omashu": 0.008823489636264533,
    "Imprisoned": 0.0046330287211404685,
    "Winter Solstice, Part 1: The Spirit World": 0.06860283826988431,
    "Zuko": 0.07726924917462179
  },
  "hitsAuths": {
    "Airbenders": 0.004493709710685174,
    "Waterbenders": 0.0,
    "Earthbenders": 0.02357758788478843,
    "Avatar": 0.05139419393411146,
    "Airbender": 0.06490085374488398,
    "Earthbender": 0.02540380676266156,
    "Waterbender": 0.06275842203017236,
    "Firebender": 0.025137158001945305,
    "Winged lemur": 0.0,
    "Flying bison": 0.0,
    "Elephant koi": 0.0,
    "Unagi": 0.03259934460428477,
    "Flopsie": 0.0007885607418831769,
    "Lop-eared rabbit": 0.0,
    "Hog monkey": 0.0,
    "Kanna": 0.0,
    "Sokka": 0.11599037314528836,
    "Katara": 0.12698732745428895,
    "Aang": 0.14543720407495325,
    "Waterbending": 0.052712936895106234,
    "The Avatar Returns": 0.05214016508238612,
    "The Southern Air Temple": 0.039811437993591506,
    "The Warriors of Kyoshi": 0.037957726930691306,
    "The King of Omashu": 0.03329618057536723,
    "Imprisoned": 0.025454032830993494,
    "Winter Solstice, Part 1: The Spirit World": 0.0,
    "Zuko": 0.07915897760191752
  },
  "averagePathLength": 1.0797720797720798
}