{
  "numNodes": 28,
  "numEdges": 96,
  "selfLinks": 1,
  "numStrongComponents": 16,
  "numWeakComponents": 1,
  "sizeLargestStrong": 13,
  "sizeLargestWeak": 28,
  "radius": 2,
  "diameter": 4,
  "averageInDegree": 3.4285714285714284,
  "averageOutDegree": 3.4285714285714284,
  "maxOutDegree": 10,
  "maxInDegree": 16,
  "pageRank": {
    "Airbenders": 0.017267523982406257,
    "Earthbenders": 0.022670967032710328,
    "Avatar": 0.037571572258372446,
    "Airbender": 0.04459180005376788,
    "Earthbender": 0.02251706653038843,
    "Waterbender": 0.04260493626540224,
    "Firebender": 0.021976229628697688,
    "Winged lemur": 0.009088104478511098,
    "Flying bison": 0.009088104478511098,
    "Elephant koi": 0.009088104478511098,
    "Unagi": 0.033264880732959946,
    "Scorpion bee": 0.009088104478511098,
    "Flopsie": 0.013177814230458678,
    "Lop-eared rabbit": 0.009088104478511098,
    "Hog monkey": 0.009088104478511098,
    "Kanna": 0.021976229628697688,
    "Sokka": 0.06444934351133572,
    "Katara": 0.07158909797380864,
    "Aang": 0.11100622392444892,
    "Waterbending": 0.0475849377468192,
    "Avatar Wiki:Votes for deletion": 0.009088104478511098,
    "The Avatar Returns": 0.032529875406476436,
    "The Southern Air Temple": 0.03404266476840714,
    "The Warriors of Kyoshi": 0.08050350928583393,
    "The King of Omashu": 0.0941261035071127,
    "Imprisoned": 0.05952547076890257,
    "Winter Solstice, Part 1: The Spirit World": 0.009088104478511098,
    "Zuko": 0.0543189169349042
  },
  "hitsHubs": {
    "Airbenders": 0.0,
    "Earthbenders": 0.0,
    "Avatar": 0.07037670019082502,
    "Airbender": 0.0,
    "Earthbender": 0.0,
    "Waterbender": 0.0,
    "Firebender": 0.0,
    "Winged lemur": 0.005699284139690798,
    "Flying bison": 0.020224417250901072,
    "Elephant koi": 0.028742342197203667,
    "Unagi": 0.0245218871484287,
    "Scorpion bee": 0.019649497999906538,
    "Flopsie": 0.023957055165410045,
    "Lop-eared rabbit": 0.004405254069554775,
    "Hog monkey": 0.019649497999906538,
    "Kanna": 0.0669117051317651,
    "Sokka": 0.07815761670638738,
    "Katara": 0.08980009330204657,
    "Aang": 0.084038705296725,
    "Waterbending": 0.06360271869389664,
    "Avatar Wiki:Votes for deletion": 0.006981424903878557,
    "The Avatar Returns": 0.07746328917481403,
    "The Southern Air Temple": 0.08441036059348177,
    "The Warriors of Kyoshi": 0.077523619270249,
    "The King of Omashu": 0.00855166354187944,
    "Imprisoned": 0.004307557165503508,
    "Winter Solstice, Part 1: The Spirit World": 0.06755051656063155,
    "Zuko": 0.07347479349691417
  },
  "hitsAuths": {
    "Airbenders": 0.004142403303473423,
    "Earthbenders": 0.02265218505956723,
    "Avatar": 0.05021072758310401,
    "Airbender": 0.06391836666428756,
    "Earthbender": 0.024229664863051628,
    "Waterbender": 0.061011271271891376,
    "Firebender": 0.026838319183334288,
    "Winged lemur": 0.0,
    "Flying bison": 0.0,
    "Elephant koi": 0.0,
    "Unagi": 0.030409186865744172,
    "Scorpion bee": 0.0,
    "Flopsie": 0.0007039249031599034,
    "Lop-eared rabbit": 0.0,
    "Hog monkey": 0.0,
    "Kanna": 0.026838319183334288,
    "Sokka": 0.11050420852588655,
    "Katara": 0.11880704596518968,
    "Aang": 0.14157839607145253,
    "Waterbending": 0.05030250341200177,
    "Avatar Wiki:Votes for deletion": 0.0,
    "The Avatar Returns": 0.04896341804242131,
    "The Southern Air Temple": 0.0369220303658615,
    "The Warriors of Kyoshi": 0.035106496903228715,
    "The King of Omashu": 0.031036774297286362,
    "Imprisoned": 0.02650987660452027,
    "Winter Solstice, Part 1: The Spirit World": 0.0,
    "Zuko": 0.0893148809312034
  },
  "averagePathLength": 1.062169312169312
}