{
  "numNodes": 25,
  "numEdges": 91,
  "selfLinks": 0,
  "numStrongComponents": 14,
  "numWeakComponents": 1,
  "sizeLargestStrong": 12,
  "sizeLargestWeak": 25,
  "radius": 2,
  "diameter": 3,
  "averageInDegree": 3.64,
  "averageOutDegree": 3.64,
  "maxOutDegree": 10,
  "maxInDegree": 16,
  "pageRank": {
    "Airbenders": 0.02398403891329055,
    "Waterbenders": 0.012623212295618403,
    "Earthbenders": 0.03156984847541297,
    "Avatar": 0.04428459605603567,
    "Airbender": 0.048400908396618154,
    "Earthbender": 0.03482251755310164,
    "Waterbender": 0.05533926890998687,
    "Firebender": 0.045416186485802056,
    "Winged lemur": 0.012623212295618403,
    "Flying bison": 0.012623212295618403,
    "Elephant koi": 0.012623212295618403,
    "Unagi": 0.034715120738067866,
    "Hog monkey": 0.012623212295618403,
    "Kanna": 0.012623212295618403,
    "Sokka": 0.0830940923068917,
    "Katara": 0.08006673507547343,
    "Aang": 0.12705529754386072,
    "Waterbending": 0.04070310299059042,
    "The Avatar Returns": 0.04554768019054763,
    "The Southern Air Temple": 0.04196982983447587,
    "The Warriors of Kyoshi": 0.053430426492824264,
    "The King of Omashu": 0.03556308809778594,
    "Imprisoned": 0.030898202764487282,
    "Winter Solstice, Part 1: The Spirit World": 0.012623212295618403,
    "Zuko": 0.05477657310541843
  },
  "hitsHubs": {
    "Airbenders": 0.0,
    "Waterbenders": 0.059999293895574984,
    "Earthbenders": 0.0,
    "Avatar": 0.04706160973751908,
    "Airbender": 0.0,
    "Earthbender": 0.0,
    "Waterbender": 0.0,
    "Firebender": 0.0,
    "Winged lemur": 0.005308467621058182,
    "Flying bison": 0.020950757377936544,
    "Elephant koi": 0.027798412617762214,
    "Unagi": 0.023466582486542268,
    "Hog monkey": 0.020359477233280535,
    "Kanna": 0.06308597787178984,
    "Sokka": 0.07750131579208976,
    "Katara": 0.060009194340008475,
    "Aang": 0.08581044439193367,
    "Waterbending": 0.059999293895574984,
    "The Avatar Returns": 0.07835280810990909,
    "The Southern Air Temple": 0.08202364839378322,
    "The Warriors of Kyoshi": 0.07877119013912924,
    "The King of Omashu": 0.004700390441855092,
    "Imprisoned": 0.06887601199213264,
    "Winter Solstice, Part 1: The Spirit World": 0.06605868144551925,
    "Zuko": 0.06986644221660107
  },
  "hitsAuths": {
    "Airbenders": 0.004488918021830042,
    "Waterbenders": 0.0,
    "Earthbenders": 0.033761882779948654,
    "Avatar": 0.036870742969017246,
    "Airbender": 0.06245250421243828,
    "Earthbender": 0.036966077867293994,
    "Waterbender": 0.0696190897670139,
    "Firebender": 0.03817589655139972,
    "Winged lemur": 0.0,
    "Flying bison": 0.0,
    "Elephant koi": 0.0,
    "Unagi": 0.03288666213348387,
    "Hog monkey": 0.0,
    "Kanna": 0.0,
    "Sokka": 0.11964806974624613,
    "Katara": 0.13510659201448486,
    "Aang": 0.1545663677252023,
    "Waterbending": 0.0367014325608163,
    "The Avatar Returns": 0.04725862725067729,
    "The Southern Air Temple": 0.03581224241428198,
    "The Warriors of Kyoshi": 0.023588718297320302,
    "The King of Omashu": 0.039908726800600584,
    "Imprisoned": 0.012096003327073555,
    "Winter Solstice, Part 1: The Spirit World": 0.0,
    "Zuko": 0.0800914455608709
  },
  "averagePathLength": 0.9933333333333333
}