{
  "numNodes": 25,
  "numEdges": 87,
  "selfLinks": 0,
  "numStrongComponents": 14,
  "numWeakComponents": 1,
  "sizeLargestStrong": 12,
  "sizeLargestWeak": 25,
  "radius": 2,
  "diameter": 4,
  "averageInDegree": 3.48,
  "averageOutDegree": 3.48,
  "maxOutDegree": 10,
  "maxInDegree": 15,
  "pageRank": {
    "Airbenders": 0.02181051848125229,
    "Waterbenders": 0.011479201834183751,
    "Earthbenders": 0.02748494685975566,
    "Avatar": 0.039705227029594344,
    "Airbender": 0.04337132719780087,
    "Earthbender": 0.02942781098568841,
    "Waterbender": 0.04691613993983486,
    "Firebender": 0.03874525828800207,
    "Winged lemur": 0.011479201834183751,
    "Flying bison": 0.011479201834183751,
    "Elephant koi": 0.011479201834183751,
    "Unagi": 0.03556474854927218,
    "Hog monkey": 0.011479201834183751,
    "Kanna": 0.011479201834183751,
    "Sokka": 0.07550452247734694,
    "Katara": 0.06479187054060376,
    "Aang": 0.11601423757169861,
    "Waterbending": 0.030250938083045874,
    "The Avatar Returns": 0.04380656309063812,
    "The Southern Air Temple": 0.04234995429842756,
    "The Warriors of Kyoshi": 0.0793414478025579,
    "The King of Omashu": 0.07447194793109321,
    "Imprisoned": 0.04706004674920099,
    "Winter Solstice, Part 1: The Spirit World": 0.011479201834183751,
    "Zuko": 0.06302808128490005
  },
  "hitsHubs": {
    "Airbenders": 0.0,
    "Waterbenders": 0.0634503322705554,
    "Earthbenders": 0.0,
    "Avatar": 0.049775439617295886,
    "Airbender": 0.0,
    "Earthbender": 0.0,
    "Waterbender": 0.0,
    "Firebender": 0.0,
    "Winged lemur": 0.006061779325774407,
    "Flying bison": 0.022136763539024055,
    "Elephant koi": 0.031578701490576504,
    "Unagi": 0.026597450618818855,
    "Hog monkey": 0.02145729934018176,
    "Kanna": 0.06512455783083923,
    "Sokka": 0.08295084644103146,
    "Katara": 0.07808963984598577,
    "Aang": 0.09211055312440417,
    "Waterbending": 0.0634503322705554,
    "The Avatar Returns": 0.08449666182159296,
    "The Southern Air Temple": 0.08969548410267748,
    "The Warriors of Kyoshi": 0.08303836479907394,
    "The King of Omashu": 0.0070006139580431935,
    "Imprisoned": 0.004324542276987524,
    "Winter Solstice, Part 1: The Spirit World": 0.07021071920280274,
    "Zuko": 0.05844991812377917
  },
  "hitsAuths": {
    "Airbenders": 0.004789623028507553,
    "Waterbenders": 0.0,
    "Earthbenders": 0.035644027208001444,
    "Avatar": 0.03883703644647692,
    "Airbender": 0.06652443072118158,
    "Earthbender": 0.02401742392417799,
    "Waterbender": 0.07587733725053109,
    "Firebender": 0.04299860645749218,
    "Winged lemur": 0.0,
    "Flying bison": 0.0,
    "Elephant koi": 0.0,
    "Unagi": 0.035113423086594805,
    "Hog monkey": 0.0,
    "Kanna": 0.0,
    "Sokka": 0.11397027075775354,
    "Katara": 0.11796803145440378,
    "Aang": 0.15125502598138774,
    "Waterbending": 0.028909109489895553,
    "The Avatar Returns": 0.04770705750223244,
    "The Southern Air Temple": 0.037940572178140494,
    "The Warriors of Kyoshi": 0.03623353073807336,
    "The King of Omashu": 0.030484206986778083,
    "Imprisoned": 0.01311462017887793,
    "Winter Solstice, Part 1: The Spirit World": 0.0,
    "Zuko": 0.09861566660949343
  },
  "averagePathLength": 1.0316666666666667
}