{
  "numNodes": 27,
  "numEdges": 90,
  "selfLinks": 0,
  "numStrongComponents": 15,
  "numWeakComponents": 1,
  "sizeLargestStrong": 13,
  "sizeLargestWeak": 27,
  "radius": 2,
  "diameter": 4,
  "averageInDegree": 3.3333333333333335,
  "averageOutDegree": 3.3333333333333335,
  "maxOutDegree": 9,
  "maxInDegree": 15,
  "pageRank": {
    "Airbenders": 0.016674595720188826,
    "Waterbenders": 0.008776080717741492,
    "Earthbenders": 0.03176222374786502,
    "Avatar": 0.03737123380917216,
    "Airbender": 0.055933886745371836,
    "Earthbender": 0.0229207664830864,
    "Waterbender": 0.05112182367623683,
    "Firebender": 0.024880719726725287,
    "Winged lemur": 0.008776080717741492,
    "Flying bison": 0.008776080717741492,
    "Elephant koi": 0.008776080717741492,
    "Unagi": 0.03181115355226345,
    "Flopsie": 0.012725338218965158,
    "Lop-eared rabbit": 0.008776080717741492,
    "Hog monkey": 0.008776080717741492,
    "Kanna": 0.008776080717741492,
    "Sokka": 0.0631046716816774,
    "Katara": 0.0700401890158174,
    "Aang": 0.10964852288874605,
    "Waterbending": 0.08826002754079568,
    "The Avatar Returns": 0.032727958647400954,
    "The Southern Air Temple": 0.03267752395824299,
    "The Warriors of Kyoshi": 0.07340765138925553,
    "The King of Omashu": 0.08096289792860462,
    "Imprisoned": 0.04679212003485176,
    "Winter Solstice, Part 1: The Spirit World": 0.008776080717741492,
    "Zuko": 0.04696804949280038
  },
  "hitsHubs": {
    "Airbenders": 0.0,
    "Waterbenders": 0.006099282832989876,
    "Earthbenders": 0.0,
    "Avatar": 0.07506824067089643,
    "Airbender": 0.0,
    "Earthbender": 0.0,
    "Waterbender": 0.006099282832989876,
    "Firebender": 0.0,
    "Winged lemur": 0.006766079185593543,
    "Flying bison": 0.022080190200990887,
    "Elephant koi": 0.031646244642610045,
    "Unagi": 0.02667585432361774,
    "Flopsie": 0.026471759438848486,
    "Lop-eared rabbit": 0.005223613712304604,
    "Hog monkey": 0.021375715254958537,
    "Kanna": 0.07192897142301798,
    "Sokka": 0.07795715521737494,
    "Katara": 0.07421023049592976,
    "Aang": 0.08827145566395016,
    "Waterbending": 0.060608429939666225,
    "The Avatar Returns": 0.08276552406346534,
    "The Southern Air Temple": 0.08975997482702319,
    "The Warriors of Kyoshi": 0.08360581600526117,
    "The King of Omashu": 0.007168769810138159,
    "Imprisoned": 0.005096044183889951,
    "Winter Solstice, Part 1: The Spirit World": 0.06934640800429664,
    "Zuko": 0.06177495727018658
  },
  "hitsAuths": {
    "Airbenders": 0.004972992740152326,
    "Waterbenders": 0.0,
    "Earthbenders": 0.02388820681099971,
    "Avatar": 0.05106133108408744,
    "Airbender": 0.06737375883889012,
    "Earthbender": 0.024089311916967417,
    "Waterbender": 0.06512870363140813,
    "Firebender": 0.02623310813688401,
    "Winged lemur": 0.0,
    "Flying bison": 0.0,
    "Elephant koi": 0.0,
    "Unagi": 0.03508671970704415,
    "Flopsie": 0.0009005321512762441,
    "Lop-eared rabbit": 0.0,
    "Hog monkey": 0.0,
    "Kanna": 0.0,
    "Sokka": 0.12011400966646381,
    "Katara": 0.12055886086502944,
    "Aang": 0.1508943325481877,
    "Waterbending": 0.04305573877314507,
    "The Avatar Returns": 0.05250510141984735,
    "The Southern Air Temple": 0.04278976001458835,
    "The Warriors of Kyoshi": 0.0374144648559717,
    "The King of Omashu": 0.035973728906487513,
    "Imprisoned": 0.013190940520649192,
    "Winter Solstice, Part 1: The Spirit World": 0.0,
    "Zuko": 0.08476839741192017
  },
  "averagePathLength": 1.0982905982905984
}