{
  "numNodes": 28,
  "numEdges": 104,
  "selfLinks": 1,
  "numStrongComponents": 15,
  "numWeakComponents": 1,
  "sizeLargestStrong": 14,
  "sizeLargestWeak": 28,
  "radius": 2,
  "diameter": 4,
  "averageInDegree": 3.7142857142857144,
  "averageOutDegree": 3.7142857142857144,
  "maxOutDegree": 10,
  "maxInDegree": 16,
  "pageRank": {
    "Airbenders": 0.01774047336218102,
    "Earthbenders": 0.02309603848153753,
    "Avatar": 0.04914736299494255,
    "Airbender": 0.05098122024745829,
    "Earthbender": 0.021582911890246158,
    "Waterbender": 0.0445596566524747,
    "Firebender": 0.021409172337310857,
    "Winged lemur": 0.009336989940455868,
    "Flying bison": 0.009336989940455868,
    "Elephant koi": 0.009336989940455868,
    "Unagi": 0.02966115718828513,
    "Scorpion bee": 0.009336989940455868,
    "Flopsie": 0.052477757557376756,
    "Lop-eared rabbit": 0.009336989940455868,
    "Hog monkey": 0.009336989940455868,
    "Kanna": 0.021409172337310857,
    "Sokka": 0.06538142148390795,
    "Katara": 0.0687510137327349,
    "Aang": 0.12337282125642993,
    "Waterbending": 0.052496294404504484,
    "Avatar Wiki:Votes for deletion": 0.009336989940455868,
    "The Avatar Returns": 0.03312963430644142,
    "The Southern Air Temple": 0.03246690189298897,
    "The Warriors of Kyoshi": 0.05762478039157867,
    "The King of Omashu": 0.07201143219497495,
    "Imprisoned": 0.03852815606445793,
    "Winter Solstice, Part 1: The Spirit World": 0.009336989940455868,
    "Zuko": 0.04947670169920987
  },
  "hitsHubs": {
    "Airbenders": 0.0,
    "Earthbenders": 0.0,
    "Avatar": 0.06706458337520309,
    "Airbender": 0.0,
    "Earthbender": 0.0,
    "Waterbender": 0.0,
    "Firebender": 0.0,
    "Winged lemur": 0.006748041962143583,
    "Flying bison": 0.017844926879629085,
    "Elephant koi": 0.0255819047382575,
    "Unagi": 0.021373803948715357,
    "Scorpion bee": 0.017353896252620255,
    "Flopsie": 0.021669726259814216,
    "Lop-eared rabbit": 0.0046538652854885565,
    "Hog monkey": 0.017353896252620255,
    "Kanna": 0.0635443423263519,
    "Sokka": 0.08179727823176222,
    "Katara": 0.08850635538809287,
    "Aang": 0.08446482815689398,
    "Waterbending": 0.06074625945515941,
    "Avatar Wiki:Votes for deletion": 0.02269755110783814,
    "The Avatar Returns": 0.07147511765906141,
    "The Southern Air Temple": 0.07763880047455769,
    "The Warriors of Kyoshi": 0.10071342363489416,
    "The King of Omashu": 0.007622559776741917,
    "Imprisoned": 0.0046538652854885565,
    "Winter Solstice, Part 1: The Spirit World": 0.06737742235165879,
    "Zuko": 0.06911755119700713
  },
  "hitsAuths": {
    "Airbenders": 0.0036439668056633795,
    "Earthbenders": 0.021120830193388836,
    "Avatar": 0.07232879182230649,
    "Airbender": 0.07317679957406784,
    "Earthbender": 0.022361213559610012,
    "Waterbender": 0.054636145823135696,
    "Firebender": 0.025234073635733413,
    "Winged lemur": 0.0,
    "Flying bison": 0.0,
    "Elephant koi": 0.0,
    "Unagi": 0.031228560396298285,
    "Scorpion bee": 0.0,
    "Flopsie": 0.002508579435772202,
    "Lop-eared rabbit": 0.0,
    "Hog monkey": 0.0,
    "Kanna": 0.025234073635733413,
    "Sokka": 0.10558670933771402,
    "Katara": 0.11023033640713044,
    "Aang": 0.12878427213123161,
    "Waterbending": 0.06285313587243636,
    "Avatar Wiki:Votes for deletion": 0.0,
    "The Avatar Returns": 0.04380207050696839,
    "The Southern Air Temple": 0.046433644570770496,
    "The Warriors of Kyoshi": 0.029831968518203886,
    "The King of Omashu": 0.03202802517818908,
    "Imprisoned": 0.024226910922948444,
    "Winter Solstice, Part 1: The Spirit World": 0.0,
    "Zuko": 0.08474989167269772
  },
  "averagePathLength": 1.0992063492063493
}