{
  "numNodes": 27,
  "numEdges": 96,
  "selfLinks": 1,
  "numStrongComponents": 15,
  "numWeakComponents": 1,
  "sizeLargestStrong": 13,
  "sizeLargestWeak": 27,
  "radius": 2,
  "diameter": 4,
  "averageInDegree": 3.5555555555555554,
  "averageOutDegree": 3.5555555555555554,
  "maxOutDegree": 10,
  "maxInDegree": 16,
  "pageRank": {
    "Airbenders": 0.017707767409657103,
    "Earthbenders": 0.021232166691979026,
    "Avatar": 0.04396955456061345,
    "Airbender": 0.04351921638466477,
    "Earthbender": 0.02235509016995623,
    "Waterbender": 0.041896964327803085,
    "Firebender": 0.02177145652512058,
    "Winged lemur": 0.00931981945651714,
    "Flying bison": 0.00931981945651714,
    "Elephant koi": 0.00931981945651714,
    "Unagi": 0.033910277509512525,
    "Scorpion bee": 0.00931981945651714,
    "Flopsie": 0.013513793433087121,
    "Lop-eared rabbit": 0.00931981945651714,
    "Hog monkey": 0.00931981945651714,
    "Kanna": 0.02177145652512058,
    "Sokka": 0.06645393537512502,
    "Katara": 0.07189558559081351,
    "Aang": 0.11224858910318695,
    "Waterbending": 0.03954227774880656,
    "The Avatar Returns": 0.033541980807400416,
    "The Southern Air Temple": 0.03571008009356457,
    "The Warriors of Kyoshi": 0.08221458405914668,
    "The King of Omashu": 0.09597921506584832,
    "Imprisoned": 0.060661032999042776,
    "Winter Solstice, Part 1: The Spirit World": 0.00931981945651714,
    "Zuko": 0.054866239423930346
  },
  "hitsHubs": {
    "Airbenders": 0.0,
    "Earthbenders": 0.0,
    "Avatar": 0.06940614022923872,
    "Airbender": 0.0,
    "Earthbender": 0.0,
    "Waterbender": 0.0,
    "Firebender": 0.0,
    "Winged lemur": 0.005518306017268439,
    "Flying bison": 0.019987885886132418,
    "Elephant koi": 0.028347280669318173,
    "Unagi": 0.024214350466446793,
    "Scorpion bee": 0.01943258520519735,
    "Flopsie": 0.023648854483490505,
    "Lop-eared rabbit": 0.0043101054935511815,
    "Hog monkey": 0.01943258520519735,
    "Kanna": 0.0680593095381499,
    "Sokka": 0.08736148044292655,
    "Katara": 0.09108629868394488,
    "Aang": 0.08497095767947214,
    "Waterbending": 0.06306967635044307,
    "The Avatar Returns": 0.07652098403513972,
    "The Southern Air Temple": 0.08378565688344604,
    "The Warriors of Kyoshi": 0.07651641260940262,
    "The King of Omashu": 0.008402622095769386,
    "Imprisoned": 0.004216269278293155,
    "Winter Solstice, Part 1: The Spirit World": 0.06682506462642467,
    "Zuko": 0.07488717412074675
  },
  "hitsAuths": {
    "Airbenders": 0.0039703103214685665,
    "Earthbenders": 0.023416211100965565,
    "Avatar": 0.06325507288426543,
    "Airbender": 0.0638635269331655,
    "Earthbender": 0.025255730446951497,
    "Waterbender": 0.05972811486383469,
    "Firebender": 0.02777729664063348,
    "Winged lemur": 0.0,
    "Flying bison": 0.0,
    "Elephant koi": 0.0,
    "Unagi": 0.029549784478452978,
    "Scorpion bee": 0.0,
    "Flopsie": 0.0006709138071632508,
    "Lop-eared rabbit": 0.0,
    "Hog monkey": 0.0,
    "Kanna": 0.02777729664063348,
    "Sokka": 0.1077261953814148,
    "Katara": 0.11696385435550077,
    "Aang": 0.13893985053844057,
    "Waterbending": 0.04802645756256551,
    "The Avatar Returns": 0.049101664612643196,
    "The Southern Air Temple": 0.03548468782564326,
    "The Warriors of Kyoshi": 0.03418885051538141,
    "The King of Omashu": 0.03014564542854505,
    "Imprisoned": 0.025888542471165402,
    "Winter Solstice, Part 1: The Spirit World": 0.0,
    "Zuko": 0.08826999319116537
  },
  "averagePathLength": 1.0698005698005697
}