{
  "numNodes": 27,
  "numEdges": 92,
  "selfLinks": 0,
  "numStrongComponents": 15,
  "numWeakComponents": 1,
  "sizeLargestStrong": 13,
  "sizeLargestWeak": 27,
  "radius": 2,
  "diameter": 4,
  "averageInDegree": 3.4074074074074074,
  "averageOutDegree": 3.4074074074074074,
  "maxOutDegree": 9,
  "maxInDegree": 15,
  "pageRank": {
    "Airbenders": 0.01649282758972568,
    "Waterbenders": 0.008680416022248215,
    "Earthbenders": 0.03119482594633226,
    "Avatar": 0.03664173503023586,
    "Airbender": 0.054684246194400446,
    "Earthbender": 0.022719405413631637,
    "Waterbender": 0.049971903265228296,
    "Firebender": 0.0242109619156681,
    "Winged lemur": 0.008680416022248215,
    "Flying bison": 0.008680416022248215,
    "Elephant koi": 0.008680416022248215,
    "Unagi": 0.031410551573516084,
    "Flopsie": 0.012586621805986947,
    "Lop-eared rabbit": 0.008680416022248215,
    "Hog monkey": 0.008680416022248215,
    "Kanna": 0.008680416022248215,
    "Sokka": 0.062042021411673504,
    "Katara": 0.07600569934181725,
    "Aang": 0.10788950419927135,
    "Waterbending": 0.08630346932139234,
    "The Avatar Returns": 0.03236539262582128,
    "The Southern Air Temple": 0.03227466682844923,
    "The Warriors of Kyoshi": 0.07262745536619891,
    "The King of Omashu": 0.07998983064952672,
    "Imprisoned": 0.04624160400409422,
    "Winter Solstice, Part 1: The Spirit World": 0.008680416022248215,
    "Zuko": 0.054903949339043995
  },
  "hitsHubs": {
    "Airbenders": 0.0,
    "Waterbenders": 0.005835897995391771,
    "Earthbenders": 0.0,
    "Avatar": 0.0724040041878379,
    "Airbender": 0.0,
    "Earthbender": 0.0,
    "Waterbender": 0.005835897995391771,
    "Firebender": 0.0,
    "Winged lemur": 0.006140595865430326,
    "Flying bison": 0.020758257716573282,
    "Elephant koi": 0.029894707630575064,
    "Unagi": 0.025355327555754897,
    "Flopsie": 0.02477913484293453,
    "Lop-eared rabbit": 0.004745882847519044,
    "Hog monkey": 0.020141983891880308,
    "Kanna": 0.06980802057075061,
    "Sokka": 0.07715690854071357,
    "Katara": 0.08393403190675994,
    "Aang": 0.08671292211496345,
    "Waterbending": 0.058426801425514666,
    "The Avatar Returns": 0.08105335096918366,
    "The Southern Air Temple": 0.08829158423041035,
    "The Warriors of Kyoshi": 0.0815252703736838,
    "The King of Omashu": 0.0069430427707976115,
    "Imprisoned": 0.0046371509510542246,
    "Winter Solstice, Part 1: The Spirit World": 0.06855411641399509,
    "Zuko": 0.07706510920288413
  },
  "hitsAuths": {
    "Airbenders": 0.004478972398184714,
    "Waterbenders": 0.0,
    "Earthbenders": 0.022576266761415237,
    "Avatar": 0.052870791866919016,
    "Airbender": 0.0656925490367987,
    "Earthbender": 0.025679762081938486,
    "Waterbender": 0.06326362345257264,
    "Firebender": 0.026823517692348225,
    "Winged lemur": 0.0,
    "Flying bison": 0.0,
    "Elephant koi": 0.0,
    "Unagi": 0.0329914353739077,
    "Flopsie": 0.000790244763860983,
    "Lop-eared rabbit": 0.0,
    "Hog monkey": 0.0,
    "Kanna": 0.0,
    "Sokka": 0.1181147715306262,
    "Katara": 0.12671504446818452,
    "Aang": 0.14638848232984422,
    "Waterbending": 0.04241430512321941,
    "The Avatar Returns": 0.05243744906977263,
    "The Southern Air Temple": 0.04014982455481225,
    "The Warriors of Kyoshi": 0.03788968707924365,
    "The King of Omashu": 0.03370201732376878,
    "Imprisoned": 0.012571156272834774,
    "Winter Solstice, Part 1: The Spirit World": 0.0,
    "Zuko": 0.09445009881974782
  },
  "averagePathLength": 1.0940170940170941
}