{
  "numNodes": 27,
  "numEdges": 94,
  "selfLinks": 1,
  "numStrongComponents": 15,
  "numWeakComponents": 1,
  "sizeLargestStrong": 13,
  "sizeLargestWeak": 27,
  "radius": 2,
  "diameter": 4,
  "averageInDegree": 3.4814814814814814,
  "averageOutDegree": 3.4814814814814814,
  "maxOutDegree": 10,
  "maxInDegree": 16,
  "pageRank": {
    "Airbenders": 0.017710806965682658,
    "Earthbenders": 0.015928774525061497,
    "Avatar": 0.03851388458814624,
    "Airbender": 0.04565503271781765,
    "Earthbender": 0.023088713602441545,
    "Waterbender": 0.04361769144523014,
    "Firebender": 0.022529465853416957,
    "Winged lemur": 0.00932141636732332,
    "Flying bison": 0.00932141636732332,
    "Elephant koi": 0.00932141636732332,
    "Unagi": 0.03410666079605408,
    "Scorpion bee": 0.00932141636732332,
    "Flopsie": 0.013516111666502989,
    "Lop-eared rabbit": 0.00932141636732332,
    "Hog monkey": 0.00932141636732332,
    "Kanna": 0.022529465853416957,
    "Sokka": 0.06607261832541125,
    "Katara": 0.07333992553777878,
    "Aang": 0.11376480591206586,
    "Waterbending": 0.040336396132812896,
    "The Avatar Returns": 0.03335421789440973,
    "The Southern Air Temple": 0.03490857592447874,
    "The Warriors of Kyoshi": 0.08254667848285191,
    "The King of Omashu": 0.09651063770742413,
    "Imprisoned": 0.06103199971760275,
    "Winter Solstice, Part 1: The Spirit World": 0.00932141636732332,
    "Zuko": 0.05568762178012966
  },
  "hitsHubs": {
    "Airbenders": 0.0,
    "Earthbenders": 0.0,
    "Avatar": 0.0710903217552995,
    "Airbender": 0.0,
    "Earthbender": 0.0,
    "Waterbender": 0.0,
    "Firebender": 0.0,
    "Winged lemur": 0.005801057243714547,
    "Flying bison": 0.02046448824424817,
    "Elephant koi": 0.029135151852611008,
    "Unagi": 0.024841034464659552,
    "Scorpion bee": 0.019878971600837264,
    "Flopsie": 0.024262105246378195,
    "Lop-eared rabbit": 0.0044830711382951105,
    "Hog monkey": 0.019878971600837264,
    "Kanna": 0.06775553937281305,
    "Sokka": 0.07750903623033166,
    "Katara": 0.09066070065749504,
    "Aang": 0.0848837087453928,
    "Waterbending": 0.060827476045994415,
    "The Avatar Returns": 0.07846137631602126,
    "The Southern Air Temple": 0.0854587194421465,
    "The Warriors of Kyoshi": 0.07860988346326034,
    "The King of Omashu": 0.008703185747572046,
    "Imprisoned": 0.004383133645540934,
    "Winter Solstice, Part 1: The Spirit World": 0.06845821471321405,
    "Zuko": 0.07445385247333748
  },
  "hitsAuths": {
    "Airbenders": 0.004216674429990206,
    "Earthbenders": 0.012443311758762995,
    "Avatar": 0.051012240676670546,
    "Airbender": 0.06411004307297374,
    "Earthbender": 0.02439614388273719,
    "Waterbender": 0.06142086082403911,
    "Firebender": 0.026997993600450687,
    "Winged lemur": 0.0,
    "Flying bison": 0.0,
    "Elephant koi": 0.0,
    "Unagi": 0.03092464611026292,
    "Scorpion bee": 0.0,
    "Flopsie": 0.0007197128809848951,
    "Lop-eared rabbit": 0.0,
    "Hog monkey": 0.0,
    "Kanna": 0.026997993600450687,
    "Sokka": 0.11235118021668108,
    "Katara": 0.1200050618335283,
    "Aang": 0.14316100522001113,
    "Waterbending": 0.04936002669483595,
    "The Avatar Returns": 0.04952854934223422,
    "The Southern Air Temple": 0.03756039548211849,
    "The Warriors of Kyoshi": 0.035734942521863974,
    "The King of Omashu": 0.03156570829261929,
    "Imprisoned": 0.026942184105069336,
    "Winter Solstice, Part 1: The Spirit World": 0.0,
    "Zuko": 0.09055132545371535
  },
  "averagePathLength": 1.0740740740740742
}