{
  "numNodes": 26,
  "numEdges": 105,
  "selfLinks": 1,
  "numStrongComponents": 13,
  "numWeakComponents": 1,
  "sizeLargestStrong": 14,
  "sizeLargestWeak": 26,
  "radius": 2,
  "diameter": 3,
  "averageInDegree": 4.038461538461538,
  "averageOutDegree": 4.038461538461538,
  "maxOutDegree": 10,
  "maxInDegree": 17,
  "pageRank": {
    "Airbenders": 0.013488826224167961,
    "Earthbenders": 0.022815911154211835,
    "Avatar": 0.05764524342424513,
    "Airbender": 0.03698695651440786,
    "Earthbender": 0.025301589039077498,
    "Waterbender": 0.034966127050696356,
    "Firebender": 0.024071774399815244,
    "Winged lemur": 0.009302574797525056,
    "Elephant koi": 0.009302574797525056,
    "Unagi": 0.01946539303906661,
    "Scorpion bee": 0.009302574797525056,
    "Flopsie": 0.028672417923574146,
    "Lop-eared rabbit": 0.009302574797525056,
    "Hog monkey": 0.009302574797525056,
    "Kanna": 0.024071774399815244,
    "Sokka": 0.07911849939244137,
    "Katara": 0.08498332890574345,
    "Aang": 0.13128337695449846,
    "Waterbending": 0.04972048007943183,
    "The Avatar Returns": 0.05341131928516063,
    "The Southern Air Temple": 0.05073006044724162,
    "The Warriors of Kyoshi": 0.057338334598560185,
    "The King of Omashu": 0.05149337346324442,
    "Imprisoned": 0.0394309271737088,
    "Winter Solstice, Part 1: The Spirit World": 0.009302574797525056,
    "Zuko": 0.05918883774574101
  },
  "hitsHubs": {
    "Airbenders": 0.0,
    "Earthbenders": 0.0,
    "Avatar": 0.06833901149066876,
    "Airbender": 0.0,
    "Earthbender": 0.0,
    "Waterbender": 0.0,
    "Firebender": 0.0,
    "Winged lemur": 0.007268191446996584,
    "Elephant koi": 0.025372168652575845,
    "Unagi": 0.02352590111940215,
    "Scorpion bee": 0.01748500906899536,
    "Flopsie": 0.022203834965766726,
    "Lop-eared rabbit": 0.006756834103673631,
    "Hog monkey": 0.01748500906899536,
    "Kanna": 0.06763941398250926,
    "Sokka": 0.07572165676962644,
    "Katara": 0.0782500180689232,
    "Aang": 0.08489940908391902,
    "Waterbending": 0.06120612619143279,
    "The Avatar Returns": 0.0685575549484366,
    "The Southern Air Temple": 0.07619805204582064,
    "The Warriors of Kyoshi": 0.06977371054411033,
    "The King of Omashu": 0.03872321929399466,
    "Imprisoned": 0.05954702376454773,
    "Winter Solstice, Part 1: The Spirit World": 0.06845420090230105,
    "Zuko": 0.06259365448730395
  },
  "hitsAuths": {
    "Airbenders": 0.0010956048468258965,
    "Earthbenders": 0.020640450033552218,
    "Avatar": 0.061475767069797446,
    "Airbender": 0.0439219025334578,
    "Earthbender": 0.02084960560771838,
    "Waterbender": 0.04155186177909971,
    "Firebender": 0.023209640822729402,
    "Winged lemur": 0.0,
    "Elephant koi": 0.0,
    "Unagi": 0.014342259290086434,
    "Scorpion bee": 0.0,
    "Flopsie": 0.015831747898676047,
    "Lop-eared rabbit": 0.0,
    "Hog monkey": 0.0,
    "Kanna": 0.023209640822729402,
    "Sokka": 0.10615872783165833,
    "Katara": 0.11500379526745656,
    "Aang": 0.13582784144287485,
    "Waterbending": 0.053096783980632535,
    "The Avatar Returns": 0.06542157380935582,
    "The Southern Air Temple": 0.05536548999982575,
    "The Warriors of Kyoshi": 0.04692713194247838,
    "The King of Omashu": 0.036656997612871105,
    "Imprisoned": 0.04074898218460899,
    "Winter Solstice, Part 1: The Spirit World": 0.0,
    "Zuko": 0.07866419522356478
  },
  "averagePathLength": 1.1076923076923078
}