{
  "numNodes": 26,
  "numEdges": 108,
  "selfLinks": 2,
  "numStrongComponents": 13,
  "numWeakComponents": 1,
  "sizeLargestStrong": 14,
  "sizeLargestWeak": 26,
  "radius": 2,
  "diameter": 4,
  "averageInDegree": 4.153846153846154,
  "averageOutDegree": 4.153846153846154,
  "maxOutDegree": 13,
  "maxInDegree": 15,
  "pageRank": {
    "Airbenders": 0.01354400695554837,
    "Earthbenders": 0.021411193730620788,
    "Avatar": 0.061363976767961195,
    "Airbender": 0.04112642947450246,
    "Earthbender": 0.022389210572935202,
    "Waterbender": 0.038963799677632326,
    "Firebender": 0.021301650703154828,
    "Winged lemur": 0.009340729871575758,
    "Elephant koi": 0.009340729871575758,
    "Unagi": 0.028426671857247864,
    "Scorpion bee": 0.009340729871575758,
    "Flopsie": 0.04773074536989035,
    "Lop-eared rabbit": 0.009340729871575758,
    "Hog monkey": 0.009340729871575758,
    "Kanna": 0.029945459583915007,
    "Sokka": 0.06353508213507363,
    "Katara": 0.0693628435806555,
    "Aang": 0.12110880001551375,
    "Waterbending": 0.04940653653483645,
    "The Avatar Returns": 0.04793822806768699,
    "The Southern Air Temple": 0.04522718205834617,
    "The Warriors of Kyoshi": 0.06144218452805408,
    "The King of Omashu": 0.06979030234650652,
    "Imprisoned": 0.04107277954716578,
    "Winter Solstice, Part 1: The Spirit World": 0.009340729871575758,
    "Zuko": 0.04886853726329832
  },
  "hitsHubs": {
    "Airbenders": 0.0,
    "Earthbenders": 0.0,
    "Avatar": 0.06863549428971642,
    "Airbender": 0.0,
    "Earthbender": 0.0,
    "Waterbender": 0.0,
    "Firebender": 0.0,
    "Winged lemur": 0.007692954079799252,
    "Elephant koi": 0.0251724387620576,
    "Unagi": 0.02149076123576199,
    "Scorpion bee": 0.01560271087237307,
    "Flopsie": 0.01933394765544684,
    "Lop-eared rabbit": 0.0042765243263296,
    "Hog monkey": 0.01560271087237307,
    "Kanna": 0.07554971254486526,
    "Sokka": 0.08166895530290794,
    "Katara": 0.08885205761470506,
    "Aang": 0.10781694878847958,
    "Waterbending": 0.06646113186384209,
    "The Avatar Returns": 0.09441391653051352,
    "The Southern Air Temple": 0.0856661338253077,
    "The Warriors of Kyoshi": 0.06867073320599014,
    "The King of Omashu": 0.021314518738130787,
    "Imprisoned": 0.0042765243263296,
    "Winter Solstice, Part 1: The Spirit World": 0.066450690217748,
    "Zuko": 0.06105113494732238
  },
  "hitsAuths": {
    "Airbenders": 0.0010122838180596982,
    "Earthbenders": 0.019491821733199716,
    "Avatar": 0.06982829440310032,
    "Airbender": 0.0566431279451711,
    "Earthbender": 0.018779942760764334,
    "Waterbender": 0.056989006584761595,
    "Firebender": 0.022438150475723808,
    "Winged lemur": 0.0,
    "Elephant koi": 0.0,
    "Unagi": 0.026535616139076807,
    "Scorpion bee": 0.0,
    "Flopsie": 0.003930148914431367,
    "Lop-eared rabbit": 0.0,
    "Hog monkey": 0.0,
    "Kanna": 0.044802957146012574,
    "Sokka": 0.09436110260351953,
    "Katara": 0.10216125182590716,
    "Aang": 0.11245622232832385,
    "Waterbending": 0.06735164345142736,
    "The Avatar Returns": 0.06392418679878023,
    "The Southern Air Temple": 0.05443452676735695,
    "The Warriors of Kyoshi": 0.042438003636795195,
    "The King of Omashu": 0.02689281347768414,
    "Imprisoned": 0.03742751478174674,
    "Winter Solstice, Part 1: The Spirit World": 0.0,
    "Zuko": 0.0781013844081574
  },
  "averagePathLength": 1.093846153846154
}