{
  "numNodes": 26,
  "numEdges": 107,
  "selfLinks": 1,
  "numStrongComponents": 13,
  "numWeakComponents": 1,
  "sizeLargestStrong": 14,
  "sizeLargestWeak": 26,
  "radius": 2,
  "diameter": 3,
  "averageInDegree": 4.115384615384615,
  "averageOutDegree": 4.115384615384615,
  "maxOutDegree": 13,
  "maxInDegree": 17,
  "pageRank": {
    "Airbenders": 0.01419029533282197,
    "Earthbenders": 0.021703260600058914,
    "Avatar": 0.05440038475922725,
    "Airbender": 0.04448446167295608,
    "Earthbender": 0.02498038466113603,
    "Waterbender": 0.0423991160310288,
    "Firebender": 0.02384901873105632,
    "Winged lemur": 0.009786345455098265,
    "Elephant koi": 0.009786345455098265,
    "Unagi": 0.029690111577872033,
    "Scorpion bee": 0.009786345455098265,
    "Flopsie": 0.03011781536518973,
    "Lop-eared rabbit": 0.009786345455098265,
    "Hog monkey": 0.009786345455098265,
    "Kanna": 0.02384901873105632,
    "Sokka": 0.07578716481661919,
    "Katara": 0.08046236591047404,
    "Aang": 0.13506902665021084,
    "Waterbending": 0.039634716285675706,
    "The Avatar Returns": 0.0489799542013261,
    "The Southern Air Temple": 0.048133016829981674,
    "The Warriors of Kyoshi": 0.05924610492004323,
    "The King of Omashu": 0.05138814636871605,
    "Imprisoned": 0.03709703743331597,
    "Winter Solstice, Part 1: The Spirit World": 0.009786345455098265,
    "Zuko": 0.05582052639064417
  },
  "hitsHubs": {
    "Airbenders": 0.0,
    "Earthbenders": 0.0,
    "Avatar": 0.0655479938374738,
    "Airbender": 0.0,
    "Earthbender": 0.0,
    "Waterbender": 0.0,
    "Firebender": 0.0,
    "Winged lemur": 0.007251193032208054,
    "Elephant koi": 0.026410082800453174,
    "Unagi": 0.02270382969393622,
    "Scorpion bee": 0.01660154759579367,
    "Flopsie": 0.021283736510829227,
    "Lop-eared rabbit": 0.006462795758807083,
    "Hog monkey": 0.01660154759579367,
    "Kanna": 0.06769004788920276,
    "Sokka": 0.07579185233008905,
    "Katara": 0.07936966934568074,
    "Aang": 0.10133530392958225,
    "Waterbending": 0.0622880001595862,
    "The Avatar Returns": 0.06854338954259108,
    "The Southern Air Temple": 0.07624837166130359,
    "The Warriors of Kyoshi": 0.0698175988100146,
    "The King of Omashu": 0.037766895898936045,
    "Imprisoned": 0.050686115185720776,
    "Winter Solstice, Part 1: The Spirit World": 0.06678044912492792,
    "Zuko": 0.06081957929707001
  },
  "hitsAuths": {
    "Airbenders": 0.0010397701587433821,
    "Earthbenders": 0.01979968113228438,
    "Avatar": 0.06062272915046177,
    "Airbender": 0.05664498626406023,
    "Earthbender": 0.01958911989993817,
    "Waterbender": 0.054378404088624294,
    "Firebender": 0.022249072531068434,
    "Winged lemur": 0.0,
    "Elephant koi": 0.0,
    "Unagi": 0.028329144694335014,
    "Scorpion bee": 0.0,
    "Flopsie": 0.013610260139068539,
    "Lop-eared rabbit": 0.0,
    "Hog monkey": 0.0,
    "Kanna": 0.022249072531068434,
    "Sokka": 0.10135567962240655,
    "Katara": 0.10977430757187925,
    "Aang": 0.1268957166374188,
    "Waterbending": 0.04424260788407029,
    "The Avatar Returns": 0.06436933256690752,
    "The Southern Air Temple": 0.054385504562719095,
    "The Warriors of Kyoshi": 0.04664345028674847,
    "The King of Omashu": 0.03578881513165408,
    "Imprisoned": 0.04090317917976581,
    "Winter Solstice, Part 1: The Spirit World": 0.0,
    "Zuko": 0.07712916596677734
  },
  "averagePathLength": 1.0661538461538462
}