{
  "numNodes": 27,
  "numEdges": 109,
  "selfLinks": 2,
  "numStrongComponents": 14,
  "numWeakComponents": 1,
  "sizeLargestStrong": 14,
  "sizeLargestWeak": 27,
  "radius": 2,
  "diameter": 4,
  "averageInDegree": 4.037037037037037,
  "averageOutDegree": 4.037037037037037,
  "maxOutDegree": 13,
  "maxInDegree": 16,
  "pageRank": {
    "Airbenders": 0.01738317740421062,
    "Earthbenders": 0.022145058127236418,
    "Avatar": 0.06006522702241016,
    "Airbender": 0.04188190865182957,
    "Earthbender": 0.021900915740199457,
    "Waterbender": 0.03911951240200099,
    "Firebender": 0.020931813295271356,
    "Winged lemur": 0.009149017786340174,
    "Flying bison": 0.009149017786340174,
    "Elephant koi": 0.009149017786340174,
    "Unagi": 0.028300598644992063,
    "Scorpion bee": 0.009149017786340174,
    "Flopsie": 0.04727304768088566,
    "Lop-eared rabbit": 0.009149017786340174,
    "Hog monkey": 0.009149017786340174,
    "Kanna": 0.028722267209419946,
    "Sokka": 0.06205945924491022,
    "Katara": 0.06885816644050546,
    "Aang": 0.12382276885006796,
    "Waterbending": 0.04940374234633432,
    "The Avatar Returns": 0.040976375557684575,
    "The Southern Air Temple": 0.044152614575750454,
    "The Warriors of Kyoshi": 0.06094005219293174,
    "The King of Omashu": 0.06934882702837429,
    "Imprisoned": 0.04089523509071402,
    "Winter Solstice, Part 1: The Spirit World": 0.009149017786340174,
    "Zuko": 0.047776107989889224
  },
  "hitsHubs": {
    "Airbenders": 0.0,
    "Earthbenders": 0.0,
    "Avatar": 0.06724931848179713,
    "Airbender": 0.0,
    "Earthbender": 0.0,
    "Waterbender": 0.0,
    "Firebender": 0.0,
    "Winged lemur": 0.008025686159162548,
    "Flying bison": 0.016242725274804033,
    "Elephant koi": 0.025383372921580737,
    "Unagi": 0.02169121797967488,
    "Scorpion bee": 0.015794963266866736,
    "Flopsie": 0.019537763252440145,
    "Lop-eared rabbit": 0.004295269138913447,
    "Hog monkey": 0.015794963266866736,
    "Kanna": 0.07415768653150895,
    "Sokka": 0.08006480211396844,
    "Katara": 0.08857158055565921,
    "Aang": 0.10595404070184145,
    "Waterbending": 0.05690723112959096,
    "The Avatar Returns": 0.09416356590081952,
    "The Southern Air Temple": 0.08408728294897849,
    "The Warriors of Kyoshi": 0.06877499820351252,
    "The King of Omashu": 0.021352932793920306,
    "Imprisoned": 0.004295269138913447,
    "Winter Solstice, Part 1: The Spirit World": 0.06655098246085289,
    "Zuko": 0.06110434777832726
  },
  "hitsAuths": {
    "Airbenders": 0.003263346320692351,
    "Earthbenders": 0.018418477069689788,
    "Avatar": 0.07064577965616997,
    "Airbender": 0.05588324464491527,
    "Earthbender": 0.01898285868735454,
    "Waterbender": 0.05644386794971494,
    "Firebender": 0.022676346938623106,
    "Winged lemur": 0.0,
    "Flying bison": 0.0,
    "Elephant koi": 0.0,
    "Unagi": 0.026908893634365345,
    "Scorpion bee": 0.0,
    "Flopsie": 0.004026465280414564,
    "Lop-eared rabbit": 0.0,
    "Hog monkey": 0.0,
    "Kanna": 0.04531031867908514,
    "Sokka": 0.09555544841489107,
    "Katara": 0.10206380349451044,
    "Aang": 0.11511569617049461,
    "Waterbending": 0.06682203087196283,
    "The Avatar Returns": 0.05533571334311465,
    "The Southern Air Temple": 0.05522887261317106,
    "The Warriors of Kyoshi": 0.04297265239529196,
    "The King of Omashu": 0.027278001137869642,
    "Imprisoned": 0.037977985882433625,
    "Winter Solstice, Part 1: The Spirit World": 0.0,
    "Zuko": 0.07909019681523516
  },
  "averagePathLength": 1.0754985754985755
}