{
  "numNodes": 26,
  "numEdges": 103,
  "selfLinks": 1,
  "numStrongComponents": 13,
  "numWeakComponents": 1,
  "sizeLargestStrong": 14,
  "sizeLargestWeak": 26,
  "radius": 2,
  "diameter": 4,
  "averageInDegree": 3.9615384615384617,
  "averageOutDegree": 3.9615384615384617,
  "maxOutDegree": 13,
  "maxInDegree": 15,
  "pageRank": {
    "Airbenders": 0.013632021382239505,
    "Earthbenders": 0.020335797517180315,
    "Avatar": 0.0577775207179471,
    "Airbender": 0.0415016854081601,
    "Earthbender": 0.023445485037455478,
    "Waterbender": 0.03967058908245304,
    "Firebender": 0.02190159172884921,
    "Winged lemur": 0.00940138242649072,
    "Elephant koi": 0.00940138242649072,
    "Unagi": 0.02904627701802652,
    "Scorpion bee": 0.00940138242649072,
    "Flopsie": 0.04846722943888809,
    "Lop-eared rabbit": 0.00940138242649072,
    "Hog monkey": 0.00940138242649072,
    "Kanna": 0.02190159172884921,
    "Sokka": 0.06720355465291888,
    "Katara": 0.07168616131703266,
    "Aang": 0.12416704468169049,
    "Waterbending": 0.038001718544839455,
    "The Avatar Returns": 0.047001545191652394,
    "The Southern Air Temple": 0.04758344924930371,
    "The Warriors of Kyoshi": 0.06400209438855178,
    "The King of Omashu": 0.07110328524499174,
    "Imprisoned": 0.04185847752657468,
    "Winter Solstice, Part 1: The Spirit World": 0.00940138242649072,
    "Zuko": 0.05330458558345138
  },
  "hitsHubs": {
    "Airbenders": 0.0,
    "Earthbenders": 0.0,
    "Avatar": 0.07020023512590397,
    "Airbender": 0.0,
    "Earthbender": 0.0,
    "Waterbender": 0.0,
    "Firebender": 0.0,
    "Winged lemur": 0.0082249056220852,
    "Elephant koi": 0.027491765632456328,
    "Unagi": 0.023296874620538376,
    "Scorpion bee": 0.016792346947788972,
    "Flopsie": 0.021052812665310578,
    "Lop-eared rabbit": 0.004878433719680618,
    "Hog monkey": 0.016792346947788972,
    "Kanna": 0.07228848371401457,
    "Sokka": 0.08278771872189891,
    "Katara": 0.08652624872711832,
    "Aang": 0.11085712957816751,
    "Waterbending": 0.06781308623287383,
    "The Avatar Returns": 0.07357067293550505,
    "The Southern Air Temple": 0.08199075428179366,
    "The Warriors of Kyoshi": 0.07390199529182376,
    "The King of Omashu": 0.02151075271616633,
    "Imprisoned": 0.004878433719680618,
    "Winter Solstice, Part 1: The Spirit World": 0.07117960728830781,
    "Zuko": 0.06396539551109663
  },
  "hitsAuths": {
    "Airbenders": 0.001152881579691717,
    "Earthbenders": 0.021109651776539007,
    "Avatar": 0.061385267789145354,
    "Airbender": 0.06026940698539443,
    "Earthbender": 0.02057032258243608,
    "Waterbender": 0.05761749434027753,
    "Firebender": 0.023732667928599873,
    "Winged lemur": 0.0,
    "Elephant koi": 0.0,
    "Unagi": 0.029751118475932207,
    "Scorpion bee": 0.0,
    "Flopsie": 0.0043827692291252465,
    "Lop-eared rabbit": 0.0,
    "Hog monkey": 0.0,
    "Kanna": 0.023732667928599873,
    "Sokka": 0.09874673993098967,
    "Katara": 0.10772804364955865,
    "Aang": 0.11909513313057679,
    "Waterbending": 0.04701241498246203,
    "The Avatar Returns": 0.06811364299975069,
    "The Southern Air Temple": 0.05718001453627628,
    "The Warriors of Kyoshi": 0.046131585510124855,
    "The King of Omashu": 0.030216189160699913,
    "Imprisoned": 0.04065951446633283,
    "Winter Solstice, Part 1: The Spirit World": 0.0,
    "Zuko": 0.08141247301748701
  },
  "averagePathLength": 1.1015384615384616
}