{
  "numNodes": 27,
  "numEdges": 106,
  "selfLinks": 1,
  "numStrongComponents": 14,
  "numWeakComponents": 1,
  "sizeLargestStrong": 14,
  "sizeLargestWeak": 27,
  "radius": 2,
  "diameter": 3,
  "averageInDegree": 3.925925925925926,
  "averageOutDegree": 3.925925925925926,
  "maxOutDegree": 10,
  "maxInDegree": 17,
  "pageRank": {
    "Airbenders": 0.012424382196041774,
    "Earthbenders": 0.021933181547998424,
    "Avatar": 0.059772864678092334,
    "Airbender": 0.02829014104705545,
    "Earthbender": 0.031013694442634226,
    "Waterbender": 0.03607929806020485,
    "Firebender": 0.01619959383363056,
    "Winged lemur": 0.008568542484827735,
    "Elephant koi": 0.008568542484827735,
    "Unagi": 0.018267989112860268,
    "Scorpion bee": 0.008568542484827735,
    "Flopsie": 0.027428491355125713,
    "Lop-eared rabbit": 0.008568542484827735,
    "Meadow vole": 0.008568542484827735,
    "Hog monkey": 0.008568542484827735,
    "Kanna": 0.026125329088877536,
    "Sokka": 0.08479176502509156,
    "Katara": 0.08823066883301528,
    "Aang": 0.1300891857951644,
    "Waterbending": 0.050966441304495756,
    "The Avatar Returns": 0.052883370671312324,
    "The Southern Air Temple": 0.049445340796039454,
    "The Warriors of Kyoshi": 0.05544467322037288,
    "The King of Omashu": 0.04966893393483438,
    "Imprisoned": 0.04042764516123373,
    "Winter Solstice, Part 1: The Spirit World": 0.008568542484827735,
    "Zuko": 0.060537212502124724
  },
  "hitsHubs": {
    "Airbenders": 0.0,
    "Earthbenders": 0.0,
    "Avatar": 0.06750200878906845,
    "Airbender": 0.0,
    "Earthbender": 0.0,
    "Waterbender": 0.0,
    "Firebender": 0.0,
    "Winged lemur": 0.007126730015139093,
    "Elephant koi": 0.024593766958505032,
    "Unagi": 0.022787608440300335,
    "Scorpion bee": 0.01690402520755307,
    "Flopsie": 0.021526593064207747,
    "Lop-eared rabbit": 0.006609122504990052,
    "Meadow vole": 0.02883846854811213,
    "Hog monkey": 0.01690402520755307,
    "Kanna": 0.06657236837010473,
    "Sokka": 0.07185668989322148,
    "Katara": 0.06711360729249326,
    "Aang": 0.08320694435379622,
    "Waterbending": 0.06225336337783694,
    "The Avatar Returns": 0.06747939109067806,
    "The Southern Air Temple": 0.07351111639609456,
    "The Warriors of Kyoshi": 0.0688146132013816,
    "The King of Omashu": 0.03722250618980476,
    "Imprisoned": 0.05890622620186666,
    "Winter Solstice, Part 1: The Spirit World": 0.06731383818045227,
    "Zuko": 0.0629569867168404
  },
  "hitsAuths": {
    "Airbenders": 0.0011146460004770665,
    "Earthbenders": 0.0209752907108679,
    "Avatar": 0.06082989910991942,
    "Airbender": 0.032472691550623524,
    "Earthbender": 0.030821988021748396,
    "Waterbender": 0.04119962907760695,
    "Firebender": 0.011238642617030439,
    "Winged lemur": 0.0,
    "Elephant koi": 0.0,
    "Unagi": 0.01460940388899949,
    "Scorpion bee": 0.0,
    "Flopsie": 0.01606856702364575,
    "Lop-eared rabbit": 0.0,
    "Meadow vole": 0.0,
    "Hog monkey": 0.0,
    "Kanna": 0.021735450214993405,
    "Sokka": 0.11139305575108384,
    "Katara": 0.12187153886398877,
    "Aang": 0.13673092871850734,
    "Waterbending": 0.053018017522178516,
    "The Avatar Returns": 0.06645626535292518,
    "The Southern Air Temple": 0.05653105682660033,
    "The Warriors of Kyoshi": 0.04759030998408108,
    "The King of Omashu": 0.03739038414485453,
    "Imprisoned": 0.03986052771628674,
    "Winter Solstice, Part 1: The Spirit World": 0.0,
    "Zuko": 0.07809170690358126
  },
  "averagePathLength": 1.086894586894587
}