{
  "numNodes": 27,
  "numEdges": 107,
  "selfLinks": 1,
  "numStrongComponents": 14,
  "numWeakComponents": 1,
  "sizeLargestStrong": 14,
  "sizeLargestWeak": 27,
  "radius": 2,
  "diameter": 3,
  "averageInDegree": 3.962962962962963,
  "averageOutDegree": 3.962962962962963,
  "maxOutDegree": 10,
  "maxInDegree": 17,
  "pageRank": {
    "Airbenders": 0.01237411828529675,
    "Earthbenders": 0.021817228654880057,
    "Avatar": 0.060240249539969606,
    "Airbender": 0.02802156876132998,
    "Earthbender": 0.030667988996822507,
    "Waterbender": 0.035916069173047495,
    "Firebender": 0.01610408884040404,
    "Winged lemur": 0.008533890718477823,
    "Elephant koi": 0.008533890718477823,
    "Unagi": 0.018142846523113543,
    "Scorpion bee": 0.008533890718477823,
    "Flopsie": 0.02728307703369235,
    "Lop-eared rabbit": 0.008533890718477823,
    "Meadow vole": 0.008533890718477823,
    "Hog monkey": 0.008533890718477823,
    "Kanna": 0.03284607740293428,
    "Sokka": 0.08411549530155205,
    "Katara": 0.08754969296567304,
    "Aang": 0.12917779849360214,
    "Waterbending": 0.05078452878397493,
    "The Avatar Returns": 0.05361099700345193,
    "The Southern Air Temple": 0.04825822468913369,
    "The Warriors of Kyoshi": 0.054822055830858515,
    "The King of Omashu": 0.04935281330479655,
    "Imprisoned": 0.040172316854143825,
    "Winter Solstice, Part 1: The Spirit World": 0.008533890718477823,
    "Zuko": 0.059005528531977804
  },
  "hitsHubs": {
    "Airbenders": 0.0,
    "Earthbenders": 0.0,
    "Avatar": 0.06700846447700638,
    "Airbender": 0.0,
    "Earthbender": 0.0,
    "Waterbender": 0.0,
    "Firebender": 0.0,
    "Winged lemur": 0.007106484896704218,
    "Elephant koi": 0.024364660253990374,
    "Unagi": 0.02258499160165615,
    "Scorpion bee": 0.016793105064610306,
    "Flopsie": 0.021344808989498115,
    "Lop-eared rabbit": 0.0065052976055777,
    "Meadow vole": 0.02863658990622539,
    "Hog monkey": 0.016793105064610306,
    "Kanna": 0.06614887993074557,
    "Sokka": 0.07281012150799972,
    "Katara": 0.06816497299152247,
    "Aang": 0.08256162117761305,
    "Waterbending": 0.061838870420154374,
    "The Avatar Returns": 0.07125656423201307,
    "The Southern Air Temple": 0.07298223886492132,
    "The Warriors of Kyoshi": 0.06838460868432752,
    "The King of Omashu": 0.0368878414447347,
    "Imprisoned": 0.05842041224877849,
    "Winter Solstice, Part 1: The Spirit World": 0.06693756809598943,
    "Zuko": 0.06246879254132143
  },
  "hitsAuths": {
    "Airbenders": 0.0010981214774348482,
    "Earthbenders": 0.020806481910273268,
    "Avatar": 0.06011630691100175,
    "Airbender": 0.03208397914929084,
    "Earthbender": 0.030459400847545344,
    "Waterbender": 0.04132111522725847,
    "Firebender": 0.011250900986347238,
    "Winged lemur": 0.0,
    "Elephant koi": 0.0,
    "Unagi": 0.014331975036443447,
    "Scorpion bee": 0.0,
    "Flopsie": 0.01573262293870141,
    "Lop-eared rabbit": 0.0,
    "Meadow vole": 0.0,
    "Hog monkey": 0.0,
    "Kanna": 0.03279485504921418,
    "Sokka": 0.11017098649769169,
    "Katara": 0.120444353681832,
    "Aang": 0.13523773779725357,
    "Waterbending": 0.0522281901876979,
    "The Avatar Returns": 0.06541770633265279,
    "The Southern Air Temple": 0.05613161283453409,
    "The Warriors of Kyoshi": 0.04664304962273668,
    "The King of Omashu": 0.03665564763373867,
    "Imprisoned": 0.03933435813603373,
    "Winter Solstice, Part 1: The Spirit World": 0.0,
    "Zuko": 0.07774059774231805
  },
  "averagePathLength": 1.0854700854700854
}