{
  "numNodes": 27,
  "numEdges": 108,
  "selfLinks": 1,
  "numStrongComponents": 14,
  "numWeakComponents": 1,
  "sizeLargestStrong": 14,
  "sizeLargestWeak": 27,
  "radius": 2,
  "diameter": 3,
  "averageInDegree": 4,
  "averageOutDegree": 4,
  "maxOutDegree": 10,
  "maxInDegree": 17,
  "pageRank": {
    "Airbenders": 0.012327130712770135,
    "Earthbenders": 0.02164546880822664,
    "Avatar": 0.058749036880206246,
    "Airbender": 0.027896567077944585,
    "Earthbender": 0.02929303929051997,
    "Waterbender": 0.036769838353759826,
    "Firebender": 0.01599701155716205,
    "Winged lemur": 0.008501492873700972,
    "Elephant koi": 0.008501492873700972,
    "Unagi": 0.01790822633434382,
    "Scorpion bee": 0.008501492873700972,
    "Flopsie": 0.027100852363274266,
    "Lop-eared rabbit": 0.008501492873700972,
    "Meadow vole": 0.008501492873700972,
    "Hog monkey": 0.008501492873700972,
    "Kanna": 0.033579796331191104,
    "Sokka": 0.08328560952969526,
    "Katara": 0.08667844454577132,
    "Aang": 0.12798849650175195,
    "Waterbending": 0.05020949203151493,
    "The Avatar Returns": 0.06091291684469624,
    "The Southern Air Temple": 0.048621971245462504,
    "The Warriors of Kyoshi": 0.05332490267287678,
    "The King of Omashu": 0.04887506250624829,
    "Imprisoned": 0.03984405687250968,
    "Winter Solstice, Part 1: The Spirit World": 0.008501492873700972,
    "Zuko": 0.059481629424167425
  },
  "hitsHubs": {
    "Airbenders": 0.0,
    "Earthbenders": 0.0,
    "Avatar": 0.06710471264504107,
    "Airbender": 0.0,
    "Earthbender": 0.0,
    "Waterbender": 0.0,
    "Firebender": 0.0,
    "Winged lemur": 0.006880525479794837,
    "Elephant koi": 0.0240339599497426,
    "Unagi": 0.022321492053999793,
    "Scorpion bee": 0.01649516965273667,
    "Flopsie": 0.020896719757727587,
    "Lop-eared rabbit": 0.006283705248580673,
    "Meadow vole": 0.02820544475768458,
    "Hog monkey": 0.01649516965273667,
    "Kanna": 0.06648646385459858,
    "Sokka": 0.07308613612371674,
    "Katara": 0.06677020620512204,
    "Aang": 0.08239352649950064,
    "Waterbending": 0.06225072798318192,
    "The Avatar Returns": 0.06975937571628733,
    "The Southern Air Temple": 0.07315099687873755,
    "The Warriors of Kyoshi": 0.06693372434383119,
    "The King of Omashu": 0.036391665759702194,
    "Imprisoned": 0.05730623759217721,
    "Winter Solstice, Part 1: The Spirit World": 0.06554670689596208,
    "Zuko": 0.07120733294913804
  },
  "hitsAuths": {
    "Airbenders": 0.0010505877911033779,
    "Earthbenders": 0.0206645927493814,
    "Avatar": 0.06051646217813009,
    "Airbender": 0.03183402223305411,
    "Earthbender": 0.03153724408679979,
    "Waterbender": 0.04050359735697155,
    "Firebender": 0.011159525888212321,
    "Winged lemur": 0.0,
    "Elephant koi": 0.0,
    "Unagi": 0.013889860407189451,
    "Scorpion bee": 0.0,
    "Flopsie": 0.01526619697462733,
    "Lop-eared rabbit": 0.0,
    "Meadow vole": 0.0,
    "Hog monkey": 0.0,
    "Kanna": 0.03200623479154458,
    "Sokka": 0.10915273222998784,
    "Katara": 0.11962217875133367,
    "Aang": 0.1337926418585719,
    "Waterbending": 0.051277199307390824,
    "The Avatar Returns": 0.07568538900728423,
    "The Southern Air Temple": 0.05475748819096092,
    "The Warriors of Kyoshi": 0.047257414309494164,
    "The King of Omashu": 0.035701058504839775,
    "Imprisoned": 0.03834079341704499,
    "Winter Solstice, Part 1: The Spirit World": 0.0,
    "Zuko": 0.07598477996607779
  },
  "averagePathLength": 1.084045584045584
}