{
  "numNodes": 26,
  "numEdges": 108,
  "selfLinks": 0,
  "numStrongComponents": 13,
  "numWeakComponents": 1,
  "sizeLargestStrong": 14,
  "sizeLargestWeak": 26,
  "radius": 2,
  "diameter": 3,
  "averageInDegree": 4.153846153846154,
  "averageOutDegree": 4.153846153846154,
  "maxOutDegree": 10,
  "maxInDegree": 17,
  "pageRank": {
    "Airbenders": 0.00915245391143574,
    "Avatar": 0.07826932797023406,
    "Airbender": 0.014124293287721594,
    "Earthbender": 0.0222356093776676,
    "Waterbender": 0.031614479213176803,
    "Firebender": 0.015151740972825952,
    "Winged lemur": 0.007040424882879947,
    "Elephant koi": 0.007040424882879947,
    "Unagi": 0.016584783489877172,
    "Scorpion bee": 0.007040424882879947,
    "Flopsie": 0.024991316919429227,
    "Lop-eared rabbit": 0.007040424882879947,
    "Meadow vole": 0.007040424882879947,
    "Hog monkey": 0.007040424882879947,
    "Kanna": 0.034544158470823094,
    "Sokka": 0.09012817257696915,
    "Katara": 0.09467283570450505,
    "Aang": 0.1321087275624426,
    "Waterbending": 0.04722663385372052,
    "The Avatar Returns": 0.06799251661822252,
    "The Southern Air Temple": 0.05850195859007822,
    "The Warriors of Kyoshi": 0.0619106589241338,
    "The King of Omashu": 0.04932236963952532,
    "Imprisoned": 0.03936401478789287,
    "Winter Solstice, Part 1: The Spirit World": 0.007040424882879947,
    "Zuko": 0.06282097394915913
  },
  "hitsHubs": {
    "Airbenders": 0.0,
    "Avatar": 0.0623019017579254,
    "Airbender": 0.0,
    "Earthbender": 0.0,
    "Waterbender": 0.0,
    "Firebender": 0.0,
    "Winged lemur": 0.012158883170282112,
    "Elephant koi": 0.035615525104261386,
    "Unagi": 0.022576805982905145,
    "Scorpion bee": 0.01539232073643469,
    "Flopsie": 0.019563100233937744,
    "Lop-eared rabbit": 0.005897366692130056,
    "Meadow vole": 0.025917196858195744,
    "Hog monkey": 0.01539232073643469,
    "Kanna": 0.06462142270018821,
    "Sokka": 0.0802008194073587,
    "Katara": 0.0643397939354469,
    "Aang": 0.08311940943903236,
    "Waterbending": 0.05209012222515984,
    "The Avatar Returns": 0.06516311432192025,
    "The Southern Air Temple": 0.07734186985120972,
    "The Warriors of Kyoshi": 0.06396904675503885,
    "The King of Omashu": 0.04019892299065219,
    "Imprisoned": 0.051819438619293653,
    "Winter Solstice, Part 1: The Spirit World": 0.07393778249143058,
    "Zuko": 0.06838283599076167
  },
  "hitsAuths": {
    "Airbenders": 0.0018808045090213223,
    "Avatar": 0.09897536908570301,
    "Airbender": 0.008057593380999399,
    "Earthbender": 0.020463507668388076,
    "Waterbender": 0.0300282444671582,
    "Firebender": 0.012405914287388676,
    "Winged lemur": 0.0,
    "Elephant koi": 0.0,
    "Unagi": 0.01540430226189977,
    "Scorpion bee": 0.0,
    "Flopsie": 0.015146156155089739,
    "Lop-eared rabbit": 0.0,
    "Meadow vole": 0.0,
    "Hog monkey": 0.0,
    "Kanna": 0.032438153261571234,
    "Sokka": 0.1084212948399525,
    "Katara": 0.1189323609371807,
    "Aang": 0.1350261916622346,
    "Waterbending": 0.04046275126549593,
    "The Avatar Returns": 0.07549561828447987,
    "The Southern Air Temple": 0.06819330816102825,
    "The Warriors of Kyoshi": 0.0630245236241821,
    "The King of Omashu": 0.0365873659634519,
    "Imprisoned": 0.04046512802131473,
    "Winter Solstice, Part 1: The Spirit World": 0.0,
    "Zuko": 0.07859141216346004
  },
  "averagePathLength": 1.0923076923076922
}