{
  "numNodes": 27,
  "numEdges": 111,
  "selfLinks": 0,
  "numStrongComponents": 14,
  "numWeakComponents": 1,
  "sizeLargestStrong": 14,
  "sizeLargestWeak": 27,
  "radius": 2,
  "diameter": 3,
  "averageInDegree": 4.111111111111111,
  "averageOutDegree": 4.111111111111111,
  "maxOutDegree": 11,
  "maxInDegree": 18,
  "pageRank": {
    "Airbenders": 0.007422625499810262,
    "Avatar": 0.08217261962552272,
    "Earthbender": 0.01487282471161833,
    "Waterbender": 0.022561617498833418,
    "Firebender": 0.015324505611029268,
    "Otter penguin": 0.005709724114302425,
    "Winged lemur": 0.005709724114302425,
    "Elephant koi": 0.005709724114302425,
    "Unagi": 0.014249338085300014,
    "Scorpion bee": 0.005709724114302425,
    "Flopsie": 0.021889636962493134,
    "Lop-eared rabbit": 0.005709724114302425,
    "Meadow vole": 0.005709724114302425,
    "Ostrich horse": 0.005709724114302425,
    "Hog monkey": 0.005709724114302425,
    "Kanna": 0.04878569727253189,
    "Sokka": 0.09614792700811695,
    "Katara": 0.10126872267315037,
    "Aang": 0.13330542906636703,
    "Waterbending": 0.0509054600858825,
    "The Avatar Returns": 0.07415482734913391,
    "The Southern Air Temple": 0.05779308879631777,
    "The Warriors of Kyoshi": 0.05642823229167481,
    "The King of Omashu": 0.04374108750540685,
    "Imprisoned": 0.038244748458555036,
    "Winter Solstice, Part 1: The Spirit World": 0.005709724114302425,
    "Zuko": 0.06934409446953368
  },
  "hitsHubs": {
    "Airbenders": 0.0,
    "Avatar": 0.0605174347739779,
    "Earthbender": 0.0,
    "Waterbender": 0.0,
    "Firebender": 0.0,
    "Otter penguin": 0.027753220802567237,
    "Winged lemur": 0.011349346288213958,
    "Elephant koi": 0.031725440720440076,
    "Unagi": 0.03877073781381353,
    "Scorpion bee": 0.0147836766627545,
    "Flopsie": 0.018721422851550224,
    "Lop-eared rabbit": 0.005527842477219735,
    "Meadow vole": 0.02506536153421356,
    "Ostrich horse": 0.008393206549145606,
    "Hog monkey": 0.0147836766627545,
    "Kanna": 0.06011136768671544,
    "Sokka": 0.0744797201379587,
    "Katara": 0.059006475116313205,
    "Aang": 0.08370701421109786,
    "Waterbending": 0.046723015183348586,
    "The Avatar Returns": 0.062322186006004615,
    "The Southern Air Temple": 0.0733142671565224,
    "The Warriors of Kyoshi": 0.06098051624504319,
    "The King of Omashu": 0.03724417177753836,
    "Imprisoned": 0.05036823812655647,
    "Winter Solstice, Part 1: The Spirit World": 0.06943060060887346,
    "Zuko": 0.06492106060737679
  },
  "hitsAuths": {
    "Airbenders": 0.0018276077391697555,
    "Avatar": 0.09161716483778093,
    "Earthbender": 0.007523899788322214,
    "Waterbender": 0.019715717941111432,
    "Firebender": 0.011993617027851346,
    "Otter penguin": 0.0,
    "Winged lemur": 0.0,
    "Elephant koi": 0.0,
    "Unagi": 0.014928624090218669,
    "Scorpion bee": 0.0,
    "Flopsie": 0.014998559543499488,
    "Lop-eared rabbit": 0.0,
    "Meadow vole": 0.0,
    "Ostrich horse": 0.0,
    "Hog monkey": 0.0,
    "Kanna": 0.04501091841653689,
    "Sokka": 0.11409361730982207,
    "Katara": 0.12233503181484996,
    "Aang": 0.13944680980164653,
    "Waterbending": 0.0470809047837225,
    "The Avatar Returns": 0.07979123816550102,
    "The Southern Air Temple": 0.06808219974419227,
    "The Warriors of Kyoshi": 0.0650830747368346,
    "The King of Omashu": 0.03714273224194327,
    "Imprisoned": 0.040159486325373084,
    "Winter Solstice, Part 1: The Spirit World": 0.0,
    "Zuko": 0.07916879569162405
  },
  "averagePathLength": 1.047008547008547
}