{
  "numNodes": 26,
  "numEdges": 107,
  "selfLinks": 0,
  "numStrongComponents": 13,
  "numWeakComponents": 1,
  "sizeLargestStrong": 14,
  "sizeLargestWeak": 26,
  "radius": 2,
  "diameter": 3,
  "averageInDegree": 4.115384615384615,
  "averageOutDegree": 4.115384615384615,
  "maxOutDegree": 11,
  "maxInDegree": 17,
  "pageRank": {
    "Airbenders": 0.00832759772090577,
    "Avatar": 0.08144037619914757,
    "Airbender": 0.013600574557514823,
    "Earthbender": 0.013600574557514823,
    "Waterbender": 0.022715276672441116,
    "Firebender": 0.01570418120650679,
    "Winged lemur": 0.006405854175322363,
    "Elephant koi": 0.006405854175322363,
    "Unagi": 0.015658763635459576,
    "Scorpion bee": 0.006405854175322363,
    "Flopsie": 0.023515649574351837,
    "Lop-eared rabbit": 0.006405854175322363,
    "Meadow vole": 0.006405854175322363,
    "Hog monkey": 0.006405854175322363,
    "Kanna": 0.04825593165933946,
    "Sokka": 0.09298277710435292,
    "Katara": 0.09700387149368332,
    "Aang": 0.13455094027423004,
    "Waterbending": 0.04796373775764473,
    "The Avatar Returns": 0.07055355896993629,
    "The Southern Air Temple": 0.05855676002398274,
    "The Warriors of Kyoshi": 0.060758438132056995,
    "The King of Omashu": 0.04647412725627941,
    "Imprisoned": 0.03907589805774433,
    "Winter Solstice, Part 1: The Spirit World": 0.006405854175322363,
    "Zuko": 0.06441998591965077
  },
  "hitsHubs": {
    "Airbenders": 0.0,
    "Avatar": 0.062329176032442854,
    "Airbender": 0.0,
    "Earthbender": 0.0,
    "Waterbender": 0.0,
    "Firebender": 0.0,
    "Winged lemur": 0.012332210840403776,
    "Elephant koi": 0.035496563899465525,
    "Unagi": 0.022496338109959657,
    "Scorpion bee": 0.015252139113755125,
    "Flopsie": 0.01951708810148702,
    "Lop-eared rabbit": 0.0059884209391350245,
    "Meadow vole": 0.025943756450758068,
    "Hog monkey": 0.015252139113755125,
    "Kanna": 0.06332741538732085,
    "Sokka": 0.07937460196155514,
    "Katara": 0.06241389380640911,
    "Aang": 0.0887021654145233,
    "Waterbending": 0.05045724224431129,
    "The Avatar Returns": 0.06551444825106928,
    "The Southern Air Temple": 0.07729980480949326,
    "The Warriors of Kyoshi": 0.06405710503988983,
    "The King of Omashu": 0.04013404170336742,
    "Imprisoned": 0.05185119301985137,
    "Winter Solstice, Part 1: The Spirit World": 0.07395512144914727,
    "Zuko": 0.06830513431189933
  },
  "hitsAuths": {
    "Airbenders": 0.001918380918888611,
    "Avatar": 0.09947440577693004,
    "Airbender": 0.007849055787758148,
    "Earthbender": 0.007849055787758148,
    "Waterbender": 0.020042454365539877,
    "Firebender": 0.012347398530677395,
    "Winged lemur": 0.0,
    "Elephant koi": 0.0,
    "Unagi": 0.015486425068122213,
    "Scorpion bee": 0.0,
    "Flopsie": 0.015240640484212586,
    "Lop-eared rabbit": 0.0,
    "Meadow vole": 0.0,
    "Hog monkey": 0.0,
    "Kanna": 0.046046127632505464,
    "Sokka": 0.10946643416082004,
    "Katara": 0.11995387323325599,
    "Aang": 0.13487447164933078,
    "Waterbending": 0.04126912950904742,
    "The Avatar Returns": 0.07619188737386208,
    "The Southern Air Temple": 0.0694203127502931,
    "The Warriors of Kyoshi": 0.06406035932720676,
    "The King of Omashu": 0.03771488950116603,
    "Imprisoned": 0.041254941655043426,
    "Winter Solstice, Part 1: The Spirit World": 0.0,
    "Zuko": 0.07953975648758192
  },
  "averagePathLength": 1.103076923076923
}