{
  "numNodes": 28,
  "numEdges": 113,
  "selfLinks": 0,
  "numStrongComponents": 15,
  "numWeakComponents": 1,
  "sizeLargestStrong": 14,
  "sizeLargestWeak": 28,
  "radius": 2,
  "diameter": 3,
  "averageInDegree": 4.035714285714286,
  "averageOutDegree": 4.035714285714286,
  "maxOutDegree": 11,
  "maxInDegree": 19,
  "pageRank": {
    "Airbenders": 0.006963099594524725,
    "Waterbenders": 0.016807326037986195,
    "Avatar": 0.08161611465584778,
    "Earthbender": 0.017117376048048562,
    "Firebender": 0.014641108950981842,
    "Otter penguin": 0.005356242210877342,
    "Winged lemur": 0.005356242210877342,
    "Flying bison": 0.005356242210877342,
    "Elephant koi": 0.005356242210877342,
    "Unagi": 0.0136274240640226,
    "Scorpion bee": 0.005356242210877342,
    "Flopsie": 0.02081420046082922,
    "Lop-eared rabbit": 0.005356242210877342,
    "Meadow vole": 0.005356242210877342,
    "Ostrich horse": 0.005356242210877342,
    "Hog monkey": 0.005356242210877342,
    "Kanna": 0.04685765229411883,
    "Sokka": 0.09284878142982421,
    "Katara": 0.10178771923849018,
    "Aang": 0.1354631681261863,
    "Waterbending": 0.06533956273046893,
    "The Avatar Returns": 0.07530583917593128,
    "The Southern Air Temple": 0.057010421087372865,
    "The Warriors of Kyoshi": 0.05495813037073019,
    "The King of Omashu": 0.04231942959835073,
    "Imprisoned": 0.03619735192339318,
    "Winter Solstice, Part 1: The Spirit World": 0.005356242210877342,
    "Zuko": 0.06676287210411894
  },
  "hitsHubs": {
    "Airbenders": 0.0,
    "Waterbenders": 0.0,
    "Avatar": 0.06057654551857441,
    "Earthbender": 0.0,
    "Firebender": 0.0,
    "Otter penguin": 0.026871956704142632,
    "Winged lemur": 0.010858503310931092,
    "Flying bison": 0.01444278821733159,
    "Elephant koi": 0.03052842454363198,
    "Unagi": 0.0396877524758424,
    "Scorpion bee": 0.01444278821733159,
    "Flopsie": 0.018205328967830777,
    "Lop-eared rabbit": 0.005291376590925413,
    "Meadow vole": 0.02413582431763752,
    "Ostrich horse": 0.008032951274932722,
    "Hog monkey": 0.01444278821733159,
    "Kanna": 0.06292663065482366,
    "Sokka": 0.07151705855029983,
    "Katara": 0.060174310735431454,
    "Aang": 0.08244080424577928,
    "Waterbending": 0.04495753874633546,
    "The Avatar Returns": 0.06517737465234577,
    "The Southern Air Temple": 0.07047904229803457,
    "The Warriors of Kyoshi": 0.058773435680651215,
    "The King of Omashu": 0.03584233623703817,
    "Imprisoned": 0.05087941315559758,
    "Winter Solstice, Part 1: The Spirit World": 0.06686893566411758,
    "Zuko": 0.06244609102310185
  },
  "hitsAuths": {
    "Airbenders": 0.0017514363767527905,
    "Waterbenders": 0.009705893510188373,
    "Avatar": 0.08994732343637107,
    "Earthbender": 0.007251484535866103,
    "Firebender": 0.011535436734419837,
    "Otter penguin": 0.0,
    "Winged lemur": 0.0,
    "Flying bison": 0.0,
    "Elephant koi": 0.0,
    "Unagi": 0.014404059394604556,
    "Scorpion bee": 0.0,
    "Flopsie": 0.01484137652345288,
    "Lop-eared rabbit": 0.0,
    "Meadow vole": 0.0,
    "Ostrich horse": 0.0,
    "Hog monkey": 0.0,
    "Kanna": 0.04505159590493488,
    "Sokka": 0.11364391285288869,
    "Katara": 0.12065780020879825,
    "Aang": 0.14020528058928014,
    "Waterbending": 0.06804491266266954,
    "The Avatar Returns": 0.07836937641775583,
    "The Southern Air Temple": 0.06713356054112041,
    "The Warriors of Kyoshi": 0.06338001050624419,
    "The King of Omashu": 0.03652536295029906,
    "Imprisoned": 0.03957023781998991,
    "Winter Solstice, Part 1: The Spirit World": 0.0,
    "Zuko": 0.07798093903436348
  },
  "averagePathLength": 1.0132275132275133
}