{
  "numNodes": 27,
  "numEdges": 111,
  "selfLinks": 1,
  "numStrongComponents": 14,
  "numWeakComponents": 1,
  "sizeLargestStrong": 14,
  "sizeLargestWeak": 27,
  "radius": 2,
  "diameter": 3,
  "averageInDegree": 4.111111111111111,
  "averageOutDegree": 4.111111111111111,
  "maxOutDegree": 12,
  "maxInDegree": 17,
  "pageRank": {
    "Airbenders": 0.010701601719468568,
    "Earthbenders": 0.0200786600239585,
    "Avatar": 0.057378918042071396,
    "Airbender": 0.026987874126763043,
    "Earthbender": 0.027693729133592207,
    "Waterbender": 0.03587774049178978,
    "Firebender": 0.014505328589323338,
    "Winged lemur": 0.008231973331823293,
    "Elephant koi": 0.008231973331823293,
    "Unagi": 0.01850019040807836,
    "Scorpion bee": 0.008231973331823293,
    "Flopsie": 0.027281058952108122,
    "Lop-eared rabbit": 0.008231973331823293,
    "Meadow vole": 0.008231973331823293,
    "Hog monkey": 0.008231973331823293,
    "Kanna": 0.031806680225944274,
    "Sokka": 0.08364607357214046,
    "Katara": 0.08583630792862426,
    "Aang": 0.1275489174339538,
    "Waterbending": 0.04954129294075711,
    "The Avatar Returns": 0.059460397764309295,
    "The Southern Air Temple": 0.05373962959957272,
    "The Warriors of Kyoshi": 0.06065497170935354,
    "The King of Omashu": 0.05195378674481599,
    "Imprisoned": 0.0399542237800499,
    "Winter Solstice, Part 1: The Spirit World": 0.008231973331823293,
    "Zuko": 0.059228803490561976
  },
  "hitsHubs": {
    "Airbenders": 0.0,
    "Earthbenders": 0.0,
    "Avatar": 0.0657283006547553,
    "Airbender": 0.0,
    "Earthbender": 0.0,
    "Waterbender": 0.0,
    "Firebender": 0.0,
    "Winged lemur": 0.012711978111240748,
    "Elephant koi": 0.024617737223038623,
    "Unagi": 0.022977124708454602,
    "Scorpion bee": 0.015806159080864707,
    "Flopsie": 0.020194387695551954,
    "Lop-eared rabbit": 0.006153963262270167,
    "Meadow vole": 0.026818037430271637,
    "Hog monkey": 0.015806159080864707,
    "Kanna": 0.06366986616700887,
    "Sokka": 0.08689559844180898,
    "Katara": 0.0639456127925793,
    "Aang": 0.08241550638460796,
    "Waterbending": 0.06020217318554357,
    "The Avatar Returns": 0.06847503825199219,
    "The Southern Air Temple": 0.07198515486157549,
    "The Warriors of Kyoshi": 0.06588185148223402,
    "The King of Omashu": 0.03654151778725946,
    "Imprisoned": 0.054706103994736695,
    "Winter Solstice, Part 1: The Spirit World": 0.06433503310432338,
    "Zuko": 0.07013269629901744
  },
  "hitsAuths": {
    "Airbenders": 0.0018791803898666388,
    "Earthbenders": 0.021745100966903876,
    "Avatar": 0.059663311040329764,
    "Airbender": 0.032386488960489276,
    "Earthbender": 0.03211264457685888,
    "Waterbender": 0.03788711664027675,
    "Firebender": 0.012845562110309714,
    "Winged lemur": 0.0,
    "Elephant koi": 0.0,
    "Unagi": 0.013378331112440894,
    "Scorpion bee": 0.0,
    "Flopsie": 0.014398636217926817,
    "Lop-eared rabbit": 0.0,
    "Meadow vole": 0.0,
    "Hog monkey": 0.0,
    "Kanna": 0.03242098052986205,
    "Sokka": 0.10319739712482026,
    "Katara": 0.11548957578235494,
    "Aang": 0.12889090380572826,
    "Waterbending": 0.04833926347876492,
    "The Avatar Returns": 0.07406592574621225,
    "The Southern Air Temple": 0.06599661348102256,
    "The Warriors of Kyoshi": 0.05847544847367871,
    "The King of Omashu": 0.03578369351842913,
    "Imprisoned": 0.03654853531115442,
    "Winter Solstice, Part 1: The Spirit World": 0.0,
    "Zuko": 0.07449529073256986
  },
  "averagePathLength": 1.066951566951567
}