{
  "numNodes": 26,
  "numEdges": 107,
  "selfLinks": 0,
  "numStrongComponents": 13,
  "numWeakComponents": 1,
  "sizeLargestStrong": 14,
  "sizeLargestWeak": 26,
  "radius": 2,
  "diameter": 3,
  "averageInDegree": 4.115384615384615,
  "averageOutDegree": 4.115384615384615,
  "maxOutDegree": 10,
  "maxInDegree": 17,
  "pageRank": {
    "Airbenders": 0.009152562586500282,
    "Avatar": 0.07743601320040565,
    "Airbender": 0.014113402962410274,
    "Earthbender": 0.02223497050627652,
    "Waterbender": 0.03161792665089431,
    "Firebender": 0.015162075596641358,
    "Winged lemur": 0.00704050805277511,
    "Elephant koi": 0.00704050805277511,
    "Unagi": 0.0165943631984376,
    "Scorpion bee": 0.00704050805277511,
    "Flopsie": 0.025031684693690708,
    "Lop-eared rabbit": 0.00704050805277511,
    "Meadow vole": 0.00704050805277511,
    "Hog monkey": 0.00704050805277511,
    "Kanna": 0.03455606779267999,
    "Sokka": 0.09024201459678667,
    "Katara": 0.09477451008992041,
    "Aang": 0.1322444412760298,
    "Waterbending": 0.047153383012145465,
    "The Avatar Returns": 0.06791566132087781,
    "The Southern Air Temple": 0.05855000465671867,
    "The Warriors of Kyoshi": 0.06198454732108304,
    "The King of Omashu": 0.04939033411924022,
    "Imprisoned": 0.03955085407732165,
    "Winter Solstice, Part 1: The Spirit World": 0.00704050805277511,
    "Zuko": 0.06301162597251388
  },
  "hitsHubs": {
    "Airbenders": 0.0,
    "Avatar": 0.06380468225913509,
    "Airbender": 0.0,
    "Earthbender": 0.0,
    "Waterbender": 0.0,
    "Firebender": 0.0,
    "Winged lemur": 0.01246655704496667,
    "Elephant koi": 0.0352106132865311,
    "Unagi": 0.023137865995184866,
    "Scorpion bee": 0.015743222723159648,
    "Flopsie": 0.02009728197919264,
    "Lop-eared rabbit": 0.006143852046814168,
    "Meadow vole": 0.026494187469879353,
    "Hog monkey": 0.015743222723159648,
    "Kanna": 0.06492253915119957,
    "Sokka": 0.08080477990496591,
    "Katara": 0.0644099261793798,
    "Aang": 0.08369127108462629,
    "Waterbending": 0.05209723543741825,
    "The Avatar Returns": 0.06657166188740266,
    "The Southern Air Temple": 0.07785686947308898,
    "The Warriors of Kyoshi": 0.0653761580258031,
    "The King of Omashu": 0.03972896634344711,
    "Imprisoned": 0.05317137993876271,
    "Winter Solstice, Part 1: The Spirit World": 0.06375065903590495,
    "Zuko": 0.06877706800997743
  },
  "hitsAuths": {
    "Airbenders": 0.0019515178037538428,
    "Avatar": 0.08883647046867509,
    "Airbender": 0.008155313621027586,
    "Earthbender": 0.020804513073730883,
    "Waterbender": 0.03066687863672015,
    "Firebender": 0.012649199452703295,
    "Winged lemur": 0.0,
    "Elephant koi": 0.0,
    "Unagi": 0.0157458770989823,
    "Scorpion bee": 0.0,
    "Flopsie": 0.015504402370265423,
    "Lop-eared rabbit": 0.0,
    "Meadow vole": 0.0,
    "Hog monkey": 0.0,
    "Kanna": 0.03315308837822698,
    "Sokka": 0.10939445116138671,
    "Katara": 0.12011621908048348,
    "Aang": 0.1363785020041554,
    "Waterbending": 0.041495257209304415,
    "The Avatar Returns": 0.07701066581315306,
    "The Southern Air Temple": 0.0683244552560207,
    "The Warriors of Kyoshi": 0.06405742903010311,
    "The King of Omashu": 0.03771782241901311,
    "Imprisoned": 0.039382521785213724,
    "Winter Solstice, Part 1: The Spirit World": 0.0,
    "Zuko": 0.07865541533708095
  },
  "averagePathLength": 1.093846153846154
}