{
  "numNodes": 29,
  "numEdges": 114,
  "selfLinks": 0,
  "numStrongComponents": 16,
  "numWeakComponents": 1,
  "sizeLargestStrong": 14,
  "sizeLargestWeak": 29,
  "radius": 2,
  "diameter": 3,
  "averageInDegree": 3.9310344827586206,
  "averageOutDegree": 3.9310344827586206,
  "maxOutDegree": 11,
  "maxInDegree": 19,
  "pageRank": {
    "Airbenders": 0.006681821500862339,
    "Waterbenders": 0.016549674120171817,
    "Avatar": 0.08098191152340554,
    "Earthbender": 0.01688623205074454,
    "Firebender": 0.014390565835768403,
    "Otter penguin": 0.005139869059253873,
    "Winged lemur": 0.005139869059253873,
    "Flying bison": 0.005139869059253873,
    "Elephant koi": 0.005139869059253873,
    "Unagi": 0.013272652702959055,
    "Scorpion bee": 0.005139869059253873,
    "Flopsie": 0.02025203762385985,
    "Lop-eared rabbit": 0.005139869059253873,
    "Meadow vole": 0.005139869059253873,
    "Ostrich horse": 0.005139869059253873,
    "Hog monkey": 0.005139869059253873,
    "Kanna": 0.04698154542475142,
    "Sokka": 0.09250681943321555,
    "Katara": 0.101420526435472,
    "Aang": 0.13413084740197603,
    "Waterbending": 0.06525732416108194,
    "Avatar Wiki:Votes for deletion": 0.005139869059253873,
    "The Avatar Returns": 0.07938724821035321,
    "The Southern Air Temple": 0.05689795515490015,
    "The Warriors of Kyoshi": 0.05426074501787237,
    "The King of Omashu": 0.041405099472295356,
    "Imprisoned": 0.035638338827982535,
    "Winter Solstice, Part 1: The Spirit World": 0.005139869059253873,
    "Zuko": 0.0665600954505352
  },
  "hitsHubs": {
    "Airbenders": 0.0,
    "Waterbenders": 0.0,
    "Avatar": 0.06015556755818481,
    "Earthbender": 0.0,
    "Firebender": 0.0,
    "Otter penguin": 0.026624047061135567,
    "Winged lemur": 0.01075344244798141,
    "Flying bison": 0.014308288796050976,
    "Elephant koi": 0.030395042479798528,
    "Unagi": 0.03931958770623417,
    "Scorpion bee": 0.014308288796050976,
    "Flopsie": 0.018033340075811533,
    "Lop-eared rabbit": 0.005237738255316569,
    "Meadow vole": 0.02391138148533435,
    "Ostrich horse": 0.007955665692503382,
    "Hog monkey": 0.014308288796050976,
    "Kanna": 0.062488890727176866,
    "Sokka": 0.0710042024974625,
    "Katara": 0.0596073170482685,
    "Aang": 0.08181669339326433,
    "Waterbending": 0.04469220049534553,
    "Avatar Wiki:Votes for deletion": 0.00814321042134708,
    "The Avatar Returns": 0.06456484492797882,
    "The Southern Air Temple": 0.06997472448443799,
    "The Warriors of Kyoshi": 0.05822094168156871,
    "The King of Omashu": 0.03551285133183583,
    "Imprisoned": 0.050400162349289734,
    "Winter Solstice, Part 1: The Spirit World": 0.06624422269963652,
    "Zuko": 0.0620190587919346
  },
  "hitsAuths": {
    "Airbenders": 0.0017462341043201967,
    "Waterbenders": 0.009679535690610782,
    "Avatar": 0.08985926056231744,
    "Earthbender": 0.007257494070698476,
    "Firebender": 0.011530257465366317,
    "Otter penguin": 0.0,
    "Winged lemur": 0.0,
    "Flying bison": 0.0,
    "Elephant koi": 0.0,
    "Unagi": 0.014390206173006922,
    "Scorpion bee": 0.0,
    "Flopsie": 0.014801823008075485,
    "Lop-eared rabbit": 0.0,
    "Meadow vole": 0.0,
    "Ostrich horse": 0.0,
    "Hog monkey": 0.0,
    "Kanna": 0.04498045412114162,
    "Sokka": 0.11346456031419193,
    "Katara": 0.12051116787266557,
    "Aang": 0.1400083174707908,
    "Waterbending": 0.06793567656969728,
    "Avatar Wiki:Votes for deletion": 0.0,
    "The Avatar Returns": 0.0796822880887113,
    "The Southern Air Temple": 0.06702741423444943,
    "The Warriors of Kyoshi": 0.06333831488061331,
    "The King of Omashu": 0.03645007237452701,
    "Imprisoned": 0.039489782516516754,
    "Winter Solstice, Part 1: The Spirit World": 0.0,
    "Zuko": 0.07784714048229949
  },
  "averagePathLength": 0.9975369458128078
}