{
  "numNodes": 27,
  "numEdges": 109,
  "selfLinks": 1,
  "numStrongComponents": 14,
  "numWeakComponents": 1,
  "sizeLargestStrong": 14,
  "sizeLargestWeak": 27,
  "radius": 2,
  "diameter": 3,
  "averageInDegree": 4.037037037037037,
  "averageOutDegree": 4.037037037037037,
  "maxOutDegree": 10,
  "maxInDegree": 17,
  "pageRank": {
    "Airbenders": 0.010966056172319551,
    "Earthbenders": 0.021571588980882194,
    "Avatar": 0.05912761446680535,
    "Airbender": 0.027658215054008114,
    "Earthbender": 0.029188116095276356,
    "Waterbender": 0.036648249528491175,
    "Firebender": 0.015914483540053478,
    "Winged lemur": 0.008435402421527493,
    "Elephant koi": 0.008435402421527493,
    "Unagi": 0.01785098694004231,
    "Scorpion bee": 0.008435402421527493,
    "Flopsie": 0.02756923357847824,
    "Lop-eared rabbit": 0.008435402421527493,
    "Meadow vole": 0.008435402421527493,
    "Hog monkey": 0.008435402421527493,
    "Kanna": 0.03345225898353954,
    "Sokka": 0.08310248118500821,
    "Katara": 0.08650680337502989,
    "Aang": 0.1283410247978267,
    "Waterbending": 0.050286317872208025,
    "The Avatar Returns": 0.06071272429069944,
    "The Southern Air Temple": 0.04734224078923964,
    "The Warriors of Kyoshi": 0.05354853033700787,
    "The King of Omashu": 0.05164589504549115,
    "Imprisoned": 0.040279366886632334,
    "Winter Solstice, Part 1: The Spirit World": 0.008435402421527493,
    "Zuko": 0.05923999513026791
  },
  "hitsHubs": {
    "Airbenders": 0.0,
    "Earthbenders": 0.0,
    "Avatar": 0.06677439269483933,
    "Airbender": 0.0,
    "Earthbender": 0.0,
    "Waterbender": 0.0,
    "Firebender": 0.0,
    "Winged lemur": 0.01163929700658223,
    "Elephant koi": 0.023878635813789566,
    "Unagi": 0.02217292376358048,
    "Scorpion bee": 0.01638613078661905,
    "Flopsie": 0.020999103945465933,
    "Lop-eared rabbit": 0.006489859771357935,
    "Meadow vole": 0.028030538191179774,
    "Hog monkey": 0.01638613078661905,
    "Kanna": 0.06604546737635496,
    "Sokka": 0.07258248745993642,
    "Katara": 0.0663367221983504,
    "Aang": 0.08220582114582306,
    "Waterbending": 0.061823317261642426,
    "The Avatar Returns": 0.06940749464380032,
    "The Southern Air Temple": 0.07267256132124021,
    "The Warriors of Kyoshi": 0.06685403690286745,
    "The King of Omashu": 0.03615643380406841,
    "Imprisoned": 0.057191741057251326,
    "Winter Solstice, Part 1: The Spirit World": 0.06523391880886314,
    "Zuko": 0.07073298525976841
  },
  "hitsAuths": {
    "Airbenders": 0.0017803081395723265,
    "Earthbenders": 0.020558264570365414,
    "Avatar": 0.06027409350167517,
    "Airbender": 0.03167401769397965,
    "Earthbender": 0.03137734659278747,
    "Waterbender": 0.04032136739578426,
    "Firebender": 0.011101975718069312,
    "Winged lemur": 0.0,
    "Elephant koi": 0.0,
    "Unagi": 0.013878167667524068,
    "Scorpion bee": 0.0,
    "Flopsie": 0.015270893524007617,
    "Lop-eared rabbit": 0.0,
    "Meadow vole": 0.0,
    "Hog monkey": 0.0,
    "Kanna": 0.03186495937319982,
    "Sokka": 0.10882648174894989,
    "Katara": 0.11923810205958066,
    "Aang": 0.13332230985341392,
    "Waterbending": 0.05113830920466923,
    "The Avatar Returns": 0.07538271231497945,
    "The Southern Air Temple": 0.05538789937425808,
    "The Warriors of Kyoshi": 0.04708302505201699,
    "The King of Omashu": 0.03753248676200524,
    "Imprisoned": 0.03822890400041954,
    "Winter Solstice, Part 1: The Spirit World": 0.0,
    "Zuko": 0.07575837545274193
  },
  "averagePathLength": 1.0754985754985755
}