{
  "numNodes": 27,
  "numEdges": 110,
  "selfLinks": 1,
  "numStrongComponents": 14,
  "numWeakComponents": 1,
  "sizeLargestStrong": 14,
  "sizeLargestWeak": 27,
  "radius": 2,
  "diameter": 3,
  "averageInDegree": 4.074074074074074,
  "averageOutDegree": 4.074074074074074,
  "maxOutDegree": 11,
  "maxInDegree": 17,
  "pageRank": {
    "Airbenders": 0.010848678900942663,
    "Earthbenders": 0.020783159185347615,
    "Avatar": 0.05812983253182921,
    "Airbender": 0.027710060855466033,
    "Earthbender": 0.028404506170843037,
    "Waterbender": 0.03631928573656738,
    "Firebender": 0.015172550379371987,
    "Winged lemur": 0.008345118198293477,
    "Elephant koi": 0.008345118198293477,
    "Unagi": 0.01781167214989525,
    "Scorpion bee": 0.008345118198293477,
    "Flopsie": 0.027353651799060512,
    "Lop-eared rabbit": 0.008345118198293477,
    "Meadow vole": 0.008345118198293477,
    "Hog monkey": 0.008345118198293477,
    "Kanna": 0.032639990581718764,
    "Sokka": 0.08344814088475015,
    "Katara": 0.08618997912995938,
    "Aang": 0.12773141931869658,
    "Waterbending": 0.04987303039040762,
    "The Avatar Returns": 0.060443059008603105,
    "The Southern Air Temple": 0.05387765478049036,
    "The Warriors of Kyoshi": 0.05415534047949847,
    "The King of Omashu": 0.051377789934779074,
    "Imprisoned": 0.04003671518662837,
    "Winter Solstice, Part 1: The Spirit World": 0.008345118198293477,
    "Zuko": 0.05927765520708996
  },
  "hitsHubs": {
    "Airbenders": 0.0,
    "Earthbenders": 0.0,
    "Avatar": 0.06701354963867037,
    "Airbender": 0.0,
    "Earthbender": 0.0,
    "Waterbender": 0.0,
    "Firebender": 0.0,
    "Winged lemur": 0.012976492053622122,
    "Elephant koi": 0.023339368583568585,
    "Unagi": 0.021669207498756407,
    "Scorpion bee": 0.016067999473578197,
    "Flopsie": 0.020593406104784884,
    "Lop-eared rabbit": 0.0063274928263347555,
    "Meadow vole": 0.027462283901467793,
    "Hog monkey": 0.016067999473578197,
    "Kanna": 0.0648317406234332,
    "Sokka": 0.08033783842983756,
    "Katara": 0.06516386915159507,
    "Aang": 0.08224345644547511,
    "Waterbending": 0.0610078484360438,
    "The Avatar Returns": 0.06978115455108504,
    "The Southern Air Temple": 0.07147215835621204,
    "The Warriors of Kyoshi": 0.06719424540489163,
    "The King of Omashu": 0.035385886534683546,
    "Imprisoned": 0.05597143525533784,
    "Winter Solstice, Part 1: The Spirit World": 0.06558067077868084,
    "Zuko": 0.06951189647836292
  },
  "hitsAuths": {
    "Airbenders": 0.0019508408983715873,
    "Earthbenders": 0.021249421287464005,
    "Avatar": 0.059754968678093004,
    "Airbender": 0.03199429817244705,
    "Earthbender": 0.031699599186823926,
    "Waterbender": 0.03920545597065424,
    "Firebender": 0.012077712536029586,
    "Winged lemur": 0.0,
    "Elephant koi": 0.0,
    "Unagi": 0.01361051014639574,
    "Scorpion bee": 0.0,
    "Flopsie": 0.014685596896318815,
    "Lop-eared rabbit": 0.0,
    "Meadow vole": 0.0,
    "Hog monkey": 0.0,
    "Kanna": 0.0323648802865027,
    "Sokka": 0.10617164147904372,
    "Katara": 0.11762455224328845,
    "Aang": 0.1309416629666057,
    "Waterbending": 0.049821552748514866,
    "The Avatar Returns": 0.07462983718207034,
    "The Southern Air Temple": 0.06691891360364838,
    "The Warriors of Kyoshi": 0.04564547656631229,
    "The King of Omashu": 0.036878534310677925,
    "Imprisoned": 0.03733966981188583,
    "Winter Solstice, Part 1: The Spirit World": 0.0,
    "Zuko": 0.07543487502885189
  },
  "averagePathLength": 1.0726495726495726
}