{
  "numNodes": 26,
  "numEdges": 110,
  "selfLinks": 0,
  "numStrongComponents": 13,
  "numWeakComponents": 1,
  "sizeLargestStrong": 14,
  "sizeLargestWeak": 26,
  "radius": 2,
  "diameter": 5,
  "averageInDegree": 4.230769230769231,
  "averageOutDegree": 4.230769230769231,
  "maxOutDegree": 9,
  "maxInDegree": 21,
  "pageRank": {
    "Avatar": 0.1251258065344319,
    "Airbender": 0.01220529567283472,
    "Otter penguin": 0.004268648991994643,
    "Winged lemur": 0.004268648991994643,
    "Flying bison": 0.004268648991994643,
    "Elephant koi": 0.004268648991994643,
    "Unagi": 0.005544494371303691,
    "Scorpion bee": 0.004268648991994643,
    "Flopsie": 0.006679667541113854,
    "Lop-eared rabbit": 0.004268648991994643,
    "Meadow vole": 0.004268648991994643,
    "Ostrich horse": 0.004268648991994643,
    "Hog monkey": 0.004268648991994643,
    "Kanna": 0.0705495765346157,
    "Sokka": 0.1330784725483074,
    "Katara": 0.1331070732137483,
    "Aang": 0.14627099286571912,
    "Waterbending": 0.10454807426953311,
    "Avatar Wiki:Votes for deletion": 0.004268648991994643,
    "The Avatar Returns": 0.03922152069157099,
    "The Southern Air Temple": 0.03494882251785752,
    "The Warriors of Kyoshi": 0.012758401607586907,
    "The King of Omashu": 0.011414726368442474,
    "Imprisoned": 0.006285554755856601,
    "Winter Solstice, Part 1: The Spirit World": 0.004268648991994643,
    "Zuko": 0.11130638159513666
  },
  "hitsHubs": {
    "Avatar": 0.049486859221102096,
    "Airbender": 0.0,
    "Otter penguin": 0.029045874735601936,
    "Winged lemur": 0.017711043913852042,
    "Flying bison": 0.013617079413343112,
    "Elephant koi": 0.01966375087969414,
    "Unagi": 0.036010770864685376,
    "Scorpion bee": 0.013617079413343112,
    "Flopsie": 0.01591034674065756,
    "Lop-eared rabbit": 0.01591034674065756,
    "Meadow vole": 0.024094714855364404,
    "Ostrich horse": 0.008563346061354983,
    "Hog monkey": 0.037711794268707514,
    "Kanna": 0.06839571686902186,
    "Sokka": 0.05103919499763926,
    "Katara": 0.055424245126436456,
    "Aang": 0.05376913556928737,
    "Waterbending": 0.05621868578497333,
    "Avatar Wiki:Votes for deletion": 0.008563346061354983,
    "The Avatar Returns": 0.07148017948313941,
    "The Southern Air Temple": 0.06226535725132435,
    "The Warriors of Kyoshi": 0.07136073591352841,
    "The King of Omashu": 0.05352016452497078,
    "Imprisoned": 0.049232209131281006,
    "Winter Solstice, Part 1: The Spirit World": 0.06205158200317506,
    "Zuko": 0.05533644017550399
  },
  "hitsAuths": {
    "Avatar": 0.1166974319297962,
    "Airbender": 0.012077576415163245,
    "Otter penguin": 0.0,
    "Winged lemur": 0.0,
    "Flying bison": 0.0,
    "Elephant koi": 0.0,
    "Unagi": 0.012601150781247556,
    "Scorpion bee": 0.0,
    "Flopsie": 0.018144405845011972,
    "Lop-eared rabbit": 0.0,
    "Meadow vole": 0.0,
    "Ostrich horse": 0.0,
    "Hog monkey": 0.0,
    "Kanna": 0.04091672161430319,
    "Sokka": 0.14238987392198313,
    "Katara": 0.14038565714506465,
    "Aang": 0.15981001999004674,
    "Waterbending": 0.09014538136265719,
    "Avatar Wiki:Votes for deletion": 0.0,
    "The Avatar Returns": 0.040686657558222906,
    "The Southern Air Temple": 0.04804676016090357,
    "The Warriors of Kyoshi": 0.030277068111462656,
    "The King of Omashu": 0.026913781310662625,
    "Imprisoned": 0.02040809957335691,
    "Winter Solstice, Part 1: The Spirit World": 0.0,
    "Zuko": 0.10049941428011744
  },
  "averagePathLength": 1.3107692307692307
}