{
  "numNodes": 25,
  "numEdges": 110,
  "selfLinks": 0,
  "numStrongComponents": 12,
  "numWeakComponents": 1,
  "sizeLargestStrong": 14,
  "sizeLargestWeak": 25,
  "radius": 2,
  "diameter": 5,
  "averageInDegree": 4.4,
  "averageOutDegree": 4.4,
  "maxOutDegree": 9,
  "maxInDegree": 21,
  "pageRank": {
    "Avatar": 0.13184458989283437,
    "Otter penguin": 0.003999999999999999,
    "Winged lemur": 0.003999999999999999,
    "Flying bison": 0.003999999999999999,
    "Elephant koi": 0.003999999999999999,
    "Unagi": 0.006124771248640167,
    "Scorpion bee": 0.003999999999999999,
    "Flopsie": 0.006108798710649674,
    "Lop-eared rabbit": 0.003999999999999999,
    "Meadow vole": 0.003999999999999999,
    "Ostrich horse": 0.003999999999999999,
    "Hog monkey": 0.003999999999999999,
    "Kanna": 0.07329285498694317,
    "Sokka": 0.13974725444769998,
    "Katara": 0.13959225424882013,
    "Aang": 0.15179009370216803,
    "Waterbending": 0.0888435402392742,
    "Avatar Wiki:Votes for deletion": 0.003999999999999999,
    "The Avatar Returns": 0.04110009656075682,
    "The Southern Air Temple": 0.035894448486642784,
    "The Warriors of Kyoshi": 0.01224734406645029,
    "The King of Omashu": 0.010528967498898091,
    "Imprisoned": 0.005868465626648726,
    "Winter Solstice, Part 1: The Spirit World": 0.003999999999999999,
    "Zuko": 0.11301652028357383
  },
  "hitsHubs": {
    "Avatar": 0.04842305331027418,
    "Otter penguin": 0.028902670540634962,
    "Winged lemur": 0.017607688425044062,
    "Flying bison": 0.013546193469665567,
    "Elephant koi": 0.020972646691540087,
    "Unagi": 0.0350468512332332,
    "Scorpion bee": 0.013546193469665567,
    "Flopsie": 0.015962226545526856,
    "Lop-eared rabbit": 0.015962226545526856,
    "Meadow vole": 0.023929415549694525,
    "Ostrich horse": 0.009415096033217139,
    "Hog monkey": 0.03747560901936009,
    "Kanna": 0.06701276226547982,
    "Sokka": 0.051554965864679815,
    "Katara": 0.055121923580606164,
    "Aang": 0.05346766020927497,
    "Waterbending": 0.056662265957309194,
    "Avatar Wiki:Votes for deletion": 0.009415096033217139,
    "The Avatar Returns": 0.07107534863431902,
    "The Southern Air Temple": 0.0627040359066161,
    "The Warriors of Kyoshi": 0.0714104265966522,
    "The King of Omashu": 0.05322320935923619,
    "Imprisoned": 0.057857621997632225,
    "Winter Solstice, Part 1: The Spirit World": 0.06245764283750185,
    "Zuko": 0.047247169924092065
  },
  "hitsAuths": {
    "Avatar": 0.11589123552207144,
    "Otter penguin": 0.0,
    "Winged lemur": 0.0,
    "Flying bison": 0.0,
    "Elephant koi": 0.0,
    "Unagi": 0.01642241775179393,
    "Scorpion bee": 0.0,
    "Flopsie": 0.01974621271362723,
    "Lop-eared rabbit": 0.0,
    "Meadow vole": 0.0,
    "Ostrich horse": 0.0,
    "Hog monkey": 0.0,
    "Kanna": 0.041102656817382836,
    "Sokka": 0.14276522196791797,
    "Katara": 0.14103892768766213,
    "Aang": 0.1606585798447336,
    "Waterbending": 0.08166772780909116,
    "Avatar Wiki:Votes for deletion": 0.0,
    "The Avatar Returns": 0.04108971259530206,
    "The Southern Air Temple": 0.04816954763261391,
    "The Warriors of Kyoshi": 0.03056600249380191,
    "The King of Omashu": 0.028654281639708606,
    "Imprisoned": 0.020563932464340635,
    "Winter Solstice, Part 1: The Spirit World": 0.0,
    "Zuko": 0.11166354305995267
  },
  "averagePathLength": 1.3033333333333332
}