{
  "numNodes": 25,
  "numEdges": 106,
  "selfLinks": 0,
  "numStrongComponents": 12,
  "numWeakComponents": 1,
  "sizeLargestStrong": 14,
  "sizeLargestWeak": 25,
  "radius": 2,
  "diameter": 4,
  "averageInDegree": 4.24,
  "averageOutDegree": 4.24,
  "maxOutDegree": 8,
  "maxInDegree": 21,
  "pageRank": {
    "Avatar": 0.12346810886065536,
    "Otter penguin": 0.003999999999999999,
    "Winged lemur": 0.003999999999999999,
    "Flying bison": 0.003999999999999999,
    "Elephant koi": 0.003999999999999999,
    "Unagi": 0.00957026792447022,
    "Scorpion bee": 0.003999999999999999,
    "Flopsie": 0.007795880425799055,
    "Lop-eared rabbit": 0.003999999999999999,
    "Meadow vole": 0.003999999999999999,
    "Ostrich horse": 0.003999999999999999,
    "Hog monkey": 0.003999999999999999,
    "Kanna": 0.06511027664920899,
    "Sokka": 0.11969853972465916,
    "Katara": 0.1329863426725383,
    "Aang": 0.15170340451284475,
    "Waterbending": 0.08355290581936063,
    "Avatar Wiki:Votes for deletion": 0.003999999999999999,
    "The Avatar Returns": 0.05571464567833667,
    "The Southern Air Temple": 0.054865881820663744,
    "The Warriors of Kyoshi": 0.036324503317345797,
    "The King of Omashu": 0.015062813325819805,
    "Imprisoned": 0.007226187043546068,
    "Winter Solstice, Part 1: The Spirit World": 0.003999999999999999,
    "Zuko": 0.09292024222475168
  },
  "hitsHubs": {
    "Avatar": 0.05192449395351822,
    "Otter penguin": 0.03279036450608221,
    "Winged lemur": 0.020787670407877042,
    "Flying bison": 0.015183970875129797,
    "Elephant koi": 0.0253259274031036,
    "Unagi": 0.03745168433579359,
    "Scorpion bee": 0.015183970875129797,
    "Flopsie": 0.01760070506233348,
    "Lop-eared rabbit": 0.01760070506233348,
    "Meadow vole": 0.02441258164898118,
    "Ostrich horse": 0.0089170910867776,
    "Hog monkey": 0.03959655252411098,
    "Kanna": 0.07000095711442164,
    "Sokka": 0.06125599126791725,
    "Katara": 0.05661804212566308,
    "Aang": 0.05769432021394725,
    "Waterbending": 0.04251172200619854,
    "Avatar Wiki:Votes for deletion": 0.0089170910867776,
    "The Avatar Returns": 0.07478642118260599,
    "The Southern Air Temple": 0.06697228465697995,
    "The Warriors of Kyoshi": 0.05793875031283827,
    "The King of Omashu": 0.031617730414994966,
    "Imprisoned": 0.05011638097520509,
    "Winter Solstice, Part 1: The Spirit World": 0.06547668087705226,
    "Zuko": 0.0493179100242273
  },
  "hitsAuths": {
    "Avatar": 0.10758242924152331,
    "Otter penguin": 0.0,
    "Winged lemur": 0.0,
    "Flying bison": 0.0,
    "Elephant koi": 0.0,
    "Unagi": 0.015544961873025762,
    "Scorpion bee": 0.0,
    "Flopsie": 0.015259215313324368,
    "Lop-eared rabbit": 0.0,
    "Meadow vole": 0.0,
    "Ostrich horse": 0.0,
    "Hog monkey": 0.0,
    "Kanna": 0.04673957234588572,
    "Sokka": 0.1311160598697228,
    "Katara": 0.1390483526439618,
    "Aang": 0.16803501694690842,
    "Waterbending": 0.0744145329540297,
    "Avatar Wiki:Votes for deletion": 0.0,
    "The Avatar Returns": 0.05579466151097282,
    "The Southern Air Temple": 0.06201393256706424,
    "The Warriors of Kyoshi": 0.040897409409856714,
    "The King of Omashu": 0.026745044062755578,
    "Imprisoned": 0.018126881204185107,
    "Winter Solstice, Part 1: The Spirit World": 0.0,
    "Zuko": 0.09868193005678375
  },
  "averagePathLength": 1.1666666666666667
}