{
  "numNodes": 28,
  "numEdges": 116,
  "selfLinks": 0,
  "numStrongComponents": 15,
  "numWeakComponents": 1,
  "sizeLargestStrong": 14,
  "sizeLargestWeak": 28,
  "radius": 2,
  "diameter": 3,
  "averageInDegree": 4.142857142857143,
  "averageOutDegree": 4.142857142857143,
  "maxOutDegree": 11,
  "maxInDegree": 20,
  "pageRank": {
    "Airbenders": 0.019477130563685087,
    "Waterbenders": 0.016851254776309655,
    "Avatar": 0.07985006789265724,
    "Earthbender": 0.016887560514229176,
    "Firebender": 0.014773305330895398,
    "Otter penguin": 0.005756735504450662,
    "Winged lemur": 0.005756735504450662,
    "Flying bison": 0.005756735504450662,
    "Elephant koi": 0.005756735504450662,
    "Unagi": 0.014180805452969868,
    "Scorpion bee": 0.005756735504450662,
    "Flopsie": 0.018523925836376694,
    "Lop-eared rabbit": 0.005756735504450662,
    "Meadow vole": 0.005756735504450662,
    "Ostrich horse": 0.005756735504450662,
    "Hog monkey": 0.005756735504450662,
    "Kanna": 0.046085999032216676,
    "Sokka": 0.09016716883963055,
    "Katara": 0.0986198154166287,
    "Aang": 0.13366105828398755,
    "Waterbending": 0.061838343518413816,
    "The Avatar Returns": 0.07219643008394006,
    "The Southern Air Temple": 0.05485387112760377,
    "The Warriors of Kyoshi": 0.05544526300878961,
    "The King of Omashu": 0.04099886474188687,
    "Imprisoned": 0.03590803010686629,
    "Winter Solstice, Part 1: The Spirit World": 0.005756735504450662,
    "Zuko": 0.07211375042840626
  },
  "hitsHubs": {
    "Airbenders": 0.0,
    "Waterbenders": 0.0,
    "Avatar": 0.059968786047216324,
    "Earthbender": 0.0,
    "Firebender": 0.0,
    "Otter penguin": 0.026066684227327816,
    "Winged lemur": 0.01191212851443119,
    "Flying bison": 0.014145858624646852,
    "Elephant koi": 0.02950085605114771,
    "Unagi": 0.0383426079376644,
    "Scorpion bee": 0.014145858624646852,
    "Flopsie": 0.017971317003679977,
    "Lop-eared rabbit": 0.019446362827051936,
    "Meadow vole": 0.023164497528982173,
    "Ostrich horse": 0.008784190844224644,
    "Hog monkey": 0.014145858624646852,
    "Kanna": 0.06957003226954535,
    "Sokka": 0.06984885801965493,
    "Katara": 0.059099945881166106,
    "Aang": 0.08030011794555177,
    "Waterbending": 0.04345289663075978,
    "The Avatar Returns": 0.0639090927533141,
    "The Southern Air Temple": 0.06894093040523978,
    "The Warriors of Kyoshi": 0.05794396922153007,
    "The King of Omashu": 0.03442859068717779,
    "Imprisoned": 0.04927888091553094,
    "Winter Solstice, Part 1: The Spirit World": 0.06547493885384748,
    "Zuko": 0.060156739561015145
  },
  "hitsAuths": {
    "Airbenders": 0.014536791479148652,
    "Waterbenders": 0.00940708639867703,
    "Avatar": 0.08774751206134032,
    "Earthbender": 0.006916506385822945,
    "Firebender": 0.011118017664972495,
    "Otter penguin": 0.0,
    "Winged lemur": 0.0,
    "Flying bison": 0.0,
    "Elephant koi": 0.0,
    "Unagi": 0.01391881184848923,
    "Scorpion bee": 0.0,
    "Flopsie": 0.013323927904448914,
    "Lop-eared rabbit": 0.0,
    "Meadow vole": 0.0,
    "Ostrich horse": 0.0,
    "Hog monkey": 0.0,
    "Kanna": 0.04347924529667523,
    "Sokka": 0.11080802485102338,
    "Katara": 0.11748147298185418,
    "Aang": 0.13940949756389578,
    "Waterbending": 0.06692717760902273,
    "The Avatar Returns": 0.07667963767269523,
    "The Southern Air Temple": 0.06515852079949708,
    "The Warriors of Kyoshi": 0.06072728708653867,
    "The King of Omashu": 0.037700449631484785,
    "Imprisoned": 0.038090552283032895,
    "Winter Solstice, Part 1: The Spirit World": 0.0,
    "Zuko": 0.08656948048138033
  },
  "averagePathLength": 1.0727513227513228
}