{
  "numNodes": 25,
  "numEdges": 103,
  "selfLinks": 0,
  "numStrongComponents": 12,
  "numWeakComponents": 1,
  "sizeLargestStrong": 14,
  "sizeLargestWeak": 25,
  "radius": 2,
  "diameter": 5,
  "averageInDegree": 4.12,
  "averageOutDegree": 4.12,
  "maxOutDegree": 8,
  "maxInDegree": 21,
  "pageRank": {
    "Avatar": 0.1394959772878247,
    "Otter penguin": 0.003999999999999999,
    "Winged lemur": 0.003999999999999999,
    "Flying bison": 0.003999999999999999,
    "Elephant koi": 0.003999999999999999,
    "Unagi": 0.006612304432413722,
    "Scorpion bee": 0.003999999999999999,
    "Flopsie": 0.007099875171579074,
    "Lop-eared rabbit": 0.003999999999999999,
    "Meadow vole": 0.003999999999999999,
    "Ostrich horse": 0.003999999999999999,
    "Hog monkey": 0.003999999999999999,
    "Kanna": 0.0732873139152682,
    "Sokka": 0.12362178421778422,
    "Katara": 0.1473078847940689,
    "Aang": 0.16182069234946994,
    "Waterbending": 0.09175681269065951,
    "Avatar Wiki:Votes for deletion": 0.003999999999999999,
    "The Avatar Returns": 0.03888845415650249,
    "The Southern Air Temple": 0.03751049917072903,
    "The Warriors of Kyoshi": 0.013317269664956997,
    "The King of Omashu": 0.011701029724162242,
    "Imprisoned": 0.00662091106133682,
    "Winter Solstice, Part 1: The Spirit World": 0.003999999999999999,
    "Zuko": 0.09695919136324432
  },
  "hitsHubs": {
    "Avatar": 0.052515407982161366,
    "Otter penguin": 0.032833465150622076,
    "Winged lemur": 0.020355873659941154,
    "Flying bison": 0.015615784403062308,
    "Elephant koi": 0.02418012797588354,
    "Unagi": 0.03768669821927365,
    "Scorpion bee": 0.015615784403062308,
    "Flopsie": 0.018158308694385387,
    "Lop-eared rabbit": 0.018158308694385387,
    "Meadow vole": 0.025185170752472775,
    "Ostrich horse": 0.009126858834853778,
    "Hog monkey": 0.040800955155535085,
    "Kanna": 0.0711365053963875,
    "Sokka": 0.05609558481517467,
    "Katara": 0.058172510401773625,
    "Aang": 0.055421653986772824,
    "Waterbending": 0.03836228746787671,
    "Avatar Wiki:Votes for deletion": 0.009126858834853778,
    "The Avatar Returns": 0.07577752764671397,
    "The Southern Air Temple": 0.06693844930869267,
    "The Warriors of Kyoshi": 0.058645710869861124,
    "The King of Omashu": 0.03140699136760394,
    "Imprisoned": 0.0517590211950557,
    "Winter Solstice, Part 1: The Spirit World": 0.06624162455130664,
    "Zuko": 0.050682530232288005
  },
  "hitsAuths": {
    "Avatar": 0.10977366551728539,
    "Otter penguin": 0.0,
    "Winged lemur": 0.0,
    "Flying bison": 0.0,
    "Elephant koi": 0.0,
    "Unagi": 0.015944453298752746,
    "Scorpion bee": 0.0,
    "Flopsie": 0.0160099387074612,
    "Lop-eared rabbit": 0.0,
    "Meadow vole": 0.0,
    "Ostrich horse": 0.0,
    "Hog monkey": 0.0,
    "Kanna": 0.04725387131430507,
    "Sokka": 0.13686463927131856,
    "Katara": 0.14291550596906313,
    "Aang": 0.17347456053687052,
    "Waterbending": 0.07747767413137681,
    "Avatar Wiki:Votes for deletion": 0.0,
    "The Avatar Returns": 0.04835439915087052,
    "The Southern Air Temple": 0.052657290823081924,
    "The Warriors of Kyoshi": 0.03084178853480176,
    "The King of Omashu": 0.02824470886042044,
    "Imprisoned": 0.01879792366273965,
    "Winter Solstice, Part 1: The Spirit World": 0.0,
    "Zuko": 0.10138958022165234
  },
  "averagePathLength": 1.3183333333333334
}