{
  "numNodes": 26,
  "numEdges": 111,
  "selfLinks": 0,
  "numStrongComponents": 12,
  "numWeakComponents": 1,
  "sizeLargestStrong": 15,
  "sizeLargestWeak": 26,
  "radius": 2,
  "diameter": 5,
  "averageInDegree": 4.269230769230769,
  "averageOutDegree": 4.269230769230769,
  "maxOutDegree": 8,
  "maxInDegree": 21,
  "pageRank": {
    "Avatar": 0.1151463362755647,
    "Airbender": 0.01141423648523841,
    "Otter penguin": 0.004241241607691865,
    "Winged lemur": 0.004241241607691865,
    "Flying bison": 0.02220471546295253,
    "Elephant koi": 0.02220471546295253,
    "Unagi": 0.004241241607691865,
    "Scorpion bee": 0.004241241607691865,
    "Flopsie": 0.006755109416483491,
    "Lop-eared rabbit": 0.004241241607691865,
    "Meadow vole": 0.004241241607691865,
    "Ostrich horse": 0.004241241607691865,
    "Hog monkey": 0.004241241607691865,
    "Kanna": 0.06375761206736502,
    "Sokka": 0.12257407343128479,
    "Katara": 0.12285068079615558,
    "Aang": 0.15968281449138563,
    "Waterbending": 0.0956721951143458,
    "Avatar Wiki:Votes for deletion": 0.004241241607691865,
    "The Avatar Returns": 0.04212748434545839,
    "The Southern Air Temple": 0.03416426384683698,
    "The Warriors of Kyoshi": 0.017811873944797215,
    "The King of Omashu": 0.012145453909625455,
    "Imprisoned": 0.006348204068740605,
    "Winter Solstice, Part 1: The Spirit World": 0.004241241607691865,
    "Zuko": 0.10272781480389427
  },
  "hitsHubs": {
    "Avatar": 0.0494418395198668,
    "Airbender": 0.0,
    "Otter penguin": 0.029014012164686465,
    "Winged lemur": 0.01766096955872405,
    "Flying bison": 0.013587416753434814,
    "Elephant koi": 0.019628922168368687,
    "Unagi": 0.03598319671825978,
    "Scorpion bee": 0.013587416753434814,
    "Flopsie": 0.01586085274485024,
    "Lop-eared rabbit": 0.01586085274485024,
    "Meadow vole": 0.024095731993261513,
    "Ostrich horse": 0.008568058319899973,
    "Hog monkey": 0.03768314874669632,
    "Kanna": 0.0683759829520574,
    "Sokka": 0.051040078223748835,
    "Katara": 0.05543193375352303,
    "Aang": 0.05547588412090111,
    "Waterbending": 0.05619814990664484,
    "Avatar Wiki:Votes for deletion": 0.008568058319899973,
    "The Avatar Returns": 0.07146790557892915,
    "The Southern Air Temple": 0.0622396553215787,
    "The Warriors of Kyoshi": 0.07023027667123073,
    "The King of Omashu": 0.05348921130157172,
    "Imprisoned": 0.049186176629612076,
    "Winter Solstice, Part 1: The Spirit World": 0.06200903947934272,
    "Zuko": 0.05531522955462609
  },
  "hitsAuths": {
    "Avatar": 0.11598296126576105,
    "Airbender": 0.011992694125591502,
    "Otter penguin": 0.0,
    "Winged lemur": 0.0,
    "Flying bison": 0.009730102305315281,
    "Elephant koi": 0.009730102305315281,
    "Unagi": 0.0,
    "Scorpion bee": 0.0,
    "Flopsie": 0.01800858238358904,
    "Lop-eared rabbit": 0.0,
    "Meadow vole": 0.0,
    "Ostrich horse": 0.0,
    "Hog monkey": 0.0,
    "Kanna": 0.04093958422641429,
    "Sokka": 0.14147639040647414,
    "Katara": 0.13948373929212712,
    "Aang": 0.15843147551531456,
    "Waterbending": 0.08960995087476037,
    "Avatar Wiki:Votes for deletion": 0.0,
    "The Avatar Returns": 0.040392856644664,
    "The Southern Air Temple": 0.047498284128833765,
    "The Warriors of Kyoshi": 0.03005207299803432,
    "The King of Omashu": 0.026508631121402525,
    "Imprisoned": 0.020257627518341908,
    "Winter Solstice, Part 1: The Spirit World": 0.0,
    "Zuko": 0.09990494488806086
  },
  "averagePathLength": 1.3076923076923077
}