{
  "numNodes": 24,
  "numEdges": 107,
  "selfLinks": 0,
  "numStrongComponents": 11,
  "numWeakComponents": 1,
  "sizeLargestStrong": 14,
  "sizeLargestWeak": 24,
  "radius": 2,
  "diameter": 4,
  "averageInDegree": 4.458333333333333,
  "averageOutDegree": 4.458333333333333,
  "maxOutDegree": 9,
  "maxInDegree": 20,
  "pageRank": {
    "Avatar": 0.10923989658700882,
    "Otter penguin": 0.004166666666666666,
    "Winged lemur": 0.004166666666666666,
    "Flying bison": 0.004166666666666666,
    "Elephant koi": 0.004166666666666666,
    "Unagi": 0.012916231650653415,
    "Scorpion bee": 0.004166666666666666,
    "Flopsie": 0.01143434395681979,
    "Lop-eared rabbit": 0.004166666666666666,
    "Meadow vole": 0.004166666666666666,
    "Ostrich horse": 0.004166666666666666,
    "Hog monkey": 0.004166666666666666,
    "Kanna": 0.0596668772471527,
    "Sokka": 0.10834263214549339,
    "Katara": 0.11814682597339118,
    "Aang": 0.14212792997502666,
    "Waterbending": 0.07877036075024409,
    "The Avatar Returns": 0.07706825080351762,
    "The Southern Air Temple": 0.05027960381253779,
    "The Warriors of Kyoshi": 0.060761134430437694,
    "The King of Omashu": 0.023848877227647385,
    "Imprisoned": 0.019829879177809893,
    "Winter Solstice, Part 1: The Spirit World": 0.004166666666666666,
    "Zuko": 0.0859004895955926
  },
  "hitsHubs": {
    "Avatar": 0.05818040773327737,
    "Otter penguin": 0.027306612401135057,
    "Winged lemur": 0.008133797002091976,
    "Flying bison": 0.014961637199373174,
    "Elephant koi": 0.02941983725328814,
    "Unagi": 0.0395624820948951,
    "Scorpion bee": 0.014961637199373174,
    "Flopsie": 0.01746281962631598,
    "Lop-eared rabbit": 0.01746281962631598,
    "Meadow vole": 0.023896256972417828,
    "Ostrich horse": 0.009022547890550146,
    "Hog monkey": 0.014961637199373174,
    "Kanna": 0.07185644416392879,
    "Sokka": 0.07259678694459144,
    "Katara": 0.057107344957822236,
    "Aang": 0.060676067209105594,
    "Waterbending": 0.04441843562675135,
    "The Avatar Returns": 0.0750849347347333,
    "The Southern Air Temple": 0.07117764953685209,
    "The Warriors of Kyoshi": 0.057461334759087615,
    "The King of Omashu": 0.03577205877924551,
    "Imprisoned": 0.04964598119320745,
    "Winter Solstice, Part 1: The Spirit World": 0.06671536824996573,
    "Zuko": 0.06215510164630194
  },
  "hitsAuths": {
    "Avatar": 0.10672085619128774,
    "Otter penguin": 0.0,
    "Winged lemur": 0.0,
    "Flying bison": 0.0,
    "Elephant koi": 0.0,
    "Unagi": 0.015013974660168695,
    "Scorpion bee": 0.0,
    "Flopsie": 0.014761130148385938,
    "Lop-eared rabbit": 0.0,
    "Meadow vole": 0.0,
    "Ostrich horse": 0.0,
    "Hog monkey": 0.0,
    "Kanna": 0.04587514988713538,
    "Sokka": 0.11984739671173336,
    "Katara": 0.12808216177017834,
    "Aang": 0.15523067521782744,
    "Waterbending": 0.07121754842295071,
    "The Avatar Returns": 0.07081852924654429,
    "The Southern Air Temple": 0.058439765120010624,
    "The Warriors of Kyoshi": 0.0641748867883159,
    "The King of Omashu": 0.025950384426749937,
    "Imprisoned": 0.030256382243994063,
    "Winter Solstice, Part 1: The Spirit World": 0.0,
    "Zuko": 0.09361115916471774
  },
  "averagePathLength": 1.105072463768116
}