{
  "numNodes": 25,
  "numEdges": 108,
  "selfLinks": 0,
  "numStrongComponents": 12,
  "numWeakComponents": 1,
  "sizeLargestStrong": 14,
  "sizeLargestWeak": 25,
  "radius": 2,
  "diameter": 4,
  "averageInDegree": 4.32,
  "averageOutDegree": 4.32,
  "maxOutDegree": 9,
  "maxInDegree": 20,
  "pageRank": {
    "Avatar": 0.10845408883205145,
    "Earthbender": 0.006780246523451081,
    "Otter penguin": 0.0042441050481386985,
    "Winged lemur": 0.0042441050481386985,
    "Flying bison": 0.0042441050481386985,
    "Elephant koi": 0.0042441050481386985,
    "Unagi": 0.012970706765299989,
    "Scorpion bee": 0.0042441050481386985,
    "Flopsie": 0.010976790850140191,
    "Lop-eared rabbit": 0.0042441050481386985,
    "Meadow vole": 0.0042441050481386985,
    "Ostrich horse": 0.0042441050481386985,
    "Hog monkey": 0.0042441050481386985,
    "Kanna": 0.05929503745892799,
    "Sokka": 0.10739443625106054,
    "Katara": 0.11708940996317285,
    "Aang": 0.14099379913468726,
    "Waterbending": 0.07790158428961869,
    "The Avatar Returns": 0.07662311835432759,
    "The Southern Air Temple": 0.05009863356851986,
    "The Warriors of Kyoshi": 0.06044717148840445,
    "The King of Omashu": 0.023311384414111683,
    "Imprisoned": 0.01972574443580451,
    "Winter Solstice, Part 1: The Spirit World": 0.0042441050481386985,
    "Zuko": 0.0854967971890349
  },
  "hitsHubs": {
    "Avatar": 0.05814108949234686,
    "Earthbender": 0.0,
    "Otter penguin": 0.027290056033579917,
    "Winged lemur": 0.008135843636785956,
    "Flying bison": 0.014951509344108532,
    "Elephant koi": 0.029383596285966408,
    "Unagi": 0.0395402407192288,
    "Scorpion bee": 0.014951509344108532,
    "Flopsie": 0.01746431846841206,
    "Lop-eared rabbit": 0.01746431846841206,
    "Meadow vole": 0.02388545461378527,
    "Ostrich horse": 0.00900638059666523,
    "Hog monkey": 0.014951509344108532,
    "Kanna": 0.07179188443374766,
    "Sokka": 0.07249829080565844,
    "Katara": 0.05705349226680992,
    "Aang": 0.06061456356561892,
    "Waterbending": 0.04437080641540831,
    "The Avatar Returns": 0.07501507346876372,
    "The Southern Air Temple": 0.07109812888983358,
    "The Warriors of Kyoshi": 0.05742393965514632,
    "The King of Omashu": 0.03573874147857158,
    "Imprisoned": 0.05049309717499312,
    "Winter Solstice, Part 1: The Spirit World": 0.06664440720477174,
    "Zuko": 0.06209174829316834
  },
  "hitsAuths": {
    "Avatar": 0.1056908163120947,
    "Earthbender": 0.008650524268638615,
    "Otter penguin": 0.0,
    "Winged lemur": 0.0,
    "Flying bison": 0.0,
    "Elephant koi": 0.0,
    "Unagi": 0.014871947618215864,
    "Scorpion bee": 0.0,
    "Flopsie": 0.01477331862383623,
    "Lop-eared rabbit": 0.0,
    "Meadow vole": 0.0,
    "Ostrich horse": 0.0,
    "Hog monkey": 0.0,
    "Kanna": 0.04543112693980263,
    "Sokka": 0.11886128106139904,
    "Katara": 0.12701023300431286,
    "Aang": 0.15390748467822535,
    "Waterbending": 0.07069548515212264,
    "The Avatar Returns": 0.07013459817823002,
    "The Southern Air Temple": 0.057882256443630084,
    "The Warriors of Kyoshi": 0.06355412114077193,
    "The King of Omashu": 0.02586629368963615,
    "Imprisoned": 0.02996085048742717,
    "Winter Solstice, Part 1: The Spirit World": 0.0,
    "Zuko": 0.09270966240165687
  },
  "averagePathLength": 1.14
}