{
  "numNodes": 24,
  "numEdges": 111,
  "selfLinks": 0,
  "numStrongComponents": 11,
  "numWeakComponents": 1,
  "sizeLargestStrong": 14,
  "sizeLargestWeak": 24,
  "radius": 2,
  "diameter": 3,
  "averageInDegree": 4.625,
  "averageOutDegree": 4.625,
  "maxOutDegree": 11,
  "maxInDegree": 20,
  "pageRank": {
    "Avatar": 0.09985616682327783,
    "Otter penguin": 0.004166666666666666,
    "Winged lemur": 0.004166666666666666,
    "Flying bison": 0.004166666666666666,
    "Elephant koi": 0.004166666666666666,
    "Unagi": 0.012468822209239568,
    "Scorpion bee": 0.004166666666666666,
    "Flopsie": 0.01709306478691429,
    "Lop-eared rabbit": 0.004166666666666666,
    "Meadow vole": 0.004166666666666666,
    "Ostrich horse": 0.004166666666666666,
    "Hog monkey": 0.004166666666666666,
    "Kanna": 0.05058086915640169,
    "Sokka": 0.09857698825038307,
    "Katara": 0.1101942225620546,
    "Aang": 0.1426339886559935,
    "Waterbending": 0.06944763426135088,
    "The Avatar Returns": 0.08432524907119042,
    "The Southern Air Temple": 0.061166786417192885,
    "The Warriors of Kyoshi": 0.05728045213525323,
    "The King of Omashu": 0.04031338310715412,
    "Imprisoned": 0.03779701197386657,
    "Winter Solstice, Part 1: The Spirit World": 0.004166666666666666,
    "Zuko": 0.0765986939230608
  },
  "hitsHubs": {
    "Avatar": 0.05776198871179711,
    "Otter penguin": 0.02570548493150147,
    "Winged lemur": 0.010238236612840604,
    "Flying bison": 0.013915318246699808,
    "Elephant koi": 0.02891225859833711,
    "Unagi": 0.03785433949654407,
    "Scorpion bee": 0.013915318246699808,
    "Flopsie": 0.017589843423722627,
    "Lop-eared rabbit": 0.017589843423722627,
    "Meadow vole": 0.02292484505498753,
    "Ostrich horse": 0.008760436269535729,
    "Hog monkey": 0.013915318246699808,
    "Kanna": 0.06987080140992624,
    "Sokka": 0.06903858290198535,
    "Katara": 0.058761481540773694,
    "Aang": 0.08050598689865492,
    "Waterbending": 0.04321016849669884,
    "The Avatar Returns": 0.07330735923873828,
    "The Southern Air Temple": 0.06914410774257301,
    "The Warriors of Kyoshi": 0.05720435622876221,
    "The King of Omashu": 0.0349999389496788,
    "Imprisoned": 0.04860591456197633,
    "Winter Solstice, Part 1: The Spirit World": 0.0658843992941069,
    "Zuko": 0.0603836714730373
  },
  "hitsAuths": {
    "Avatar": 0.10206806020012082,
    "Otter penguin": 0.0,
    "Winged lemur": 0.0,
    "Flying bison": 0.0,
    "Elephant koi": 0.0,
    "Unagi": 0.014061213342063325,
    "Scorpion bee": 0.0,
    "Flopsie": 0.01365125353864367,
    "Lop-eared rabbit": 0.0,
    "Meadow vole": 0.0,
    "Ostrich horse": 0.0,
    "Hog monkey": 0.0,
    "Kanna": 0.04598214005795719,
    "Sokka": 0.11465748061794702,
    "Katara": 0.1214072614584596,
    "Aang": 0.14329065278038328,
    "Waterbending": 0.06966678825604103,
    "The Avatar Returns": 0.07818347916844827,
    "The Southern Air Temple": 0.0675887162353224,
    "The Warriors of Kyoshi": 0.062183782253565266,
    "The King of Omashu": 0.03783780593005304,
    "Imprisoned": 0.039212244856821565,
    "Winter Solstice, Part 1: The Spirit World": 0.0,
    "Zuko": 0.0902091213041734
  },
  "averagePathLength": 1.0380434782608696
}