{
  "numNodes": 24,
  "numEdges": 108,
  "selfLinks": 0,
  "numStrongComponents": 11,
  "numWeakComponents": 1,
  "sizeLargestStrong": 14,
  "sizeLargestWeak": 24,
  "radius": 2,
  "diameter": 3,
  "averageInDegree": 4.5,
  "averageOutDegree": 4.5,
  "maxOutDegree": 9,
  "maxInDegree": 20,
  "pageRank": {
    "Avatar": 0.10499888324170012,
    "Otter penguin": 0.004166666666666666,
    "Winged lemur": 0.004166666666666666,
    "Flying bison": 0.004166666666666666,
    "Elephant koi": 0.004166666666666666,
    "Unagi": 0.012847647232251614,
    "Scorpion bee": 0.004166666666666666,
    "Flopsie": 0.014404156579690762,
    "Lop-eared rabbit": 0.004166666666666666,
    "Meadow vole": 0.004166666666666666,
    "Ostrich horse": 0.004166666666666666,
    "Hog monkey": 0.004166666666666666,
    "Kanna": 0.056362089905166154,
    "Sokka": 0.10572426837475335,
    "Katara": 0.1174938655494234,
    "Aang": 0.1409748969964305,
    "Waterbending": 0.07697435324215014,
    "The Avatar Returns": 0.07458778283181167,
    "The Southern Air Temple": 0.04903401794987102,
    "The Warriors of Kyoshi": 0.06022815719396641,
    "The King of Omashu": 0.027440128955129234,
    "Imprisoned": 0.03532090623759203,
    "Winter Solstice, Part 1: The Spirit World": 0.004166666666666666,
    "Zuko": 0.08194217904339675
  },
  "hitsHubs": {
    "Avatar": 0.05768967126781316,
    "Otter penguin": 0.027060520505035768,
    "Winged lemur": 0.008047876691281817,
    "Flying bison": 0.014861884687989026,
    "Elephant koi": 0.02915890021390996,
    "Unagi": 0.03929587173912976,
    "Scorpion bee": 0.014861884687989026,
    "Flopsie": 0.01732423929408597,
    "Lop-eared rabbit": 0.01732423929408597,
    "Meadow vole": 0.023666854491742554,
    "Ostrich horse": 0.008998189565054156,
    "Hog monkey": 0.014861884687989026,
    "Kanna": 0.07136247419933271,
    "Sokka": 0.07315591250906672,
    "Katara": 0.060801652437701394,
    "Aang": 0.06033733264798138,
    "Waterbending": 0.04406178011441206,
    "The Avatar Returns": 0.07465325688988105,
    "The Southern Air Temple": 0.07065967088543625,
    "The Warriors of Kyoshi": 0.05699921427298825,
    "The King of Omashu": 0.036605372177502725,
    "Imprisoned": 0.049244695687536456,
    "Winter Solstice, Part 1: The Spirit World": 0.06730513973167285,
    "Zuko": 0.06166148132038208
  },
  "hitsAuths": {
    "Avatar": 0.10603202434510292,
    "Otter penguin": 0.0,
    "Winged lemur": 0.0,
    "Flying bison": 0.0,
    "Elephant koi": 0.0,
    "Unagi": 0.014720366332928154,
    "Scorpion bee": 0.0,
    "Flopsie": 0.014667735661905424,
    "Lop-eared rabbit": 0.0,
    "Meadow vole": 0.0,
    "Ostrich horse": 0.0,
    "Hog monkey": 0.0,
    "Kanna": 0.04595058025006532,
    "Sokka": 0.11851680198965832,
    "Katara": 0.12606520216281372,
    "Aang": 0.15358819836998358,
    "Waterbending": 0.07062803084144233,
    "The Avatar Returns": 0.06966526359945842,
    "The Southern Air Temple": 0.05772284552258749,
    "The Warriors of Kyoshi": 0.06336500215726411,
    "The King of Omashu": 0.02544688077173024,
    "Imprisoned": 0.040640457927605615,
    "Winter Solstice, Part 1: The Spirit World": 0.0,
    "Zuko": 0.09299061006745409
  },
  "averagePathLength": 1.0923913043478262
}