{
  "numNodes": 24,
  "numEdges": 112,
  "selfLinks": 0,
  "numStrongComponents": 9,
  "numWeakComponents": 1,
  "sizeLargestStrong": 16,
  "sizeLargestWeak": 24,
  "radius": 2,
  "diameter": 5,
  "averageInDegree": 4.666666666666667,
  "averageOutDegree": 4.666666666666667,
  "maxOutDegree": 9,
  "maxInDegree": 22,
  "pageRank": {
    "Avatar": 0.1333757052624135,
    "Otter penguin": 0.004166666666666666,
    "Winged lemur": 0.004166666666666666,
    "Flying bison": 0.02911497730748933,
    "Elephant koi": 0.024757559870928966,
    "Unagi": 0.004166666666666666,
    "Scorpion bee": 0.004166666666666666,
    "Flopsie": 0.008738854578447213,
    "Lop-eared rabbit": 0.00805069514384248,
    "Meadow vole": 0.004166666666666666,
    "Ostrich horse": 0.004166666666666666,
    "Hog monkey": 0.004166666666666666,
    "Kanna": 0.06906015564930393,
    "Sokka": 0.12726739915020516,
    "Katara": 0.13251311057678034,
    "Aang": 0.1601522691910812,
    "Waterbending": 0.03444039132836525,
    "The Avatar Returns": 0.043576167154041404,
    "The Southern Air Temple": 0.03745493793409204,
    "The Warriors of Kyoshi": 0.01954650941109239,
    "The King of Omashu": 0.012612665540053322,
    "Imprisoned": 0.0059640304345701545,
    "Winter Solstice, Part 1: The Spirit World": 0.004166666666666666,
    "Zuko": 0.1200412381339602
  },
  "hitsHubs": {
    "Avatar": 0.05150575044338644,
    "Otter penguin": 0.028651817080482842,
    "Winged lemur": 0.01760443863843054,
    "Flying bison": 0.023580565383359346,
    "Elephant koi": 0.01951189126868006,
    "Unagi": 0.01610859569330288,
    "Scorpion bee": 0.025290805717703535,
    "Flopsie": 0.01712180082042082,
    "Lop-eared rabbit": 0.017897945312316785,
    "Meadow vole": 0.023161929568804387,
    "Ostrich horse": 0.024428081063153924,
    "Hog monkey": 0.0368506283958068,
    "Kanna": 0.06366490278303996,
    "Sokka": 0.049177505602338405,
    "Katara": 0.05540281540966101,
    "Aang": 0.04957665725307702,
    "Waterbending": 0.05748187718831525,
    "The Avatar Returns": 0.0692289503899867,
    "The Southern Air Temple": 0.06330506962999291,
    "The Warriors of Kyoshi": 0.06361845026691129,
    "The King of Omashu": 0.06499630451033113,
    "Imprisoned": 0.05179925711727269,
    "Winter Solstice, Part 1: The Spirit World": 0.06329146551106184,
    "Zuko": 0.04674249495216373
  },
  "hitsAuths": {
    "Avatar": 0.1190365837784409,
    "Otter penguin": 0.0,
    "Winged lemur": 0.0,
    "Flying bison": 0.021105669168271023,
    "Elephant koi": 0.00880723180593806,
    "Unagi": 0.0,
    "Scorpion bee": 0.0,
    "Flopsie": 0.023928134824659657,
    "Lop-eared rabbit": 0.014588179791160338,
    "Meadow vole": 0.0,
    "Ostrich horse": 0.0,
    "Hog monkey": 0.0,
    "Kanna": 0.039684233773621326,
    "Sokka": 0.1396172462530677,
    "Katara": 0.13910840717939688,
    "Aang": 0.16472684254835196,
    "Waterbending": 0.033450670148483484,
    "The Avatar Returns": 0.040954523251310666,
    "The Southern Air Temple": 0.047121166411014194,
    "The Warriors of Kyoshi": 0.029120515771156003,
    "The King of Omashu": 0.026725027451496804,
    "Imprisoned": 0.022790163585087845,
    "Winter Solstice, Part 1: The Spirit World": 0.0,
    "Zuko": 0.12923540425854294
  },
  "averagePathLength": 1.4873188405797102
}