{
  "numNodes": 26,
  "numEdges": 110,
  "selfLinks": 0,
  "numStrongComponents": 12,
  "numWeakComponents": 1,
  "sizeLargestStrong": 15,
  "sizeLargestWeak": 26,
  "radius": 2,
  "diameter": 5,
  "averageInDegree": 4.230769230769231,
  "averageOutDegree": 4.230769230769231,
  "maxOutDegree": 8,
  "maxInDegree": 21,
  "pageRank": {
    "Avatar": 0.12020583444656469,
    "Airbender": 0.01174164574869911,
    "Otter penguin": 0.004252575011674967,
    "Winged lemur": 0.004252575011674967,
    "Flying bison": 0.02272619399735436,
    "Elephant koi": 0.02272619399735436,
    "Unagi": 0.004252575011674967,
    "Scorpion bee": 0.004252575011674967,
    "Flopsie": 0.006778885675560206,
    "Lop-eared rabbit": 0.004252575011674967,
    "Meadow vole": 0.004252575011674967,
    "Ostrich horse": 0.004252575011674967,
    "Hog monkey": 0.004252575011674967,
    "Kanna": 0.06656717645472342,
    "Sokka": 0.12317793430824661,
    "Katara": 0.12639129060657467,
    "Aang": 0.16421771288806422,
    "Waterbending": 0.07686538697240329,
    "Avatar Wiki:Votes for deletion": 0.004252575011674967,
    "The Avatar Returns": 0.024092351999409685,
    "The Southern Air Temple": 0.03310464664682794,
    "The Warriors of Kyoshi": 0.018174088103135755,
    "The King of Omashu": 0.012216614416596704,
    "Imprisoned": 0.0063701473573522065,
    "Winter Solstice, Part 1: The Spirit World": 0.004252575011674967,
    "Zuko": 0.12211814626438348
  },
  "hitsHubs": {
    "Avatar": 0.051237734270233,
    "Airbender": 0.0,
    "Otter penguin": 0.028131128228003288,
    "Winged lemur": 0.017611017261360818,
    "Flying bison": 0.01347372932438547,
    "Elephant koi": 0.01860486136114397,
    "Unagi": 0.028015822583989214,
    "Scorpion bee": 0.01347372932438547,
    "Flopsie": 0.015731215453298426,
    "Lop-eared rabbit": 0.015731215453298426,
    "Meadow vole": 0.024068360126463063,
    "Ostrich horse": 0.00955835688240912,
    "Hog monkey": 0.03754208945084853,
    "Kanna": 0.06743288416569386,
    "Sokka": 0.04877669896664844,
    "Katara": 0.05524602590004582,
    "Aang": 0.05543480307258543,
    "Waterbending": 0.057368780997679704,
    "Avatar Wiki:Votes for deletion": 0.019826691546831178,
    "The Avatar Returns": 0.07136945707479438,
    "The Southern Air Temple": 0.06249991303443821,
    "The Warriors of Kyoshi": 0.07013680834604875,
    "The King of Omashu": 0.0535682012334757,
    "Imprisoned": 0.04770407927753174,
    "Winter Solstice, Part 1: The Spirit World": 0.06327271926665677,
    "Zuko": 0.05418367739775133
  },
  "hitsAuths": {
    "Avatar": 0.12115752696626084,
    "Airbender": 0.012030335804559028,
    "Otter penguin": 0.0,
    "Winged lemur": 0.0,
    "Flying bison": 0.009889823102457906,
    "Elephant koi": 0.009889823102457906,
    "Unagi": 0.0,
    "Scorpion bee": 0.0,
    "Flopsie": 0.01806743932152305,
    "Lop-eared rabbit": 0.0,
    "Meadow vole": 0.0,
    "Ostrich horse": 0.0,
    "Hog monkey": 0.0,
    "Kanna": 0.04118059275938651,
    "Sokka": 0.14255977880966775,
    "Katara": 0.14142619227084852,
    "Aang": 0.15897843002833337,
    "Waterbending": 0.07519891313149271,
    "Avatar Wiki:Votes for deletion": 0.0,
    "The Avatar Returns": 0.031518521838766037,
    "The Southern Air Temple": 0.04881644309160132,
    "The Warriors of Kyoshi": 0.02902442776580871,
    "The King of Omashu": 0.02663639679444802,
    "Imprisoned": 0.0208449560941047,
    "Winter Solstice, Part 1: The Spirit World": 0.0,
    "Zuko": 0.11278039911828373
  },
  "averagePathLength": 1.3138461538461539
}