{
  "numNodes": 24,
  "numEdges": 107,
  "selfLinks": 0,
  "numStrongComponents": 10,
  "numWeakComponents": 1,
  "sizeLargestStrong": 15,
  "sizeLargestWeak": 24,
  "radius": 2,
  "diameter": 5,
  "averageInDegree": 4.458333333333333,
  "averageOutDegree": 4.458333333333333,
  "maxOutDegree": 9,
  "maxInDegree": 21,
  "pageRank": {
    "Avatar": 0.13427642012185653,
    "Otter penguin": 0.004166666666666666,
    "Winged lemur": 0.004166666666666666,
    "Flying bison": 0.02921490858968587,
    "Elephant koi": 0.024832176242765364,
    "Unagi": 0.004166666666666666,
    "Scorpion bee": 0.004166666666666666,
    "Flopsie": 0.006940225630623343,
    "Lop-eared rabbit": 0.004166666666666666,
    "Meadow vole": 0.004635416666666665,
    "Ostrich horse": 0.004166666666666666,
    "Hog monkey": 0.004166666666666666,
    "Kanna": 0.06945540805710688,
    "Sokka": 0.1279785797039637,
    "Katara": 0.1338105531215982,
    "Aang": 0.1607334580310897,
    "Waterbending": 0.03468369997331211,
    "The Avatar Returns": 0.04382869382775416,
    "The Southern Air Temple": 0.03754872543462707,
    "The Warriors of Kyoshi": 0.01933778639518225,
    "The King of Omashu": 0.012781089243740228,
    "Imprisoned": 0.006278810193819702,
    "Winter Solstice, Part 1: The Spirit World": 0.004166666666666666,
    "Zuko": 0.12033071543287462
  },
  "hitsHubs": {
    "Avatar": 0.05291443253824681,
    "Otter penguin": 0.030313772476112787,
    "Winged lemur": 0.01853156953484324,
    "Flying bison": 0.024901833056057535,
    "Elephant koi": 0.02064298437726132,
    "Unagi": 0.02933762483359183,
    "Scorpion bee": 0.014235566315587122,
    "Flopsie": 0.01643730982051335,
    "Lop-eared rabbit": 0.01643730982051335,
    "Meadow vole": 0.024772846616856175,
    "Ostrich horse": 0.009610016386547392,
    "Hog monkey": 0.039008412932443295,
    "Kanna": 0.06606722458736877,
    "Sokka": 0.05045400643573668,
    "Katara": 0.05732837544708393,
    "Aang": 0.05137411131602188,
    "Waterbending": 0.0592846960594611,
    "The Avatar Returns": 0.07215056628266206,
    "The Southern Air Temple": 0.0656921141211353,
    "The Warriors of Kyoshi": 0.06578244278364345,
    "The King of Omashu": 0.05578292762995428,
    "Imprisoned": 0.04274431203391544,
    "Winter Solstice, Part 1: The Spirit World": 0.06652086492152931,
    "Zuko": 0.0496746796729137
  },
  "hitsAuths": {
    "Avatar": 0.12397735886916912,
    "Otter penguin": 0.0,
    "Winged lemur": 0.0,
    "Flying bison": 0.02235613696115595,
    "Elephant koi": 0.009297953178110479,
    "Unagi": 0.0,
    "Scorpion bee": 0.0,
    "Flopsie": 0.017831970977479055,
    "Lop-eared rabbit": 0.0,
    "Meadow vole": 0.012039291228025393,
    "Ostrich horse": 0.0,
    "Hog monkey": 0.0,
    "Kanna": 0.041863151580911986,
    "Sokka": 0.144505022741772,
    "Katara": 0.1434375320394343,
    "Aang": 0.16546444569185448,
    "Waterbending": 0.035390959622629795,
    "The Avatar Returns": 0.04344449366247169,
    "The Southern Air Temple": 0.04993379087323787,
    "The Warriors of Kyoshi": 0.031030933193574122,
    "The King of Omashu": 0.025591554316975802,
    "Imprisoned": 0.022135174862407195,
    "Winter Solstice, Part 1: The Spirit World": 0.0,
    "Zuko": 0.11170023020079063
  },
  "averagePathLength": 1.3460144927536233
}