{
  "numNodes": 24,
  "numEdges": 109,
  "selfLinks": 0,
  "numStrongComponents": 9,
  "numWeakComponents": 1,
  "sizeLargestStrong": 16,
  "sizeLargestWeak": 24,
  "radius": 2,
  "diameter": 6,
  "averageInDegree": 4.541666666666667,
  "averageOutDegree": 4.541666666666667,
  "maxOutDegree": 9,
  "maxInDegree": 22,
  "pageRank": {
    "Avatar": 0.13387820785376942,
    "Otter penguin": 0.004166666666666666,
    "Winged lemur": 0.004166666666666666,
    "Flying bison": 0.029364748718295634,
    "Elephant koi": 0.024984466342697225,
    "Unagi": 0.004166666666666666,
    "Scorpion bee": 0.004166666666666666,
    "Flopsie": 0.006923512476352303,
    "Lop-eared rabbit": 0.0062437985563475636,
    "Meadow vole": 0.004635416666666665,
    "Ostrich horse": 0.004166666666666666,
    "Hog monkey": 0.004166666666666666,
    "Kanna": 0.0694613392400899,
    "Sokka": 0.12752096643882174,
    "Katara": 0.13333208880270053,
    "Aang": 0.161918305944095,
    "Waterbending": 0.034620477649063876,
    "The Avatar Returns": 0.04380449835509024,
    "The Southern Air Temple": 0.037477414731247126,
    "The Warriors of Kyoshi": 0.019360170234011154,
    "The King of Omashu": 0.012670331601363806,
    "Imprisoned": 0.00626461715238639,
    "Winter Solstice, Part 1: The Spirit World": 0.004166666666666666,
    "Zuko": 0.11837297257033474
  },
  "hitsHubs": {
    "Avatar": 0.05219292041117735,
    "Otter penguin": 0.02994848267846133,
    "Winged lemur": 0.01846721049501472,
    "Flying bison": 0.024670369453163258,
    "Elephant koi": 0.02053057636961772,
    "Unagi": 0.02899288367027601,
    "Scorpion bee": 0.014275369166088417,
    "Flopsie": 0.016690976926053352,
    "Lop-eared rabbit": 0.01643355218560715,
    "Meadow vole": 0.02413542081303121,
    "Ostrich horse": 0.023865658269219846,
    "Hog monkey": 0.038410789979119626,
    "Kanna": 0.06501394550363604,
    "Sokka": 0.04979275745956309,
    "Katara": 0.05649932064656922,
    "Aang": 0.05027422150800949,
    "Waterbending": 0.058396079369325886,
    "The Avatar Returns": 0.0709341677804748,
    "The Southern Air Temple": 0.0646512865728552,
    "The Warriors of Kyoshi": 0.06474610371777093,
    "The King of Omashu": 0.054758506580910096,
    "Imprisoned": 0.04206223820341399,
    "Winter Solstice, Part 1: The Spirit World": 0.0654513719744467,
    "Zuko": 0.048805790266194464
  },
  "hitsAuths": {
    "Avatar": 0.12267357499934563,
    "Otter penguin": 0.0,
    "Winged lemur": 0.0,
    "Flying bison": 0.02206112840153638,
    "Elephant koi": 0.009150406686379614,
    "Unagi": 0.0,
    "Scorpion bee": 0.0,
    "Flopsie": 0.017622335356712593,
    "Lop-eared rabbit": 0.0030379232642330748,
    "Meadow vole": 0.011912798529340147,
    "Ostrich horse": 0.0,
    "Hog monkey": 0.0,
    "Kanna": 0.041407340304889906,
    "Sokka": 0.1429369436136158,
    "Katara": 0.1418902111224535,
    "Aang": 0.1684666206519447,
    "Waterbending": 0.03502734073353863,
    "The Avatar Returns": 0.04307148323401468,
    "The Southern Air Temple": 0.04946879725330937,
    "The Warriors of Kyoshi": 0.03074752675415447,
    "The King of Omashu": 0.025469169715794857,
    "Imprisoned": 0.021879389559772977,
    "Winter Solstice, Part 1: The Spirit World": 0.0,
    "Zuko": 0.11317700981896374
  },
  "averagePathLength": 1.5307971014492754
}