{
  "numNodes": 24,
  "numEdges": 112,
  "selfLinks": 0,
  "numStrongComponents": 9,
  "numWeakComponents": 1,
  "sizeLargestStrong": 16,
  "sizeLargestWeak": 24,
  "radius": 2,
  "diameter": 5,
  "averageInDegree": 4.666666666666667,
  "averageOutDegree": 4.666666666666667,
  "maxOutDegree": 9,
  "maxInDegree": 22,
  "pageRank": {
    "Avatar": 0.13332624435489526,
    "Otter penguin": 0.004166666666666666,
    "Winged lemur": 0.004166666666666666,
    "Flying bison": 0.0292701602963433,
    "Elephant koi": 0.024897001781813446,
    "Unagi": 0.004166666666666666,
    "Scorpion bee": 0.004166666666666666,
    "Flopsie": 0.00872504453770251,
    "Lop-eared rabbit": 0.008037889058071278,
    "Meadow vole": 0.004166666666666666,
    "Ostrich horse": 0.004166666666666666,
    "Hog monkey": 0.004166666666666666,
    "Kanna": 0.06903722298003691,
    "Sokka": 0.1255686091522133,
    "Katara": 0.13350589943234523,
    "Aang": 0.1612369852421063,
    "Waterbending": 0.034580843488693155,
    "The Avatar Returns": 0.04373368671498638,
    "The Southern Air Temple": 0.03738448822711179,
    "The Warriors of Kyoshi": 0.01894566198713077,
    "The King of Omashu": 0.012526095665538074,
    "Imprisoned": 0.005955374532021976,
    "Winter Solstice, Part 1: The Spirit World": 0.004166666666666666,
    "Zuko": 0.119935459215657
  },
  "hitsHubs": {
    "Avatar": 0.0514363420143953,
    "Otter penguin": 0.02902568438295222,
    "Winged lemur": 0.017572262951195263,
    "Flying bison": 0.02353496062421571,
    "Elephant koi": 0.019666740311912782,
    "Unagi": 0.028227332958716326,
    "Scorpion bee": 0.01366889827073427,
    "Flopsie": 0.017094281562226945,
    "Lop-eared rabbit": 0.01786820733472136,
    "Meadow vole": 0.023153054985865586,
    "Ostrich horse": 0.024379922348068715,
    "Hog monkey": 0.036821953256599864,
    "Kanna": 0.06356160658610142,
    "Sokka": 0.04949128376402601,
    "Katara": 0.05488952688955576,
    "Aang": 0.04949435087643687,
    "Waterbending": 0.05739903968741574,
    "The Avatar Returns": 0.06910155215087649,
    "The Southern Air Temple": 0.06339688172859426,
    "The Warriors of Kyoshi": 0.06351647298109155,
    "The King of Omashu": 0.0650861390416777,
    "Imprisoned": 0.05173228639792139,
    "Winter Solstice, Part 1: The Spirit World": 0.06319320328461726,
    "Zuko": 0.0466880156100813
  },
  "hitsAuths": {
    "Avatar": 0.11868183531651555,
    "Otter penguin": 0.0,
    "Winged lemur": 0.0,
    "Flying bison": 0.021028035627458787,
    "Elephant koi": 0.008775758242291199,
    "Unagi": 0.0,
    "Scorpion bee": 0.0,
    "Flopsie": 0.02388105525798749,
    "Lop-eared rabbit": 0.014571269064919526,
    "Meadow vole": 0.0,
    "Ostrich horse": 0.0,
    "Hog monkey": 0.0,
    "Kanna": 0.0395356176728083,
    "Sokka": 0.13466039517756123,
    "Katara": 0.1438546760288451,
    "Aang": 0.16442729382842838,
    "Waterbending": 0.033254644175272505,
    "The Avatar Returns": 0.04087672896963154,
    "The Southern Air Temple": 0.04695474927981829,
    "The Warriors of Kyoshi": 0.03127311925572821,
    "The King of Omashu": 0.026633698137971194,
    "Imprisoned": 0.022744989603077026,
    "Winter Solstice, Part 1: The Spirit World": 0.0,
    "Zuko": 0.12884613436168574
  },
  "averagePathLength": 1.483695652173913
}