{
  "numNodes": 25,
  "numEdges": 112,
  "selfLinks": 0,
  "numStrongComponents": 10,
  "numWeakComponents": 1,
  "sizeLargestStrong": 16,
  "sizeLargestWeak": 25,
  "radius": 2,
  "diameter": 5,
  "averageInDegree": 4.48,
  "averageOutDegree": 4.48,
  "maxOutDegree": 9,
  "maxInDegree": 22,
  "pageRank": {
    "Avatar": 0.13713028813052355,
    "Otter penguin": 0.003999999999999999,
    "Winged lemur": 0.003999999999999999,
    "Flying bison": 0.02926080024039583,
    "Elephant koi": 0.024749169873764024,
    "Unagi": 0.003999999999999999,
    "Scorpion bee": 0.003999999999999999,
    "Flopsie": 0.008388013093954205,
    "Lop-eared rabbit": 0.007727480713440327,
    "Meadow vole": 0.003999999999999999,
    "Ostrich horse": 0.003999999999999999,
    "Hog monkey": 0.003999999999999999,
    "Kanna": 0.0692118968425056,
    "Sokka": 0.1261900832344846,
    "Katara": 0.13406708714704602,
    "Aang": 0.1613836605826901,
    "Waterbending": 0.025748676711405974,
    "Avatar Wiki:Votes for deletion": 0.003999999999999999,
    "The Avatar Returns": 0.04511853591343665,
    "The Southern Air Temple": 0.037914293197507505,
    "The Warriors of Kyoshi": 0.018710180548443454,
    "The King of Omashu": 0.012100233708940058,
    "Imprisoned": 0.00572467937749922,
    "Winter Solstice, Part 1: The Spirit World": 0.003999999999999999,
    "Zuko": 0.12057492068396312
  },
  "hitsHubs": {
    "Avatar": 0.05108302794001633,
    "Otter penguin": 0.02879992582578051,
    "Winged lemur": 0.0174615974744503,
    "Flying bison": 0.023513859835037187,
    "Elephant koi": 0.01950989956547465,
    "Unagi": 0.02805968179671285,
    "Scorpion bee": 0.013578300402792683,
    "Flopsie": 0.01699880341555093,
    "Lop-eared rabbit": 0.017770536479905466,
    "Meadow vole": 0.022994642517030792,
    "Ostrich horse": 0.02420508835132792,
    "Hog monkey": 0.03657294291982348,
    "Kanna": 0.06047121189647803,
    "Sokka": 0.04928101749013236,
    "Katara": 0.05363679255797856,
    "Aang": 0.04927267152973531,
    "Waterbending": 0.057135290300603214,
    "Avatar Wiki:Votes for deletion": 0.009935559432244506,
    "The Avatar Returns": 0.06780192571522854,
    "The Southern Air Temple": 0.0630668894632852,
    "The Warriors of Kyoshi": 0.06322873027063283,
    "The King of Omashu": 0.06481298465525775,
    "Imprisoned": 0.05139196694547149,
    "Winter Solstice, Part 1: The Spirit World": 0.06290815086698118,
    "Zuko": 0.046508502352067986
  },
  "hitsAuths": {
    "Avatar": 0.1215289877968195,
    "Otter penguin": 0.0,
    "Winged lemur": 0.0,
    "Flying bison": 0.021185998953024213,
    "Elephant koi": 0.008916458325830441,
    "Unagi": 0.0,
    "Scorpion bee": 0.0,
    "Flopsie": 0.024244410128492558,
    "Lop-eared rabbit": 0.014804786844073489,
    "Meadow vole": 0.0,
    "Ostrich horse": 0.0,
    "Hog monkey": 0.0,
    "Kanna": 0.03981016395134937,
    "Sokka": 0.13588143513099057,
    "Katara": 0.1453826093248497,
    "Aang": 0.16608597786624685,
    "Waterbending": 0.021975736999806286,
    "Avatar Wiki:Votes for deletion": 0.0,
    "The Avatar Returns": 0.04080406117852913,
    "The Southern Air Temple": 0.04749940510660213,
    "The Warriors of Kyoshi": 0.031749602978291755,
    "The King of Omashu": 0.027033850600680254,
    "Imprisoned": 0.02311261287874025,
    "Winter Solstice, Part 1: The Spirit World": 0.0,
    "Zuko": 0.12998390193567363
  },
  "averagePathLength": 1.4466666666666668
}