{
  "numNodes": 24,
  "numEdges": 111,
  "selfLinks": 0,
  "numStrongComponents": 9,
  "numWeakComponents": 1,
  "sizeLargestStrong": 16,
  "sizeLargestWeak": 24,
  "radius": 2,
  "diameter": 4,
  "averageInDegree": 4.625,
  "averageOutDegree": 4.625,
  "maxOutDegree": 9,
  "maxInDegree": 22,
  "pageRank": {
    "Avatar": 0.13268564904945832,
    "Otter penguin": 0.004166666666666666,
    "Winged lemur": 0.004166666666666666,
    "Flying bison": 0.02871917246663532,
    "Elephant koi": 0.024460858920475653,
    "Unagi": 0.004166666666666666,
    "Scorpion bee": 0.004166666666666666,
    "Flopsie": 0.0071454742849211186,
    "Lop-eared rabbit": 0.008127709212624198,
    "Meadow vole": 0.004635416666666665,
    "Ostrich horse": 0.004166666666666666,
    "Hog monkey": 0.004166666666666666,
    "Kanna": 0.06746647123543496,
    "Sokka": 0.12323007442781976,
    "Katara": 0.12884564556010203,
    "Aang": 0.1578455110122571,
    "Waterbending": 0.033665150117327874,
    "The Avatar Returns": 0.04258465965827984,
    "The Southern Air Temple": 0.03569377865939517,
    "The Warriors of Kyoshi": 0.039064296227476585,
    "The King of Omashu": 0.0161522084942149,
    "Imprisoned": 0.006452696446808832,
    "Winter Solstice, Part 1: The Spirit World": 0.004166666666666666,
    "Zuko": 0.114058560893435
  },
  "hitsHubs": {
    "Avatar": 0.0552456257002635,
    "Otter penguin": 0.02970073784558827,
    "Winged lemur": 0.018346422910077834,
    "Flying bison": 0.024429071757197465,
    "Elephant koi": 0.021265420512152786,
    "Unagi": 0.029667828292820053,
    "Scorpion bee": 0.01417229241124231,
    "Flopsie": 0.01743717025803826,
    "Lop-eared rabbit": 0.016308721657834434,
    "Meadow vole": 0.023930853215013228,
    "Ostrich horse": 0.023660988167014823,
    "Hog monkey": 0.03810314562625554,
    "Kanna": 0.06437652893747906,
    "Sokka": 0.049276763696626334,
    "Katara": 0.055905582815464594,
    "Aang": 0.04971579485737507,
    "Waterbending": 0.057848620727983205,
    "The Avatar Returns": 0.07021604908071775,
    "The Southern Air Temple": 0.06494174882889368,
    "The Warriors of Kyoshi": 0.06415918047341085,
    "The King of Omashu": 0.05632239611981405,
    "Imprisoned": 0.04173983019476751,
    "Winter Solstice, Part 1: The Spirit World": 0.06486930094175859,
    "Zuko": 0.04835992497221069
  },
  "hitsAuths": {
    "Avatar": 0.1197082662356183,
    "Otter penguin": 0.0,
    "Winged lemur": 0.0,
    "Flying bison": 0.021414654205255162,
    "Elephant koi": 0.008877096526247186,
    "Unagi": 0.0,
    "Scorpion bee": 0.0,
    "Flopsie": 0.01750968383351334,
    "Lop-eared rabbit": 0.013170277034348194,
    "Meadow vole": 0.011582859090146027,
    "Ostrich horse": 0.0,
    "Hog monkey": 0.0,
    "Kanna": 0.04019568437671756,
    "Sokka": 0.14023899320035763,
    "Katara": 0.13906124825779884,
    "Aang": 0.16540675156505855,
    "Waterbending": 0.03401475461349048,
    "The Avatar Returns": 0.04217334961946017,
    "The Southern Air Temple": 0.048716844557436,
    "The Warriors of Kyoshi": 0.04061151281223371,
    "The King of Omashu": 0.02493455620115957,
    "Imprisoned": 0.0216396096435042,
    "Winter Solstice, Part 1: The Spirit World": 0.0,
    "Zuko": 0.11074385822765498
  },
  "averagePathLength": 1.4221014492753623
}