{
  "numNodes": 25,
  "numEdges": 106,
  "selfLinks": 0,
  "numStrongComponents": 11,
  "numWeakComponents": 1,
  "sizeLargestStrong": 15,
  "sizeLargestWeak": 25,
  "radius": 2,
  "diameter": 5,
  "averageInDegree": 4.24,
  "averageOutDegree": 4.24,
  "maxOutDegree": 8,
  "maxInDegree": 21,
  "pageRank": {
    "Avatar": 0.12789176845104316,
    "Otter penguin": 0.003999999999999999,
    "Winged lemur": 0.003999999999999999,
    "Flying bison": 0.026276478407850665,
    "Elephant koi": 0.026276478407850665,
    "Unagi": 0.003999999999999999,
    "Scorpion bee": 0.003999999999999999,
    "Flopsie": 0.0066748869094551775,
    "Lop-eared rabbit": 0.003999999999999999,
    "Meadow vole": 0.004449999999999999,
    "Ostrich horse": 0.003999999999999999,
    "Hog monkey": 0.003999999999999999,
    "Kanna": 0.07305644151242952,
    "Sokka": 0.1310183750228172,
    "Katara": 0.13443621620084484,
    "Aang": 0.17325628900762735,
    "Waterbending": 0.03658957780702166,
    "Avatar Wiki:Votes for deletion": 0.003999999999999999,
    "The Avatar Returns": 0.026944715066010066,
    "The Southern Air Temple": 0.03476289398583414,
    "The Warriors of Kyoshi": 0.019139939378779062,
    "The King of Omashu": 0.012351672789607807,
    "Imprisoned": 0.006038009606375501,
    "Winter Solstice, Part 1: The Spirit World": 0.003999999999999999,
    "Zuko": 0.12483625744645344
  },
  "hitsHubs": {
    "Avatar": 0.05319255069093885,
    "Otter penguin": 0.029300968942587116,
    "Winged lemur": 0.01840036286436865,
    "Flying bison": 0.014076157129228474,
    "Elephant koi": 0.01956171162246212,
    "Unagi": 0.029194255903656572,
    "Scorpion bee": 0.014076157129228474,
    "Flopsie": 0.016300931173689647,
    "Lop-eared rabbit": 0.016300931173689647,
    "Meadow vole": 0.024857356094553102,
    "Ostrich horse": 0.009934831732017103,
    "Hog monkey": 0.03893351322378157,
    "Kanna": 0.06526234667979441,
    "Sokka": 0.0505554254171876,
    "Katara": 0.053579029652617155,
    "Aang": 0.05052157007700225,
    "Waterbending": 0.05946556815179919,
    "Avatar Wiki:Votes for deletion": 0.02053205492801762,
    "The Avatar Returns": 0.07030895396151746,
    "The Southern Air Temple": 0.06495112264503283,
    "The Warriors of Kyoshi": 0.06601454793140055,
    "The King of Omashu": 0.05567347812797115,
    "Imprisoned": 0.04270703533247263,
    "Winter Solstice, Part 1: The Spirit World": 0.06676840299520388,
    "Zuko": 0.04953073641978209
  },
  "hitsAuths": {
    "Avatar": 0.125951512358095,
    "Otter penguin": 0.0,
    "Winged lemur": 0.0,
    "Flying bison": 0.009452786193825873,
    "Elephant koi": 0.009452786193825873,
    "Unagi": 0.0,
    "Scorpion bee": 0.0,
    "Flopsie": 0.018407384400948204,
    "Lop-eared rabbit": 0.0,
    "Meadow vole": 0.012492633099319524,
    "Ostrich horse": 0.0,
    "Hog monkey": 0.0,
    "Kanna": 0.04209184010545316,
    "Sokka": 0.14799184164306045,
    "Katara": 0.14744607972810334,
    "Aang": 0.16729979597727263,
    "Waterbending": 0.035390777231299686,
    "Avatar Wiki:Votes for deletion": 0.0,
    "The Avatar Returns": 0.03350585813271537,
    "The Southern Air Temple": 0.05139461932763716,
    "The Warriors of Kyoshi": 0.03169177635763653,
    "The King of Omashu": 0.026442177386683283,
    "Imprisoned": 0.02290936174413625,
    "Winter Solstice, Part 1: The Spirit World": 0.0,
    "Zuko": 0.11807877011998771
  },
  "averagePathLength": 1.3266666666666667
}