{
  "numNodes": 26,
  "numEdges": 112,
  "selfLinks": 0,
  "numStrongComponents": 12,
  "numWeakComponents": 1,
  "sizeLargestStrong": 15,
  "sizeLargestWeak": 26,
  "radius": 2,
  "diameter": 5,
  "averageInDegree": 4.3076923076923075,
  "averageOutDegree": 4.3076923076923075,
  "maxOutDegree": 8,
  "maxInDegree": 21,
  "pageRank": {
    "Avatar": 0.11674887568525143,
    "Airbender": 0.011413928682016006,
    "Otter penguin": 0.004241231053233127,
    "Winged lemur": 0.004241231053233127,
    "Flying bison": 0.02220272492396178,
    "Elephant koi": 0.02220272492396178,
    "Unagi": 0.004241231053233127,
    "Scorpion bee": 0.004241231053233127,
    "Flopsie": 0.006755787514997988,
    "Lop-eared rabbit": 0.004241231053233127,
    "Meadow vole": 0.004241231053233127,
    "Ostrich horse": 0.004241231053233127,
    "Hog monkey": 0.004241231053233127,
    "Kanna": 0.06375498314519665,
    "Sokka": 0.12255884187327547,
    "Katara": 0.12283544853142661,
    "Aang": 0.15966515939993536,
    "Waterbending": 0.09562645648383146,
    "Avatar Wiki:Votes for deletion": 0.004241231053233127,
    "The Avatar Returns": 0.042162431860708546,
    "The Southern Air Temple": 0.03446090902289487,
    "The Warriors of Kyoshi": 0.017850005073911088,
    "The King of Omashu": 0.01215012092402003,
    "Imprisoned": 0.006348792677760009,
    "Winter Solstice, Part 1: The Spirit World": 0.004241231053233127,
    "Zuko": 0.10085049874451968
  },
  "hitsHubs": {
    "Avatar": 0.04868297581844113,
    "Airbender": 0.0,
    "Otter penguin": 0.028569543962364746,
    "Winged lemur": 0.01738374025832212,
    "Flying bison": 0.013372780119211924,
    "Elephant koi": 0.019322734073139322,
    "Unagi": 0.03542520579010551,
    "Scorpion bee": 0.013372780119211924,
    "Flopsie": 0.015605886905420734,
    "Lop-eared rabbit": 0.015605886905420734,
    "Meadow vole": 0.023732045186862248,
    "Ostrich horse": 0.008612736786844067,
    "Hog monkey": 0.03710482530607417,
    "Kanna": 0.06780933906484533,
    "Sokka": 0.05074599632014779,
    "Katara": 0.05506604733623099,
    "Aang": 0.05512518254994164,
    "Waterbending": 0.05581328608950436,
    "Avatar Wiki:Votes for deletion": 0.01870846078343019,
    "The Avatar Returns": 0.07085942817622418,
    "The Southern Air Temple": 0.061763240043431755,
    "The Warriors of Kyoshi": 0.06962454338808013,
    "The King of Omashu": 0.0529661933804957,
    "Imprisoned": 0.048422027429827916,
    "Winter Solstice, Part 1: The Spirit World": 0.06153737453050423,
    "Zuko": 0.05476773967591707
  },
  "hitsAuths": {
    "Avatar": 0.11886196964721192,
    "Airbender": 0.011944441159419523,
    "Otter penguin": 0.0,
    "Winged lemur": 0.0,
    "Flying bison": 0.00971015951669376,
    "Elephant koi": 0.00971015951669376,
    "Unagi": 0.0,
    "Scorpion bee": 0.0,
    "Flopsie": 0.017859275063768956,
    "Lop-eared rabbit": 0.0,
    "Meadow vole": 0.0,
    "Ostrich horse": 0.0,
    "Hog monkey": 0.0,
    "Kanna": 0.04083038615030542,
    "Sokka": 0.14068886029653163,
    "Katara": 0.138720287142617,
    "Aang": 0.15744437795309207,
    "Waterbending": 0.08909228825638169,
    "Avatar Wiki:Votes for deletion": 0.0,
    "The Avatar Returns": 0.04019875653087156,
    "The Southern Air Temple": 0.047223024566866806,
    "The Warriors of Kyoshi": 0.029853004641796733,
    "The King of Omashu": 0.0262914746016324,
    "Imprisoned": 0.020169509813248387,
    "Winter Solstice, Part 1: The Spirit World": 0.0,
    "Zuko": 0.10140202514286834
  },
  "averagePathLength": 1.2984615384615386
}