{
  "numNodes": 24,
  "numEdges": 109,
  "selfLinks": 0,
  "numStrongComponents": 9,
  "numWeakComponents": 1,
  "sizeLargestStrong": 16,
  "sizeLargestWeak": 24,
  "radius": 2,
  "diameter": 5,
  "averageInDegree": 4.541666666666667,
  "averageOutDegree": 4.541666666666667,
  "maxOutDegree": 9,
  "maxInDegree": 22,
  "pageRank": {
    "Avatar": 0.1346143214059652,
    "Otter penguin": 0.004166666666666666,
    "Winged lemur": 0.004166666666666666,
    "Flying bison": 0.029708456163069778,
    "Elephant koi": 0.025154651429785867,
    "Unagi": 0.004166666666666666,
    "Scorpion bee": 0.004166666666666666,
    "Flopsie": 0.006758691469602419,
    "Lop-eared rabbit": 0.007683920730544482,
    "Meadow vole": 0.004635416666666665,
    "Ostrich horse": 0.004166666666666666,
    "Hog monkey": 0.004166666666666666,
    "Kanna": 0.06998843622077662,
    "Sokka": 0.1281047193283106,
    "Katara": 0.13394242164925732,
    "Aang": 0.16324140267800946,
    "Waterbending": 0.02594161026833064,
    "The Avatar Returns": 0.045539953664649226,
    "The Southern Air Temple": 0.03777690009112692,
    "The Warriors of Kyoshi": 0.019310027857195294,
    "The King of Omashu": 0.013237619052150118,
    "Imprisoned": 0.006124920729644637,
    "Winter Solstice, Part 1: The Spirit World": 0.004166666666666666,
    "Zuko": 0.11906986392824807
  },
  "hitsHubs": {
    "Avatar": 0.052343008134976346,
    "Otter penguin": 0.030023264505029776,
    "Winged lemur": 0.018548285225165724,
    "Flying bison": 0.024751015266746345,
    "Elephant koi": 0.02059763599521752,
    "Unagi": 0.02912949657998476,
    "Scorpion bee": 0.014340251245824411,
    "Flopsie": 0.01767600420210929,
    "Lop-eared rabbit": 0.016531731803257812,
    "Meadow vole": 0.024214873843972605,
    "Ostrich horse": 0.023920100311662418,
    "Hog monkey": 0.03855512508979702,
    "Kanna": 0.06215802528672215,
    "Sokka": 0.04990132248045894,
    "Katara": 0.055533276212900294,
    "Aang": 0.05035139770536483,
    "Waterbending": 0.05854573817655696,
    "The Avatar Returns": 0.07006569742862032,
    "The Southern Air Temple": 0.06480312292595007,
    "The Warriors of Kyoshi": 0.06494525271333167,
    "The King of Omashu": 0.056168467127922846,
    "Imprisoned": 0.042272010590018755,
    "Winter Solstice, Part 1: The Spirit World": 0.06565900803769056,
    "Zuko": 0.04896588911071895
  },
  "hitsAuths": {
    "Avatar": 0.12266760951225868,
    "Otter penguin": 0.0,
    "Winged lemur": 0.0,
    "Flying bison": 0.021986033340252346,
    "Elephant koi": 0.009193275317293548,
    "Unagi": 0.0,
    "Scorpion bee": 0.0,
    "Flopsie": 0.017973491426180568,
    "Lop-eared rabbit": 0.013482695363748928,
    "Meadow vole": 0.011988174426059857,
    "Ostrich horse": 0.0,
    "Hog monkey": 0.0,
    "Kanna": 0.04123652763311404,
    "Sokka": 0.1430916659245578,
    "Katara": 0.14222655693705247,
    "Aang": 0.16896784295516984,
    "Waterbending": 0.02293215277622592,
    "The Avatar Returns": 0.042562738314442024,
    "The Southern Air Temple": 0.04958228502296268,
    "The Warriors of Kyoshi": 0.031166569876960322,
    "The King of Omashu": 0.025821705374620668,
    "Imprisoned": 0.022243543819835065,
    "Winter Solstice, Part 1: The Spirit World": 0.0,
    "Zuko": 0.1128771319792654
  },
  "averagePathLength": 1.4963768115942029
}