{
  "numNodes": 24,
  "numEdges": 106,
  "selfLinks": 0,
  "numStrongComponents": 10,
  "numWeakComponents": 1,
  "sizeLargestStrong": 15,
  "sizeLargestWeak": 24,
  "radius": 2,
  "diameter": 5,
  "averageInDegree": 4.416666666666667,
  "averageOutDegree": 4.416666666666667,
  "maxOutDegree": 9,
  "maxInDegree": 21,
  "pageRank": {
    "Avatar": 0.13739713045621824,
    "Otter penguin": 0.004166666666666666,
    "Winged lemur": 0.004166666666666666,
    "Flying bison": 0.027958721480272484,
    "Elephant koi": 0.025266536587478853,
    "Unagi": 0.004166666666666666,
    "Scorpion bee": 0.004166666666666666,
    "Flopsie": 0.006939894280477381,
    "Lop-eared rabbit": 0.004166666666666666,
    "Meadow vole": 0.004635416666666665,
    "Ostrich horse": 0.004166666666666666,
    "Hog monkey": 0.004166666666666666,
    "Kanna": 0.07189459422381952,
    "Sokka": 0.13157837887955842,
    "Katara": 0.13501087961174774,
    "Aang": 0.1641116603224525,
    "Waterbending": 0.03635416999074928,
    "The Avatar Returns": 0.026922915787941485,
    "The Southern Air Temple": 0.03641796499312511,
    "The Warriors of Kyoshi": 0.019322394770363318,
    "The King of Omashu": 0.01277892601103313,
    "Imprisoned": 0.0062785280746986295,
    "Winter Solstice, Part 1: The Spirit World": 0.004166666666666666,
    "Zuko": 0.12379855453006407
  },
  "hitsHubs": {
    "Avatar": 0.053358683264654566,
    "Otter penguin": 0.029635931226891156,
    "Winged lemur": 0.018688141506756923,
    "Flying bison": 0.025059256576127852,
    "Elephant koi": 0.019833303635678225,
    "Unagi": 0.029534425098253724,
    "Scorpion bee": 0.01432693669919436,
    "Flopsie": 0.016562994665144513,
    "Lop-eared rabbit": 0.016562994665144513,
    "Meadow vole": 0.025010115990272298,
    "Ostrich horse": 0.00966042576762534,
    "Hog monkey": 0.039337052689466655,
    "Kanna": 0.0655689787555153,
    "Sokka": 0.05079357826609675,
    "Katara": 0.05385200787958227,
    "Aang": 0.051757500539606247,
    "Waterbending": 0.05972979833402549,
    "The Avatar Returns": 0.07264602202044876,
    "The Southern Air Temple": 0.06523616527050936,
    "The Warriors of Kyoshi": 0.06632706110753822,
    "The King of Omashu": 0.056240917948479296,
    "Imprisoned": 0.043131501709875154,
    "Winter Solstice, Part 1: The Spirit World": 0.06707683381671291,
    "Zuko": 0.05006937256640014
  },
  "hitsAuths": {
    "Avatar": 0.12516650102444096,
    "Otter penguin": 0.0,
    "Winged lemur": 0.0,
    "Flying bison": 0.02275295263840488,
    "Elephant koi": 0.009466258945044818,
    "Unagi": 0.0,
    "Scorpion bee": 0.0,
    "Flopsie": 0.01817485480781926,
    "Lop-eared rabbit": 0.0,
    "Meadow vole": 0.012268109392681576,
    "Ostrich horse": 0.0,
    "Hog monkey": 0.0,
    "Kanna": 0.04189225044015052,
    "Sokka": 0.14611160013461955,
    "Katara": 0.14557078956435868,
    "Aang": 0.16708899451375572,
    "Waterbending": 0.03512835860650566,
    "The Avatar Returns": 0.032971529450234814,
    "The Southern Air Temple": 0.05086288447167939,
    "The Warriors of Kyoshi": 0.031246895894843675,
    "The King of Omashu": 0.026078196969076754,
    "Imprisoned": 0.022554369115441904,
    "Winter Solstice, Part 1: The Spirit World": 0.0,
    "Zuko": 0.11266545403094179
  },
  "averagePathLength": 1.3605072463768115
}