{
  "numNodes": 24,
  "numEdges": 114,
  "selfLinks": 0,
  "numStrongComponents": 9,
  "numWeakComponents": 1,
  "sizeLargestStrong": 16,
  "sizeLargestWeak": 24,
  "radius": 2,
  "diameter": 5,
  "averageInDegree": 4.75,
  "averageOutDegree": 4.75,
  "maxOutDegree": 9,
  "maxInDegree": 22,
  "pageRank": {
    "Avatar": 0.12849690492637036,
    "Otter penguin": 0.004166666666666666,
    "Winged lemur": 0.004166666666666666,
    "Flying bison": 0.02780691123759532,
    "Elephant koi": 0.02366149448169023,
    "Unagi": 0.004166666666666666,
    "Scorpion bee": 0.004166666666666666,
    "Flopsie": 0.009214284637619672,
    "Lop-eared rabbit": 0.008491707083211428,
    "Meadow vole": 0.004166666666666666,
    "Ostrich horse": 0.004166666666666666,
    "Hog monkey": 0.004166666666666666,
    "Kanna": 0.06535974018949338,
    "Sokka": 0.11965856707452524,
    "Katara": 0.12455755448827824,
    "Aang": 0.15162722788371957,
    "Waterbending": 0.052004001288208916,
    "The Avatar Returns": 0.04145586340242483,
    "The Southern Air Temple": 0.03517629044056587,
    "The Warriors of Kyoshi": 0.04028495835112792,
    "The King of Omashu": 0.015598359224068496,
    "Imprisoned": 0.0062625400010751075,
    "Winter Solstice, Part 1: The Spirit World": 0.004166666666666666,
    "Zuko": 0.11701026195669213
  },
  "hitsHubs": {
    "Avatar": 0.054463779910174426,
    "Otter penguin": 0.028332580955492497,
    "Winged lemur": 0.01742519249158133,
    "Flying bison": 0.023295128502126426,
    "Elephant koi": 0.020030786780052576,
    "Unagi": 0.016663317804119004,
    "Scorpion bee": 0.02501833738050603,
    "Flopsie": 0.016898840755001403,
    "Lop-eared rabbit": 0.017656010339309174,
    "Meadow vole": 0.02290629626894704,
    "Ostrich horse": 0.02412834670862667,
    "Hog monkey": 0.036444872814506,
    "Kanna": 0.06370118489665309,
    "Sokka": 0.04855226918825448,
    "Katara": 0.055515484551713484,
    "Aang": 0.04893002704232095,
    "Waterbending": 0.056791194934141184,
    "The Avatar Returns": 0.06918402705280531,
    "The Southern Air Temple": 0.0632834051686348,
    "The Warriors of Kyoshi": 0.06284464512790755,
    "The King of Omashu": 0.06491909167320567,
    "Imprisoned": 0.051152076771323926,
    "Winter Solstice, Part 1: The Spirit World": 0.0625369368529633,
    "Zuko": 0.04932616602963352
  },
  "hitsAuths": {
    "Avatar": 0.11676111663251376,
    "Otter penguin": 0.0,
    "Winged lemur": 0.0,
    "Flying bison": 0.02061825423809349,
    "Elephant koi": 0.008541335280374238,
    "Unagi": 0.0,
    "Scorpion bee": 0.0,
    "Flopsie": 0.023343716315808866,
    "Lop-eared rabbit": 0.014282321825469343,
    "Meadow vole": 0.0,
    "Ostrich horse": 0.0,
    "Hog monkey": 0.0,
    "Kanna": 0.0387845547797041,
    "Sokka": 0.13738354489675592,
    "Katara": 0.1367465721962094,
    "Aang": 0.16202233351610945,
    "Waterbending": 0.04239496780505272,
    "The Avatar Returns": 0.04030004038370155,
    "The Southern Air Temple": 0.046512909458124044,
    "The Warriors of Kyoshi": 0.03739520684780094,
    "The King of Omashu": 0.02593149582459383,
    "Imprisoned": 0.022249010255973443,
    "Winter Solstice, Part 1: The Spirit World": 0.0,
    "Zuko": 0.12673261974371497
  },
  "averagePathLength": 1.411231884057971
}