{
  "numNodes": 24,
  "numEdges": 115,
  "selfLinks": 0,
  "numStrongComponents": 9,
  "numWeakComponents": 1,
  "sizeLargestStrong": 16,
  "sizeLargestWeak": 24,
  "radius": 2,
  "diameter": 5,
  "averageInDegree": 4.791666666666667,
  "averageOutDegree": 4.791666666666667,
  "maxOutDegree": 9,
  "maxInDegree": 22,
  "pageRank": {
    "Avatar": 0.1285267146740326,
    "Otter penguin": 0.004166666666666666,
    "Winged lemur": 0.004166666666666666,
    "Flying bison": 0.027738039641157106,
    "Elephant koi": 0.02362894977158813,
    "Unagi": 0.004166666666666666,
    "Scorpion bee": 0.004166666666666666,
    "Flopsie": 0.009217592148042403,
    "Lop-eared rabbit": 0.008494771591498433,
    "Meadow vole": 0.004166666666666666,
    "Ostrich horse": 0.004166666666666666,
    "Hog monkey": 0.004166666666666666,
    "Kanna": 0.06527274252240038,
    "Sokka": 0.11971417362647488,
    "Katara": 0.12433879444953988,
    "Aang": 0.15137402475096867,
    "Waterbending": 0.05193283495698986,
    "The Avatar Returns": 0.04109254633926431,
    "The Southern Air Temple": 0.03516291079713293,
    "The Warriors of Kyoshi": 0.04042854130740222,
    "The King of Omashu": 0.015619060799362013,
    "Imprisoned": 0.006264609246821299,
    "Winter Solstice, Part 1: The Spirit World": 0.004166666666666666,
    "Zuko": 0.11786036004399171
  },
  "hitsHubs": {
    "Avatar": 0.053994318365022304,
    "Otter penguin": 0.0390069438285367,
    "Winged lemur": 0.01714520769091065,
    "Flying bison": 0.02286988423667232,
    "Elephant koi": 0.019845983783729437,
    "Unagi": 0.016398473361653218,
    "Scorpion bee": 0.024545125737151164,
    "Flopsie": 0.016630853919306687,
    "Lop-eared rabbit": 0.017371283853583268,
    "Meadow vole": 0.02248684663352613,
    "Ostrich horse": 0.024260902287347983,
    "Hog monkey": 0.03584365685626366,
    "Kanna": 0.0631665053328602,
    "Sokka": 0.04823622876276987,
    "Katara": 0.0550316955561223,
    "Aang": 0.048443266520900474,
    "Waterbending": 0.056260822934808906,
    "The Avatar Returns": 0.06835019963785302,
    "The Southern Air Temple": 0.06274999649580079,
    "The Warriors of Kyoshi": 0.062161505970367445,
    "The King of Omashu": 0.06417844676868305,
    "Imprisoned": 0.050762222551719846,
    "Winter Solstice, Part 1: The Spirit World": 0.06186123490529644,
    "Zuko": 0.04839839400911413
  },
  "hitsAuths": {
    "Avatar": 0.11527636086972112,
    "Otter penguin": 0.0,
    "Winged lemur": 0.0,
    "Flying bison": 0.020346621266759107,
    "Elephant koi": 0.008439314536917212,
    "Unagi": 0.0,
    "Scorpion bee": 0.0,
    "Flopsie": 0.02305010108449986,
    "Lop-eared rabbit": 0.014077810090297174,
    "Meadow vole": 0.0,
    "Ostrich horse": 0.0,
    "Hog monkey": 0.0,
    "Kanna": 0.03833695424009062,
    "Sokka": 0.135576396743536,
    "Katara": 0.13691195387282257,
    "Aang": 0.16185351580879934,
    "Waterbending": 0.04190501199382271,
    "The Avatar Returns": 0.04177581872434143,
    "The Southern Air Temple": 0.045906577938883246,
    "The Warriors of Kyoshi": 0.036857892320838276,
    "The King of Omashu": 0.025595994835018815,
    "Imprisoned": 0.021957406971079427,
    "Winter Solstice, Part 1: The Spirit World": 0.0,
    "Zuko": 0.13213226870257302
  },
  "averagePathLength": 1.4003623188405796
}