{
  "numNodes": 24,
  "numEdges": 119,
  "selfLinks": 0,
  "numStrongComponents": 8,
  "numWeakComponents": 1,
  "sizeLargestStrong": 17,
  "sizeLargestWeak": 24,
  "radius": 2,
  "diameter": 5,
  "averageInDegree": 4.958333333333333,
  "averageOutDegree": 4.958333333333333,
  "maxOutDegree": 9,
  "maxInDegree": 22,
  "pageRank": {
    "Avatar": 0.12780147190511898,
    "Otter penguin": 0.004166666666666666,
    "Winged lemur": 0.004166666666666666,
    "Flying bison": 0.027389536968352272,
    "Elephant koi": 0.023453430327428318,
    "Unagi": 0.004166666666666666,
    "Scorpion bee": 0.004166666666666666,
    "Flopsie": 0.009185289622422304,
    "Lop-eared rabbit": 0.00847224454239853,
    "Meadow vole": 0.004166666666666666,
    "Ostrich horse": 0.004166666666666666,
    "Hog monkey": 0.004166666666666666,
    "Kanna": 0.06457386930888998,
    "Sokka": 0.11859988356664307,
    "Katara": 0.12317372526627259,
    "Aang": 0.15000863192362018,
    "Waterbending": 0.05234894792018504,
    "The Avatar Returns": 0.03936251342696738,
    "The Southern Air Temple": 0.03574023789557719,
    "The Warriors of Kyoshi": 0.039662305914678044,
    "The King of Omashu": 0.015491322153111073,
    "Imprisoned": 0.0072093601019580095,
    "Winter Solstice, Part 1: The Spirit World": 0.011614492505550389,
    "Zuko": 0.11674606998415991
  },
  "hitsHubs": {
    "Avatar": 0.05403419520134727,
    "Otter penguin": 0.03921107236412458,
    "Winged lemur": 0.01695046921491689,
    "Flying bison": 0.02258367030770435,
    "Elephant koi": 0.01906966809284936,
    "Unagi": 0.016219828128628627,
    "Scorpion bee": 0.024307956571333646,
    "Flopsie": 0.016466764174604843,
    "Lop-eared rabbit": 0.01722928101711029,
    "Meadow vole": 0.02468910269284938,
    "Ostrich horse": 0.026428221024405514,
    "Hog monkey": 0.03551517612370604,
    "Kanna": 0.06251723625835548,
    "Sokka": 0.04772034351987057,
    "Katara": 0.05442047885954256,
    "Aang": 0.04793082149946349,
    "Waterbending": 0.055700186463130824,
    "The Avatar Returns": 0.0681653578837536,
    "The Southern Air Temple": 0.06394378112512351,
    "The Warriors of Kyoshi": 0.06154205125163306,
    "The King of Omashu": 0.06352279922927066,
    "Imprisoned": 0.052737375216194024,
    "Winter Solstice, Part 1: The Spirit World": 0.06121079216907015,
    "Zuko": 0.04788337161101119
  },
  "hitsAuths": {
    "Avatar": 0.11147158878906646,
    "Otter penguin": 0.0,
    "Winged lemur": 0.0,
    "Flying bison": 0.019693532635378465,
    "Elephant koi": 0.008130562111588824,
    "Unagi": 0.0,
    "Scorpion bee": 0.0,
    "Flopsie": 0.022643974696302673,
    "Lop-eared rabbit": 0.013568724536513,
    "Meadow vole": 0.0,
    "Ostrich horse": 0.0,
    "Hog monkey": 0.0,
    "Kanna": 0.03701980150806805,
    "Sokka": 0.1319935344265008,
    "Katara": 0.1333850157319494,
    "Aang": 0.15731258244996685,
    "Waterbending": 0.047216559223057744,
    "The Avatar Returns": 0.033917953216206435,
    "The Southern Air Temple": 0.044426893816205536,
    "The Warriors of Kyoshi": 0.03573101948863078,
    "The King of Omashu": 0.025101254809502826,
    "Imprisoned": 0.021158707085464377,
    "Winter Solstice, Part 1: The Spirit World": 0.02846385523962369,
    "Zuko": 0.12876444023597405
  },
  "averagePathLength": 1.4764492753623188
}