{
  "numNodes": 24,
  "numEdges": 119,
  "selfLinks": 0,
  "numStrongComponents": 8,
  "numWeakComponents": 1,
  "sizeLargestStrong": 17,
  "sizeLargestWeak": 24,
  "radius": 2,
  "diameter": 5,
  "averageInDegree": 4.958333333333333,
  "averageOutDegree": 4.958333333333333,
  "maxOutDegree": 9,
  "maxInDegree": 22,
  "pageRank": {
    "Avatar": 0.1277561159958001,
    "Otter penguin": 0.004166666666666666,
    "Winged lemur": 0.004166666666666666,
    "Flying bison": 0.02747772731028763,
    "Elephant koi": 0.023447291916940036,
    "Unagi": 0.004166666666666666,
    "Scorpion bee": 0.004166666666666666,
    "Flopsie": 0.009185380648606674,
    "Lop-eared rabbit": 0.008472213205328316,
    "Meadow vole": 0.004166666666666666,
    "Ostrich horse": 0.004166666666666666,
    "Hog monkey": 0.004166666666666666,
    "Kanna": 0.06463762769953217,
    "Sokka": 0.118522163709604,
    "Katara": 0.12309246507912153,
    "Aang": 0.1499609440675738,
    "Waterbending": 0.05149672045502682,
    "The Avatar Returns": 0.040305840864249314,
    "The Southern Air Temple": 0.035828276334510654,
    "The Warriors of Kyoshi": 0.03965633582399666,
    "The King of Omashu": 0.015490724193138405,
    "Imprisoned": 0.007210595042397273,
    "Winter Solstice, Part 1: The Spirit World": 0.011624560860099102,
    "Zuko": 0.11666835012712083
  },
  "hitsHubs": {
    "Avatar": 0.05346441015920202,
    "Otter penguin": 0.03867378926449353,
    "Winged lemur": 0.01694882061848649,
    "Flying bison": 0.022607328838358795,
    "Elephant koi": 0.019675406159971664,
    "Unagi": 0.01625302988231718,
    "Scorpion bee": 0.024325597930046412,
    "Flopsie": 0.016482695904554305,
    "Lop-eared rabbit": 0.01724634186793467,
    "Meadow vole": 0.024706649302703238,
    "Ostrich horse": 0.026449108284712784,
    "Hog monkey": 0.035531572369576304,
    "Kanna": 0.0625452946567288,
    "Sokka": 0.04773579744171823,
    "Katara": 0.054444968637995986,
    "Aang": 0.04793606684109023,
    "Waterbending": 0.05572715414669088,
    "The Avatar Returns": 0.06759685190975692,
    "The Southern Air Temple": 0.06457763723978949,
    "The Warriors of Kyoshi": 0.06155940800228098,
    "The King of Omashu": 0.06357974874561369,
    "Imprisoned": 0.05276983691367038,
    "Winter Solstice, Part 1: The Spirit World": 0.06122773940060797,
    "Zuko": 0.04793474548169891
  },
  "hitsAuths": {
    "Avatar": 0.11155690452403773,
    "Otter penguin": 0.0,
    "Winged lemur": 0.0,
    "Flying bison": 0.019603086142495764,
    "Elephant koi": 0.008133567971163063,
    "Unagi": 0.0,
    "Scorpion bee": 0.0,
    "Flopsie": 0.02266793312797396,
    "Lop-eared rabbit": 0.013584621739593686,
    "Meadow vole": 0.0,
    "Ostrich horse": 0.0,
    "Hog monkey": 0.0,
    "Kanna": 0.036940641372683145,
    "Sokka": 0.13199513631896428,
    "Katara": 0.13329128958386233,
    "Aang": 0.15734965341718313,
    "Waterbending": 0.04039147118348518,
    "The Avatar Returns": 0.04070801249381767,
    "The Southern Air Temple": 0.04425085614621313,
    "The Warriors of Kyoshi": 0.035974659818533226,
    "The King of Omashu": 0.025121838016800718,
    "Imprisoned": 0.02117675177106349,
    "Winter Solstice, Part 1: The Spirit World": 0.028590841498088732,
    "Zuko": 0.12866273487404062
  },
  "averagePathLength": 1.4728260869565217
}