{
  "numNodes": 25,
  "numEdges": 119,
  "selfLinks": 0,
  "numStrongComponents": 9,
  "numWeakComponents": 1,
  "sizeLargestStrong": 17,
  "sizeLargestWeak": 25,
  "radius": 2,
  "diameter": 5,
  "averageInDegree": 4.76,
  "averageOutDegree": 4.76,
  "maxOutDegree": 9,
  "maxInDegree": 22,
  "pageRank": {
    "Avatar": 0.12800173132595735,
    "Otter penguin": 0.003999999999999999,
    "Winged lemur": 0.003999999999999999,
    "Flying bison": 0.026716199702386305,
    "Elephant koi": 0.0235937687114722,
    "Unagi": 0.003999999999999999,
    "Scorpion bee": 0.003999999999999999,
    "Flopsie": 0.009358558191544155,
    "Lop-eared rabbit": 0.008336352836247287,
    "Meadow vole": 0.003999999999999999,
    "Ostrich horse": 0.003999999999999999,
    "Hog monkey": 0.003999999999999999,
    "Kanna": 0.06657924543981775,
    "Sokka": 0.12699763103368605,
    "Katara": 0.13225316354863875,
    "Aang": 0.15239541367381804,
    "Waterbending": 0.055726196815064445,
    "Avatar Wiki:Votes for deletion": 0.003999999999999999,
    "The Avatar Returns": 0.03122519647454096,
    "The Southern Air Temple": 0.014767727485296337,
    "The Warriors of Kyoshi": 0.036072998130636906,
    "The King of Omashu": 0.015276792521011473,
    "Imprisoned": 0.010335381099375651,
    "Winter Solstice, Part 1: The Spirit World": 0.009390310004534577,
    "Zuko": 0.1209733330059719
  },
  "hitsHubs": {
    "Avatar": 0.049390589909033486,
    "Otter penguin": 0.03484379883004883,
    "Winged lemur": 0.015893455219780736,
    "Flying bison": 0.02215615654963417,
    "Elephant koi": 0.03899760772764931,
    "Unagi": 0.016289891569626663,
    "Scorpion bee": 0.024367631140905257,
    "Flopsie": 0.01622335795226164,
    "Lop-eared rabbit": 0.016973050102869265,
    "Meadow vole": 0.02505678700555338,
    "Ostrich horse": 0.0258050212952367,
    "Hog monkey": 0.035755479523248125,
    "Kanna": 0.060993250795272465,
    "Sokka": 0.04695451838112795,
    "Katara": 0.05260772877960004,
    "Aang": 0.04749505097716365,
    "Waterbending": 0.0552720597901373,
    "Avatar Wiki:Votes for deletion": 0.001760549780638401,
    "The Avatar Returns": 0.06594597667632868,
    "The Southern Air Temple": 0.06335752654389949,
    "The Warriors of Kyoshi": 0.0601729374675494,
    "The King of Omashu": 0.06326524745414311,
    "Imprisoned": 0.05243802419090312,
    "Winter Solstice, Part 1: The Spirit World": 0.05987830142533095,
    "Zuko": 0.048106000912058
  },
  "hitsAuths": {
    "Avatar": 0.1117496333782341,
    "Otter penguin": 0.0,
    "Winged lemur": 0.0,
    "Flying bison": 0.019617610573979996,
    "Elephant koi": 0.008213425367408362,
    "Unagi": 0.0,
    "Scorpion bee": 0.0,
    "Flopsie": 0.022944012997316302,
    "Lop-eared rabbit": 0.013746142277335841,
    "Meadow vole": 0.0,
    "Ostrich horse": 0.0,
    "Hog monkey": 0.0,
    "Kanna": 0.03683513260401788,
    "Sokka": 0.1388819134408528,
    "Katara": 0.1397159582298321,
    "Aang": 0.1600812287029701,
    "Waterbending": 0.03959068177922658,
    "Avatar Wiki:Votes for deletion": 0.0,
    "The Avatar Returns": 0.03060183015636919,
    "The Southern Air Temple": 0.03491340514354633,
    "The Warriors of Kyoshi": 0.039777228636467245,
    "The King of Omashu": 0.02521479448444635,
    "Imprisoned": 0.021599945077825936,
    "Winter Solstice, Part 1: The Spirit World": 0.028820429759269274,
    "Zuko": 0.12769662739090173
  },
  "averagePathLength": 1.4583333333333333
}