{
  "numNodes": 24,
  "numEdges": 113,
  "selfLinks": 0,
  "numStrongComponents": 9,
  "numWeakComponents": 1,
  "sizeLargestStrong": 16,
  "sizeLargestWeak": 24,
  "radius": 2,
  "diameter": 5,
  "averageInDegree": 4.708333333333333,
  "averageOutDegree": 4.708333333333333,
  "maxOutDegree": 9,
  "maxInDegree": 22,
  "pageRank": {
    "Avatar": 0.12793300202951194,
    "Otter penguin": 0.004166666666666666,
    "Winged lemur": 0.004166666666666666,
    "Flying bison": 0.028298364794105513,
    "Elephant koi": 0.02403973360437652,
    "Unagi": 0.004166666666666666,
    "Scorpion bee": 0.004166666666666666,
    "Flopsie": 0.009239428048676116,
    "Lop-eared rabbit": 0.008515032198834649,
    "Meadow vole": 0.004166666666666666,
    "Ostrich horse": 0.004166666666666666,
    "Hog monkey": 0.004166666666666666,
    "Kanna": 0.06664282366721093,
    "Sokka": 0.12217613066871785,
    "Katara": 0.12718985035297617,
    "Aang": 0.15456875432669673,
    "Waterbending": 0.03334645937683184,
    "The Avatar Returns": 0.04258794600289351,
    "The Southern Air Temple": 0.03918398749498019,
    "The Warriors of Kyoshi": 0.04138263284739974,
    "The King of Omashu": 0.015756360781762097,
    "Imprisoned": 0.0062783349208084035,
    "Winter Solstice, Part 1: The Spirit World": 0.004166666666666666,
    "Zuko": 0.11952782555088476
  },
  "hitsHubs": {
    "Avatar": 0.051155541578970634,
    "Otter penguin": 0.028503668628573463,
    "Winged lemur": 0.01749100926502457,
    "Flying bison": 0.023467788312715544,
    "Elephant koi": 0.02017635892621656,
    "Unagi": 0.01678948594235543,
    "Scorpion bee": 0.025158339784148824,
    "Flopsie": 0.01702714314845546,
    "Lop-eared rabbit": 0.017793988562420163,
    "Meadow vole": 0.023030168898814804,
    "Ostrich horse": 0.02425684668015444,
    "Hog monkey": 0.03665265216383798,
    "Kanna": 0.06326543424421273,
    "Sokka": 0.04885383932250364,
    "Katara": 0.05502849707949125,
    "Aang": 0.04922198859468552,
    "Waterbending": 0.057132320626661605,
    "The Avatar Returns": 0.06873649284534886,
    "The Southern Air Temple": 0.06368619628785499,
    "The Warriors of Kyoshi": 0.06319565078099033,
    "The King of Omashu": 0.06536907055541996,
    "Imprisoned": 0.051458520876366216,
    "Winter Solstice, Part 1: The Spirit World": 0.0628840370059145,
    "Zuko": 0.0496649598888626
  },
  "hitsAuths": {
    "Avatar": 0.11822263486190057,
    "Otter penguin": 0.0,
    "Winged lemur": 0.0,
    "Flying bison": 0.02079825795276503,
    "Elephant koi": 0.008678745293688513,
    "Unagi": 0.0,
    "Scorpion bee": 0.0,
    "Flopsie": 0.023736269860221343,
    "Lop-eared rabbit": 0.014527973628514306,
    "Meadow vole": 0.0,
    "Ostrich horse": 0.0,
    "Hog monkey": 0.0,
    "Kanna": 0.039114631672848996,
    "Sokka": 0.1385228133078037,
    "Katara": 0.13802395038751222,
    "Aang": 0.16357907217213824,
    "Waterbending": 0.03297691662237989,
    "The Avatar Returns": 0.04066964366822749,
    "The Southern Air Temple": 0.04645334345014847,
    "The Warriors of Kyoshi": 0.03802943629630557,
    "The King of Omashu": 0.026355255512498385,
    "Imprisoned": 0.022613390596147885,
    "Winter Solstice, Part 1: The Spirit World": 0.0,
    "Zuko": 0.12769766471689944
  },
  "averagePathLength": 1.414855072463768
}