{
  "numNodes": 24,
  "numEdges": 118,
  "selfLinks": 0,
  "numStrongComponents": 8,
  "numWeakComponents": 1,
  "sizeLargestStrong": 17,
  "sizeLargestWeak": 24,
  "radius": 2,
  "diameter": 5,
  "averageInDegree": 4.916666666666667,
  "averageOutDegree": 4.916666666666667,
  "maxOutDegree": 9,
  "maxInDegree": 22,
  "pageRank": {
    "Avatar": 0.12903971697619507,
    "Otter penguin": 0.004166666666666666,
    "Winged lemur": 0.004166666666666666,
    "Flying bison": 0.027050207774212333,
    "Elephant koi": 0.023890706316761826,
    "Unagi": 0.004166666666666666,
    "Scorpion bee": 0.004166666666666666,
    "Flopsie": 0.009061262220111076,
    "Lop-eared rabbit": 0.00838345783575483,
    "Meadow vole": 0.004166666666666666,
    "Ostrich horse": 0.004166666666666666,
    "Hog monkey": 0.004166666666666666,
    "Kanna": 0.06714194270276046,
    "Sokka": 0.12773371900765318,
    "Katara": 0.1330006526878805,
    "Aang": 0.15340877450158485,
    "Waterbending": 0.05628533963210595,
    "The Avatar Returns": 0.03159577091565381,
    "The Southern Air Temple": 0.015082307399522817,
    "The Warriors of Kyoshi": 0.03649754125421195,
    "The King of Omashu": 0.014974988859929608,
    "Imprisoned": 0.006853074376378572,
    "Winter Solstice, Part 1: The Spirit World": 0.0092446264424632,
    "Zuko": 0.12158924443015325
  },
  "hitsHubs": {
    "Avatar": 0.04948047090394481,
    "Otter penguin": 0.0349070657921385,
    "Winged lemur": 0.015922212956995734,
    "Flying bison": 0.022196312394207975,
    "Elephant koi": 0.03906829393261918,
    "Unagi": 0.016319381584352227,
    "Scorpion bee": 0.02441194691627758,
    "Flopsie": 0.016252723931946073,
    "Lop-eared rabbit": 0.017003825338838065,
    "Meadow vole": 0.025102400213531204,
    "Ostrich horse": 0.025852046532412225,
    "Hog monkey": 0.03582045404126811,
    "Kanna": 0.061104203868656934,
    "Sokka": 0.04703981344338523,
    "Katara": 0.0527036736937063,
    "Aang": 0.04758137155972049,
    "Waterbending": 0.05537224171662176,
    "The Avatar Returns": 0.06606587266465959,
    "The Southern Air Temple": 0.06347253173674239,
    "The Warriors of Kyoshi": 0.060281954836179666,
    "The King of Omashu": 0.06335372279123286,
    "Imprisoned": 0.05253324252651609,
    "Winter Solstice, Part 1: The Spirit World": 0.05996117199022121,
    "Zuko": 0.048193064633826
  },
  "hitsAuths": {
    "Avatar": 0.11178268000790954,
    "Otter penguin": 0.0,
    "Winged lemur": 0.0,
    "Flying bison": 0.019625034059216243,
    "Elephant koi": 0.008216530401757214,
    "Unagi": 0.0,
    "Scorpion bee": 0.0,
    "Flopsie": 0.02294808214653559,
    "Lop-eared rabbit": 0.013746740987464747,
    "Meadow vole": 0.0,
    "Ostrich horse": 0.0,
    "Hog monkey": 0.0,
    "Kanna": 0.03684911499562469,
    "Sokka": 0.13892523217771122,
    "Katara": 0.1397595121104914,
    "Aang": 0.16013245813240481,
    "Waterbending": 0.0396057505266784,
    "The Avatar Returns": 0.03061344862247433,
    "The Southern Air Temple": 0.03492204726511152,
    "The Warriors of Kyoshi": 0.03978754745517105,
    "The King of Omashu": 0.025224219259875433,
    "Imprisoned": 0.021294480377005827,
    "Winter Solstice, Part 1: The Spirit World": 0.028831319663795728,
    "Zuko": 0.12773580181077224
  },
  "averagePathLength": 1.5090579710144927
}