{
  "numNodes": 24,
  "numEdges": 119,
  "selfLinks": 0,
  "numStrongComponents": 8,
  "numWeakComponents": 1,
  "sizeLargestStrong": 17,
  "sizeLargestWeak": 24,
  "radius": 2,
  "diameter": 5,
  "averageInDegree": 4.958333333333333,
  "averageOutDegree": 4.958333333333333,
  "maxOutDegree": 9,
  "maxInDegree": 22,
  "pageRank": {
    "Avatar": 0.13197803422366144,
    "Otter penguin": 0.004166666666666666,
    "Winged lemur": 0.004166666666666666,
    "Flying bison": 0.041754447439118623,
    "Elephant koi": 0.0241190291549418,
    "Unagi": 0.004166666666666666,
    "Scorpion bee": 0.004166666666666666,
    "Flopsie": 0.008043315495946982,
    "Lop-eared rabbit": 0.008043315495946982,
    "Meadow vole": 0.004166666666666666,
    "Ostrich horse": 0.004166666666666666,
    "Hog monkey": 0.004166666666666666,
    "Kanna": 0.06410500177102106,
    "Sokka": 0.12417052762568166,
    "Katara": 0.13114263471796725,
    "Aang": 0.15518491234167148,
    "Waterbending": 0.053799903951635114,
    "The Avatar Returns": 0.028820184654960085,
    "The Southern Air Temple": 0.014738129688167293,
    "The Warriors of Kyoshi": 0.035874220483626824,
    "The King of Omashu": 0.014630670284945987,
    "Imprisoned": 0.006832049356595955,
    "Winter Solstice, Part 1: The Spirit World": 0.009349595923097472,
    "Zuko": 0.11824736072434745
  },
  "hitsHubs": {
    "Avatar": 0.04864908197902665,
    "Otter penguin": 0.0342558822477184,
    "Winged lemur": 0.01564246725887262,
    "Flying bison": 0.022438331239371733,
    "Elephant koi": 0.038429251804060975,
    "Unagi": 0.016004093011311983,
    "Scorpion bee": 0.024048982207040354,
    "Flopsie": 0.01588977828706899,
    "Lop-eared rabbit": 0.01588977828706899,
    "Meadow vole": 0.024678328971390693,
    "Ostrich horse": 0.025281088525714403,
    "Hog monkey": 0.044863490032120736,
    "Kanna": 0.06070938540458711,
    "Sokka": 0.04683997223529279,
    "Katara": 0.054827215322461764,
    "Aang": 0.04820180365869449,
    "Waterbending": 0.055039621064256396,
    "The Avatar Returns": 0.06637209966591726,
    "The Southern Air Temple": 0.06291885644039881,
    "The Warriors of Kyoshi": 0.05978806168926434,
    "The King of Omashu": 0.06203735663744385,
    "Imprisoned": 0.049664007999535756,
    "Winter Solstice, Part 1: The Spirit World": 0.059515270302885295,
    "Zuko": 0.048015795728495674
  },
  "hitsAuths": {
    "Avatar": 0.1187589578103448,
    "Otter penguin": 0.0,
    "Winged lemur": 0.0,
    "Flying bison": 0.029090301813427585,
    "Elephant koi": 0.008277424774683493,
    "Unagi": 0.0,
    "Scorpion bee": 0.0,
    "Flopsie": 0.013381988813968479,
    "Lop-eared rabbit": 0.013381988813968479,
    "Meadow vole": 0.0,
    "Ostrich horse": 0.0,
    "Hog monkey": 0.0,
    "Kanna": 0.03713386693400721,
    "Sokka": 0.13871184508904444,
    "Katara": 0.13909301430040513,
    "Aang": 0.15920908301811548,
    "Waterbending": 0.03959239188310291,
    "The Avatar Returns": 0.03064515247025893,
    "The Southern Air Temple": 0.03457119107119348,
    "The Warriors of Kyoshi": 0.03905104301946611,
    "The King of Omashu": 0.024252913245785174,
    "Imprisoned": 0.02087354931636761,
    "Winter Solstice, Part 1: The Spirit World": 0.02791247234603533,
    "Zuko": 0.12606281527982507
  },
  "averagePathLength": 1.5108695652173914
}