{
  "numNodes": 24,
  "numEdges": 118,
  "selfLinks": 0,
  "numStrongComponents": 8,
  "numWeakComponents": 1,
  "sizeLargestStrong": 17,
  "sizeLargestWeak": 24,
  "radius": 2,
  "diameter": 5,
  "averageInDegree": 4.916666666666667,
  "averageOutDegree": 4.916666666666667,
  "maxOutDegree": 9,
  "maxInDegree": 22,
  "pageRank": {
    "Avatar": 0.13116069927033447,
    "Otter penguin": 0.004166666666666666,
    "Winged lemur": 0.004166666666666666,
    "Flying bison": 0.04181860807159343,
    "Elephant koi": 0.024152414249217196,
    "Unagi": 0.004166666666666666,
    "Scorpion bee": 0.004166666666666666,
    "Flopsie": 0.008043305727440046,
    "Lop-eared rabbit": 0.008043305727440046,
    "Meadow vole": 0.004166666666666666,
    "Ostrich horse": 0.004166666666666666,
    "Hog monkey": 0.004166666666666666,
    "Kanna": 0.06420946240941594,
    "Sokka": 0.12439441570321684,
    "Katara": 0.13138010708789294,
    "Aang": 0.1554445831927412,
    "Waterbending": 0.05369698832222432,
    "The Avatar Returns": 0.028860787752895564,
    "The Southern Air Temple": 0.014742176255648741,
    "The Warriors of Kyoshi": 0.035873668370762245,
    "The King of Omashu": 0.014630598482950272,
    "Imprisoned": 0.006832102384336547,
    "Winter Solstice, Part 1: The Spirit World": 0.009350059673800535,
    "Zuko": 0.11820005065142322
  },
  "hitsHubs": {
    "Avatar": 0.049466966308487174,
    "Otter penguin": 0.034848170900151465,
    "Winged lemur": 0.015901447849624224,
    "Flying bison": 0.02220408678258958,
    "Elephant koi": 0.03898636155590135,
    "Unagi": 0.016272339973148024,
    "Scorpion bee": 0.024384415923916773,
    "Flopsie": 0.016165422924179346,
    "Lop-eared rabbit": 0.016165422924179346,
    "Meadow vole": 0.025033837900330203,
    "Ostrich horse": 0.02579490233996301,
    "Hog monkey": 0.03575750080168211,
    "Kanna": 0.061159432009288944,
    "Sokka": 0.04707411569611187,
    "Katara": 0.0552543084171048,
    "Aang": 0.04845636990001561,
    "Waterbending": 0.05534971516880026,
    "The Avatar Returns": 0.06695350378842461,
    "The Southern Air Temple": 0.06343025037773736,
    "The Warriors of Kyoshi": 0.06022191811612821,
    "The King of Omashu": 0.06251784694204233,
    "Imprisoned": 0.05052315823934884,
    "Winter Solstice, Part 1: The Spirit World": 0.059931536041282395,
    "Zuko": 0.04814696911956216
  },
  "hitsAuths": {
    "Avatar": 0.11216651533067334,
    "Otter penguin": 0.0,
    "Winged lemur": 0.0,
    "Flying bison": 0.029418787545851,
    "Elephant koi": 0.00835282268191464,
    "Unagi": 0.0,
    "Scorpion bee": 0.0,
    "Flopsie": 0.013563281830043373,
    "Lop-eared rabbit": 0.013563281830043373,
    "Meadow vole": 0.0,
    "Ostrich horse": 0.0,
    "Hog monkey": 0.0,
    "Kanna": 0.037533339712569815,
    "Sokka": 0.13886342602759416,
    "Katara": 0.13925706242011757,
    "Aang": 0.15971010673779218,
    "Waterbending": 0.04013554624469738,
    "The Avatar Returns": 0.031001186611384873,
    "The Southern Air Temple": 0.034994227184356894,
    "The Warriors of Kyoshi": 0.039535593766229477,
    "The King of Omashu": 0.024663172479123346,
    "Imprisoned": 0.0211076064073759,
    "Winter Solstice, Part 1: The Spirit World": 0.028404853143370375,
    "Zuko": 0.1277291900468623
  },
  "averagePathLength": 1.5126811594202898
}