{
  "numNodes": 24,
  "numEdges": 119,
  "selfLinks": 0,
  "numStrongComponents": 8,
  "numWeakComponents": 1,
  "sizeLargestStrong": 17,
  "sizeLargestWeak": 24,
  "radius": 2,
  "diameter": 5,
  "averageInDegree": 4.958333333333333,
  "averageOutDegree": 4.958333333333333,
  "maxOutDegree": 9,
  "maxInDegree": 22,
  "pageRank": {
    "Avatar": 0.1288306681743005,
    "Otter penguin": 0.004166666666666666,
    "Winged lemur": 0.004166666666666666,
    "Flying bison": 0.03821330960158638,
    "Elephant koi": 0.023684213314688934,
    "Unagi": 0.004166666666666666,
    "Scorpion bee": 0.004166666666666666,
    "Flopsie": 0.008035213909980646,
    "Lop-eared rabbit": 0.008035213909980646,
    "Meadow vole": 0.004166666666666666,
    "Ostrich horse": 0.004166666666666666,
    "Hog monkey": 0.004166666666666666,
    "Kanna": 0.0601986983324483,
    "Sokka": 0.12548056838400845,
    "Katara": 0.1291484296176933,
    "Aang": 0.1518028216466846,
    "Waterbending": 0.07161023777061326,
    "The Avatar Returns": 0.028119837245833418,
    "The Southern Air Temple": 0.014971398019028881,
    "The Warriors of Kyoshi": 0.03547343642262537,
    "The King of Omashu": 0.014573943780304964,
    "Imprisoned": 0.006829704086559659,
    "Winter Solstice, Part 1: The Spirit World": 0.009375484769925765,
    "Zuko": 0.1164501543470704
  },
  "hitsHubs": {
    "Avatar": 0.04922083626730497,
    "Otter penguin": 0.03422096611177171,
    "Winged lemur": 0.015596286651559751,
    "Flying bison": 0.022409471832431953,
    "Elephant koi": 0.038318498431082156,
    "Unagi": 0.01597986882640529,
    "Scorpion bee": 0.02396652366219646,
    "Flopsie": 0.015866516816727693,
    "Lop-eared rabbit": 0.015866516816727693,
    "Meadow vole": 0.024581555082033787,
    "Ostrich horse": 0.025249824871817855,
    "Hog monkey": 0.04474810143710883,
    "Kanna": 0.06125726025755054,
    "Sokka": 0.05066269581213969,
    "Katara": 0.05444728292555987,
    "Aang": 0.04712712421902556,
    "Waterbending": 0.05491304005673941,
    "The Avatar Returns": 0.06454158457623518,
    "The Southern Air Temple": 0.06276278651831523,
    "The Warriors of Kyoshi": 0.05961639215736984,
    "The King of Omashu": 0.061879009145827606,
    "Imprisoned": 0.04953748070039576,
    "Winter Solstice, Part 1: The Spirit World": 0.05934436733498946,
    "Zuko": 0.04788600948868376
  },
  "hitsAuths": {
    "Avatar": 0.1192576533981324,
    "Otter penguin": 0.0,
    "Winged lemur": 0.0,
    "Flying bison": 0.01751534240789631,
    "Elephant koi": 0.00812653246586531,
    "Unagi": 0.0,
    "Scorpion bee": 0.0,
    "Flopsie": 0.013406324955543126,
    "Lop-eared rabbit": 0.013406324955543126,
    "Meadow vole": 0.0,
    "Ostrich horse": 0.0,
    "Hog monkey": 0.0,
    "Kanna": 0.037381000254974005,
    "Sokka": 0.13866608118243565,
    "Katara": 0.139781733588279,
    "Aang": 0.1600731995831161,
    "Waterbending": 0.04830514939736039,
    "The Avatar Returns": 0.030774645675218284,
    "The Southern Air Temple": 0.03433227709640544,
    "The Warriors of Kyoshi": 0.03911357390202403,
    "The King of Omashu": 0.02429433239998031,
    "Imprisoned": 0.02090358199605459,
    "Winter Solstice, Part 1: The Spirit World": 0.0279577444505746,
    "Zuko": 0.12670450229059704
  },
  "averagePathLength": 1.5090579710144927
}