{
  "numNodes": 24,
  "numEdges": 120,
  "selfLinks": 0,
  "numStrongComponents": 8,
  "numWeakComponents": 1,
  "sizeLargestStrong": 17,
  "sizeLargestWeak": 24,
  "radius": 2,
  "diameter": 5,
  "averageInDegree": 5,
  "averageOutDegree": 5,
  "maxOutDegree": 9,
  "maxInDegree": 22,
  "pageRank": {
    "Avatar": 0.12926110810881433,
    "Otter penguin": 0.004166666666666666,
    "Winged lemur": 0.004166666666666666,
    "Flying bison": 0.04099238722521505,
    "Elephant koi": 0.0237432189355873,
    "Unagi": 0.004166666666666666,
    "Scorpion bee": 0.004166666666666666,
    "Flopsie": 0.008032083443693563,
    "Lop-eared rabbit": 0.008032083443693563,
    "Meadow vole": 0.004166666666666666,
    "Ostrich horse": 0.004166666666666666,
    "Hog monkey": 0.004166666666666666,
    "Kanna": 0.05971905338091899,
    "Sokka": 0.12484525083006578,
    "Katara": 0.12849169849382486,
    "Aang": 0.15226190671775922,
    "Waterbending": 0.07108737708341141,
    "The Avatar Returns": 0.0279399527234283,
    "The Southern Air Temple": 0.014577189079884971,
    "The Warriors of Kyoshi": 0.03532672395568057,
    "The King of Omashu": 0.01455198726891371,
    "Imprisoned": 0.006821656145119431,
    "Winter Solstice, Part 1: The Spirit World": 0.009329933689171885,
    "Zuko": 0.11581972280815045
  },
  "hitsHubs": {
    "Avatar": 0.04902780650850227,
    "Otter penguin": 0.03405756588932384,
    "Winged lemur": 0.01553072890135238,
    "Flying bison": 0.022309016993049453,
    "Elephant koi": 0.03811271540579756,
    "Unagi": 0.01587449071675703,
    "Scorpion bee": 0.023849385717298482,
    "Flopsie": 0.015762166646985792,
    "Lop-eared rabbit": 0.015762166646985792,
    "Meadow vole": 0.024458970064763087,
    "Ostrich horse": 0.025121450404688304,
    "Hog monkey": 0.04454724168208999,
    "Kanna": 0.06102910769374773,
    "Sokka": 0.05052135728783613,
    "Katara": 0.05524467828525711,
    "Aang": 0.04794426929016578,
    "Waterbending": 0.054679924822439704,
    "The Avatar Returns": 0.06670394007753949,
    "The Southern Air Temple": 0.06246744510711528,
    "The Warriors of Kyoshi": 0.05937223756343358,
    "The King of Omashu": 0.06157659141914153,
    "Imprisoned": 0.049289280821986345,
    "Winter Solstice, Part 1: The Spirit World": 0.059103751543512405,
    "Zuko": 0.047653710510230984
  },
  "hitsAuths": {
    "Avatar": 0.11797766386936079,
    "Otter penguin": 0.0,
    "Winged lemur": 0.0,
    "Flying bison": 0.028916499125023285,
    "Elephant koi": 0.008160320541364603,
    "Unagi": 0.0,
    "Scorpion bee": 0.0,
    "Flopsie": 0.013163388776086651,
    "Lop-eared rabbit": 0.013163388776086651,
    "Meadow vole": 0.0,
    "Ostrich horse": 0.0,
    "Hog monkey": 0.0,
    "Kanna": 0.03751545111202069,
    "Sokka": 0.13702484936680265,
    "Katara": 0.13795839595483345,
    "Aang": 0.15788095247547404,
    "Waterbending": 0.04808729003595267,
    "The Avatar Returns": 0.030422525181142954,
    "The Southern Air Temple": 0.03416181601085624,
    "The Warriors of Kyoshi": 0.03841254829454493,
    "The King of Omashu": 0.023860234023490537,
    "Imprisoned": 0.020540312666737833,
    "Winter Solstice, Part 1: The Spirit World": 0.027460275223775105,
    "Zuko": 0.12529408856644697
  },
  "averagePathLength": 1.5072463768115942
}