{
  "numNodes": 24,
  "numEdges": 118,
  "selfLinks": 0,
  "numStrongComponents": 8,
  "numWeakComponents": 1,
  "sizeLargestStrong": 17,
  "sizeLargestWeak": 24,
  "radius": 2,
  "diameter": 6,
  "averageInDegree": 4.916666666666667,
  "averageOutDegree": 4.916666666666667,
  "maxOutDegree": 9,
  "maxInDegree": 22,
  "pageRank": {
    "Avatar": 0.1290960730460481,
    "Otter penguin": 0.004166666666666666,
    "Winged lemur": 0.004166666666666666,
    "Flying bison": 0.03827244096837693,
    "Elephant koi": 0.023716968792483153,
    "Unagi": 0.004166666666666666,
    "Scorpion bee": 0.004166666666666666,
    "Flopsie": 0.008035389384915218,
    "Lop-eared rabbit": 0.008035389384915218,
    "Meadow vole": 0.004166666666666666,
    "Ostrich horse": 0.004166666666666666,
    "Hog monkey": 0.004166666666666666,
    "Kanna": 0.06032139104450061,
    "Sokka": 0.12570737080061856,
    "Katara": 0.12938287706541413,
    "Aang": 0.15205759811133698,
    "Waterbending": 0.0717637175247533,
    "The Avatar Returns": 0.028382416325224796,
    "The Southern Air Temple": 0.014814411995190534,
    "The Warriors of Kyoshi": 0.03574002515513307,
    "The King of Omashu": 0.014575208090757673,
    "Imprisoned": 0.006609030541320683,
    "Winter Solstice, Part 1: The Spirit World": 0.007658082029821208,
    "Zuko": 0.11666494307252323
  },
  "hitsHubs": {
    "Avatar": 0.04946541039406259,
    "Otter penguin": 0.034378080817523034,
    "Winged lemur": 0.015689684817140635,
    "Flying bison": 0.022536582914023637,
    "Elephant koi": 0.03848092552871083,
    "Unagi": 0.016042984966469942,
    "Scorpion bee": 0.024081727654463366,
    "Flopsie": 0.015948617442324026,
    "Lop-eared rabbit": 0.015948617442324026,
    "Meadow vole": 0.02378743445844296,
    "Ostrich horse": 0.02446339123615037,
    "Hog monkey": 0.04497452347626453,
    "Kanna": 0.06155475686932777,
    "Sokka": 0.05094942138057534,
    "Katara": 0.054738860784871765,
    "Aang": 0.047379194366854616,
    "Waterbending": 0.05518045024641562,
    "The Avatar Returns": 0.06490489271258491,
    "The Southern Air Temple": 0.060776198774127106,
    "The Warriors of Kyoshi": 0.05991705864649042,
    "The King of Omashu": 0.062180113417856384,
    "Imprisoned": 0.048856225951122635,
    "Winter Solstice, Part 1: The Spirit World": 0.059655307828936195,
    "Zuko": 0.04810953787293726
  },
  "hitsAuths": {
    "Avatar": 0.12073913408351024,
    "Otter penguin": 0.0,
    "Winged lemur": 0.0,
    "Flying bison": 0.017795370962893277,
    "Elephant koi": 0.008256427704099964,
    "Unagi": 0.0,
    "Scorpion bee": 0.0,
    "Flopsie": 0.01361492586161966,
    "Lop-eared rabbit": 0.01361492586161966,
    "Meadow vole": 0.0,
    "Ostrich horse": 0.0,
    "Hog monkey": 0.0,
    "Kanna": 0.037984459899422035,
    "Sokka": 0.1401146610363893,
    "Katara": 0.14124857358658394,
    "Aang": 0.16186103808689173,
    "Waterbending": 0.04907470951670161,
    "The Avatar Returns": 0.030856669431656165,
    "The Southern Air Temple": 0.034881637922976556,
    "The Warriors of Kyoshi": 0.03931188732720908,
    "The King of Omashu": 0.024513628629699073,
    "Imprisoned": 0.02123137300164914,
    "Winter Solstice, Part 1: The Spirit World": 0.016922139832134923,
    "Zuko": 0.12797843725494382
  },
  "averagePathLength": 1.5615942028985508
}