{
  "numNodes": 24,
  "numEdges": 119,
  "selfLinks": 0,
  "numStrongComponents": 8,
  "numWeakComponents": 1,
  "sizeLargestStrong": 17,
  "sizeLargestWeak": 24,
  "radius": 2,
  "diameter": 6,
  "averageInDegree": 4.958333333333333,
  "averageOutDegree": 4.958333333333333,
  "maxOutDegree": 9,
  "maxInDegree": 22,
  "pageRank": {
    "Avatar": 0.12992506399553044,
    "Otter penguin": 0.004166666666666666,
    "Winged lemur": 0.004166666666666666,
    "Flying bison": 0.03824380238111163,
    "Elephant koi": 0.023684297159278576,
    "Unagi": 0.004166666666666666,
    "Scorpion bee": 0.004166666666666666,
    "Flopsie": 0.008033270639431064,
    "Lop-eared rabbit": 0.008033270639431064,
    "Meadow vole": 0.004166666666666666,
    "Ostrich horse": 0.004166666666666666,
    "Hog monkey": 0.004166666666666666,
    "Kanna": 0.06029735615140961,
    "Sokka": 0.1257420450823923,
    "Katara": 0.12941872030551235,
    "Aang": 0.15180348212769457,
    "Waterbending": 0.07191848483762052,
    "The Avatar Returns": 0.02837709191470513,
    "The Southern Air Temple": 0.014765672589083664,
    "The Warriors of Kyoshi": 0.03568446007350946,
    "The King of Omashu": 0.01456041746232911,
    "Imprisoned": 0.006566551534263863,
    "Winter Solstice, Part 1: The Spirit World": 0.007339210045566331,
    "Zuko": 0.11644013639446374
  },
  "hitsHubs": {
    "Avatar": 0.04867053202192881,
    "Otter penguin": 0.033911696777078365,
    "Winged lemur": 0.015490379760538188,
    "Flying bison": 0.02267684371659531,
    "Elephant koi": 0.03777799929993523,
    "Unagi": 0.01583155467227566,
    "Scorpion bee": 0.02369581577913814,
    "Flopsie": 0.01573929773595183,
    "Lop-eared rabbit": 0.01573929773595183,
    "Meadow vole": 0.023400347168705093,
    "Ostrich horse": 0.03425732063520932,
    "Hog monkey": 0.04462328834425487,
    "Kanna": 0.06099113715590493,
    "Sokka": 0.05062108224948645,
    "Katara": 0.05433435685714033,
    "Aang": 0.04698905771930051,
    "Waterbending": 0.054749862721823375,
    "The Avatar Returns": 0.06427278423817434,
    "The Southern Air Temple": 0.060225178811479846,
    "The Warriors of Kyoshi": 0.05938291898034027,
    "The King of Omashu": 0.06159649503410844,
    "Imprisoned": 0.048204091595240736,
    "Winter Solstice, Part 1: The Spirit World": 0.05913106474840161,
    "Zuko": 0.04768759624103631
  },
  "hitsAuths": {
    "Avatar": 0.12554732098850588,
    "Otter penguin": 0.0,
    "Winged lemur": 0.0,
    "Flying bison": 0.017630209135790074,
    "Elephant koi": 0.008176065898774346,
    "Unagi": 0.0,
    "Scorpion bee": 0.0,
    "Flopsie": 0.013456378341239366,
    "Lop-eared rabbit": 0.013456378341239366,
    "Meadow vole": 0.0,
    "Ostrich horse": 0.0,
    "Hog monkey": 0.0,
    "Kanna": 0.0376216682024146,
    "Sokka": 0.13845694923824678,
    "Katara": 0.13958839857981437,
    "Aang": 0.16175164727581115,
    "Waterbending": 0.04852666239750832,
    "The Avatar Returns": 0.030545704461635396,
    "The Southern Air Temple": 0.03450009652256504,
    "The Warriors of Kyoshi": 0.03882253227971198,
    "The King of Omashu": 0.024197326258910433,
    "Imprisoned": 0.02100651796595452,
    "Winter Solstice, Part 1: The Spirit World": 0.018419878234357825,
    "Zuko": 0.12829626587752072
  },
  "averagePathLength": 1.5579710144927537
}