{
  "numNodes": 19,
  "numEdges": 27,
  "selfLinks": 1,
  "numStrongComponents": 18,
  "numWeakComponents": 3,
  "sizeLargestStrong": 2,
  "sizeLargestWeak": 15,
  "radius": 1,
  "diameter": 1,
  "averageInDegree": 1.4210526315789473,
  "averageOutDegree": 1.4210526315789473,
  "maxOutDegree": 6,
  "maxInDegree": 8,
  "pageRank": {
    "Nick Fury": 0.020205486954542703,
    "The Incredible Hulk": 0.1457837213894751,
    "Iron Man": 0.31316879813802573,
    "Iron Man 2": 0.19008664444811316,
    "Iron Man (film)": 0.017569942908941823,
    "Captain America: The First Avenger": 0.023631660668402516,
    "Black Widow": 0.035755096187323906,
    "The Avengers": 0.023631660668402516,
    "S.H.I.E.L.D.": 0.017569942908941823,
    "Phil Coulson": 0.020205486954542703,
    "Captain America": 0.033383207182547114,
    "Pepper Potts": 0.017569942908941823,
    "Betty Ross": 0.017569942908941823,
    "Abomination": 0.017569942908941823,
    "Happy Hogan": 0.017569942908941823,
    "Hawkeye": 0.033383207182547114,
    "Natasha Romanoff": 0.020205486954542703,
    "Steve Rogers": 0.017569942908941823,
    "Clint Barton": 0.017569942908941823
  },
  "hitsHubs": {
    "Nick Fury": 0.12199085339596645,
    "The Incredible Hulk": 0.0,
    "Iron Man": 0.13731217777873903,
    "Iron Man 2": 0.054907339853041776,
    "Iron Man (film)": 0.05906355324396812,
    "Captain America: The First Avenger": 0.0,
    "Black Widow": 0.05906355324396812,
    "The Avengers": 0.0,
    "S.H.I.E.L.D.": 0.1710473135308719,
    "Phil Coulson": 0.12199085339596645,
    "Captain America": 0.0,
    "Pepper Potts": 0.1139708930970099,
    "Betty Ross": 0.023341284681729125,
    "Abomination": 0.023341284681729125,
    "Happy Hogan": 0.1139708930970099,
    "Hawkeye": 0.0,
    "Natasha Romanoff": 3.2380505144381395e-18,
    "Steve Rogers": 3.2380505144381395e-18,
    "Clint Barton": 3.2380505144381395e-18
  },
  "hitsAuths": {
    "Nick Fury": 0.060105892863701355,
    "The Incredible Hulk": 0.12476150385366067,
    "Iron Man": 0.29348522954401735,
    "Iron Man 2": 0.3157006062920928,
    "Iron Man (film)": 0.0,
    "Captain America: The First Avenger": 0.042867490859562686,
    "Black Widow": 1.7307704234962218e-17,
    "The Avengers": 0.042867490859562686,
    "S.H.I.E.L.D.": 0.0,
    "Phil Coulson": 0.060105892863701355,
    "Captain America": 1.7307704234962218e-17,
    "Pepper Potts": 0.0,
    "Betty Ross": 0.0,
    "Abomination": 0.0,
    "Happy Hogan": 0.0,
    "Hawkeye": 1.7307704234962218e-17,
    "Natasha Romanoff": 0.060105892863701355,
    "Steve Rogers": 0.0,
    "Clint Barton": 0.0
  },
  "averagePathLength": 1.0
}