{
  "numNodes": 23,
  "numEdges": 38,
  "selfLinks": 1,
  "numStrongComponents": 20,
  "numWeakComponents": 2,
  "sizeLargestStrong": 3,
  "sizeLargestWeak": 21,
  "radius": 1,
  "diameter": 2,
  "averageInDegree": 1.6521739130434783,
  "averageOutDegree": 1.6521739130434783,
  "maxOutDegree": 12,
  "maxInDegree": 8,
  "pageRank": {
    "Nick Fury": 0.022971125157309945,
    "The Incredible Hulk": 0.13124116086871856,
    "Iron Man": 0.2675249066300967,
    "Iron Man 2": 0.15041219167965764,
    "Iron Man (film)": 0.01713892563772148,
    "Captain America: The First Avenger": 0.024030243351699575,
    "Black Widow": 0.037812878779655765,
    "The Avengers": 0.024030243351699575,
    "S.H.I.E.L.D.": 0.019974911608933832,
    "Phil Coulson": 0.022971125157309945,
    "Captain America": 0.03511620692797815,
    "Pepper Potts": 0.019974911608933832,
    "War Machine": 0.019974911608933832,
    "Justin Hammer": 0.019974911608933832,
    "Whiplash": 0.019974911608933832,
    "Betty Ross": 0.01713892563772148,
    "Abomination": 0.01713892563772148,
    "Happy Hogan": 0.019974911608933832,
    "Hawkeye": 0.03256379751620761,
    "Stark Industries": 0.019974911608933832,
    "Natasha Romanoff": 0.022971125157309945,
    "Steve Rogers": 0.019974911608933832,
    "Clint Barton": 0.01713892563772148
  },
  "hitsHubs": {
    "Nick Fury": 0.09667799457874733,
    "The Incredible Hulk": 0.0,
    "Iron Man": 0.10921260436293327,
    "Iron Man 2": 0.03927611820680101,
    "Iron Man (film)": 0.0519690050583065,
    "Captain America: The First Avenger": 0.0,
    "Black Widow": 0.2131771509025161,
    "The Avengers": 0.0,
    "S.H.I.E.L.D.": 0.17458392358608218,
    "Phil Coulson": 0.09667799457874733,
    "Captain America": 0.0,
    "Pepper Potts": 0.09124512326510752,
    "War Machine": 0.0,
    "Justin Hammer": 0.0,
    "Whiplash": 0.0,
    "Betty Ross": 0.017967481097825755,
    "Abomination": 0.017967481097825755,
    "Happy Hogan": 0.09124512326510752,
    "Hawkeye": 0.0,
    "Stark Industries": 0.0,
    "Natasha Romanoff": 1.2530134467478287e-41,
    "Steve Rogers": 1.2530134467478287e-41,
    "Clint Barton": 1.2530134467478287e-41
  },
  "hitsAuths": {
    "Nick Fury": 0.07746706754908576,
    "The Incredible Hulk": 0.06387608916721857,
    "Iron Man": 0.1396303029378686,
    "Iron Man 2": 0.18475471230286813,
    "Iron Man (film)": 0.0,
    "Captain America: The First Avenger": 0.019314369697935815,
    "Black Widow": 4.4545809296481485e-41,
    "The Avengers": 0.019314369697935815,
    "S.H.I.E.L.D.": 0.0425886191936145,
    "Phil Coulson": 0.07746706754908576,
    "Captain America": 4.4545809296481485e-41,
    "Pepper Potts": 0.0425886191936145,
    "War Machine": 0.0425886191936145,
    "Justin Hammer": 0.0425886191936145,
    "Whiplash": 0.0425886191936145,
    "Betty Ross": 0.0,
    "Abomination": 0.0,
    "Happy Hogan": 0.0425886191936145,
    "Hawkeye": 4.4545809296481485e-41,
    "Stark Industries": 0.0425886191936145,
    "Natasha Romanoff": 0.07746706754908576,
    "Steve Rogers": 0.0425886191936145,
    "Clint Barton": 0.0
  },
  "averagePathLength": 1.3333333333333333
}