{
  "numNodes": 32,
  "numEdges": 57,
  "selfLinks": 1,
  "numStrongComponents": 26,
  "numWeakComponents": 2,
  "sizeLargestStrong": 4,
  "sizeLargestWeak": 30,
  "radius": 2,
  "diameter": 3,
  "averageInDegree": 1.78125,
  "averageOutDegree": 1.78125,
  "maxOutDegree": 13,
  "maxInDegree": 7,
  "pageRank": {
    "Nick Fury": 0.01655640746130929,
    "The Incredible Hulk": 0.03153419719505222,
    "Iron Man": 0.14199404518171482,
    "Iron Man 2": 0.0938292992122942,
    "Iron Man (film)": 0.04444891059404933,
    "Captain America: The First Avenger": 0.04322728711424044,
    "Black Widow": 0.027400632571746818,
    "The Avengers": 0.02967506468804096,
    "Thor (film)": 0.040809508110046605,
    "S.H.I.E.L.D.": 0.014396885501604837,
    "Phil Coulson": 0.01655640746130929,
    "Captain America": 0.0254570468852062,
    "Pepper Potts": 0.0463458809686747,
    "War Machine": 0.014396885501604837,
    "Justin Hammer": 0.014396885501604837,
    "Howard Stark": 0.04444891059404933,
    "Whiplash": 0.014396885501604837,
    "Abomination": 0.012499915126979467,
    "Happy Hogan": 0.014396885501604837,
    "Jane Foster": 0.01517407043466339,
    "Hawkeye": 0.023749755199224995,
    "Stark Industries": 0.0463458809686747,
    "Marvel Studios": 0.012499915126979467,
    "Thor": 0.020798990470786153,
    "Destroyer": 0.012499915126979467,
    "Chris Evans": 0.020137033190809218,
    "Odin": 0.056964792138418235,
    "Asgard": 0.046434428146169375,
    "Natasha Romanoff": 0.01655640746130929,
    "Steve Rogers": 0.014396885501604837,
    "Clint Barton": 0.012499915126979467,
    "Thor 2": 0.01517407043466339
  },
  "hitsHubs": {
    "Nick Fury": 0.0823541744521688,
    "The Incredible Hulk": 0.0,
    "Iron Man": 0.036672203598696385,
    "Iron Man 2": 0.03152714814904965,
    "Iron Man (film)": 0.04403875804211264,
    "Captain America: The First Avenger": 0.0,
    "Black Widow": 0.25463560036861754,
    "The Avengers": 0.0,
    "Thor (film)": 0.0,
    "S.H.I.E.L.D.": 0.1563130033498232,
    "Phil Coulson": 0.0992530901533713,
    "Captain America": 0.03228010907097512,
    "Pepper Potts": 0.07556590619116227,
    "War Machine": 0.0,
    "Justin Hammer": 0.0,
    "Howard Stark": 0.0,
    "Whiplash": 0.0,
    "Abomination": 0.01182342560714942,
    "Happy Hogan": 0.07556590619116227,
    "Jane Foster": 0.0,
    "Hawkeye": 0.0,
    "Stark Industries": 0.0,
    "Marvel Studios": 0.04335057375619907,
    "Thor": 0.037526643134877205,
    "Destroyer": 0.005041492155459733,
    "Chris Evans": 0.0067882682610065255,
    "Odin": 0.005041492155459733,
    "Asgard": 0.002222205362709214,
    "Natasha Romanoff": 1.871657712481893e-40,
    "Steve Rogers": 1.871657712481893e-40,
    "Clint Barton": 1.871657712481893e-40,
    "Thor 2": 0.0
  },
  "hitsAuths": {
    "Nick Fury": 0.07079573106518142,
    "The Incredible Hulk": 0.036433697191857156,
    "Iron Man": 0.09715040354216173,
    "Iron Man 2": 0.13570472962096414,
    "Iron Man (film)": 0.0063176646298826475,
    "Captain America: The First Avenger": 0.020917940239676,
    "Black Widow": 5.767483351198586e-40,
    "The Avengers": 0.07299167910229765,
    "Thor (film)": 0.007333379951034676,
    "S.H.I.E.L.D.": 0.04386707561285975,
    "Phil Coulson": 0.07079573106518142,
    "Captain America": 5.767483351198586e-40,
    "Pepper Potts": 0.050184740242742394,
    "War Machine": 0.04386707561285975,
    "Justin Hammer": 0.04386707561285975,
    "Howard Stark": 0.0063176646298826475,
    "Whiplash": 0.04386707561285975,
    "Abomination": 0.0,
    "Happy Hogan": 0.04386707561285975,
    "Jane Foster": 0.006464862287178048,
    "Hawkeye": 5.767483351198586e-40,
    "Stark Industries": 0.050184740242742394,
    "Marvel Studios": 0.0,
    "Thor": 0.007333379951034676,
    "Destroyer": 0.0,
    "Chris Evans": 0.005561021256540496,
    "Odin": 0.006847690337232856,
    "Asgard": 0.008201897614891304,
    "Natasha Romanoff": 0.07079573106518142,
    "Steve Rogers": 0.04386707561285975,
    "Clint Barton": 0.0,
    "Thor 2": 0.006464862287178048
  },
  "averagePathLength": 1.5833333333333333
}