{
  "numNodes": 25,
  "numEdges": 43,
  "selfLinks": 1,
  "numStrongComponents": 22,
  "numWeakComponents": 2,
  "sizeLargestStrong": 3,
  "sizeLargestWeak": 23,
  "radius": 1,
  "diameter": 2,
  "averageInDegree": 1.72,
  "averageOutDegree": 1.72,
  "maxOutDegree": 13,
  "maxInDegree": 8,
  "pageRank": {
    "Nick Fury": 0.02438727637587894,
    "The Incredible Hulk": 0.09880425773922093,
    "Iron Man": 0.19879166255406627,
    "Iron Man 2": 0.11046018887602486,
    "Iron Man (film)": 0.01841207231734465,
    "Captain America: The First Avenger": 0.025728335603502073,
    "Black Widow": 0.04036086217581693,
    "The Avengers": 0.02852253761783321,
    "S.H.I.E.L.D.": 0.02120627433167578,
    "Phil Coulson": 0.024387276375878935,
    "Captain America": 0.03749808458256358,
    "Pepper Potts": 0.02120627433167578,
    "War Machine": 0.02120627433167578,
    "Justin Hammer": 0.02120627433167578,
    "Howard Stark": 0.05419523950324946,
    "Whiplash": 0.02120627433167578,
    "Betty Ross": 0.01841207231734465,
    "Abomination": 0.01841207231734465,
    "Happy Hogan": 0.02120627433167578,
    "Hawkeye": 0.03498327879405197,
    "Stark Industries": 0.05698944151758059,
    "Marvel Studios": 0.01841207231734465,
    "Natasha Romanoff": 0.024387276375878935,
    "Steve Rogers": 0.02120627433167578,
    "Clint Barton": 0.01841207231734465
  },
  "hitsHubs": {
    "Nick Fury": 0.08519694150948649,
    "The Incredible Hulk": 0.0,
    "Iron Man": 0.12280897267605535,
    "Iron Man 2": 0.03639449971659732,
    "Iron Man (film)": 0.04445128340089267,
    "Captain America: The First Avenger": 0.0,
    "Black Widow": 0.20503920680189153,
    "The Avengers": 0.0,
    "S.H.I.E.L.D.": 0.15494878429528033,
    "Phil Coulson": 0.09623224884141685,
    "Captain America": 0.0,
    "Pepper Potts": 0.08084578311749,
    "War Machine": 0.0,
    "Justin Hammer": 0.0,
    "Howard Stark": 0.0,
    "Whiplash": 0.0,
    "Betty Ross": 0.01894733226893397,
    "Abomination": 0.01894733226893397,
    "Happy Hogan": 0.08084578311749,
    "Hawkeye": 0.0,
    "Stark Industries": 0.0,
    "Marvel Studios": 0.05534183198553129,
    "Natasha Romanoff": 2.072951888227985e-40,
    "Steve Rogers": 2.072951888227985e-40,
    "Clint Barton": 2.072951888227985e-40
  },
  "hitsAuths": {
    "Nick Fury": 0.06784108262410683,
    "The Incredible Hulk": 0.06991525401064023,
    "Iron Man": 0.13429493166423678,
    "Iron Man 2": 0.16402429249461944,
    "Iron Man (film)": 0.0,
    "Captain America: The First Avenger": 0.016055682135038597,
    "Black Widow": 7.649148479594911e-40,
    "The Avengers": 0.05677573202102721,
    "S.H.I.E.L.D.": 0.038640404971294506,
    "Phil Coulson": 0.06784108262410683,
    "Captain America": 7.649148479594911e-40,
    "Pepper Potts": 0.038640404971294506,
    "War Machine": 0.038640404971294506,
    "Justin Hammer": 0.038640404971294506,
    "Howard Stark": 0.023143810015880478,
    "Whiplash": 0.038640404971294506,
    "Betty Ross": 0.0,
    "Abomination": 0.0,
    "Happy Hogan": 0.038640404971294506,
    "Hawkeye": 7.649148479594911e-40,
    "Stark Industries": 0.061784214987174985,
    "Marvel Studios": 0.0,
    "Natasha Romanoff": 0.06784108262410683,
    "Steve Rogers": 0.038640404971294506,
    "Clint Barton": 0.0
  },
  "averagePathLength": 1.3333333333333333
}