{
  "numNodes": 32,
  "numEdges": 50,
  "selfLinks": 0,
  "numStrongComponents": 28,
  "numWeakComponents": 2,
  "sizeLargestStrong": 4,
  "sizeLargestWeak": 30,
  "radius": 2,
  "diameter": 3,
  "averageInDegree": 1.5625,
  "averageOutDegree": 1.5625,
  "maxOutDegree": 7,
  "maxInDegree": 8,
  "pageRank": {
    "Nick Fury": 0.013674594265829954,
    "The Incredible Hulk": 0.029727100992272618,
    "Iron Man": 0.15486864334626474,
    "Iron Man 2": 0.09032676438430237,
    "Iron Man (film)": 0.0467369592617394,
    "Captain America: The First Avenger": 0.05954013028714655,
    "Black Widow": 0.024197922666546183,
    "The Avengers": 0.030338675975423827,
    "Thor (film)": 0.04437242336549209,
    "S.H.I.E.L.D.": 0.011890982407336324,
    "Phil Coulson": 0.013674594265829954,
    "Bruce Banner": 0.011890982407336324,
    "Captain America": 0.0225926535582981,
    "Pepper Potts": 0.0467369592617394,
    "Howard Stark": 0.0467369592617394,
    "Betty Ross": 0.017241817982817213,
    "Abomination": 0.011890982407336324,
    "Happy Hogan": 0.011890982407336324,
    "Jane Foster": 0.014107765046722898,
    "Hawkeye": 0.0225926535582981,
    "Stark Industries": 0.0467369592617394,
    "Marvel Studios": 0.011890982407336324,
    "Thor": 0.017241817982817213,
    "Destroyer": 0.011890982407336324,
    "Chris Evans": 0.018668744340819745,
    "Odin": 0.05314461837522141,
    "Asgard": 0.04337485779376114,
    "Natasha Romanoff": 0.013674594265829954,
    "Steve Rogers": 0.011890982407336324,
    "Clint Barton": 0.011890982407336324,
    "Thor 2": 0.020456166193934734,
    "Mjolnir": 0.014107765046722898
  },
  "hitsHubs": {
    "Nick Fury": 0.12375859024660112,
    "The Incredible Hulk": 0.0,
    "Iron Man": 1.0029856791124359e-25,
    "Iron Man 2": 0.058749063939750046,
    "Iron Man (film)": 0.04697357605443537,
    "Captain America: The First Avenger": 0.0,
    "Black Widow": 0.0,
    "The Avengers": 0.0,
    "Thor (film)": 0.07678501419216575,
    "S.H.I.E.L.D.": 0.1572995931836062,
    "Phil Coulson": 0.11976979962375188,
    "Bruce Banner": 0.015124857065108778,
    "Captain America": 0.03454452457676676,
    "Pepper Potts": 0.10572263999418541,
    "Howard Stark": 0.0,
    "Betty Ross": 0.0,
    "Abomination": 0.017952562609863436,
    "Happy Hogan": 0.10572263999418541,
    "Jane Foster": 0.005040516539105,
    "Hawkeye": 0.0,
    "Stark Industries": 0.0,
    "Marvel Studios": 0.07670162654961349,
    "Thor": 0.027704539244049586,
    "Destroyer": 0.002738407869222772,
    "Chris Evans": 0.018035950252415712,
    "Odin": 0.005250607070431332,
    "Asgard": 0.00212549099474182,
    "Natasha Romanoff": 3.2408215173052313e-52,
    "Steve Rogers": 3.2408215173052313e-52,
    "Clint Barton": 3.2408215173052313e-52,
    "Thor 2": 0.0,
    "Mjolnir": 0.0
  },
  "hitsAuths": {
    "Nick Fury": 0.054204653786343156,
    "The Incredible Hulk": 0.08682201438353383,
    "Iron Man": 0.28412167027306234,
    "Iron Man 2": 0.22717316655414416,
    "Iron Man (film)": 1.2126574761328847e-25,
    "Captain America: The First Avenger": 0.08722529291587577,
    "Black Widow": 1.5673230530072002e-51,
    "The Avengers": 0.06793474123498927,
    "Thor (film)": 0.01309311584011318,
    "S.H.I.E.L.D.": 0.0,
    "Phil Coulson": 0.054204653786343156,
    "Bruce Banner": 0.0,
    "Captain America": 1.5673230530072002e-51,
    "Pepper Potts": 1.2126574761328847e-25,
    "Howard Stark": 1.2126574761328847e-25,
    "Betty Ross": 0.00521195019803711,
    "Abomination": 0.0,
    "Happy Hogan": 0.0,
    "Jane Foster": 0.009546845954239916,
    "Hawkeye": 1.5673230530072002e-51,
    "Stark Industries": 1.2126574761328847e-25,
    "Marvel Studios": 0.0,
    "Thor": 0.0009436416997586333,
    "Destroyer": 0.0,
    "Chris Evans": 0.01190387058820311,
    "Odin": 0.010279279550661859,
    "Asgard": 0.012299820672516604,
    "Natasha Romanoff": 0.054204653786343156,
    "Steve Rogers": 0.0,
    "Clint Barton": 0.0,
    "Thor 2": 0.011283782821595123,
    "Mjolnir": 0.009546845954239916
  },
  "averagePathLength": 1.5833333333333333
}