{
  "numNodes": 23,
  "numEdges": 39,
  "selfLinks": 1,
  "numStrongComponents": 20,
  "numWeakComponents": 2,
  "sizeLargestStrong": 3,
  "sizeLargestWeak": 21,
  "radius": 1,
  "diameter": 2,
  "averageInDegree": 1.6956521739130435,
  "averageOutDegree": 1.6956521739130435,
  "maxOutDegree": 13,
  "maxInDegree": 8,
  "pageRank": {
    "Nick Fury": 0.022816429406772854,
    "The Incredible Hulk": 0.13118047304568092,
    "Iron Man": 0.26657591250880575,
    "Iron Man 2": 0.14983738671528682,
    "Iron Man (film)": 0.017226152542521307,
    "Captain America: The First Avenger": 0.024071068881422086,
    "Black Widow": 0.037760901559223646,
    "The Avengers": 0.02668530727475832,
    "S.H.I.E.L.D.": 0.01984039093585754,
    "Phil Coulson": 0.022816429406772854,
    "Captain America": 0.03508238336801319,
    "Pepper Potts": 0.01984039093585754,
    "War Machine": 0.01984039093585754,
    "Justin Hammer": 0.01984039093585754,
    "Whiplash": 0.01984039093585754,
    "Betty Ross": 0.017226152542521307,
    "Abomination": 0.017226152542521307,
    "Happy Hogan": 0.01984039093585754,
    "Hawkeye": 0.03272954076954504,
    "Stark Industries": 0.01984039093585754,
    "Natasha Romanoff": 0.022816429406772854,
    "Steve Rogers": 0.01984039093585754,
    "Clint Barton": 0.017226152542521307
  },
  "hitsHubs": {
    "Nick Fury": 0.09189931074968014,
    "The Incredible Hulk": 0.0,
    "Iron Man": 0.10342832419659936,
    "Iron Man 2": 0.03672549774698301,
    "Iron Man (film)": 0.05021347288640526,
    "Captain America: The First Avenger": 0.0,
    "Black Widow": 0.23640126485297905,
    "The Avengers": 0.0,
    "S.H.I.E.L.D.": 0.1690881952850522,
    "Phil Coulson": 0.10538728588910239,
    "Captain America": 0.0,
    "Pepper Potts": 0.08693897063338828,
    "War Machine": 0.0,
    "Justin Hammer": 0.0,
    "Whiplash": 0.0,
    "Betty Ross": 0.016489353563211098,
    "Abomination": 0.016489353563211098,
    "Happy Hogan": 0.08693897063338828,
    "Hawkeye": 0.0,
    "Stark Industries": 0.0,
    "Natasha Romanoff": 6.700550574460143e-41,
    "Steve Rogers": 6.700550574460143e-41,
    "Clint Barton": 6.700550574460143e-41
  },
  "hitsAuths": {
    "Nick Fury": 0.07429861833692195,
    "The Incredible Hulk": 0.05597648152698131,
    "Iron Man": 0.12467220975780047,
    "Iron Man 2": 0.17045989866470407,
    "Iron Man (film)": 0.0,
    "Captain America: The First Avenger": 0.016838888548465592,
    "Black Widow": 2.274638869341045e-40,
    "The Avengers": 0.06262657745536919,
    "S.H.I.E.L.D.": 0.04331626112948916,
    "Phil Coulson": 0.07429861833692195,
    "Captain America": 2.274638869341045e-40,
    "Pepper Potts": 0.04331626112948916,
    "War Machine": 0.04331626112948916,
    "Justin Hammer": 0.04331626112948916,
    "Whiplash": 0.04331626112948916,
    "Betty Ross": 0.0,
    "Abomination": 0.0,
    "Happy Hogan": 0.04331626112948916,
    "Hawkeye": 2.274638869341045e-40,
    "Stark Industries": 0.04331626112948916,
    "Natasha Romanoff": 0.07429861833692195,
    "Steve Rogers": 0.04331626112948916,
    "Clint Barton": 0.0
  },
  "averagePathLength": 1.3333333333333333
}