{
  "numNodes": 27,
  "numEdges": 45,
  "selfLinks": 0,
  "numStrongComponents": 22,
  "numWeakComponents": 3,
  "sizeLargestStrong": 4,
  "sizeLargestWeak": 23,
  "radius": 2,
  "diameter": 3,
  "averageInDegree": 1.6666666666666667,
  "averageOutDegree": 1.6666666666666667,
  "maxOutDegree": 13,
  "maxInDegree": 7,
  "pageRank": {
    "Nick Fury": 0.019967591476961335,
    "The Incredible Hulk": 0.03803123343142918,
    "Iron Man": 0.1712528756097658,
    "Iron Man 2": 0.11316317785873269,
    "Iron Man (film)": 0.053607970229462204,
    "Captain America: The First Avenger": 0.06088358163324466,
    "Black Widow": 0.03304604388919857,
    "The Avengers": 0.023353379767684646,
    "S.H.I.E.L.D.": 0.017363145810838143,
    "Phil Coulson": 0.019967591476961335,
    "Captain America": 0.03070201601539821,
    "Pepper Potts": 0.05589577402164128,
    "War Machine": 0.017363145810838143,
    "Justin Hammer": 0.017363145810838143,
    "Howard Stark": 0.053607970229462204,
    "Whiplash": 0.017363145810838143,
    "Abomination": 0.015075342018659064,
    "Happy Hogan": 0.017363145810838143,
    "Hawkeye": 0.028642972516423684,
    "Stark Industries": 0.05589577402164128,
    "Marvel Studios": 0.015075342018659064,
    "Thor": 0.028642972516423684,
    "Destroyer": 0.015075342018659064,
    "Chris Evans": 0.028891240888942467,
    "Natasha Romanoff": 0.019967591476961335,
    "Steve Rogers": 0.017363145810838143,
    "Clint Barton": 0.015075342018659064
  },
  "hitsHubs": {
    "Nick Fury": 0.08861887756558487,
    "The Incredible Hulk": 0.0,
    "Iron Man": 0.040041397811027925,
    "Iron Man 2": 0.034697897398089955,
    "Iron Man (film)": 0.048244276380474106,
    "Captain America: The First Avenger": 0.0,
    "Black Widow": 0.27370215435997225,
    "The Avengers": 0.0,
    "S.H.I.E.L.D.": 0.17173764973553174,
    "Phil Coulson": 0.1043353238658967,
    "Captain America": 0.006017218319554975,
    "Pepper Potts": 0.08294217377856405,
    "War Machine": 0.0,
    "Justin Hammer": 0.0,
    "Howard Stark": 0.0,
    "Whiplash": 0.0,
    "Abomination": 0.01317312791081423,
    "Happy Hogan": 0.08294217377856405,
    "Hawkeye": 0.0,
    "Stark Industries": 0.0,
    "Marvel Studios": 0.04787102530890419,
    "Thor": 0.0,
    "Destroyer": 1.7691451500817926e-41,
    "Chris Evans": 0.005676703787020805,
    "Natasha Romanoff": 1.7691451500817926e-41,
    "Steve Rogers": 1.7691451500817926e-41,
    "Clint Barton": 1.7691451500817926e-41
  },
  "hitsAuths": {
    "Nick Fury": 0.07589809676154145,
    "The Incredible Hulk": 0.039663486892139554,
    "Iron Man": 0.1044732585875938,
    "Iron Man 2": 0.14526058175346582,
    "Iron Man (film)": 0.0068226185696465096,
    "Captain America: The First Avenger": 0.01709220982073814,
    "Black Widow": 5.32678843974151e-41,
    "The Avengers": 0.06441347368789382,
    "S.H.I.E.L.D.": 0.046635869518635374,
    "Phil Coulson": 0.07589809676154145,
    "Captain America": 5.32678843974151e-41,
    "Pepper Potts": 0.05345848808828188,
    "War Machine": 0.046635869518635374,
    "Justin Hammer": 0.046635869518635374,
    "Howard Stark": 0.0068226185696465096,
    "Whiplash": 0.046635869518635374,
    "Abomination": 0.0,
    "Happy Hogan": 0.046635869518635374,
    "Hawkeye": 5.32678843974151e-41,
    "Stark Industries": 0.05345848808828188,
    "Marvel Studios": 0.0,
    "Thor": 5.32678843974151e-41,
    "Destroyer": 0.0,
    "Chris Evans": 0.001025268545875471,
    "Natasha Romanoff": 0.07589809676154145,
    "Steve Rogers": 0.046635869518635374,
    "Clint Barton": 0.0
  },
  "averagePathLength": 1.5833333333333333
}