{
  "numNodes": 42,
  "numEdges": 96,
  "selfLinks": 1,
  "numStrongComponents": 22,
  "numWeakComponents": 1,
  "sizeLargestStrong": 20,
  "sizeLargestWeak": 42,
  "radius": 3,
  "diameter": 8,
  "averageInDegree": 2.2857142857142856,
  "averageOutDegree": 2.2857142857142856,
  "maxOutDegree": 12,
  "maxInDegree": 9,
  "pageRank": {
    "Nick Fury": 0.015080161212760863,
    "The Incredible Hulk": 0.015472156070796049,
    "Iron Man": 0.06476817855128114,
    "Marvel Cinematic Universe": 0.06020626170798252,
    "Iron Man 2": 0.09095045835024901,
    "Iron Man (film)": 0.037287212488040684,
    "Captain America: The First Avenger": 0.08308113517948186,
    "Black Widow": 0.02643028306092233,
    "The Avengers": 0.019239260081515414,
    "Thor (film)": 0.09434036064539085,
    "S.H.I.E.L.D.": 0.006188874264751785,
    "Phil Coulson": 0.008848713264717485,
    "Bruce Banner": 0.007920385084113059,
    "Captain America": 0.018925497760352766,
    "Pepper Potts": 0.040731849542301815,
    "Howard Stark": 0.02213512285595448,
    "Betty Ross": 0.009753048172581645,
    "Abomination": 0.006188874264751785,
    "J.A.R.V.I.S.": 0.007920385084113059,
    "Happy Hogan": 0.0178159163467477,
    "Jane Foster": 0.007342644866760448,
    "Arnim Zola": 0.012420322212795164,
    "Dum Dum Dugan": 0.012420322212795164,
    "Abraham Erskine": 0.012420322212795164,
    "Chester Phillips": 0.012420322212795164,
    "Heinz Kruger": 0.012420322212795164,
    "Hawkeye": 0.013317222080411506,
    "Stark Industries": 0.015903674907911104,
    "Marvel Studios": 0.006188874264751785,
    "Thor": 0.008973858806565064,
    "Destroyer": 0.006188874264751785,
    "Chris Evans": 0.019829666719368956,
    "Odin": 0.027662870941513335,
    "Asgard": 0.022578118567248652,
    "Kenneth Branagh": 0.03515613860553293,
    "Jon Favreau": 0.038758059198488265,
    "Joe Johnston": 0.02016133251214093,
    "Natasha Romanoff": 0.0224912405455013,
    "Steve Rogers": 0.014151833032156436,
    "Clint Barton": 0.007920385084113059,
    "Thor 2": 0.010646815683241644,
    "Mjolnir": 0.007342644866760448
  },
  "hitsHubs": {
    "Nick Fury": 0.05637763218705199,
    "The Incredible Hulk": 0.0,
    "Iron Man": 0.06820143693904664,
    "Marvel Cinematic Universe": 0.08789948247598413,
    "Iron Man 2": 0.06737430059591595,
    "Iron Man (film)": 0.031419152672065485,
    "Captain America: The First Avenger": 0.0995306451812287,
    "Black Widow": 0.0,
    "The Avengers": 0.09220820505032534,
    "Thor (film)": 0.06137849178268727,
    "S.H.I.E.L.D.": 0.07449824932914693,
    "Phil Coulson": 0.04519522039450016,
    "Bruce Banner": 0.005114241465973239,
    "Captain America": 0.030867744728540106,
    "Pepper Potts": 0.040308707737290846,
    "Howard Stark": 0.0,
    "Betty Ross": 0.0,
    "Abomination": 0.004488039961975848,
    "J.A.R.V.I.S.": 0.0,
    "Happy Hogan": 0.040308707737290846,
    "Jane Foster": 0.017638151062127128,
    "Arnim Zola": 0.0,
    "Dum Dum Dugan": 0.0,
    "Abraham Erskine": 0.0,
    "Chester Phillips": 0.0,
    "Heinz Kruger": 0.0,
    "Hawkeye": 0.015580928638344475,
    "Stark Industries": 0.0,
    "Marvel Studios": 0.021804296632739004,
    "Thor": 0.0285621179722829,
    "Destroyer": 0.0022634994490511482,
    "Chris Evans": 0.016068924449761143,
    "Odin": 0.01774363815870767,
    "Asgard": 0.0013310959273579433,
    "Kenneth Branagh": 0.015580928638344475,
    "Jon Favreau": 0.0421872363824994,
    "Joe Johnston": 0.016068924449761143,
    "Natasha Romanoff": 4.111811209211236e-64,
    "Steve Rogers": 4.111811209211236e-64,
    "Clint Barton": 4.111811209211236e-64,
    "Thor 2": 0.0,
    "Mjolnir": 0.0
  },
  "hitsAuths": {
    "Nick Fury": 0.04916422147923161,
    "The Incredible Hulk": 0.01861232225432339,
    "Iron Man": 0.0718121389571877,
    "Marvel Cinematic Universe": 0.06498500887933374,
    "Iron Man 2": 0.09535184897920876,
    "Iron Man (film)": 0.04126767168620287,
    "Captain America: The First Avenger": 0.06663933536092255,
    "Black Widow": 1.7052066363750998e-63,
    "The Avengers": 0.020264825858584766,
    "Thor (film)": 0.06461557100548031,
    "S.H.I.E.L.D.": 0.0,
    "Phil Coulson": 0.03078456406098574,
    "Bruce Banner": 0.01702747146138814,
    "Captain America": 1.7052066363750998e-63,
    "Pepper Potts": 0.03083782757518483,
    "Howard Stark": 0.030973959860914512,
    "Betty Ross": 0.0009444127082685881,
    "Abomination": 0.0,
    "J.A.R.V.I.S.": 0.01702747146138814,
    "Happy Hogan": 0.007790434310929492,
    "Jane Foster": 0.00527437496833646,
    "Arnim Zola": 0.01837965741824587,
    "Dum Dum Dugan": 0.01837965741824587,
    "Abraham Erskine": 0.01837965741824587,
    "Chester Phillips": 0.01837965741824587,
    "Heinz Kruger": 0.01837965741824587,
    "Hawkeye": 1.7052066363750998e-63,
    "Stark Industries": 0.012594302442668643,
    "Marvel Studios": 0.0,
    "Thor": 0.00041798527834511584,
    "Destroyer": 0.0,
    "Chris Evans": 0.041107268495759644,
    "Odin": 0.005520179535232222,
    "Asgard": 0.008968959028112495,
    "Kenneth Branagh": 0.027566163404467218,
    "Jon Favreau": 0.03447533366979987,
    "Joe Johnston": 0.03461146595552955,
    "Natasha Romanoff": 0.043226124767236286,
    "Steve Rogers": 0.03540712887963401,
    "Clint Barton": 0.01702747146138814,
    "Thor 2": 0.0085314941543894,
    "Mjolnir": 0.00527437496833646
  },
  "averagePathLength": 1.5714285714285714
}