{
  "numNodes": 125,
  "numEdges": 500,
  "selfLinks": 0,
  "numStrongComponents": 28,
  "numWeakComponents": 1,
  "sizeLargestStrong": 97,
  "sizeLargestWeak": 125,
  "radius": 4,
  "diameter": 7,
  "averageInDegree": 4,
  "averageOutDegree": 4,
  "maxOutDegree": 30,
  "maxInDegree": 32,
  "pageRank": {
    "Nick Fury": 0.011462904984242739,
    "Avengers": 0.0011252474032942426,
    "The Incredible Hulk": 0.022616330450122124,
    "Iron Man": 0.014833291997483728,
    "Marvel Cinematic Universe": 0.028652778035619504,
    "Iron Man 2": 0.06611500189354244,
    "Iron Man (film)": 0.0695828888516794,
    "Captain America: The First Avenger": 0.0696839441425301,
    "Black Widow": 0.012311896836542761,
    "The Avengers": 0.013396537059314739,
    "Thor (film)": 0.06612227992716857,
    "S.H.I.E.L.D.": 0.0065231611637899655,
    "Phil Coulson": 0.0037142118672868567,
    "Bruce Banner": 0.011652624327851148,
    "Captain America": 0.015192624109107145,
    "Pepper Potts": 0.024902882800185985,
    "War Machine": 0.0012705791703944362,
    "Iron Monger": 0.0012705791703944362,
    "Justin Hammer": 0.0033459818075891605,
    "Howard Stark": 0.009981773989104829,
    "Whiplash": 0.0012705791703944362,
    "Betty Ross": 0.005646962447005105,
    "Abomination": 0.0032031969202263913,
    "Thaddeus Ross": 0.007028303703980264,
    "Leonard Samson": 0.0012892334967648952,
    "Samuel Sterns": 0.0023433545906124207,
    "J.A.R.V.I.S.": 0.0033514318510032247,
    "Christine Everhart": 0.0018862280478885898,
    "Happy Hogan": 0.006554427078325571,
    "Jane Foster": 0.013137742851431586,
    "Red Skull": 0.0026858629387094286,
    "Winter Soldier": 0.0011252474032942426,
    "Arnim Zola": 0.007005577257787842,
    "Dum Dum Dugan": 0.0038524730331108295,
    "Abraham Erskine": 0.007751054425933351,
    "Chester Phillips": 0.007005577257787842,
    "Heinz Kruger": 0.004566983595624607,
    "Anton Vanko": 0.0015064137931681415,
    "Hawkeye": 0.004278552455144287,
    "Stark Industries": 0.013019313845321902,
    "Marvel Studios": 0.0011252474032942426,
    "Ten Rings": 0.0011252474032942426,
    "Thor": 0.008365924420756166,
    "Destroyer": 0.0014364096218815866,
    "Chris Evans": 0.007037712326066134,
    "Odin": 0.003348053070448382,
    "Asgard": 0.00498103656172366,
    "Kenneth Branagh": 0.01302833057421941,
    "Jon Favreau": 0.01625390729679359,
    "Louis Leterrier": 0.00514401516765765,
    "Joe Johnston": 0.005836070891245426,
    "Hulk": 0.002733366923031396,
    "Loki": 0.004494530819843759,
    "Iron Man 3": 0.011676014810437977,
    "Darcy Lewis": 0.010891634903186596,
    "Erik Selvig": 0.00579044823306079,
    "Heimdall": 0.0011252474032942426,
    "Hogun": 0.002337805361655422,
    "Laufey": 0.0042139411655913,
    "Sif": 0.003050815262981374,
    "Volstagg": 0.002585433112717518,
    "Tesseract": 0.005743823386789053,
    "Jotunheim": 0.003884691948096244,
    "Frost Giants": 0.001226517919456111,
    "Jessica Jones (TV series)": 0.0011252474032942426,
    "Melissa Rosenberg": 0.0014628157905004703,
    "Black Widow (film)": 0.001679245829183871,
    "Hawkeye (film)": 0.0014002843036245102,
    "Robert Downey, Jr.": 0.008437512903582344,
    "Terrence Howard": 0.012986354464905543,
    "Jeff Bridges": 0.007767769850064436,
    "Gwyneth Paltrow": 0.0138466807133604,
    "Shaun Toub": 0.0011252474032942426,
    "Faran Tahir": 0.007386603460190538,
    "Paul Bettany": 0.002578050428286128,
    "Stellan Skarsg\u00e5rd": 0.0015271409848943214,
    "Thor: The Dark World": 0.017876985876258793,
    "Joss Whedon": 0.0039140739674421035,
    "War Machine (film)": 0.004997134149254401,
    "Don Cheadle": 0.012273398902064603,
    "Scarlett Johansson": 0.008541216663953811,
    "Sebastian Stan": 0.0041056493235155,
    "Hugo Weaving": 0.0046582716468198445,
    "Mark Ruffalo": 0.0036080916497651244,
    "Edward Norton": 0.006390323480669062,
    "Sam Rockwell": 0.0026308447441746,
    "Lou Ferrigno": 0.0015271409848943214,
    "Chris Hemsworth": 0.015292814164378731,
    "Samuel L. Jackson": 0.00508411047212143,
    "Jeremy Renner": 0.0018021778852245888,
    "Tom Hiddleston": 0.011757788516272237,
    "Cobie Smulders": 0.0019066951180995364,
    "Hayley Atwell": 0.0038524730331108295,
    "Tommy Lee Jones": 0.007005577257787842,
    "Dominic Cooper": 0.0038524730331108295,
    "Neal McDonough": 0.0038524730331108295,
    "Derek Luke": 0.0038524730331108295,
    "Stanley Tucci": 0.005247898771367413,
    "Tim Roth": 0.0031604173095230526,
    "Raza": 0.010709678781969266,
    "Toby Jones": 0.007005577257787842,
    "Randy's Donuts": 0.001679245829183871,
    "William Hurt": 0.0031604173095230526,
    "Mickey Rourke": 0.006915581602946197,
    "Mj\u00f8lnir": 0.0030811625858365773,
    "Super Soldier Serum": 0.006350555689635206,
    "Earth": 0.0028510083651003488,
    "Maria Hill": 0.0042174764963210055,
    "Natasha Romanoff": 0.011400892064505345,
    "Steve Rogers": 0.010642244518995144,
    "Clint Barton": 0.0026355301925459597,
    "HYDRA": 0.003467716179809185,
    "Fandral": 0.00273965304439403,
    "Hammer Drones": 0.0011252474032942426,
    "Chitauri": 0.003137216824295637,
    "Thanos": 0.0027037084445223703,
    "Leviathan (Creature)": 0.0011252474032942426,
    "Infinity Gauntlet": 0.0019363321506289345,
    "Leslie Bibb": 0.0016911036325998013,
    "Liv Tyler": 0.002819124572302806,
    "Thor 2": 0.018609899083924124,
    "Captain America 2": 0.0038715358086630867,
    "Captain America: The Winter Soldier": 0.004609729418110821,
    "Midgard": 0.0011252474032942426,
    "Mjolnir": 0.0021731492470236733
  },
  "hitsHubs": {
    "Nick Fury": 0.016901596203611854,
    "Avengers": 0.02311120638721917,
    "The Incredible Hulk": 0.016052152553099115,
    "Iron Man": 0.017962470886881965,
    "Marvel Cinematic Universe": 0.023746488282863878,
    "Iron Man 2": 0.01734891402255456,
    "Iron Man (film)": 0.007737417032112469,
    "Captain America: The First Avenger": 0.023229916662154942,
    "Black Widow": 0.03737651664437968,
    "The Avengers": 0.04213712404943813,
    "Thor (film)": 0.012122126432274246,
    "S.H.I.E.L.D.": 0.01690151649906177,
    "Phil Coulson": 0.048339800569436424,
    "Bruce Banner": 0.0,
    "Captain America": 0.0158054042657595,
    "Pepper Potts": 0.009968138053128106,
    "War Machine": 0.011122390000218717,
    "Iron Monger": 0.004815724974068415,
    "Justin Hammer": 0.005366792351991988,
    "Howard Stark": 0.010250307162841466,
    "Whiplash": 0.005645205688366144,
    "Betty Ross": 0.0036705747347507444,
    "Abomination": 0.0017162391664300506,
    "Thaddeus Ross": 0.004131019843807462,
    "Leonard Samson": 0.0,
    "Samuel Sterns": 0.0,
    "J.A.R.V.I.S.": 0.0,
    "Christine Everhart": 0.009023167440288048,
    "Happy Hogan": 0.012439326155768652,
    "Jane Foster": 0.00637050929182029,
    "Red Skull": 0.00345282233616405,
    "Winter Soldier": 0.006826138720997438,
    "Arnim Zola": 0.0032292884598399997,
    "Dum Dum Dugan": 0.0,
    "Abraham Erskine": 0.0076959466447002805,
    "Chester Phillips": 0.0032292884598399997,
    "Heinz Kruger": 0.0063288587992649525,
    "Anton Vanko": 0.0,
    "Hawkeye": 0.028893538961694443,
    "Stark Industries": 0.015340357381271543,
    "Marvel Studios": 0.004507334324309453,
    "Ten Rings": 0.003612633240948446,
    "Thor": 0.021757127177377437,
    "Destroyer": 0.008706187439187336,
    "Chris Evans": 0.006466572934374906,
    "Odin": 0.008762258057585327,
    "Asgard": 0.008277191858693305,
    "Kenneth Branagh": 0.005220664046534744,
    "Jon Favreau": 0.008644237887857658,
    "Louis Leterrier": 0.0,
    "Joe Johnston": 0.002912752414712026,
    "Hulk": 0.03133457610019334,
    "Loki": 0.02182038734508561,
    "Iron Man 3": 0.01347585512426845,
    "Darcy Lewis": 0.006441377148765135,
    "Erik Selvig": 0.0014196292595432698,
    "Heimdall": 0.014496051939866335,
    "Hogun": 0.011736509304247165,
    "Laufey": 0.005616077320314103,