{
  "numNodes": 51,
  "numEdges": 142,
  "selfLinks": 0,
  "numStrongComponents": 24,
  "numWeakComponents": 1,
  "sizeLargestStrong": 28,
  "sizeLargestWeak": 51,
  "radius": 3,
  "diameter": 8,
  "averageInDegree": 2.784313725490196,
  "averageOutDegree": 2.784313725490196,
  "maxOutDegree": 12,
  "maxInDegree": 13,
  "pageRank": {
    "Nick Fury": 0.01495084678630859,
    "Avengers": 0.004244728384790116,
    "The Incredible Hulk": 0.02599205312818721,
    "Iron Man": 0.05086613489527316,
    "Marvel Cinematic Universe": 0.06340860969231031,
    "Iron Man 2": 0.09233333620626692,
    "Iron Man (film)": 0.04328515636479944,
    "Captain America: The First Avenger": 0.07198443626698486,
    "Black Widow": 0.023168616753985145,
    "The Avengers": 0.02714138816225504,
    "Thor (film)": 0.0898445682583433,
    "S.H.I.E.L.D.": 0.005982296771236274,
    "Phil Coulson": 0.008915113160690883,
    "Bruce Banner": 0.013651232739399685,
    "Captain America": 0.018923763574952554,
    "Pepper Potts": 0.04219531965398082,
    "Justin Hammer": 0.005982296771236274,
    "Howard Stark": 0.0161833392827943,
    "Whiplash": 0.004244728384790116,
    "Betty Ross": 0.009294944205583041,
    "Abomination": 0.004244728384790116,
    "J.A.R.V.I.S.": 0.0062802285246359064,
    "Happy Hogan": 0.017445913035596568,
    "Jane Foster": 0.004937137441904708,
    "Red Skull": 0.004244728384790116,
    "Arnim Zola": 0.009643759635970566,
    "Dum Dum Dugan": 0.009643759635970566,
    "Abraham Erskine": 0.009643759635970566,
    "Chester Phillips": 0.009643759635970566,
    "Heinz Kruger": 0.009643759635970566,
    "Anton Vanko": 0.00615483550810189,
    "Hawkeye": 0.011460422458820584,
    "Stark Industries": 0.01252187641806001,
    "Marvel Studios": 0.004244728384790116,
    "Thor": 0.00615483550810189,
    "Destroyer": 0.004244728384790116,
    "Chris Evans": 0.014517830979136432,
    "Odin": 0.023935114636367112,
    "Asgard": 0.014029154187491127,
    "Kenneth Branagh": 0.03159436536886266,
    "Jon Favreau": 0.03821314178423192,
    "Louis Leterrier": 0.016056652018292913,
    "Joe Johnston": 0.01677730100281163,
    "Hulk": 0.004244728384790116,
    "Loki": 0.014154547204025144,
    "Iron Man 3": 0.0062802285246359064,
    "Natasha Romanoff": 0.021027293040297754,
    "Steve Rogers": 0.016310017444061554,
    "Clint Barton": 0.008017796911082065,
    "Thor 2": 0.007158821013605786,
    "Mjolnir": 0.004937137441904708
  },
  "hitsHubs": {
    "Nick Fury": 0.0476844411442168,
    "Avengers": 0.06415169520649379,
    "The Incredible Hulk": 0.04420296787535961,
    "Iron Man": 0.059458846170064604,
    "Marvel Cinematic Universe": 0.060212323095845614,
    "Iron Man 2": 0.04462580928648234,
    "Iron Man (film)": 0.018595544864036403,
    "Captain America: The First Avenger": 0.05297928442772352,
    "Black Widow": 0.07657970764712481,
    "The Avengers": 0.06543735930064662,
    "Thor (film)": 0.03656672907257975,
    "S.H.I.E.L.D.": 0.049876658124942415,
    "Phil Coulson": 0.03270729071061724,
    "Bruce Banner": 0.018939531086154735,
    "Captain America": 0.04892636361716978,
    "Pepper Potts": 0.022777363451378655,
    "Justin Hammer": 0.0,
    "Howard Stark": 0.0,
    "Whiplash": 0.016911153160830927,
    "Betty Ross": 0.0,
    "Abomination": 0.007716828505335844,
    "J.A.R.V.I.S.": 0.0,
    "Happy Hogan": 0.022777363451378655,
    "Jane Foster": 0.011706968531337719,
    "Red Skull": 0.009616895069354392,
    "Arnim Zola": 0.0,
    "Dum Dum Dugan": 0.0,
    "Abraham Erskine": 0.023749367867298345,
    "Chester Phillips": 0.0,
    "Heinz Kruger": 0.0,
    "Anton Vanko": 0.0,
    "Hawkeye": 0.010509167333831263,
    "Stark Industries": 0.0,
    "Marvel Studios": 0.014079029957666793,
    "Thor": 0.029132871113437143,
    "Destroyer": 0.0013769457753861466,
    "Chris Evans": 0.009616895069354392,
    "Odin": 0.01506113218600026,
    "Asgard": 0.0012351209055470281,
    "Kenneth Branagh": 0.010509167333831263,
    "Jon Favreau": 0.02577947997543023,
    "Louis Leterrier": 0.0,
    "Joe Johnston": 0.009616895069354392,
    "Hulk": 0.025138515374410534,
    "Loki": 0.011744288239378292,
    "Iron Man 3": 0.0,
    "Natasha Romanoff": 7.178854201887913e-39,
    "Steve Rogers": 7.178854201887913e-39,
    "Clint Barton": 7.178854201887913e-39,
    "Thor 2": 0.0,
    "Mjolnir": 0.0
  },
  "hitsAuths": {
    "Nick Fury": 0.05115413222533535,
    "Avengers": 0.0,
    "The Incredible Hulk": 0.043553760247898296,
    "Iron Man": 0.03590824864282675,
    "Marvel Cinematic Universe": 0.043437426566624755,
    "Iron Man 2": 0.09264713212721835,
    "Iron Man (film)": 0.06112553377290506,
    "Captain America: The First Avenger": 0.05427773105107091,
    "Black Widow": 4.0517434662108757e-38,
    "The Avengers": 0.056044483926123594,
    "Thor (film)": 0.05931371341817985,
    "S.H.I.E.L.D.": 0.01267655443540947,
    "Phil Coulson": 0.031764958707202744,
    "Bruce Banner": 0.03498705138833862,
    "Captain America": 4.0517434662108757e-38,
    "Pepper Potts": 0.041083295821404776,
    "Justin Hammer": 0.01267655443540947,
    "Howard Stark": 0.018612346889302238,
    "Whiplash": 0.0,
    "Betty Ross": 0.007296420591901942,
    "Abomination": 0.0,
    "J.A.R.V.I.S.": 0.01083211560937148,
    "Happy Hogan": 0.016943937944763947,
    "Jane Foster": 0.004822484156476224,
    "Red Skull": 0.0,
    "Arnim Zola": 0.008769879165527461,
    "Dum Dum Dugan": 0.008769879165527461,
    "Abraham Erskine": 0.008769879165527461,
    "Chester Phillips": 0.008769879165527461,
    "Heinz Kruger": 0.008769879165527461,
    "Anton Vanko": 0.0027993728421521653,
    "Hawkeye": 4.0517434662108757e-38,
    "Stark Industries": 0.02251902215918425,
    "Marvel Studios": 0.0,
    "Thor": 0.00022793150608714147,
    "Destroyer": 0.0,
    "Chris Evans": 0.027700977275063064,
    "Odin": 0.006971019216011608,
    "Asgard": 0.007543546910733611,
    "Kenneth Branagh": 0.016020235145429967,
    "Jon Favreau": 0.02043248502447993,
    "Louis Leterrier": 0.017284293209086497,
    "Joe Johnston": 0.01873707302795099,
    "Hulk": 0.0,
    "Loki": 0.01814773101401795,
    "Iron Man 3": 0.01083211560937148,
    "Natasha Romanoff": 0.026475498298035836,
    "Steve Rogers": 0.036209879895975454,
    "Clint Barton": 0.02350867004478095,
    "Thor 2": 0.006760386879761459,
    "Mjolnir": 0.004822484156476224
  },
  "averagePathLength": 1.6890196078431372
}