{
  "numNodes": 15,
  "numEdges": 17,
  "selfLinks": 0,
  "numStrongComponents": 14,
  "numWeakComponents": 4,
  "sizeLargestStrong": 2,
  "sizeLargestWeak": 9,
  "radius": 1,
  "diameter": 1,
  "averageInDegree": 1.1333333333333333,
  "averageOutDegree": 1.1333333333333333,
  "maxOutDegree": 5,
  "maxInDegree": 3,
  "pageRank": {
    "No Game No Life Wiki": 0.03552358677467858,
    "Main Page": 0.018696501840550737,
    "No Game, No Life": 0.025090848492398565,
    "Sora": 0.30733638067656527,
    "Shiro": 0.3073363806765653,
    "Stephanie Dola": 0.06318677953132393,
    "Jibril": 0.030736377160839427,
    "Stephanie Dora": 0.030736377160839427,
    "Stephanie": 0.018696501840550737,
    "Chlammy": 0.018696501840550737,
    "Feel Nilvalen/Image Gallery": 0.018696501840550737,
    "Fiel Nilvalen/Image Gallery": 0.03552358677467858,
    "Math": 0.018696501840550737,
    "Mathematical formulas": 0.03552358677467858,
    "Chlammy Zell": 0.03552358677467858
  },
  "hitsHubs": {
    "No Game No Life Wiki": 0.423744617778075,
    "Main Page": 1.4298607027574328e-14,
    "No Game, No Life": 0.37680581590554885,
    "Sora": 0.09972478292389109,
    "Shiro": 0.09972478292389109,
    "Stephanie Dola": 0.0,
    "Jibril": 0.0,
    "Stephanie Dora": 2.342683775397778e-10,
    "Stephanie": 2.342683775397778e-10,
    "Chlammy": 1.4298607027574328e-14,
    "Feel Nilvalen/Image Gallery": 1.4298607027574328e-14,
    "Fiel Nilvalen/Image Gallery": 0.0,
    "Math": 1.4298607027574328e-14,
    "Mathematical formulas": 0.0,
    "Chlammy Zell": 0.0
  },
  "hitsAuths": {
    "No Game No Life Wiki": 3.374345400454359e-14,
    "Main Page": 0.0,
    "No Game, No Life": 0.11077144080955041,
    "Sora": 0.23534170980543934,
    "Shiro": 0.23534170980543934,
    "Stephanie Dola": 5.528527504104422e-10,
    "Jibril": 0.20927256951329176,
    "Stephanie Dora": 0.20927256951329176,
    "Stephanie": 0.0,
    "Chlammy": 0.0,
    "Feel Nilvalen/Image Gallery": 0.0,
    "Fiel Nilvalen/Image Gallery": 3.374345400454359e-14,
    "Math": 0.0,
    "Mathematical formulas": 3.374345400454359e-14,
    "Chlammy Zell": 3.374345400454359e-14
  },
  "averagePathLength": 1.0
}