{
  "numNodes": 143,
  "numEdges": 781,
  "selfLinks": 0,
  "numStrongComponents": 50,
  "numWeakComponents": 2,
  "sizeLargestStrong": 94,
  "sizeLargestWeak": 141,
  "radius": 4,
  "diameter": 7,
  "averageInDegree": 5.461538461538462,
  "averageOutDegree": 5.461538461538462,
  "maxOutDegree": 29,
  "maxInDegree": 43,
  "pageRank": {
    "No Game No Life Wiki": 0.0015466705704770948,
    "Main Page": 0.0008140361373481493,
    "No Game, No Life": 0.016535877092594305,
    "Sora": 0.045858117730398815,
    "Shiro": 0.047155042308441295,
    "Stephanie Dola": 0.03390646636346202,
    "Jibril": 0.03225107653358974,
    "Tet": 0.02858153993168318,
    "\u300e \u300f": 0.0038607600281790337,
    "Blank": 0.0008140361373481493,
    "Episode 01": 0.03246068134182345,
    "Clammy Zell": 0.019803979438461537,
    "Exceed": 0.04885747154419331,
    "Old Deus": 0.017439600259723263,
    "Fiel Nirvalen": 0.0015466705704770948,
    "Elf": 0.009258306256027134,
    "Angel": 0.0008140361373481493,
    "Imanity": 0.03178213822185953,
    "Queen": 0.002660825965531507,
    "Ten Pledges": 0.024311899376140433,
    "Episode 02": 0.01284600140267644,
    "Episode 03": 0.007657396730485521,
    "Disboard": 0.03649990390636477,
    "Elves": 0.00438266928325798,
    "Ten Oaths": 0.015246766850231243,
    "Hatsuse Izuna": 0.012172943844936116,
    "Steph": 0.007565532385193392,
    "Elven Gard": 0.011953320070641935,
    "Volume 4": 0.0038021618388505195,
    "Elchea Kingdom": 0.0008140361373481493,
    "Eastern Union": 0.016764325926906687,
    "Avant Heim": 0.009839566819549844,
    "Episode 04": 0.007020570914187328,
    "Episode 05": 0.014283291468065867,
    "Volume 1": 0.028415903351976832,
    "Elderly official": 0.004713817418555236,
    "Volume 2": 0.013074504296132557,
    "Volume 3": 0.004118411508591438,
    "Volume 5": 0.004773044787711386,
    "Fl\u00fcgel": 0.0151099942366337,
    "Kurami": 0.0031615910452336025,
    "Pledges": 0.0008140361373481493,
    "Kuhaku": 0.0025710577972803354,
    "Plum": 0.0055419839926975495,
    "Former king of Imanity": 0.009153276322101285,
    "Volume 6": 0.0030607934503226195,
    "Unnamed thieves": 0.005214672882906175,
    "This game": 0.004765296601188384,
    "Oraci\u00f3n": 0.008776852733243306,
    "Oracion": 0.0008140361373481493,
    "Phantasma": 0.00589195784017414,
    "Elemental": 0.0025726329341834,
    "Werebeast": 0.019659910952886404,
    "Episode 2": 0.0011673387796050784,
    "Episode 1": 0.002667288008785949,
    "National Library of Elchea": 0.0031166014986105488,
    "Inn of Elchea": 0.0023246570210744824,
    "Inn-keeper": 0.0078100588581779045,
    "Dora": 0.0008140361373481493,
    "Elderly official/Image Gallery": 0.0008140361373481493,
    "Three unnamed thieves": 0.002521249352516996,
    "Stephanie Dola's maids": 0.0025532171525998017,
    "Dragonia": 0.0025726329341834,
    "King City": 0.0017446285534654582,
    "Shiro/Image Gallery": 0.0008140361373481493,
    "Sora/Image Gallery": 0.0037622711741041705,
    "Tet/Image Gallery": 0.0008140361373481493,
    "Clammy Zell/Image Gallery": 0.003151647826068544,
    "Dora/Image Gallery": 0.0008140361373481493,
    "Queen/Image Gallery": 0.0008140361373481493,
    "Jibril/Image Gallery": 0.003452633941231828,
    "Fiel Nirvalen/Image Gallery": 0.002318798398527754,
    "Izuna": 0.006595312748459385,
    "No Work No Life": 0.0008598257894187084,
    "Imanity-go": 0.012255447890911307,
    "Race Piece": 0.005725924376399798,
    "Race": 0.0008140361373481493,
    "Episode 06": 0.003592696877733402,
    "Flugel": 0.0008140361373481493,
    "Tet's home": 0.0036721685906852862,
    "OP1": 0.0009592784274000132,
    "ED1": 0.0011734270797361408,
    "Manga Volume 1": 0.0020598803474303766,
    "Game 01": 0.0008140361373481493,
    "Stephanie Dola/Image Gallery": 0.0008140361373481493,
    "Stephanie Dora": 0.0008140361373481493,
    "Stephanie Dora's maids": 0.0008140361373481493,
    "Main library": 0.0008140361373481493,
    "Stephanie": 0.002707637568024317,
    "NG Cup \u2606 Decisive Battle For The Strongest Gamer": 0.0015466705704770948,
    "Dhampir": 0.015932524427809385,
    "Warbeast": 0.001056611189633752,
    "Library of Elchea": 0.0008140361373481493,
    "NG Cup": 0.0008140361373481493,
    "Main library of the human world": 0.0008140361373481493,
    "Previous king": 0.0018515950516580504,
    "Episode 07": 0.002809534442076133,
    "Seiren": 0.013674705555784601,
    "Brain Battle For Imanity": 0.002205309175187932,
    "Episode 08": 0.004520873946213635,
    "Materialization Shiritori": 0.0024812818950690338,
    "Hatsuse Izuna/Image Gallery": 0.0008140361373481493,
    "Miko": 0.008013603748131782,
    "Miko/Image Gallery": 0.0008140361373481493,
    "Hatsuse Ino": 0.0056321891290529716,
    "Hatsuse Ino/Image Gallery": 0.0008140361373481493,
    "Episode 9": 0.0008140361373481493,
    "Episode 7": 0.0009619719363453402,
    "Episode 6": 0.0009619719363453402,
    "Episode 8": 0.0021792382871751114,
    "Episode 5": 0.0009619719363453402,
    "Episode 3": 0.0014359829847650307,
    "Episode 4": 0.0009619719363453402,
    "Elchea Federation": 0.021876417849875488,
    "Chlammy": 0.002707637568024317,
    "Episode 09": 0.002365813044256719,
    "Shrine Priestess": 0.0008140361373481493,
    "Gigant": 0.0029407376755506177,
    "Oceando": 0.013622472573863573,
    "Lunamana": 0.0029407376755506177,
    "Chapter 1": 0.013742608947566608,
    "Figurines": 0.0008140361373481493,
    "Dwarf": 0.005137710544912112,
    "Harden Fell": 0.004883856977136806,
    "Episode 10": 0.001733612357433011,
    "Fairy": 0.0029407376755506177,
    "Demonia": 0.0029407376755506177,
    "Magic": 0.004794743333306266,
    "Episode 11": 0.002964611166618436,
    "Episode 12": 0.003095532373970966,
    "Onegai\u2606Sniper": 0.001569820966587034,
    "Azriel": 0.006780810158736473,
    "\u30aa\u30e9\u30b7\u30aa\u30f3": 0.0008140361373481493,
    "Azuril": 0.005001588963514029,
    "Azreal": 0.0008140361373481493,
    "Azrael": 0.0008140361373481493,
    "Feel Nilvalen/Image Gallery": 0.0009532369352727473,
    "Fiel Nilvalen": 0.0008140361373481493,
    "Fiel Nilvalen/Image Gallery": 0.001671952000627416,
    "Math": 0.0008140361373481493,
    "Mathematical formulas": 0.0015466705704770948,
    "Chlammy Zell": 0.019948100525185947,
    "Chlammy Zell/Image Gallery": 0.0025967514381482204
  },
  "hitsHubs": {
    "No Game No Life Wiki": 0.018430076356989445,
    "Main Page": 7.888672785773595e-53,
    "No Game, No Life": 0.03324853618213612,
    "Sora": 0.021017685219537084,
    "Shiro": 0.019717567894066028,
    "Stephanie Dola": 0.02001116781421577,
    "Jibril": 0.01300268288297499,
    "Tet": 0.014076230237289416,
    "\u300e \u300f": 0.009580329510126322,
    "Blank": 3.308749182006133e-46,
    "Episode 01": 0.029245464869757626,
    "Clammy Zell": 0.015015628682560341,
    "Exceed": 0.010258300159122796,
    "Old Deus": 0.01148484728291172,
    "Fiel Nirvalen": 0.016022985300855004,
    "Elf": 0.004045310605191535,
    "Angel": 0.0005158621092420374,
    "Imanity": 0.01106489413971671,
    "Queen": 0.0020785516162872735,
    "Ten Pledges": 0.0032258177085476647,
    "Episode 02": 0.022443868923254083,
    "Episode 03": 0.018609588050258093,
    "Disboard": 0.011694253434691179,
    "Elves": 0.00025880992018922124,
    "Ten Oaths": 0.0005531370548802039,
    "Hatsuse Izuna": 0.01316748000728247,
    "Steph": 0.002244254040363059,
    "Elven Gard": 0.0047649352305647345,
    "Volume 4": 0.013508158277429343,
    "Elchea Kingdom": 0.006490363085848513,
    "Eastern Union": 0.0021657506090618037,
    "Avant Heim": 0.001699595269720001,
    "Episode 04": 0.02860576496265198,
    "Episode 05": 0.02174535543251894,
    "Volume 1": 0.019994711796976553,
    "Elderly official": 0.013233802182368916,
    "Volume 2": 0.01994360881849241,
    "Volume 3": 0.006063970553519218,
    "Volume 5": 0.003547664521380455,
    "Fl\u00fcgel": 0.005466332087050389,