{
  "numNodes": 159,
  "numEdges": 1040,
  "selfLinks": 1,
  "numStrongComponents": 53,
  "numWeakComponents": 2,
  "sizeLargestStrong": 107,
  "sizeLargestWeak": 157,
  "radius": 3,
  "diameter": 6,
  "averageInDegree": 6.540880503144654,
  "averageOutDegree": 6.540880503144654,
  "maxOutDegree": 32,
  "maxInDegree": 55,
  "pageRank": {
    "No Game No Life Wiki": 0.0013676402213436065,
    "Main Page": 0.000719803330781596,
    "No Game, No Life": 0.016947237428103615,
    "Sora": 0.04258432552809439,
    "Shiro": 0.03437420332568418,
    "Stephanie Dola": 0.021699969519296394,
    "Jibril": 0.03073701609962574,
    "Tet": 0.028383041355409908,
    "\u300e \u300f": 0.005523357547687714,
    "Blank": 0.000719803330781596,
    "Episode 01": 0.02564577191674792,
    "Clammy Zell": 0.020346655145180186,
    "Exceed": 0.03434088221800844,
    "Old Deus": 0.019809050115777507,
    "Fiel Nirvalen": 0.013260051739397117,
    "Elf": 0.01860215122120016,
    "Angel": 0.000719803330781596,
    "Imanity": 0.029308063627411087,
    "Queen": 0.002134933233038083,
    "Ten Pledges": 0.024125002520105767,
    "Episode 02": 0.010193097354419851,
    "Episode 03": 0.005273351636366085,
    "Disboard": 0.037676504650658076,
    "Elves": 0.008230847685359572,
    "Ten Oaths": 0.012492414446633028,
    "Hatsuse Izuna": 0.01198808507886327,
    "Steph": 0.004998093188652178,
    "Elven Gard": 0.011789137100246873,
    "Volume 4": 0.0051585984327154446,
    "Elchea Kingdom": 0.011675454991239537,
    "Eastern Union": 0.01201170016989906,
    "Avant Heim": 0.011577622554143406,
    "Episode 04": 0.004293702482215579,
    "Episode 05": 0.008781989972977387,
    "Volume 1": 0.02344270071322685,
    "Elderly official": 0.0033080571968460456,
    "Volume 2": 0.009531986896037561,
    "Volume 3": 0.0034822611256726155,
    "Volume 5": 0.009185591718807343,
    "Fl\u00fcgel": 0.015134926729880514,
    "Kurami": 0.000719803330781596,
    "Pledges": 0.000719803330781596,
    "Kuhaku": 0.004617356845063664,
    "Plum": 0.007655092663351242,
    "Former king of Imanity": 0.009241062291785241,
    "Volume 6": 0.005405181924742405,
    "Unnamed thieves": 0.004837255429092344,
    "This game": 0.0031736529323027254,
    "Oraci\u00f3n": 0.006804427751379104,
    "Oracion": 0.000719803330781596,
    "Phantasma": 0.006146209072641347,
    "Elemental": 0.004485936015031988,
    "Werebeast": 0.01743411704875163,
    "Episode 2": 0.0013795586215951895,
    "Episode 1": 0.001999323631126503,
    "National Library of Elchea": 0.004886413968259561,
    "Inn of Elchea": 0.002394957111539654,
    "Inn-keeper": 0.005566691139376937,
    "Dora": 0.0015747756745253755,
    "Elderly official/Image Gallery": 0.000719803330781596,
    "Three unnamed thieves": 0.001750441165586958,
    "Stephanie Dola's maids": 0.0020066762387910076,
    "Dragonia": 0.002852073715072364,
    "King City": 0.0020696142427348947,
    "Shiro/Image Gallery": 0.000719803330781596,
    "Sora/Image Gallery": 0.000719803330781596,
    "Tet/Image Gallery": 0.000719803330781596,
    "Clammy Zell/Image Gallery": 0.0013676402213436065,
    "Dora/Image Gallery": 0.000719803330781596,
    "Queen/Image Gallery": 0.000719803330781596,
    "Jibril/Image Gallery": 0.000719803330781596,
    "Fiel Nirvalen/Image Gallery": 0.0019507123912128489,
    "Izuna": 0.005261196445987773,
    "No Work No Life": 0.0007602931364417216,
    "Imanity-go": 0.008121578620991148,
    "Race Piece": 0.006897469102844611,
    "Race": 0.000719803330781596,
    "Episode 06": 0.003688042629943514,
    "Flugel": 0.0031827753075518144,
    "Tet's home": 0.0023162306300081714,
    "OP1": 0.0008482347957940307,
    "ED1": 0.0010021259768548567,
    "Manga Volume 1": 0.0018443069634354959,
    "Game 01": 0.000719803330781596,
    "Stephanie Dola/Image Gallery": 0.000719803330781596,
    "Stephanie Dora": 0.000719803330781596,
    "Stephanie Dora's maids": 0.000719803330781596,
    "Main library": 0.000719803330781596,
    "Stephanie": 0.0019807859538206562,
    "NG Cup \u2606 Decisive Battle For The Strongest Gamer": 0.0013676402213436065,
    "Dhampir": 0.013654380030757442,
    "Warbeast": 0.000939664853028273,
    "Kuuhaku": 0.0033130551908953187,
    "Library of Elchea": 0.0011588657788473337,
    "NG Cup": 0.000719803330781596,
    "Main library of the human world": 0.000719803330781596,
    "Previous king": 0.0012881024640290595,
    "Episode 07": 0.002441048896037591,
    "Seiren": 0.014149043081039826,
    "Brain Battle For Imanity": 0.0015747756745253755,
    "Episode 08": 0.0035906261018202905,
    "Materialization Shiritori": 0.004004867783208449,
    "Hatsuse Izuna/Image Gallery": 0.000719803330781596,
    "Miko": 0.005902340678060446,
    "Miko/Image Gallery": 0.000719803330781596,
    "Hatsuse Ino": 0.005261324079866084,
    "Hatsuse Ino/Image Gallery": 0.000719803330781596,
    "Episode 9": 0.000719803330781596,
    "Episode 7": 0.0008621850649710488,
    "Episode 6": 0.0010241442876115516,
    "Episode 8": 0.0017967389274916265,
    "Episode 5": 0.0008621850649710488,
    "Episode 3": 0.0011432317716464388,
    "Episode 4": 0.0008621850649710488,
    "Elchea Federation": 0.020594941101038454,
    "Chlammy": 0.004239410095207583,
    "Episode 09": 0.00211854368237326,
    "Shrine Priestess": 0.000719803330781596,
    "Gigant": 0.002852073715072364,
    "Oceando": 0.010339089183449226,
    "Lunamana": 0.0036001915527396275,
    "Chapter 1": 0.011371989007982693,
    "Ex-machina": 0.000719803330781596,
    "Figurines": 0.000719803330781596,
    "Dwarf": 0.0066134188280543155,
    "Harden Fell": 0.007259236394467293,
    "Episode 10": 0.0025405129784066478,
    "Fairy": 0.0018640910383698438,
    "Demonia": 0.0018640910383698438,
    "Magic": 0.0018640910383698438,
    "Episode 11": 0.0026869849107148402,
    "Episode 12": 0.0025437867010372206,
    "Onegai\u2606Sniper": 0.0014163315951201624,
    "Azriel": 0.007517462273712388,
    "Laira": 0.003492934773625216,
    "Amira": 0.0012020731508225644,
    "\u30aa\u30e9\u30b7\u30aa\u30f3": 0.000719803330781596,
    "Azuril": 0.000719803330781596,
    "Bias Hacker": 0.0027614965461243636,
    "Azreal": 0.000719803330781596,
    "Azrael": 0.000719803330781596,
    "Artosh": 0.007408630879555143,
    "Heaven's Strike": 0.002355622898046127,
    "Heaven's Stike": 0.000719803330781596,
    "Elchea": 0.02057093971733284,
    "Elchea City": 0.010265061428650813,
    "Kingdom of Elchea": 0.0015598149104692196,
    "Feel Nilvalen": 0.000719803330781596,
    "Feel Nilvalen/Image Gallery": 0.000719803330781596,
    "Shuvi": 0.005660241970792017,
    "Star Cup": 0.0023162306300081714,
    "Riku": 0.007149582310839761,
    "Corone": 0.0021608085962939107,
    "Fiel Nilvalen": 0.000719803330781596,
    "Fiel Nilvalen/Image Gallery": 0.0013676402213436065,
    "Math": 0.000719803330781596,
    "Mathematical formulas": 0.0013676402213436065,
    "Chlammy Zell": 0.021608418479491888,
    "Chlammy Zell/Image Gallery": 0.000719803330781596
  },
  "hitsHubs": {
    "No Game No Life Wiki": 0.016524013829393194,
    "Main Page": 6.94648062588965e-51,
    "No Game, No Life": 0.028480480808798034,
    "Sora": 0.0214386571329026,
    "Shiro": 0.019404739678515796,
    "Stephanie Dola": 0.01828245018672231,
    "Jibril": 0.018643807796994444,
    "Tet": 0.016481971133193427,
    "\u300e \u300f": 0.00775001839952982,
    "Blank": 7.283912868772866e-45,
    "Episode 01": 0.026351928823180954,
    "Clammy Zell": 0.014104900449934126,
    "Exceed": 0.011658627156044632,
    "Old Deus": 0.00985257151242343,
    "Fiel Nirvalen": 0.011938447531402165,
    "Elf": 0.006057108599582893,
    "Angel": 0.00047764326516945224,
    "Imanity": 0.018591327039948282,
    "Queen": 0.0015013740682320196,
    "Ten Pledges": 0.00297173223088511,
    "Episode 02": 0.020086168789428607,
    "Episode 03": 0.015789706662131614,
    "Disboard": 0.010566986146458155,
    "Elves": 0.00031094751234587303,
    "Ten Oaths": 0.00048707124767490267,