{
  "numNodes": 160,
  "numEdges": 1047,
  "selfLinks": 1,
  "numStrongComponents": 54,
  "numWeakComponents": 1,
  "sizeLargestStrong": 107,
  "sizeLargestWeak": 160,
  "radius": 3,
  "diameter": 6,
  "averageInDegree": 6.54375,
  "averageOutDegree": 6.54375,
  "maxOutDegree": 32,
  "maxInDegree": 55,
  "pageRank": {
    "No Game No Life Wiki": 0.0013428489842502783,
    "Main Page": 0.0007067570542105951,
    "No Game, No Life": 0.01665570744422989,
    "Sora": 0.0427939215730562,
    "Shiro": 0.03432064188224364,
    "Stephanie Dola": 0.021789716794955893,
    "Jibril": 0.030939260758386086,
    "Tet": 0.028649604778955482,
    "\u300e \u300f": 0.0058911217240303045,
    "Blank": 0.0007067570542105951,
    "Episode 01": 0.02549322280417657,
    "Clammy Zell": 0.020424208249042123,
    "Exceed": 0.03157684815304003,
    "Old Deus": 0.019828975160838848,
    "Fiel Nirvalen": 0.013205078713493816,
    "Elf": 0.018762039113829166,
    "Angel": 0.0007067570542105951,
    "Imanity": 0.029396684045672052,
    "Queen": 0.0021085506411957586,
    "Ten Pledges": 0.024345003807204176,
    "Episode 02": 0.010002129688638752,
    "Episode 03": 0.005212560347603653,
    "Disboard": 0.03680367265154051,
    "Elves": 0.008329069764294973,
    "Ten Oaths": 0.0128514498729952,
    "Hatsuse Izuna": 0.012176709230492045,
    "Steph": 0.004996864077937414,
    "Elven Gard": 0.012928751943725787,
    "Volume 4": 0.00507164688324029,
    "Elchea Kingdom": 0.011458748100652364,
    "Eastern Union": 0.011978148478879944,
    "Avant Heim": 0.011472320365791887,
    "Episode 04": 0.004357316961159855,
    "Episode 05": 0.008791668207979528,
    "Volume 1": 0.02338115824563744,
    "Elderly official": 0.0032794634003416303,
    "Volume 2": 0.009744140802276941,
    "Volume 3": 0.0034520561308657542,
    "Volume 5": 0.008784581955458724,
    "Fl\u00fcgel": 0.015139783441213828,
    "Kurami": 0.0007067570542105951,
    "Pledges": 0.0007067570542105951,
    "Kuhaku": 0.005053629606395549,
    "Plum": 0.007513040265494968,
    "Former king of Imanity": 0.009249523179625928,
    "Volume 6": 0.00551167742711669,
    "Unnamed thieves": 0.004799158844513616,
    "This game": 0.0031371547445069783,
    "Oraci\u00f3n": 0.006733228329121655,
    "Oracion": 0.0007067570542105951,
    "Phantasma": 0.006658275742678908,
    "Elemental": 0.004351891778864643,
    "Werebeast": 0.017431938847305775,
    "Episode 2": 0.001355233293752399,
    "Episode 1": 0.0020199994247560114,
    "National Library of Elchea": 0.004834350046996995,
    "Inn of Elchea": 0.0023695705156216757,
    "Inn-keeper": 0.005555678298345025,
    "Dora": 0.0015566210367400951,
    "Elderly official/Image Gallery": 0.0007067570542105951,
    "Three unnamed thieves": 0.0017348880116812026,
    "Stephanie Dola's maids": 0.0019712712084870325,
    "Dragonia": 0.0027535377700817253,
    "King City": 0.0020363306004896305,
    "Shiro/Image Gallery": 0.0007067570542105951,
    "Sora/Image Gallery": 0.0007067570542105951,
    "Tet/Image Gallery": 0.0007067570542105951,
    "Clammy Zell/Image Gallery": 0.0013428489842502783,
    "Dora/Image Gallery": 0.0007067570542105951,
    "Queen/Image Gallery": 0.0007067570542105951,
    "Jibril/Image Gallery": 0.0007067570542105951,
    "Fiel Nirvalen/Image Gallery": 0.0019153457602136136,
    "Izuna": 0.005240468258297452,
    "No Work No Life": 0.0007465127998380753,
    "Imanity-go": 0.008035672006783652,
    "Race Piece": 0.006819988804350294,
    "Race": 0.0007067570542105951,
    "Episode 06": 0.003856801150406316,
    "Flugel": 0.003274952200786084,
    "Tet's home": 0.002425549732596989,
    "OP1": 0.0008328601206579417,
    "ED1": 0.0009904720960402763,
    "Manga Volume 1": 0.0018113077698424793,
    "Game 01": 0.0007067570542105951,
    "Stephanie Dola/Image Gallery": 0.0007067570542105951,
    "Stephanie Dora": 0.0007067570542105951,
    "Stephanie Dora's maids": 0.0007067570542105951,
    "Main library": 0.0007067570542105951,
    "Stephanie": 0.0019596930764728925,
    "NG Cup \u2606 Decisive Battle For The Strongest Gamer": 0.0013428489842502783,
    "Dhampir": 0.013376781581454935,
    "Warbeast": 0.0009223517349493223,
    "Kuuhaku": 0.003237927266340035,
    "Library of Elchea": 0.0011462929654151616,
    "NG Cup": 0.0007067570542105951,
    "Main library of the human world": 0.0007067570542105951,
    "Previous king": 0.0012744888354916718,
    "Episode 07": 0.002421413766702476,
    "Seiren": 0.013859370282032605,
    "Brain Battle For Imanity": 0.0015566210367400951,
    "Episode 08": 0.0036774286335915104,
    "Materialization Shiritori": 0.005726439268138935,
    "Hatsuse Izuna/Image Gallery": 0.0007067570542105951,
    "Miko": 0.0059882150857054235,
    "Miko/Image Gallery": 0.0007067570542105951,
    "Hatsuse Ino": 0.006496583682044524,
    "Hatsuse Ino/Image Gallery": 0.0007067570542105951,
    "Episode 9": 0.0007067570542105951,
    "Episode 7": 0.0008465574783951409,
    "Episode 6": 0.0010055804609050618,
    "Episode 8": 0.0017973680534141268,
    "Episode 5": 0.0008465574783951409,
    "Episode 3": 0.0011256346891922375,
    "Episode 4": 0.0008465574783951409,
    "Elchea Federation": 0.02042844352964544,
    "Chlammy": 0.004227726584794561,
    "Episode 09": 0.0020882669522977937,
    "Shrine Priestess": 0.0007067570542105951,
    "Gigant": 0.0027535377700817253,
    "Oceando": 0.01008123198101181,
    "Lunamana": 0.0034794518019810516,
    "Chapter 1": 0.011295600170400913,
    "Ex-machina": 0.0007067570542105951,
    "Figurines": 0.0007067570542105951,
    "Dwarf": 0.005675356792812839,
    "Harden Fell": 0.005400996157326452,
    "Episode 10": 0.0025195153165751116,
    "Fairy": 0.0017590833457924373,
    "Demonia": 0.0017590833457924373,
    "Magic": 0.0017590833457924373,
    "Episode 11": 0.002634891171311207,
    "Episode 12": 0.002361167125278478,
    "Onegai\u2606Sniper": 0.0013908105205415234,
    "Azriel": 0.0075483271699053715,
    "Laira": 0.0034245971558240816,
    "Amira": 0.0011756543429165608,
    "\u30aa\u30e9\u30b7\u30aa\u30f3": 0.0007067570542105951,
    "Azuril": 0.0007067570542105951,
    "Bias Hacker": 0.002727035202784776,
    "Azreal": 0.0007067570542105951,
    "Azrael": 0.0007067570542105951,
    "Artosh": 0.00838573637156377,
    "Heaven's Strike": 0.0023373034085395665,
    "Heaven's Stike": 0.0007067570542105951,
    "Elchea": 0.02031662890350145,
    "Elchea City": 0.010134698533204973,
    "Kingdom of Elchea": 0.0015361042463293865,
    "Feel Nilvalen": 0.0007067570542105951,
    "Feel Nilvalen/Image Gallery": 0.0007067570542105951,
    "Shuvi": 0.0056765216846882405,
    "Star Cup": 0.002425549732596989,
    "Riku": 0.0074163107010125715,
    "Corone": 0.003006244701911633,
    "Fiel Nilvalen": 0.0007067570542105951,
    "Fiel Nilvalen/Image Gallery": 0.0013428489842502783,
    "Mathematics": 0.0019153457602136136,
    "Math": 0.0007067570542105951,
    "Mathematical formulas": 0.0013428489842502783,
    "Chlammy Zell": 0.021707064471074143,
    "Chlammy Zell/Image Gallery": 0.0007067570542105951
  },
  "hitsHubs": {
    "No Game No Life Wiki": 0.016502960497655785,
    "Main Page": 6.928083341611289e-51,
    "No Game, No Life": 0.028381386948294604,
    "Sora": 0.021353002384542838,
    "Shiro": 0.019383685275653317,
    "Stephanie Dola": 0.019102487358846336,
    "Jibril": 0.01857623314095619,
    "Tet": 0.015222239059668824,
    "\u300e \u300f": 0.00767552457452529,
    "Blank": 7.264621918013399e-45,
    "Episode 01": 0.026337808903705212,
    "Clammy Zell": 0.014092291302138443,
    "Exceed": 0.01160750779064,
    "Old Deus": 0.009796273240930211,
    "Fiel Nirvalen": 0.011926744414286325,
    "Elf": 0.0059976267455999245,
    "Angel": 0.00047724459933746614,
    "Imanity": 0.018513278887000616,
    "Queen": 0.001495993574999054,
    "Ten Pledges": 0.002907004837544706,
    "Episode 02": 0.020072031814626794,
    "Episode 03": 0.015776499515146345,
    "Disboard": 0.01056675446476479,