{
  "numNodes": 147,
  "numEdges": 871,
  "selfLinks": 1,
  "numStrongComponents": 47,
  "numWeakComponents": 2,
  "sizeLargestStrong": 101,
  "sizeLargestWeak": 145,
  "radius": 4,
  "diameter": 7,
  "averageInDegree": 5.925170068027211,
  "averageOutDegree": 5.925170068027211,
  "maxOutDegree": 31,
  "maxInDegree": 49,
  "pageRank": {
    "No Game No Life Wiki": 0.0015027760635975295,
    "Main Page": 0.0007909294723942722,
    "No Game, No Life": 0.02223317927994017,
    "Sora": 0.04647519751303935,
    "Shiro": 0.03789167605651594,
    "Stephanie Dola": 0.028460009920163485,
    "Jibril": 0.03108359967944642,
    "Tet": 0.02836902710808759,
    "\u300e \u300f": 0.004917194303252084,
    "Blank": 0.0007909294723942722,
    "Episode 01": 0.028626438142326037,
    "Clammy Zell": 0.0187483193939106,
    "Exceed": 0.04205112612125842,
    "Old Deus": 0.019695640403264724,
    "Fiel Nirvalen": 0.0016134409487019844,
    "Elf": 0.013181843846013012,
    "Angel": 0.0007909294723942722,
    "Imanity": 0.031106720342594978,
    "Queen": 0.002471749421697577,
    "Ten Pledges": 0.02718853747419997,
    "Episode 02": 0.013395455358541981,
    "Episode 03": 0.007651150925596574,
    "Disboard": 0.04324698133057894,
    "Elves": 0.005799939647473412,
    "Ten Oaths": 0.014607708434070327,
    "Hatsuse Izuna": 0.012265714899835242,
    "Steph": 0.007168088652954694,
    "Elven Gard": 0.010330657124549253,
    "Volume 4": 0.006148480418972652,
    "Elchea Kingdom": 0.0007909294723942722,
    "Eastern Union": 0.013501222778967151,
    "Avant Heim": 0.009230122104312925,
    "Episode 04": 0.006257642907879816,
    "Episode 05": 0.012052613795258366,
    "Volume 1": 0.025881344827039163,
    "Elderly official": 0.004306833162215249,
    "Volume 2": 0.012290660573569223,
    "Volume 3": 0.004176802892546576,
    "Volume 5": 0.007578808597400541,
    "Fl\u00fcgel": 0.017497028300953423,
    "Kurami": 0.0007909294723942722,
    "Pledges": 0.0007909294723942722,
    "Kuhaku": 0.003793451843886182,
    "Plum": 0.008286556810528081,
    "Former king of Imanity": 0.012031742653714195,
    "Volume 6": 0.0047901342902705955,
    "Unnamed thieves": 0.005506525239197967,
    "This game": 0.004347548790716886,
    "Oraci\u00f3n": 0.008071363385038827,
    "Oracion": 0.0007909294723942722,
    "Phantasma": 0.005601245647227046,
    "Elemental": 0.004020517899562787,
    "Werebeast": 0.017817402018133387,
    "Episode 2": 0.0011235023479428908,
    "Episode 1": 0.0024025105545786283,
    "National Library of Elchea": 0.0035797761328062185,
    "Inn of Elchea": 0.0021073536171262995,
    "Inn-keeper": 0.006873424711752425,
    "Dora": 0.0018215690427647484,
    "Elderly official/Image Gallery": 0.0007909294723942722,
    "Three unnamed thieves": 0.002103190894993459,
    "Stephanie Dola's maids": 0.0024197572492849605,
    "Dragonia": 0.0023043628549878434,
    "King City": 0.0016236740137024587,
    "Shiro/Image Gallery": 0.0007909294723942722,
    "Sora/Image Gallery": 0.0035795726397488624,
    "Tet/Image Gallery": 0.0007909294723942722,
    "Clammy Zell/Image Gallery": 0.00276896011116497,
    "Dora/Image Gallery": 0.0007909294723942722,
    "Queen/Image Gallery": 0.0007909294723942722,
    "Jibril/Image Gallery": 0.0027891775169515344,
    "Fiel Nirvalen/Image Gallery": 0.0022610908546316882,
    "Izuna": 0.005864289438434873,
    "No Work No Life": 0.0008354198843444758,
    "Imanity-go": 0.010005662973635063,
    "Race Piece": 0.008222744173024293,
    "Race": 0.0007909294723942722,
    "Episode 06": 0.005082004133367932,
    "Flugel": 0.0016904007878293771,
    "Tet's home": 0.0033440780005811847,
    "OP1": 0.0009320506433313433,
    "ED1": 0.001134805704352571,
    "Manga Volume 1": 0.002148327531765721,
    "Game 01": 0.0007909294723942722,
    "Stephanie Dola/Image Gallery": 0.0007909294723942722,
    "Stephanie Dora": 0.0007909294723942722,
    "Stephanie Dora's maids": 0.0007909294723942722,
    "Main library": 0.0007909294723942722,
    "Stephanie": 0.0024884461672563018,
    "NG Cup \u2606 Decisive Battle For The Strongest Gamer": 0.0015027760635975295,
    "Dhampir": 0.014912465194222251,
    "Warbeast": 0.0010612338185397082,
    "Kuuhaku": 0.004446910102674071,
    "Library of Elchea": 0.0014289870563738048,
    "NG Cup": 0.0007909294723942722,
    "Main library of the human world": 0.0007909294723942722,
    "Previous king": 0.0015923177664422998,
    "Episode 07": 0.002903474813314466,
    "Seiren": 0.015256854234291762,
    "Brain Battle For Imanity": 0.0018215690427647484,
    "Episode 08": 0.004280111249113844,
    "Materialization Shiritori": 0.005438650682562111,
    "Hatsuse Izuna/Image Gallery": 0.0007909294723942722,
    "Miko": 0.005861179235870004,
    "Miko/Image Gallery": 0.0007909294723942722,
    "Hatsuse Ino": 0.006273948778382988,
    "Hatsuse Ino/Image Gallery": 0.0007909294723942722,
    "Episode 9": 0.0007909294723942722,
    "Episode 7": 0.0009346677263872376,
    "Episode 6": 0.0018900186137829648,
    "Episode 8": 0.0020385930664343402,
    "Episode 5": 0.0009346677263872376,
    "Episode 3": 0.0013645097783604183,
    "Episode 4": 0.0009346677263872376,
    "Elchea Federation": 0.01438826703325339,
    "Chlammy": 0.002651776877324797,
    "Episode 09": 0.002545157359776156,
    "Shrine Priestess": 0.0007909294723942722,
    "Gigant": 0.002832981589638935,
    "Oceando": 0.011609859947627772,
    "Lunamana": 0.002832981589638935,
    "Chapter 1": 0.012123117911644159,
    "Figurines": 0.0007909294723942722,
    "Dwarf": 0.006538534148724641,
    "Harden Fell": 0.008238545619661527,
    "Episode 10": 0.0038812501454870856,
    "Fairy": 0.002832981589638935,
    "Demonia": 0.002832981589638935,
    "Magic": 0.003932390798982162,
    "Episode 11": 0.0033032203616629465,
    "Episode 12": 0.0033332301954772116,
    "Onegai\u2606Sniper": 0.0017067852867078998,
    "Azriel": 0.007227857110029682,
    "Laira": 0.0035931805291074662,
    "Amira": 0.0013885071610828864,
    "\u30aa\u30e9\u30b7\u30aa\u30f3": 0.0007909294723942722,
    "Azuril": 0.0007909294723942722,
    "Bias Hacker": 0.00321266511617045,
    "Azreal": 0.0007909294723942722,
    "Azrael": 0.0007909294723942722,
    "Feel Nilvalen/Image Gallery": 0.0009361425581713193,
    "Fiel Nilvalen": 0.0009138864219551653,
    "Fiel Nilvalen/Image Gallery": 0.0016334726757218716,
    "Math": 0.0007909294723942722,
    "Mathematical formulas": 0.0015027760635975295,
    "Chlammy Zell": 0.01963732429964458,
    "Chlammy Zell/Image Gallery": 0.0021973363901606193
  },
  "hitsHubs": {
    "No Game No Life Wiki": 0.018186917662557926,
    "Main Page": 1.6702591308811166e-49,
    "No Game, No Life": 0.03191475153721508,
    "Sora": 0.02105769828916762,
    "Shiro": 0.019819430793783968,
    "Stephanie Dola": 0.020122542688456844,
    "Jibril": 0.013816043568486393,
    "Tet": 0.014999250213394292,
    "\u300e \u300f": 0.00906574646748455,
    "Blank": 1.7513936384227977e-43,
    "Episode 01": 0.028323082359038573,
    "Clammy Zell": 0.015120494858726092,
    "Exceed": 0.010987710074697803,
    "Old Deus": 0.010882557228174274,
    "Fiel Nirvalen": 0.014269957190153015,
    "Elf": 0.008460186989912084,
    "Angel": 0.0005701490123954296,
    "Imanity": 0.01753941513755724,
    "Queen": 0.0017351288020824886,
    "Ten Pledges": 0.003260182955026166,
    "Episode 02": 0.02119728302286348,
    "Episode 03": 0.015972890694238767,
    "Disboard": 0.010540042999287848,
    "Elves": 0.00031019310264544694,
    "Ten Oaths": 0.0005521066664219841,
    "Hatsuse Izuna": 0.014125378050220317,
    "Steph": 0.0019241768991636158,
    "Elven Gard": 0.004888529312026216,
    "Volume 4": 0.013181946107820081,
    "Elchea Kingdom": 0.012199762262645814,
    "Eastern Union": 0.005753916079730097,
    "Avant Heim": 0.0016742426681602136,
    "Episode 04": 0.025188980388977465,
    "Episode 05": 0.0201676596862562,
    "Volume 1": 0.019703593738572788,
    "Elderly official": 0.012194358479597297,