{
  "numNodes": 56,
  "numEdges": 151,
  "selfLinks": 0,
  "numStrongComponents": 30,
  "numWeakComponents": 3,
  "sizeLargestStrong": 27,
  "sizeLargestWeak": 52,
  "radius": 2,
  "diameter": 5,
  "averageInDegree": 2.6964285714285716,
  "averageOutDegree": 2.6964285714285716,
  "maxOutDegree": 17,
  "maxInDegree": 12,
  "pageRank": {
    "No Game No Life Wiki": 0.005924823001992039,
    "Main Page": 0.0031182956765851352,
    "No Game, No Life": 0.07080896494945482,
    "Sora": 0.04624674031688292,
    "Shiro": 0.04624674031688292,
    "Stephanie Dola": 0.022196402504808217,
    "Jibril": 0.01733349088238725,
    "Tet": 0.04732962362499775,
    "\u300e \u300f": 0.005924823001992039,
    "Blank": 0.0031182956765851352,
    "Episode 01": 0.010979665185060977,
    "Clammy Zell": 0.022067503185166475,
    "Exceed": 0.056342862360906035,
    "Old Deus": 0.009456543045476096,
    "Fiel Nirvalen": 0.005924823001992039,
    "Elf": 0.024661718402134547,
    "Angel": 0.038059750175162846,
    "Imanity": 0.012968942947330449,
    "Queen": 0.0038241682530325847,
    "Ten Pledges": 0.04246436526146801,
    "Episode 02": 0.011607275047684792,
    "Episode 03": 0.012275579467248273,
    "Disboard": 0.10706236125159632,
    "Elves": 0.01689586080636947,
    "Ten Oaths": 0.02019994136910852,
    "Hatsuse Izuna": 0.010379649357557651,
    "Steph": 0.006232349558990439,
    "Elven Gard": 0.030618927742395687,
    "Volume 4": 0.017900910690486167,
    "Elchea Kingdom": 0.0031182956765851352,
    "Eastern Union": 0.02322096845202153,
    "Avant Heim": 0.0317836863276797,
    "Episode 04": 0.015838025708941602,
    "Episode 05": 0.010969691063297496,
    "Volume 1": 0.0417510267181818,
    "Elderly official": 0.005641835648899571,
    "Volume 2": 0.03178672393122908,
    "Volume 3": 0.020432251950811303,
    "Volume 5": 0.01089536947547304,
    "Pledges": 0.0031182956765851352,
    "Episode 2": 0.0031182956765851352,
    "Episode 1": 0.0031182956765851352,
    "Izuna": 0.0031182956765851352,
    "Race": 0.0031182956765851352,
    "Stephanie Dora": 0.018078415183561236,
    "Stephanie": 0.0031182956765851352,
    "Episode 5": 0.0031182956765851352,
    "Episode 3": 0.0031182956765851352,
    "Episode 4": 0.0031182956765851352,
    "Chlammy": 0.0031182956765851352,
    "Feel Nilvalen/Image Gallery": 0.0031182956765851352,
    "Fiel Nilvalen": 0.0031182956765851352,
    "Fiel Nilvalen/Image Gallery": 0.005924823001992039,
    "Math": 0.0031182956765851352,
    "Mathematical formulas": 0.005924823001992039,
    "Chlammy Zell": 0.005924823001992039
  },
  "hitsHubs": {
    "No Game No Life Wiki": 0.058243069613306324,
    "Main Page": 5.9602461665101825e-36,
    "No Game, No Life": 0.11908129478524042,
    "Sora": 0.01888268831754446,
    "Shiro": 0.024717159322231553,
    "Stephanie Dola": 0.0,
    "Jibril": 0.0,
    "Tet": 0.03612859797315737,
    "\u300e \u300f": 0.04113496286000137,
    "Blank": 5.9602461665101825e-36,
    "Episode 01": 0.112472184099621,
    "Clammy Zell": 0.0,
    "Exceed": 0.011266892577226795,
    "Old Deus": 0.011131760452932177,
    "Fiel Nirvalen": 0.010399999057562509,
    "Elf": 0.011664123723311052,
    "Angel": 0.009777791224535945,
    "Imanity": 0.01102740714998738,
    "Queen": 0.0,
    "Ten Pledges": 0.013797327108909099,
    "Episode 02": 0.08183250779955087,
    "Episode 03": 0.08629412362045695,
    "Disboard": 0.028585931714179356,
    "Elves": 0.00022856971422746748,
    "Ten Oaths": 0.0031492233760819196,
    "Hatsuse Izuna": 0.02789223015425178,
    "Steph": 0.011370584056278882,
    "Elven Gard": 0.005378824935230771,
    "Volume 4": 0.020157220384233003,
    "Elchea Kingdom": 0.0025102755790513674,
    "Eastern Union": 0.005271875214941191,
    "Avant Heim": 0.00022856971422746748,
    "Episode 04": 0.10256730370004037,
    "Episode 05": 0.01599222168081257,
    "Volume 1": 0.014505704334962562,
    "Elderly official": 0.0,
    "Volume 2": 0.025772703252447873,
    "Volume 3": 0.0175100381850936,
    "Volume 5": 0.014505704334962562,
    "Pledges": 0.0031492233760819196,
    "Episode 2": 0.006448125324357874,
    "Episode 1": 0.00407590734700382,
    "Izuna": 0.004697489738599847,
    "Race": 0.0026063085589642697,
    "Stephanie Dora": 6.249771084294581e-30,
    "Stephanie": 6.249771084294581e-30,
    "Episode 5": 0.00449655095581144,
    "Episode 3": 0.006156674429039313,
    "Episode 4": 0.004490851195981044,
    "Chlammy": 5.9602461665101825e-36,
    "Feel Nilvalen/Image Gallery": 5.9602461665101825e-36,
    "Fiel Nilvalen": 5.9602461665101825e-36,
    "Fiel Nilvalen/Image Gallery": 0.0,
    "Math": 5.9602461665101825e-36,
    "Mathematical formulas": 0.0,
    "Chlammy Zell": 0.010399999057562509
  },
  "hitsAuths": {
    "No Game No Life Wiki": 3.8410832424708675e-35,
    "Main Page": 0.0,
    "No Game, No Life": 0.07412063227013015,
    "Sora": 0.08846256844849835,
    "Shiro": 0.08771494442388651,
    "Stephanie Dola": 4.0276677020571323e-29,
    "Jibril": 0.05177179253503029,
    "Tet": 0.0549423119273369,
    "\u300e \u300f": 3.8410832424708675e-35,
    "Blank": 0.0,
    "Episode 01": 0.02626720268100443,
    "Clammy Zell": 0.06702283930179669,
    "Exceed": 0.01679636687960436,
    "Old Deus": 0.0014437297963483327,
    "Fiel Nirvalen": 3.8410832424708675e-35,
    "Elf": 0.0014730185205916368,
    "Angel": 0.0014730185205916368,
    "Imanity": 0.01617748192156249,
    "Queen": 0.014412087600878174,
    "Ten Pledges": 0.020295183787263676,
    "Episode 02": 0.04155497178608142,
    "Episode 03": 0.03967671521959679,
    "Disboard": 0.03397462282395063,
    "Elves": 0.0006892379390292613,
    "Ten Oaths": 0.005882404691629326,
    "Hatsuse Izuna": 0.03027299311561732,
    "Steph": 0.003574086050864208,
    "Elven Gard": 0.006601336810971355,
    "Volume 4": 0.019361442605118264,
    "Elchea Kingdom": 0.0,
    "Eastern Union": 0.00510670616555354,
    "Avant Heim": 0.006359623811971566,
    "Episode 04": 0.02894131012614371,
    "Episode 05": 0.028978042253238825,
    "Volume 1": 0.07082727264491984,
    "Elderly official": 0.024200538612294927,
    "Volume 2": 0.019361442605118264,
    "Volume 3": 0.021144393641999628,
    "Volume 5": 0.01784190192067781,
    "Pledges": 0.0,
    "Episode 2": 0.0,
    "Episode 1": 0.0,
    "Izuna": 0.0,
    "Race": 0.0,
    "Stephanie Dora": 0.07327777856069968,
    "Stephanie": 0.0,
    "Episode 5": 0.0,
    "Episode 3": 0.0,
    "Episode 4": 0.0,
    "Chlammy": 0.0,
    "Feel Nilvalen/Image Gallery": 0.0,
    "Fiel Nilvalen": 0.0,
    "Fiel Nilvalen/Image Gallery": 3.8410832424708675e-35,
    "Math": 0.0,
    "Mathematical formulas": 3.8410832424708675e-35,
    "Chlammy Zell": 3.8410832424708675e-35
  },
  "averagePathLength": 2.5683760683760686
}