{
  "numNodes": 131,
  "numEdges": 655,
  "selfLinks": 0,
  "numStrongComponents": 51,
  "numWeakComponents": 2,
  "sizeLargestStrong": 81,
  "sizeLargestWeak": 129,
  "radius": 4,
  "diameter": 7,
  "averageInDegree": 5,
  "averageOutDegree": 5,
  "maxOutDegree": 25,
  "maxInDegree": 38,
  "pageRank": {
    "No Game No Life Wiki": 0.001989830519306427,
    "Main Page": 0.0010472942206016303,
    "No Game, No Life": 0.02023524396195078,
    "Sora": 0.046375826803530945,
    "Shiro": 0.04698453352346838,
    "Stephanie Dola": 0.03496813543842265,
    "Jibril": 0.025688023455537588,
    "Tet": 0.032953679470450054,
    "\u300e \u300f": 0.004734136499820773,
    "Blank": 0.0010472942206016303,
    "Episode 01": 0.03801914020444238,
    "Clammy Zell": 0.02424387263750141,
    "Exceed": 0.04087824289142893,
    "Old Deus": 0.007251719713952624,
    "Fiel Nirvalen": 0.001989830519306427,
    "Elf": 0.010068947529286134,
    "Angel": 0.0010472942206016303,
    "Imanity": 0.03181587971398507,
    "Queen": 0.0033030639464802485,
    "Ten Pledges": 0.02838072530069966,
    "Episode 02": 0.011571304359659517,
    "Episode 03": 0.00896822410313254,
    "Disboard": 0.04538414504954818,
    "Elves": 0.0044010741950301115,
    "Ten Oaths": 0.01401804500223188,
    "Hatsuse Izuna": 0.008799565607762995,
    "Steph": 0.005490522129327506,
    "Elven Gard": 0.012668089038567039,
    "Volume 4": 0.004575610203588793,
    "Elchea Kingdom": 0.0010472942206016303,
    "Eastern Union": 0.01902312218616592,
    "Avant Heim": 0.01235033143901881,
    "Episode 04": 0.008778159992502928,
    "Episode 05": 0.014722591896178477,
    "Volume 1": 0.03258568822346822,
    "Elderly official": 0.005521498305780404,
    "Volume 2": 0.013260735852395504,
    "Volume 3": 0.005458926364166164,
    "Volume 5": 0.00414915709671179,
    "Fl\u00fcgel": 0.01597223069287827,
    "Kurami": 0.004364563235009494,
    "Pledges": 0.0010472942206016303,
    "Kuhaku": 0.0030492208263292377,
    "Plum": 0.001459140691001629,
    "Former king of Imanity": 0.009732981398414334,
    "Volume 6": 0.0035929737335179787,
    "Unnamed thieves": 0.006449788595285373,
    "This game": 0.004450540705675141,
    "Oraci\u00f3n": 0.008911017474956538,
    "Oracion": 0.0010472942206016303,
    "Phantasma": 0.006687327042158906,
    "Elemental": 0.0029833560943268262,
    "Werebeast": 0.02196343320709023,
    "Episode 2": 0.001446574448252617,
    "Episode 1": 0.0033444139337515093,
    "National Library of Elchea": 0.004009551159388135,
    "Inn of Elchea": 0.002837651665793791,
    "Inn-keeper": 0.009197468248137674,
    "Dora": 0.0010472942206016303,
    "Elderly official/Image Gallery": 0.0010472942206016303,
    "Three unnamed thieves": 0.003287122223034785,
    "Stephanie Dola's maids": 0.002270602397930704,
    "Dragonia": 0.0029833560943268262,
    "King City": 0.0018763065827312614,
    "Shiro/Image Gallery": 0.0010472942206016303,
    "Sora/Image Gallery": 0.00425820543010302,
    "Tet/Image Gallery": 0.0010472942206016303,
    "Clammy Zell/Image Gallery": 0.004446549930233608,
    "Dora/Image Gallery": 0.0010472942206016303,
    "Queen/Image Gallery": 0.0010472942206016303,
    "Jibril/Image Gallery": 0.0033591279819149547,
    "Fiel Nirvalen/Image Gallery": 0.0030193110217210575,
    "Izuna": 0.0016688557691078778,
    "No Work No Life": 0.0011062027392706802,
    "Imanity-go": 0.014148204477999532,
    "Race Piece": 0.004602470940932635,
    "Race": 0.0010472942206016303,
    "Episode 06": 0.004711976876006647,
    "Flugel": 0.003911204007008646,
    "Tet's home": 0.00434217001451631,
    "OP1": 0.001234148843167259,
    "ED1": 0.0015618947627706662,
    "Manga Volume 1": 0.0017757503669506179,
    "Game 01": 0.0010472942206016303,
    "Stephanie Dola/Image Gallery": 0.0010472942206016303,
    "Stephanie Dora": 0.0017416585400591477,
    "Stephanie Dora's maids": 0.0010472942206016303,
    "Main library": 0.0010472942206016303,
    "Stephanie": 0.0033165621985784466,
    "NG Cup \u2606 Decisive Battle For The Strongest Gamer": 0.001989830519306427,
    "Dhampir": 0.008945669113725581,
    "Warbeast": 0.0010472942206016303,
    "Library of Elchea": 0.0010472942206016303,
    "NG Cup": 0.0010472942206016303,
    "Main library of the human world": 0.0010472942206016303,
    "Previous king": 0.0010472942206016303,
    "Episode 07": 0.0037439027258547725,
    "Seiren": 0.007860201546187315,
    "Brain Battle For Imanity": 0.0028482047272749816,
    "Episode 08": 0.005826828074517348,
    "Materialization Shiritori": 0.0029722915031947933,
    "Hatsuse Izuna/Image Gallery": 0.0010472942206016303,
    "Miko": 0.011049569912051154,
    "Miko/Image Gallery": 0.0010472942206016303,
    "Hatsuse Ino": 0.0059688445201177215,
    "Hatsuse Ino/Image Gallery": 0.0010472942206016303,
    "Episode 9": 0.0010472942206016303,
    "Episode 7": 0.0012376140501477912,
    "Episode 6": 0.0012376140501477912,
    "Episode 8": 0.0021175774478784763,
    "Episode 5": 0.0012376140501477912,
    "Episode 3": 0.0017863398413203067,
    "Episode 4": 0.0012376140501477912,
    "Elchea Federation": 0.015091094796261093,
    "Chlammy": 0.0033165621985784466,
    "Episode 09": 0.003046032585258822,
    "Shrine Priestess": 0.0010472942206016303,
    "Gigant": 0.0029833560943268262,
    "Oceando": 0.011395672514908356,
    "Lunamana": 0.0029833560943268262,
    "Chapter 1": 0.017274522256049262,
    "Figurines": 0.0010472942206016303,
    "\u30aa\u30e9\u30b7\u30aa\u30f3": 0.0010472942206016303,
    "Azuril": 0.004704641636876119,
    "Feel Nilvalen/Image Gallery": 0.0012711384151743057,
    "Fiel Nilvalen": 0.0010472942206016303,
    "Fiel Nilvalen/Image Gallery": 0.002191270038100627,
    "Math": 0.0010472942206016303,
    "Mathematical formulas": 0.001989830519306427,
    "Chlammy Zell": 0.025769674039496003,
    "Chlammy Zell/Image Gallery": 0.003775474315526498
  },
  "hitsHubs": {
    "No Game No Life Wiki": 0.01954648340624966,
    "Main Page": 6.401415243123737e-49,
    "No Game, No Life": 0.03837443018942276,
    "Sora": 0.023235244055198733,
    "Shiro": 0.020572445612153833,
    "Stephanie Dola": 0.022338586046742874,
    "Jibril": 0.013671056803808512,
    "Tet": 0.016822647499360823,
    "\u300e \u300f": 0.010846556716633116,
    "Blank": 1.342474077994743e-42,
    "Episode 01": 0.030947421888688157,
    "Clammy Zell": 0.016378917333131727,
    "Exceed": 0.008970400878908501,
    "Old Deus": 0.013382190790598507,
    "Fiel Nirvalen": 0.01611105778397789,
    "Elf": 0.003573133384195656,
    "Angel": 0.0004726593035511538,
    "Imanity": 0.014478151909071582,
    "Queen": 0.0029450257839685533,
    "Ten Pledges": 0.0029605328473338273,
    "Episode 02": 0.02626072165549688,
    "Episode 03": 0.021033013572866983,
    "Disboard": 0.012954852453402384,
    "Elves": 0.00030901438313722164,
    "Ten Oaths": 0.000625837792417212,
    "Hatsuse Izuna": 0.013646426976372139,
    "Steph": 0.002495215140717447,
    "Elven Gard": 0.0046563606264847235,
    "Volume 4": 0.014862007246355124,
    "Elchea Kingdom": 0.008290802553003244,
    "Eastern Union": 0.002239549495476838,
    "Avant Heim": 0.0014875948525632666,
    "Episode 04": 0.030283217164829387,
    "Episode 05": 0.02242680163217758,
    "Volume 1": 0.022546353774580148,
    "Elderly official": 0.015481914374114378,
    "Volume 2": 0.021032975735182594,
    "Volume 3": 0.006587919573216771,
    "Volume 5": 0.0040954038472998475,
    "Fl\u00fcgel": 0.0031774130262124762,
    "Kurami": 0.002062348531996093,
    "Pledges": 0.000625837792417212,
    "Kuhaku": 1.342474077994743e-42,
    "Plum": 0.00839002794354609,
    "Former king of Imanity": 0.012437838874390428,
    "Volume 6": 0.004735084297721726,
    "Unnamed thieves": 0.015629971257384318,
    "This game": 0.0023872164357314585,
    "Oraci\u00f3n": 0.0038037245973448763,
    "Oracion": 0.0003697359445188527,
    "Phantasma": 0.0029694976289136336,
    "Elemental": 0.014250210638518558,
    "Werebeast": 0.0063452534679589905,