{
  "numNodes": 161,
  "numEdges": 1027,
  "selfLinks": 1,
  "numStrongComponents": 55,
  "numWeakComponents": 2,
  "sizeLargestStrong": 107,
  "sizeLargestWeak": 159,
  "radius": 3,
  "diameter": 6,
  "averageInDegree": 6.37888198757764,
  "averageOutDegree": 6.37888198757764,
  "maxOutDegree": 32,
  "maxInDegree": 54,
  "pageRank": {
    "No Game No Life Wiki": 0.0013801624614169397,
    "Main Page": 0.0007263977481185812,
    "No Game, No Life": 0.01664799868652642,
    "Sora": 0.041767814684778845,
    "Shiro": 0.03431863516566826,
    "Stephanie Dola": 0.02161012118145943,
    "Jibril": 0.03072753752132654,
    "Tet": 0.026841675549888845,
    "\u300e \u300f": 0.005819230657322389,
    "Blank": 0.0007263977481185812,
    "Episode 01": 0.025889807117201322,
    "Clammy Zell": 0.020016993742099407,
    "Exceed": 0.035045598734028,
    "Old Deus": 0.018495247301687747,
    "Fiel Nirvalen": 0.013133761061911222,
    "Elf": 0.01807075020310709,
    "Angel": 0.0007263977481185812,
    "Imanity": 0.02900427324077646,
    "Queen": 0.002152871775328371,
    "Ten Pledges": 0.02415990774372646,
    "Episode 02": 0.01020798636219267,
    "Episode 03": 0.005319624720824609,
    "Disboard": 0.036526382690895795,
    "Elves": 0.008244907248301027,
    "Ten Oaths": 0.012219287112511511,
    "Hatsuse Izuna": 0.010166598124731148,
    "Steph": 0.004915120798923457,
    "Elven Gard": 0.011290529474935945,
    "Volume 4": 0.005254391254516163,
    "Elchea Kingdom": 0.011705168061593475,
    "Eastern Union": 0.011898505891595268,
    "Avant Heim": 0.010697530218358514,
    "Episode 04": 0.004354966971007174,
    "Episode 05": 0.008728851647664229,
    "Volume 1": 0.023568803508461873,
    "Elderly official": 0.0033293369002029456,
    "Volume 2": 0.009318092427651024,
    "Volume 3": 0.003484614949118678,
    "Volume 5": 0.009242395076096555,
    "Fl\u00fcgel": 0.015388647659963107,
    "Kurami": 0.0007263977481185812,
    "Pledges": 0.0007263977481185812,
    "Kuhaku": 0.0049322589028168015,
    "Plum": 0.008000375803403612,
    "Former king of Imanity": 0.009464365812892237,
    "Volume 6": 0.004223725754299445,
    "Unnamed thieves": 0.004875715189955603,
    "This game": 0.0031883554763222095,
    "Oraci\u00f3n": 0.006826029565182767,
    "Oracion": 0.0007263977481185812,
    "Phantasma": 0.006152342397636141,
    "Elemental": 0.003537961509986297,
    "Werebeast": 0.0173426942256917,
    "Episode 2": 0.0013898348645510273,
    "Episode 1": 0.0020886163291107176,
    "National Library of Elchea": 0.00494470933957236,
    "Inn of Elchea": 0.0023992322809353647,
    "Inn-keeper": 0.0055513683259887075,
    "Dora": 0.0015894726347111061,
    "Elderly official/Image Gallery": 0.0007263977481185812,
    "Three unnamed thieves": 0.0017676386751638608,
    "Stephanie Dola's maids": 0.0020196070037300684,
    "Dragonia": 0.0029185624762424847,
    "King City": 0.0020769281838652134,
    "Shiro/Image Gallery": 0.0007263977481185812,
    "Sora/Image Gallery": 0.0007263977481185812,
    "Tet/Image Gallery": 0.0007263977481185812,
    "Clammy Zell/Image Gallery": 0.0013801624614169397,
    "Dora/Image Gallery": 0.0007263977481185812,
    "Queen/Image Gallery": 0.0007263977481185812,
    "Jibril/Image Gallery": 0.0007263977481185812,
    "Fiel Nirvalen/Image Gallery": 0.00196856110111891,
    "Izuna": 0.004854862785216471,
    "No Work No Life": 0.0007672580426997287,
    "Imanity-go": 0.00805440666685969,
    "Race Piece": 0.007150232069675064,
    "Race": 0.0007263977481185812,
    "Episode 06": 0.003588778787151978,
    "Flugel": 0.003463740998867884,
    "Tet's home": 0.0025845820237668776,
    "OP1": 0.0008560043838714516,
    "ED1": 0.001006413748638469,
    "Manga Volume 1": 0.0018484039744025324,
    "Game 01": 0.0007263977481185812,
    "Stephanie Dola/Image Gallery": 0.0007263977481185812,
    "Stephanie Dora": 0.0007263977481185812,
    "Stephanie Dora's maids": 0.0007263977481185812,
    "Main library": 0.0007263977481185812,
    "Stephanie": 0.0019875917244180663,
    "NG Cup \u2606 Decisive Battle For The Strongest Gamer": 0.0013801624614169397,
    "Dhampir": 0.014267320918444522,
    "Warbeast": 0.0009462515182170111,
    "Kuuhaku": 0.003296093573638772,
    "Library of Elchea": 0.0011628101134726941,
    "NG Cup": 0.0007263977481185812,
    "Main library of the human world": 0.0007263977481185812,
    "Previous king": 0.001291763021612795,
    "Episode 07": 0.00243573464665191,
    "Seiren": 0.014611750935653171,
    "Brain Battle For Imanity": 0.0015894726347111061,
    "Episode 08": 0.003509425179075926,
    "Materialization Shiritori": 0.00393898986340032,
    "Hatsuse Izuna/Image Gallery": 0.0007263977481185812,
    "Miko": 0.0059218419186665,
    "Miko/Image Gallery": 0.0007263977481185812,
    "Hatsuse Ino": 0.005213070734207659,
    "Hatsuse Ino/Image Gallery": 0.0007263977481185812,
    "Episode 9": 0.0007263977481185812,
    "Episode 7": 0.0008700823004918468,
    "Episode 6": 0.0010335234788164365,
    "Episode 8": 0.0016551976006644931,
    "Episode 5": 0.0008700823004918468,
    "Episode 3": 0.0011527740495177446,
    "Episode 4": 0.0008700823004918468,
    "Elchea Federation": 0.020273588445618818,
    "Chlammy": 0.004205051232424148,
    "Episode 09": 0.0021207940261044316,
    "Shrine Priestess": 0.0007263977481185812,
    "Gigant": 0.0029185624762424847,
    "Oceando": 0.010620698104112834,
    "Lunamana": 0.0034985985206298816,
    "Chapter 1": 0.011571801727941606,
    "Ex-machina": 0.0007263977481185812,
    "Figurines": 0.0007263977481185812,
    "Dwarf": 0.00650488685352479,
    "Harden Fell": 0.007167598424388749,
    "Episode 10": 0.002575087261579072,
    "Fairy": 0.0018943092137929528,
    "Demonia": 0.0018943092137929528,
    "Magic": 0.004217644024067665,
    "Episode 11": 0.0026869804455852703,
    "Episode 12": 0.0025939876559792283,
    "Onegai\u2606Sniper": 0.001414493031202604,
    "Azriel": 0.007864251890571104,
    "Laira": 0.003762078578104945,
    "Amira": 0.0012177308236664853,
    "\u30aa\u30e9\u30b7\u30aa\u30f3": 0.0007263977481185812,
    "Azuril": 0.0007263977481185812,
    "Fiel": 0.0007263977481185812,
    "Fii": 0.0007263977481185812,
    "Bias Hacker": 0.0027744394568249104,
    "Azreal": 0.0007263977481185812,
    "Azrael": 0.0007263977481185812,
    "Artosh": 0.006658028117360235,
    "Heaven's Strike": 0.002404415723866472,
    "Heaven's Stike": 0.0007263977481185812,
    "Elchea": 0.020649568254842116,
    "Elchea City": 0.010266066508737525,
    "Kingdom of Elchea": 0.0015664365496921855,
    "Feel Nilvalen": 0.0020339271747152983,
    "Feel Nilvalen/Image Gallery": 0.0007263977481185812,
    "Shuvi": 0.0018642751367364465,
    "Star Cup": 0.0025845820237668776,
    "Riku": 0.0019034797201346798,
    "Corone": 0.001150283935589968,
    "Fiel Nilvalen": 0.013784101444062294,
    "Fiel Nilvalen/Image Gallery": 0.0013801624614169397,
    "Math": 0.0007263977481185812,
    "Mathematical formulas": 0.0013801624614169397,
    "Chlammy Zell": 0.021233153655396558,
    "Chlammy Zell/Image Gallery": 0.0007263977481185812
  },
  "hitsHubs": {
    "No Game No Life Wiki": 0.016681897769203074,
    "Main Page": 3.3020425652920425e-53,
    "No Game, No Life": 0.028919916966557026,
    "Sora": 0.021765875726901626,
    "Shiro": 0.01967611860395697,
    "Stephanie Dola": 0.01856088455587574,
    "Jibril": 0.01859285184607552,
    "Tet": 0.015302940211723879,
    "\u300e \u300f": 0.007824621792859707,
    "Blank": 6.9248851698873375e-47,
    "Episode 01": 0.026686695634861334,
    "Clammy Zell": 0.014333815489045033,
    "Exceed": 0.011595819956272811,
    "Old Deus": 0.009969547032673224,
    "Fiel Nirvalen": 0.012126208199219073,
    "Elf": 0.006179804029587857,
    "Angel": 0.00048229518146894744,
    "Imanity": 0.017926908821708488,
    "Queen": 0.0015277526896315906,
    "Ten Pledges": 0.002907509587648486,
    "Episode 02": 0.020434358212510235,
    "Episode 03": 0.016080557409605775,