{
  "numNodes": 157,
  "numEdges": 972,
  "selfLinks": 1,
  "numStrongComponents": 51,
  "numWeakComponents": 2,
  "sizeLargestStrong": 107,
  "sizeLargestWeak": 155,
  "radius": 4,
  "diameter": 7,
  "averageInDegree": 6.191082802547771,
  "averageOutDegree": 6.191082802547771,
  "maxOutDegree": 32,
  "maxInDegree": 50,
  "pageRank": {
    "No Game No Life Wiki": 0.0013912070268173485,
    "Main Page": 0.0007322084904489023,
    "No Game, No Life": 0.0171224171843515,
    "Sora": 0.041084115364233335,
    "Shiro": 0.034061094023824165,
    "Stephanie Dola": 0.021648239985836124,
    "Jibril": 0.031079503119116975,
    "Tet": 0.026122650011447084,
    "\u300e \u300f": 0.005941353597266379,
    "Blank": 0.0007322084904489023,
    "Episode 01": 0.027143578417608092,
    "Clammy Zell": 0.02153539293631919,
    "Exceed": 0.0357021575007538,
    "Old Deus": 0.019263261832001565,
    "Fiel Nirvalen": 0.013263212862512792,
    "Elf": 0.015813608407111057,
    "Angel": 0.0007322084904489023,
    "Imanity": 0.0274406625978589,
    "Queen": 0.0022127606695060047,
    "Ten Pledges": 0.023939639213156144,
    "Episode 02": 0.010549205871014398,
    "Episode 03": 0.005610688946863812,
    "Disboard": 0.035947715415259374,
    "Elves": 0.0075431400114897,
    "Ten Oaths": 0.01198659426699311,
    "Hatsuse Izuna": 0.010113732430451324,
    "Steph": 0.004990371153012144,
    "Elven Gard": 0.011013724985705815,
    "Volume 4": 0.005719334317618122,
    "Elchea Kingdom": 0.011877128448052518,
    "Eastern Union": 0.011639127794724936,
    "Avant Heim": 0.010804480881320376,
    "Episode 04": 0.004609116758881823,
    "Episode 05": 0.009474513612715743,
    "Volume 1": 0.024348566755396546,
    "Elderly official": 0.003434712417916115,
    "Volume 2": 0.00981333270053493,
    "Volume 3": 0.0035288013305391536,
    "Volume 5": 0.008847127022455333,
    "Fl\u00fcgel": 0.015227511766947966,
    "Kurami": 0.0027865394117471665,
    "Pledges": 0.0007322084904489023,
    "Kuhaku": 0.005055822889809743,
    "Plum": 0.008159232767169271,
    "Former king of Imanity": 0.009594507048356906,
    "Volume 6": 0.0035800646925895955,
    "Unnamed thieves": 0.005041200041468682,
    "This game": 0.0038589716033847516,
    "Oraci\u00f3n": 0.006896992425053012,
    "Oracion": 0.0007322084904489023,
    "Phantasma": 0.006814239981997504,
    "Elemental": 0.0035770418728130957,
    "Werebeast": 0.014381083276527921,
    "Episode 2": 0.0014158918147580551,
    "Episode 1": 0.002121839884825745,
    "National Library of Elchea": 0.005196860280928308,
    "Inn of Elchea": 0.0026038964272816377,
    "Inn-keeper": 0.00564076800244828,
    "Dora": 0.0016371092750482323,
    "Elderly official/Image Gallery": 0.0007322084904489023,
    "Three unnamed thieves": 0.0018256845740619687,
    "Stephanie Dola's maids": 0.002049159424308606,
    "Dragonia": 0.0029578573941235957,
    "King City": 0.002285268223698918,
    "Shiro/Image Gallery": 0.0007322084904489023,
    "Sora/Image Gallery": 0.0007322084904489023,
    "Tet/Image Gallery": 0.0007322084904489023,
    "Clammy Zell/Image Gallery": 0.002734190029867326,
    "Dora/Image Gallery": 0.0007322084904489023,
    "Queen/Image Gallery": 0.0007322084904489023,
    "Jibril/Image Gallery": 0.0007322084904489023,
    "Fiel Nirvalen/Image Gallery": 0.001984319948809037,
    "Izuna": 0.004934300126903009,
    "No Work No Life": 0.0007733958989719302,
    "Imanity-go": 0.008020879175418555,
    "Race Piece": 0.006896011519387627,
    "Race": 0.0007322084904489023,
    "Episode 06": 0.0037133433321076743,
    "Flugel": 0.0038129022936052143,
    "Tet's home": 0.0026911670056773665,
    "OP1": 0.0008628527138635746,
    "ED1": 0.0010150532870056247,
    "Manga Volume 1": 0.0018728033844169645,
    "Game 01": 0.0007322084904489023,
    "Stephanie Dola/Image Gallery": 0.0007322084904489023,
    "Stephanie Dora": 0.0007322084904489023,
    "Stephanie Dora's maids": 0.0007322084904489023,
    "Main library": 0.0007322084904489023,
    "Stephanie": 0.002024195546337625,
    "NG Cup \u2606 Decisive Battle For The Strongest Gamer": 0.0013912070268173485,
    "Dhampir": 0.014250620096126418,
    "Warbeast": 0.000955520433112799,
    "Kuuhaku": 0.0033568962111284596,
    "Library of Elchea": 0.0012058845215421738,
    "NG Cup": 0.0007322084904489023,
    "Main library of the human world": 0.0007322084904489023,
    "Previous king": 0.0013362297668999632,
    "Episode 07": 0.0024620146395438595,
    "Seiren": 0.014714366104465247,
    "Brain Battle For Imanity": 0.0016371092750482323,
    "Episode 08": 0.003551272153379855,
    "Materialization Shiritori": 0.0040656274745613395,
    "Hatsuse Izuna/Image Gallery": 0.0007322084904489023,
    "Miko": 0.005754736848904588,
    "Miko/Image Gallery": 0.0007322084904489023,
    "Hatsuse Ino": 0.00506817519783045,
    "Hatsuse Ino/Image Gallery": 0.0007322084904489023,
    "Episode 9": 0.0007322084904489023,
    "Episode 7": 0.0008652755026002231,
    "Episode 6": 0.0010849416813897054,
    "Episode 8": 0.001692714600618434,
    "Episode 5": 0.0008652755026002231,
    "Episode 3": 0.0011581282726278173,
    "Episode 4": 0.0008652755026002231,
    "Elchea Federation": 0.01973104310215713,
    "Chlammy": 0.004208871712993679,
    "Episode 09": 0.0021486975533074664,
    "Shrine Priestess": 0.0007322084904489023,
    "Gigant": 0.0034012214056910106,
    "Oceando": 0.010304776196842919,
    "Lunamana": 0.003985418520533395,
    "Chapter 1": 0.01186936243373863,
    "Ex-machina": 0.0007322084904489023,
    "Figurines": 0.0007322084904489023,
    "Dwarf": 0.0053505338555500034,
    "Harden Fell": 0.006638535574724407,
    "Episode 10": 0.002611218261309742,
    "Fairy": 0.002365256383758755,
    "Demonia": 0.002365256383758755,
    "Magic": 0.003955129549607202,
    "Episode 11": 0.002729162266604991,
    "Episode 12": 0.0026180763898512142,
    "Onegai\u2606Sniper": 0.001437116790712415,
    "Azriel": 0.007874672340220355,
    "Laira": 0.0033829899963561823,
    "Amira": 0.0012593234597583968,
    "\u30aa\u30e9\u30b7\u30aa\u30f3": 0.0007322084904489023,
    "Azuril": 0.0007322084904489023,
    "Fiel": 0.0007322084904489023,
    "Fii": 0.0007322084904489023,
    "Bias Hacker": 0.0028016353872965796,
    "Azreal": 0.0007322084904489023,
    "Azrael": 0.0007322084904489023,
    "Artosh": 0.0066438163939716395,
    "Heaven's Strike": 0.0024271720487496046,
    "Heaven's Stike": 0.0007322084904489023,
    "Elchea": 0.020702254504798543,
    "Elchea City": 0.010253026374793358,
    "Kingdom of Elchea": 0.0017576610715654495,
    "Feel Nilvalen": 0.0020502055631857947,
    "Feel Nilvalen/Image Gallery": 0.0007322084904489023,
    "Fiel Nilvalen": 0.013920736873625307,
    "Fiel Nilvalen/Image Gallery": 0.0013912070268173485,
    "Math": 0.0007322084904489023,
    "Mathematical formulas": 0.0013912070268173485,
    "Chlammy Zell": 0.0229008001977161,
    "Chlammy Zell/Image Gallery": 0.0022236116728420728
  },
  "hitsHubs": {
    "No Game No Life Wiki": 0.018025331947549877,
    "Main Page": 5.0316283713643593e-48,
    "No Game, No Life": 0.03008428923992574,
    "Sora": 0.022346601292764254,
    "Shiro": 0.020980382692544066,
    "Stephanie Dola": 0.019631015121499763,
    "Jibril": 0.019485030248946152,
    "Tet": 0.01608941001774009,
    "\u300e \u300f": 0.008250277004016931,
    "Blank": 2.6380223755658772e-42,
    "Episode 01": 0.028508943529482862,
    "Clammy Zell": 0.015064747700101765,
    "Exceed": 0.012413556013123377,
    "Old Deus": 0.010052949858245903,
    "Fiel Nirvalen": 0.012804245105600381,
    "Elf": 0.006779980250722549,
    "Angel": 0.0005396794841032313,
    "Imanity": 0.019154521251103375,
    "Queen": 0.001573397066878092,
    "Ten Pledges": 0.00310931332605403,
    "Episode 02": 0.021830207132069956,
    "Episode 03": 0.01723492315668189,
    "Disboard": 0.011338214470835287,
    "Elves": 0.000274064785148755,
    "Ten Oaths": 0.0005155899094365785,
    "Hatsuse Izuna": 0.013341411534148643,