{
  "numNodes": 159,
  "numEdges": 1041,
  "selfLinks": 1,
  "numStrongComponents": 53,
  "numWeakComponents": 2,
  "sizeLargestStrong": 107,
  "sizeLargestWeak": 157,
  "radius": 3,
  "diameter": 6,
  "averageInDegree": 6.547169811320755,
  "averageOutDegree": 6.547169811320755,
  "maxOutDegree": 32,
  "maxInDegree": 54,
  "pageRank": {
    "No Game No Life Wiki": 0.0013656160283832815,
    "Main Page": 0.0007187368779327443,
    "No Game, No Life": 0.01713652655320571,
    "Sora": 0.04178222784291036,
    "Shiro": 0.03419157318236538,
    "Stephanie Dola": 0.021611008990316916,
    "Jibril": 0.030351527159744603,
    "Tet": 0.02839249817107344,
    "\u300e \u300f": 0.005428585597412059,
    "Blank": 0.0007187368779327443,
    "Episode 01": 0.025330869224044213,
    "Clammy Zell": 0.019861607695927087,
    "Exceed": 0.0348040177642181,
    "Old Deus": 0.01969349143655431,
    "Fiel Nirvalen": 0.013129219510274993,
    "Elf": 0.018473071451576645,
    "Angel": 0.0007187368779327443,
    "Imanity": 0.029833382704007868,
    "Queen": 0.002121809645162858,
    "Ten Pledges": 0.023745301838584865,
    "Episode 02": 0.010146395449729015,
    "Episode 03": 0.0052628395655588585,
    "Disboard": 0.0368780341559245,
    "Elves": 0.008165180200996207,
    "Ten Oaths": 0.011841178070583026,
    "Hatsuse Izuna": 0.011892138741929804,
    "Steph": 0.004973959588200194,
    "Elven Gard": 0.011269192316752974,
    "Volume 4": 0.005228845886811423,
    "Elchea Kingdom": 0.01164097538692325,
    "Eastern Union": 0.011914114069483199,
    "Avant Heim": 0.011583921318032148,
    "Episode 04": 0.004289482476285491,
    "Episode 05": 0.008762173924017003,
    "Volume 1": 0.023125601934767096,
    "Elderly official": 0.003283358147875625,
    "Volume 2": 0.009485326582919208,
    "Volume 3": 0.003487328372275043,
    "Volume 5": 0.009547632253301491,
    "Fl\u00fcgel": 0.015193585738932789,
    "Kurami": 0.0007187368779327443,
    "Pledges": 0.0007187368779327443,
    "Kuhaku": 0.004514262382857402,
    "Plum": 0.007954551003529117,
    "Former king of Imanity": 0.009219868885604105,
    "Volume 6": 0.006992601256479347,
    "Unnamed thieves": 0.00479363394891665,
    "This game": 0.003164602066077681,
    "Oraci\u00f3n": 0.0067830041956974466,
    "Oracion": 0.0007187368779327443,
    "Phantasma": 0.006170736184534894,
    "Elemental": 0.004694462015383684,
    "Werebeast": 0.017312338025773533,
    "Episode 2": 0.001376800631973808,
    "Episode 1": 0.0019669480096681994,
    "National Library of Elchea": 0.004865183567067715,
    "Inn of Elchea": 0.002378907247333723,
    "Inn-keeper": 0.005493328051775767,
    "Dora": 0.0015632292009114855,
    "Elderly official/Image Gallery": 0.0007187368779327443,
    "Three unnamed thieves": 0.0017387234886830994,
    "Stephanie Dola's maids": 0.002002569529469593,
    "Dragonia": 0.0028540150146865026,
    "King City": 0.0020622293492301605,
    "Shiro/Image Gallery": 0.0007187368779327443,
    "Sora/Image Gallery": 0.0007187368779327443,
    "Tet/Image Gallery": 0.0007187368779327443,
    "Clammy Zell/Image Gallery": 0.0013656160283832815,
    "Dora/Image Gallery": 0.0007187368779327443,
    "Queen/Image Gallery": 0.0007187368779327443,
    "Jibril/Image Gallery": 0.0007187368779327443,
    "Fiel Nirvalen/Image Gallery": 0.0019478295699904243,
    "Izuna": 0.005280112380843255,
    "No Work No Life": 0.0007591668248359028,
    "Imanity-go": 0.008026208322154216,
    "Race Piece": 0.0068904198050508915,
    "Race": 0.0007187368779327443,
    "Episode 06": 0.003711336601546156,
    "Flugel": 0.0032017654001318323,
    "Tet's home": 0.0022217517901030716,
    "OP1": 0.0008469784742183286,
    "ED1": 0.0010005948371311494,
    "Manga Volume 1": 0.0018476071867432379,
    "Game 01": 0.0007187368779327443,
    "Stephanie Dola/Image Gallery": 0.0007187368779327443,
    "Stephanie Dora": 0.0007187368779327443,
    "Stephanie Dora's maids": 0.0007187368779327443,
    "Main library": 0.0007187368779327443,
    "Stephanie": 0.001967169713946366,
    "NG Cup \u2606 Decisive Battle For The Strongest Gamer": 0.0013656160283832815,
    "Dhampir": 0.014040146067107814,
    "Warbeast": 0.0009393156748574772,
    "Kuuhaku": 0.0033036228020623696,
    "Library of Elchea": 0.0011568044664115832,
    "NG Cup": 0.0007187368779327443,
    "Main library of the human world": 0.0007187368779327443,
    "Previous king": 0.0012862808916688337,
    "Episode 07": 0.002445573655954114,
    "Seiren": 0.014378523150255593,
    "Brain Battle For Imanity": 0.0015632292009114855,
    "Episode 08": 0.0035841981062745185,
    "Materialization Shiritori": 0.004007796449813983,
    "Hatsuse Izuna/Image Gallery": 0.0007187368779327443,
    "Miko": 0.0058714427648797005,
    "Miko/Image Gallery": 0.0007187368779327443,
    "Hatsuse Ino": 0.005229157373974345,
    "Hatsuse Ino/Image Gallery": 0.0007187368779327443,
    "Episode 9": 0.0007187368779327443,
    "Episode 7": 0.0008609081197900052,
    "Episode 6": 0.0010226279074026395,
    "Episode 8": 0.0017876792772292716,
    "Episode 5": 0.0008609081197900052,
    "Episode 3": 0.0011395668730587694,
    "Episode 4": 0.0008609081197900052,
    "Elchea Federation": 0.020538343700853723,
    "Chlammy": 0.00418594640854859,
    "Episode 09": 0.0021212257269047252,
    "Shrine Priestess": 0.0007187368779327443,
    "Gigant": 0.0028540150146865026,
    "Oceando": 0.010590789948359457,
    "Lunamana": 0.0036154223971210262,
    "Chapter 1": 0.011194792662058759,
    "Ex-machina": 0.0007187368779327443,
    "Figurines": 0.0007187368779327443,
    "Dwarf": 0.006599488662671632,
    "Harden Fell": 0.007215878882517829,
    "Episode 10": 0.0025332661952096264,
    "Fairy": 0.001878427192043592,
    "Demonia": 0.001878427192043592,
    "Magic": 0.004253428842422162,
    "Episode 11": 0.002695746210054013,
    "Episode 12": 0.0025536261584270556,
    "Onegai\u2606Sniper": 0.0014213068332174336,
    "Azriel": 0.007550057966682535,
    "Laira": 0.003718605626827827,
    "Amira": 0.0012066332793930954,
    "\u30aa\u30e9\u30b7\u30aa\u30f3": 0.0007187368779327443,
    "Azuril": 0.0007187368779327443,
    "Bias Hacker": 0.0027540344531385656,
    "Azreal": 0.0007187368779327443,
    "Azrael": 0.0007187368779327443,
    "Artosh": 0.007418951619491755,
    "Heaven's Strike": 0.0023412038510261923,
    "Heaven's Stike": 0.0007187368779327443,
    "Elchea": 0.02044238004376946,
    "Elchea City": 0.010216017172358849,
    "Kingdom of Elchea": 0.0015547522734010995,
    "Feel Nilvalen": 0.0007187368779327443,
    "Feel Nilvalen/Image Gallery": 0.0007187368779327443,
    "Shuvi": 0.0058477921394999325,
    "Star Cup": 0.0022217517901030716,
    "Riku": 0.0073807162278892845,
    "Corone": 0.0022068165528955613,
    "Fiel Nilvalen": 0.0007187368779327443,
    "Fiel Nilvalen/Image Gallery": 0.0013656160283832815,
    "Math": 0.0007187368779327443,
    "Mathematical formulas": 0.0013656160283832815,
    "Chlammy Zell": 0.021070466540763083,
    "Chlammy Zell/Image Gallery": 0.0007187368779327443
  },
  "hitsHubs": {
    "No Game No Life Wiki": 0.01652786092399767,
    "Main Page": 7.061111738797744e-51,
    "No Game, No Life": 0.028639126688938275,
    "Sora": 0.02150039361195799,
    "Shiro": 0.019418727040727217,
    "Stephanie Dola": 0.01831186492985381,
    "Jibril": 0.018667307565874737,
    "Tet": 0.01721732078145436,
    "\u300e \u300f": 0.007744892420514621,
    "Blank": 7.404112302621583e-45,
    "Episode 01": 0.02645801435531308,
    "Clammy Zell": 0.014124968902727998,
    "Exceed": 0.011659752935077912,
    "Old Deus": 0.009873375237391976,
    "Fiel Nirvalen": 0.011942826009119849,
    "Elf": 0.006126577827904121,
    "Angel": 0.00047812225699328845,
    "Imanity": 0.018568951491528235,
    "Queen": 0.0015133578548610146,
    "Ten Pledges": 0.002981264439457915,
    "Episode 02": 0.02011345738314839,
    "Episode 03": 0.01581088247637587,
    "Disboard": 0.01057128763466994,
    "Elves": 0.0003115933532155909,