{
  "numNodes": 150,
  "numEdges": 548,
  "selfLinks": 7,
  "numStrongComponents": 59,
  "numWeakComponents": 1,
  "sizeLargestStrong": 91,
  "sizeLargestWeak": 150,
  "radius": 5,
  "diameter": 9,
  "averageInDegree": 3.6533333333333333,
  "averageOutDegree": 3.6533333333333333,
  "maxOutDegree": 37,
  "maxInDegree": 47,
  "pageRank": {
    "Inception Wiki": 0.0012984241157008008,
    "Main Page": 0.0006833816956606324,
    "Arthur": 0.019349907462982183,
    "Inception (2010 film)": 0.07882023239105206,
    "Ariadne": 0.01879823005932645,
    "Eames": 0.01991608436796936,
    "Mallorie Cobb": 0.013700042244449654,
    "Saito": 0.033996465026048535,
    "Robert Fischer": 0.014706468958439373,
    "Christopher Nolan": 0.014148146852013115,
    "Hans Zimmer": 0.0028059063053279204,
    "Joseph Gordon-Levitt": 0.005649644086145327,
    "Ellen Page": 0.004861766607865124,
    "Tom Hardy": 0.004539548812082655,
    "Marion Cotillard": 0.00397100290043394,
    "Mal": 0.00286760893656513,
    "Cillian Murphy": 0.004491873439123975,
    "Leonardo DiCaprio": 0.0037987692270389072,
    "Ken Watanabe": 0.00886716801381923,
    "Tom Berenger": 0.005183950826552003,
    "Dileep Rao": 0.0036134686448004044,
    "Pete Postlethwaite": 0.0038967890182480445,
    "Peter Browning": 0.007025513790436974,
    "Yusuf": 0.007875983368197833,
    "Warner Bros.": 0.0045291973434615366,
    "Stephen Miles": 0.012579611175477142,
    "Michael Caine": 0.004487668743211006,
    "Wally Pfister": 0.002600892165314531,
    "Inception: Music from the Motion Picture": 0.0006833816956606324,
    "Johnny Marr": 0.0017303030373294974,
    "Legendary Pictures": 0.003959863546231622,
    "Syncopy Films": 0.003959863546231622,
    "Emma Thomas": 0.0043831248050368865,
    "The Architect": 0.0006833816956606324,
    "The Shade": 0.0006833816956606324,
    "Extractor": 0.006556473931494238,
    "The Forger": 0.0006833816956606324,
    "The Mark": 0.0006833816956606324,
    "The Point Man": 0.0006833816956606324,
    "The Tourist": 0.0006833816956606324,
    "The shade": 0.0006833816956606324,
    "The architect": 0.0006833816956606324,
    "Nash": 0.007594531334132546,
    "Lukas Haas": 0.0024378090802126945,
    "Paulson": 0.0006833816956606324,
    "Thin Man": 0.001242517516619419,
    "Tim Kelleher": 0.001242517516619419,
    "Claire Geare": 0.002364281301409426,
    "Phillipa Cobb": 0.008699361605588223,
    "Extraction": 0.011587420513180706,
    "Dream": 0.03515095573992039,
    "Lee Smith": 0.0006833816956606324,
    "Maurice Fischer": 0.007198584034226855,
    "Talulah Riley": 0.004393476273658004,
    "Lucas Haas": 0.0006833816956606324,
    "Inception (2010 film)/Video Gallery": 0.0012984241157008008,
    "Totem": 0.012612945623302995,
    "Top Ten Inception Quotes": 0.0012984241157008008,
    "Top Ten Inception Moments": 0.0006833816956606324,
    "Projections": 0.008763436414115953,
    "Limbo": 0.01295924846981449,
    "Fischer Morrow": 0.005445605134339883,
    "James Cobb": 0.009236546193702162,
    "Inception: The Cobol Job": 0.01515908755959062,
    "The Cobol Job": 0.0006833816956606324,
    "Inception: the Cobol Job": 0.0006833816956606324,
    "Magnus Nolan": 0.0016071150642888283,
    "Portable Automated Somnacin IntraVenous Device": 0.020647897437096812,
    "Somnacin": 0.024945412925838746,
    "Instruction Manual MV-235A": 0.013159107169130636,
    "Inception (tactic)": 0.02406414515037065,
    "Inception": 0.0009762588949961534,
    "Dream-Sharing": 0.05284210596585685,
    "Browning": 0.0030166040146167566,
    "Johnathan Geare": 0.002316426842030134,
    "The Team": 0.023841563013718946,
    "Cobol Engineering": 0.006148551153229063,
    "Proclus Global": 0.009322768145235109,
    "Dream Sharing": 0.0006833816956606324,
    "Mr. Kaneda": 0.009433646999011388,
    "Extract": 0.0006833816956606324,
    "Mr. Saito": 0.0006833816956606324,
    "Taylor Geare": 0.0023642813014094254,
    "Kick": 0.0042059458684808385,
    "Dream-Share": 0.0030245906715080477,
    "Dream Share": 0.0006833816956606324,
    "Dreamer": 0.01753128588866941,
    "Subject": 0.01305503504082225,
    "Fischer": 0.0011330898846514167,
    "Cobb": 0.0006833816956606324,
    "Mal Cobb": 0.0006833816956606324,
    "Mallorie": 0.0006833816956606324,
    "Dreams": 0.0006833816956606324,
    "New York (dream)": 0.0012984241157008008,
    "The Hotel (dream)": 0.0047452473958078485,
    "Snow-Covered Mountains (dream)": 0.0012984241157008008,
    "The Japanese Castle (dream)": 0.0012984241157008008,
    "The Dilapidated Hotel Room (dream)": 0.0012984241157008008,
    "Parisian Street (dream)": 0.0012984241157008008,
    "Parisian Caf\u00e9 (dream)": 0.0012984241157008008,
    "Penrose Stairs (dream)": 0.00477652087587901,
    "Sleeper": 0.011653995285995198,
    "Sleepers": 0.00832509920776741,
    "PASIV Device": 0.0014278200681598575,
    "Kaneda": 0.0006833816956606324,
    "Mr. Charles (tactic)": 0.0030579959608082975,
    "Mr. Charles": 0.0015653304845084516,
    "Projection": 0.0006833816956606324,
    "Dom's Memories (dream)": 0.002481640264233067,
    "Dream-Share: Tactical Employment Procedures Manual": 0.002600892165314531,
    "Project Somnacin": 0.011769377912450335,
    "Darren Bartel": 0.005271924413086844,
    "528491": 0.001242517516619419,
    "528491 (number)": 0.002097780551594718,
    "Ten Best Inception Quotes": 0.0006833816956606324,
    "Chris Nolan Research Footage": 0.007050811908007185,
    "The Fischer Inception Job": 0.0012758589193410659,
    "James": 0.0006833816956606324,
    "Phillipa": 0.0006833816956606324,
    "Dom Cobb": 0.0007877704705117948,
    "Architect": 0.0069154209909225205,
    "Mark": 0.0025743629694700764,
    "Forger": 0.0059481316299813975,
    "Paris Cafe (Dream)": 0.0019981708179462,
    "Inception: The Big Under": 0.004027516921698603,
    "Forging": 0.0014738562485546313,
    "Lucid Dreaming": 0.004247701593315189,
    "The Big Under": 0.0006833816956606324,
    "Mr. Charles (Tactic)": 0.002638371475512262,
    "Inception (Tactic)": 0.0027428721728117557,
    "Inception (2010 Film)": 0.08530997178195077,
    "The Hotel (Dream)": 0.0045131378477333995,
    "Dom's Memories (Dream)": 0.0019981708179462,
    "Penrose Stairs (Dream)": 0.00454828552974138,
    "The Office Building (dream)": 0.0006833816956606324,
    "528491 (Number)": 0.0009502880644682832,
    "Lucid Dream": 0.0006833816956606324,
    "The Dreams": 0.038298338926514,
    "Inception Videos": 0.0006833816956606324,
    "Miles": 0.013217863482532476,
    "Paris Caf\u00e9 (dream)": 0.0006833816956606324,
    "The Palace (dream)": 0.0006833816956606324,
    "Parisian Streets (dream)": 0.0006833816956606324,
    "New York Streets (dream)": 0.0006833816956606324,
    "The Mountain (dream)": 0.0006833816956606324,
    "The Apartment (dream)": 0.0006833816956606324,
    "Dominick Cobb": 0.0006833816956606324,
    "Lucid dreaming": 0.0006833816956606324,
    "Dream sharing": 0.0006833816956606324,
    "Dream-sharing": 0.0006833816956606324
  },
  "hitsHubs": {
    "Inception Wiki": 0.006129105954816729,
    "Main Page": 5.083445184799245e-59,
    "Arthur": 0.012699545212087897,
    "Inception (2010 film)": 0.0491501673599857,
    "Ariadne": 0.02001657910068805,
    "Eames": 0.019163923581049923,
    "Mallorie Cobb": 0.01706605898472273,
    "Saito": 0.009668570334155248,
    "Robert Fischer": 0.013324482611349933,
    "Christopher Nolan": 0.004211897337672012,
    "Hans Zimmer": 0.00604305261187354,
    "Joseph Gordon-Levitt": 0.006780708814593471,
    "Ellen Page": 0.006482803624543536,
    "Tom Hardy": 0.0059368873828622,
    "Marion Cotillard": 0.006366058540421805,
    "Mal": 0.0021946942518710722,
    "Cillian Murphy": 0.010297544408863817,
    "Leonardo DiCaprio": 0.004171364288550733,
    "Ken Watanabe": 0.008641137688228294,
    "Tom Berenger": 0.004211897337672012,
    "Dileep Rao": 0.005396106208814182,
    "Pete Postlethwaite": 0.0057879841578784355,