{
  "numNodes": 26,
  "numEdges": 15,
  "selfLinks": 0,
  "numStrongComponents": 26,
  "numWeakComponents": 11,
  "sizeLargestStrong": 1,
  "sizeLargestWeak": 6,
  "radius": 0,
  "diameter": 0,
  "averageInDegree": 0.5769230769230769,
  "averageOutDegree": 0.5769230769230769,
  "maxOutDegree": 2,
  "maxInDegree": 3,
  "pageRank": {
    "Breathe (Taylor Swift song)": 0.024372518919510415,
    "Change (Taylor Swift song)": 0.024372518919510415,
    "Tim McGraw": 0.06495264672524534,
    "Fan survey (how well do you know her)": 0.024372518919510415,
    "David Cook": 0.04630746141806888,
    "David": 0.024372518919510415,
    "Fan Gallery": 0.024372518919510415,
    "Taylor Swift": 0.0901773464151858,
    "List of songs": 0.024372518919510415,
    "Breathe (song)": 0.04630746141806888,
    "Change (song)": 0.04630746141806888,
    "Childhood pictures": 0.024372518919510415,
    "Taylor Swift's Childhood Pictures": 0.04630746141806888,
    "List of Songs by Taylor Swift": 0.04630746141806888,
    "Fan Survey": 0.04630746141806888,
    "Safe and Sound (Lyrics)": 0.024372518919510415,
    "Fearless (Taylor Swift album)": 0.024372518919510415,
    "Fearless (album)": 0.04630746141806888,
    "Quotes": 0.024372518919510415,
    "Taylor Swift Quotes": 0.04630746141806888,
    "Safe & Sound (Lyrics)": 0.04630746141806888,
    "Big Machine Records": 0.06495264672524534,
    "Take Two with Phineas and Ferb": 0.024372518919510415,
    "Dan Wilson": 0.024372518919510415,
    "Come Back... Be Here": 0.04630746141806888,
    "Sarah Hyland": 0.024372518919510415
  },
  "hitsHubs": {
    "Breathe (Taylor Swift song)": 3.3848820127533228e-22,
    "Change (Taylor Swift song)": 3.3848820127533228e-22,
    "Tim McGraw": 0.0,
    "Fan survey (how well do you know her)": 3.3848820127533228e-22,
    "David Cook": 0.0,
    "David": 3.3848820127533228e-22,
    "Fan Gallery": 0.3333333313484175,
    "Taylor Swift": 5.9547474106753745e-09,
    "List of songs": 3.3848820127533228e-22,
    "Breathe (song)": 0.0,
    "Change (song)": 0.0,
    "Childhood pictures": 3.3848820127533228e-22,
    "Taylor Swift's Childhood Pictures": 0.0,
    "List of Songs by Taylor Swift": 0.0,
    "Fan Survey": 0.0,
    "Safe and Sound (Lyrics)": 3.3848820127533228e-22,
    "Fearless (Taylor Swift album)": 3.3848820127533228e-22,
    "Fearless (album)": 0.0,
    "Quotes": 3.3848820127533228e-22,
    "Taylor Swift Quotes": 0.0,
    "Safe & Sound (Lyrics)": 0.0,
    "Big Machine Records": 0.0,
    "Take Two with Phineas and Ferb": 0.3333333313484175,
    "Dan Wilson": 3.3848820127533228e-22,
    "Come Back... Be Here": 0.0,
    "Sarah Hyland": 0.3333333313484175
  },
  "hitsAuths": {
    "Breathe (Taylor Swift song)": 0.0,
    "Change (Taylor Swift song)": 0.0,
    "Tim McGraw": 8.932121009636011e-09,
    "Fan survey (how well do you know her)": 0.0,
    "David Cook": 1.0154645917323263e-21,
    "David": 0.0,
    "Fan Gallery": 0.0,
    "Taylor Swift": 0.9999999821357578,
    "List of songs": 0.0,
    "Breathe (song)": 1.0154645917323263e-21,
    "Change (song)": 1.0154645917323263e-21,
    "Childhood pictures": 0.0,
    "Taylor Swift's Childhood Pictures": 1.0154645917323263e-21,
    "List of Songs by Taylor Swift": 1.0154645917323263e-21,
    "Fan Survey": 1.0154645917323263e-21,
    "Safe and Sound (Lyrics)": 0.0,
    "Fearless (Taylor Swift album)": 0.0,
    "Fearless (album)": 1.0154645917323263e-21,
    "Quotes": 0.0,
    "Taylor Swift Quotes": 1.0154645917323263e-21,
    "Safe & Sound (Lyrics)": 1.0154645917323263e-21,
    "Big Machine Records": 8.932121009636011e-09,
    "Take Two with Phineas and Ferb": 0.0,
    "Dan Wilson": 0.0,
    "Come Back... Be Here": 1.0154645917323263e-21,
    "Sarah Hyland": 0.0
  },
  "averagePathLength": 0
}