{
  "numNodes": 34,
  "numEdges": 31,
  "selfLinks": 0,
  "numStrongComponents": 31,
  "numWeakComponents": 12,
  "sizeLargestStrong": 4,
  "sizeLargestWeak": 12,
  "radius": 1,
  "diameter": 2,
  "averageInDegree": 0.9117647058823529,
  "averageOutDegree": 0.9117647058823529,
  "maxOutDegree": 5,
  "maxInDegree": 6,
  "pageRank": {
    "Teardrops on My Guitar": 0.06941856458124163,
    "Tim McGraw (song)": 0.10110232550063701,
    "Discography": 0.026290017840193067,
    "Beautiful Eyes": 0.026290017840193067,
    "Our Song (Taylor Swift song)": 0.049835762395723085,
    "Breathe (Taylor Swift song)": 0.013836809791132332,
    "Change (Taylor Swift song)": 0.013836809791132332,
    "Tim McGraw": 0.05696535653218089,
    "Fan survey (how well do you know her)": 0.013836809791132332,
    "Taylor Swift discography": 0.013836809791132332,
    "David Cook": 0.026290017840193067,
    "David": 0.013836809791132332,
    "Fan Gallery": 0.013836809791132332,
    "Taylor Swift": 0.11322477933207631,
    "Teardrops on my Guitar": 0.013836809791132332,
    "List of songs": 0.013836809791132332,
    "Breathe (song)": 0.026290017840193067,
    "Change (song)": 0.026290017840193067,
    "Childhood pictures": 0.013836809791132332,
    "Taylor Swift's Childhood Pictures": 0.026290017840193067,
    "Beautiful Eyes (EP)": 0.013836809791132332,
    "List of Songs by Taylor Swift": 0.026290017840193067,
    "Fan Survey": 0.026290017840193067,
    "Safe and Sound (Lyrics)": 0.013836809791132332,
    "Fearless (Taylor Swift album)": 0.013836809791132332,
    "Fearless (album)": 0.026290017840193067,
    "Quotes": 0.013836809791132332,
    "Taylor Swift Quotes": 0.026290017840193067,
    "Safe & Sound (Lyrics)": 0.026290017840193067,
    "Big Machine Records": 0.07258404091770708,
    "Take Two with Phineas and Ferb": 0.013836809791132332,
    "Dan Wilson": 0.013836809791132332,
    "Come Back... Be Here": 0.026290017840193067,
    "Sarah Hyland": 0.013836809791132332
  },
  "hitsHubs": {
    "Teardrops on My Guitar": 0.2111286509283528,
    "Tim McGraw (song)": 0.2111286509283528,
    "Discography": 0.06250777612438722,
    "Beautiful Eyes": 0.0,
    "Our Song (Taylor Swift song)": 0.0,
    "Breathe (Taylor Swift song)": 3.0859060086855255e-25,
    "Change (Taylor Swift song)": 3.0859060086855255e-25,
    "Tim McGraw": 0.04583816047737965,
    "Fan survey (how well do you know her)": 3.0859060086855255e-25,
    "Taylor Swift discography": 3.0859060086855255e-25,
    "David Cook": 0.0,
    "David": 3.0859060086855255e-25,
    "Fan Gallery": 0.06250777612438722,
    "Taylor Swift": 0.23603527269098618,
    "Teardrops on my Guitar": 0.04583816047737965,
    "List of songs": 3.0859060086855255e-25,
    "Breathe (song)": 0.0,
    "Change (song)": 0.0,
    "Childhood pictures": 3.0859060086855255e-25,
    "Taylor Swift's Childhood Pictures": 0.0,
    "Beautiful Eyes (EP)": 3.0859060086855255e-25,
    "List of Songs by Taylor Swift": 0.0,
    "Fan Survey": 0.0,
    "Safe and Sound (Lyrics)": 3.0859060086855255e-25,
    "Fearless (Taylor Swift album)": 3.0859060086855255e-25,
    "Fearless (album)": 0.0,
    "Quotes": 3.0859060086855255e-25,
    "Taylor Swift Quotes": 0.0,
    "Safe & Sound (Lyrics)": 0.0,
    "Big Machine Records": 0.0,
    "Take Two with Phineas and Ferb": 0.06250777612438722,
    "Dan Wilson": 3.0859060086855255e-25,
    "Come Back... Be Here": 0.0,
    "Sarah Hyland": 0.06250777612438722
  },
  "hitsAuths": {
    "Teardrops on My Guitar": 0.1535395336091953,
    "Tim McGraw (song)": 0.1535395336091953,
    "Discography": 1.0336552872125078e-24,
    "Beautiful Eyes": 1.0336552872125078e-24,
    "Our Song (Taylor Swift song)": 0.13926379319370027,
    "Breathe (Taylor Swift song)": 0.0,
    "Change (Taylor Swift song)": 0.0,
    "Tim McGraw": 0.13926379319370027,
    "Fan survey (how well do you know her)": 0.0,
    "Taylor Swift discography": 0.0,
    "David Cook": 1.0336552872125078e-24,
    "David": 0.0,
    "Fan Gallery": 0.0,
    "Taylor Swift": 0.20937608955364967,
    "Teardrops on my Guitar": 0.0,
    "List of songs": 0.0,
    "Breathe (song)": 1.0336552872125078e-24,
    "Change (song)": 1.0336552872125078e-24,
    "Childhood pictures": 0.0,
    "Taylor Swift's Childhood Pictures": 1.0336552872125078e-24,
    "Beautiful Eyes (EP)": 0.0,
    "List of Songs by Taylor Swift": 1.0336552872125078e-24,
    "Fan Survey": 1.0336552872125078e-24,
    "Safe and Sound (Lyrics)": 0.0,
    "Fearless (Taylor Swift album)": 0.0,
    "Fearless (album)": 1.0336552872125078e-24,
    "Quotes": 0.0,
    "Taylor Swift Quotes": 1.0336552872125078e-24,
    "Safe & Sound (Lyrics)": 1.0336552872125078e-24,
    "Big Machine Records": 0.20501725684055924,
    "Take Two with Phineas and Ferb": 0.0,
    "Dan Wilson": 0.0,
    "Come Back... Be Here": 1.0336552872125078e-24,
    "Sarah Hyland": 0.0
  },
  "averagePathLength": 1.25
}