{
  "numNodes": 33,
  "numEdges": 26,
  "selfLinks": 0,
  "numStrongComponents": 31,
  "numWeakComponents": 12,
  "sizeLargestStrong": 3,
  "sizeLargestWeak": 11,
  "radius": 1,
  "diameter": 2,
  "averageInDegree": 0.7878787878787878,
  "averageOutDegree": 0.7878787878787878,
  "maxOutDegree": 3,
  "maxInDegree": 6,
  "pageRank": {
    "Teardrops on My Guitar": 0.027301822945160117,
    "Tim McGraw (song)": 0.12463432424747535,
    "Discography": 0.027301822945160117,
    "Beautiful Eyes": 0.027301822945160117,
    "Breathe (Taylor Swift song)": 0.014369341674207666,
    "Change (Taylor Swift song)": 0.014369341674207666,
    "Tim McGraw": 0.05176324130161078,
    "Fan survey (how well do you know her)": 0.014369341674207666,
    "Taylor Swift discography": 0.014369341674207666,
    "David Cook": 0.027301822945160117,
    "David": 0.014369341674207666,
    "Fan Gallery": 0.014369341674207666,
    "Taylor Swift": 0.12332285143781463,
    "Teardrops on my Guitar": 0.014369341674207666,
    "List of songs": 0.014369341674207666,
    "Breathe (song)": 0.027301822945160117,
    "Change (song)": 0.027301822945160117,
    "Childhood pictures": 0.014369341674207666,
    "Taylor Swift's Childhood Pictures": 0.027301822945160117,
    "Beautiful Eyes (EP)": 0.014369341674207666,
    "List of Songs by Taylor Swift": 0.027301822945160117,
    "Fan Survey": 0.027301822945160117,
    "Safe and Sound (Lyrics)": 0.014369341674207666,
    "Fearless (Taylor Swift album)": 0.014369341674207666,
    "Fearless (album)": 0.027301822945160117,
    "Quotes": 0.014369341674207666,
    "Taylor Swift Quotes": 0.027301822945160117,
    "Safe & Sound (Lyrics)": 0.027301822945160117,
    "Big Machine Records": 0.11544641793869508,
    "Take Two with Phineas and Ferb": 0.014369341674207666,
    "Dan Wilson": 0.014369341674207666,
    "Come Back... Be Here": 0.027301822945160117,
    "Sarah Hyland": 0.014369341674207666
  },
  "hitsHubs": {
    "Teardrops on My Guitar": 0.21996661511585058,
    "Tim McGraw (song)": 0.19656458604108035,
    "Discography": 0.10513721731320605,
    "Beautiful Eyes": 0.0,
    "Breathe (Taylor Swift song)": 1.4006463300886273e-19,
    "Change (Taylor Swift song)": 1.4006463300886273e-19,
    "Tim McGraw": 0.048090531787600484,
    "Fan survey (how well do you know her)": 1.4006463300886273e-19,
    "Taylor Swift discography": 1.4006463300886273e-19,
    "David Cook": 0.0,
    "David": 1.4006463300886273e-19,
    "Fan Gallery": 0.10513721731320605,
    "Taylor Swift": 0.11482939780264455,
    "Teardrops on my Guitar": 1.4006463300886273e-19,
    "List of songs": 1.4006463300886273e-19,
    "Breathe (song)": 0.0,
    "Change (song)": 0.0,
    "Childhood pictures": 1.4006463300886273e-19,
    "Taylor Swift's Childhood Pictures": 0.0,
    "Beautiful Eyes (EP)": 1.4006463300886273e-19,
    "List of Songs by Taylor Swift": 0.0,
    "Fan Survey": 0.0,
    "Safe and Sound (Lyrics)": 1.4006463300886273e-19,
    "Fearless (Taylor Swift album)": 1.4006463300886273e-19,
    "Fearless (album)": 0.0,
    "Quotes": 1.4006463300886273e-19,
    "Taylor Swift Quotes": 0.0,
    "Safe & Sound (Lyrics)": 0.0,
    "Big Machine Records": 0.0,
    "Take Two with Phineas and Ferb": 0.10513721731320605,
    "Dan Wilson": 1.4006463300886273e-19,
    "Come Back... Be Here": 0.0,
    "Sarah Hyland": 0.10513721731320605
  },
  "hitsAuths": {
    "Teardrops on My Guitar": 5.724982753352524e-19,
    "Tim McGraw (song)": 0.19656458534121393,
    "Discography": 5.724982753352524e-19,
    "Beautiful Eyes": 5.724982753352524e-19,
    "Breathe (Taylor Swift song)": 0.0,
    "Change (Taylor Swift song)": 0.0,
    "Tim McGraw": 0.10091145009326263,
    "Fan survey (how well do you know her)": 0.0,
    "Taylor Swift discography": 0.0,
    "David Cook": 5.724982753352524e-19,
    "David": 0.0,
    "Fan Gallery": 0.0,
    "Taylor Swift": 0.429736431619747,
    "Teardrops on my Guitar": 0.0,
    "List of songs": 0.0,
    "Breathe (song)": 5.724982753352524e-19,
    "Change (song)": 5.724982753352524e-19,
    "Childhood pictures": 0.0,
    "Taylor Swift's Childhood Pictures": 5.724982753352524e-19,
    "Beautiful Eyes (EP)": 0.0,
    "List of Songs by Taylor Swift": 5.724982753352524e-19,
    "Fan Survey": 5.724982753352524e-19,
    "Safe and Sound (Lyrics)": 0.0,
    "Fearless (Taylor Swift album)": 0.0,
    "Fearless (album)": 5.724982753352524e-19,
    "Quotes": 0.0,
    "Taylor Swift Quotes": 5.724982753352524e-19,
    "Safe & Sound (Lyrics)": 5.724982753352524e-19,
    "Big Machine Records": 0.27278753294577635,
    "Take Two with Phineas and Ferb": 0.0,
    "Dan Wilson": 0.0,
    "Come Back... Be Here": 5.724982753352524e-19,
    "Sarah Hyland": 0.0
  },
  "averagePathLength": 1.3333333333333333
}