{
  "numNodes": 33,
  "numEdges": 29,
  "selfLinks": 0,
  "numStrongComponents": 30,
  "numWeakComponents": 12,
  "sizeLargestStrong": 4,
  "sizeLargestWeak": 11,
  "radius": 1,
  "diameter": 2,
  "averageInDegree": 0.8787878787878788,
  "averageOutDegree": 0.8787878787878788,
  "maxOutDegree": 4,
  "maxInDegree": 6,
  "pageRank": {
    "Teardrops on My Guitar": 0.08119046303894624,
    "Tim McGraw (song)": 0.1276652688683988,
    "Discography": 0.02469985592232016,
    "Beautiful Eyes": 0.02469985592232016,
    "Breathe (Taylor Swift song)": 0.012999848029506229,
    "Change (Taylor Swift song)": 0.012999848029506229,
    "Tim McGraw": 0.06949045514613231,
    "Fan survey (how well do you know her)": 0.012999848029506229,
    "Taylor Swift discography": 0.012999848029506229,
    "David Cook": 0.02469985592232016,
    "David": 0.012999848029506229,
    "Fan Gallery": 0.012999848029506229,
    "Taylor Swift": 0.12341044286345658,
    "Teardrops on my Guitar": 0.012999848029506229,
    "List of songs": 0.012999848029506229,
    "Breathe (song)": 0.02469985592232016,
    "Change (song)": 0.02469985592232016,
    "Childhood pictures": 0.012999848029506229,
    "Taylor Swift's Childhood Pictures": 0.02469985592232016,
    "Beautiful Eyes (EP)": 0.012999848029506229,
    "List of Songs by Taylor Swift": 0.02469985592232016,
    "Fan Survey": 0.02469985592232016,
    "Safe and Sound (Lyrics)": 0.012999848029506229,
    "Fearless (Taylor Swift album)": 0.012999848029506229,
    "Fearless (album)": 0.02469985592232016,
    "Quotes": 0.012999848029506229,
    "Taylor Swift Quotes": 0.02469985592232016,
    "Safe & Sound (Lyrics)": 0.02469985592232016,
    "Big Machine Records": 0.09384753054312453,
    "Take Two with Phineas and Ferb": 0.012999848029506229,
    "Dan Wilson": 0.012999848029506229,
    "Come Back... Be Here": 0.02469985592232016,
    "Sarah Hyland": 0.012999848029506229
  },
  "hitsHubs": {
    "Teardrops on My Guitar": 0.18056469857973242,
    "Tim McGraw (song)": 0.2313531705840587,
    "Discography": 0.0727047991669353,
    "Beautiful Eyes": 0.0,
    "Breathe (Taylor Swift song)": 3.4587539052783305e-25,
    "Change (Taylor Swift song)": 3.4587539052783305e-25,
    "Tim McGraw": 0.04425121587414099,
    "Fan survey (how well do you know her)": 3.4587539052783305e-25,
    "Taylor Swift discography": 3.4587539052783305e-25,
    "David Cook": 0.0,
    "David": 3.4587539052783305e-25,
    "Fan Gallery": 0.0727047991669353,
    "Taylor Swift": 0.20289958729126442,
    "Teardrops on my Guitar": 0.05011213100306237,
    "List of songs": 3.4587539052783305e-25,
    "Breathe (song)": 0.0,
    "Change (song)": 0.0,
    "Childhood pictures": 3.4587539052783305e-25,
    "Taylor Swift's Childhood Pictures": 0.0,
    "Beautiful Eyes (EP)": 3.4587539052783305e-25,
    "List of Songs by Taylor Swift": 0.0,
    "Fan Survey": 0.0,
    "Safe and Sound (Lyrics)": 3.4587539052783305e-25,
    "Fearless (Taylor Swift album)": 3.4587539052783305e-25,
    "Fearless (album)": 0.0,
    "Quotes": 3.4587539052783305e-25,
    "Taylor Swift Quotes": 0.0,
    "Safe & Sound (Lyrics)": 0.0,
    "Big Machine Records": 0.0,
    "Take Two with Phineas and Ferb": 0.0727047991669353,
    "Dan Wilson": 3.4587539052783305e-25,
    "Come Back... Be Here": 0.0,
    "Sarah Hyland": 0.0727047991669353
  },
  "hitsAuths": {
    "Teardrops on My Guitar": 0.18182631868474547,
    "Tim McGraw (song)": 0.160560637088599,
    "Discography": 1.2549705575179268e-24,
    "Beautiful Eyes": 1.2549705575179268e-24,
    "Breathe (Taylor Swift song)": 0.0,
    "Change (Taylor Swift song)": 0.0,
    "Tim McGraw": 0.1630146655239066,
    "Fan survey (how well do you know her)": 0.0,
    "Taylor Swift discography": 0.0,
    "David Cook": 1.2549705575179268e-24,
    "David": 0.0,
    "Fan Gallery": 0.0,
    "Taylor Swift": 0.26380131354680836,
    "Teardrops on my Guitar": 0.0,
    "List of songs": 0.0,
    "Breathe (song)": 1.2549705575179268e-24,
    "Change (song)": 1.2549705575179268e-24,
    "Childhood pictures": 0.0,
    "Taylor Swift's Childhood Pictures": 1.2549705575179268e-24,
    "Beautiful Eyes (EP)": 0.0,
    "List of Songs by Taylor Swift": 1.2549705575179268e-24,
    "Fan Survey": 1.2549705575179268e-24,
    "Safe and Sound (Lyrics)": 0.0,
    "Fearless (Taylor Swift album)": 0.0,
    "Fearless (album)": 1.2549705575179268e-24,
    "Quotes": 0.0,
    "Taylor Swift Quotes": 1.2549705575179268e-24,
    "Safe & Sound (Lyrics)": 1.2549705575179268e-24,
    "Big Machine Records": 0.2307970651559405,
    "Take Two with Phineas and Ferb": 0.0,
    "Dan Wilson": 0.0,
    "Come Back... Be Here": 1.2549705575179268e-24,
    "Sarah Hyland": 0.0
  },
  "averagePathLength": 1.25
}