{
  "numNodes": 29,
  "numEdges": 22,
  "selfLinks": 0,
  "numStrongComponents": 27,
  "numWeakComponents": 11,
  "sizeLargestStrong": 3,
  "sizeLargestWeak": 9,
  "radius": 1,
  "diameter": 2,
  "averageInDegree": 0.7586206896551724,
  "averageOutDegree": 0.7586206896551724,
  "maxOutDegree": 3,
  "maxInDegree": 5,
  "pageRank": {
    "Tim McGraw (song)": 0.13908070584619192,
    "Discography": 0.02964186539919226,
    "Breathe (Taylor Swift song)": 0.015600878892131114,
    "Change (Taylor Swift song)": 0.015600878892131114,
    "Tim McGraw": 0.09516091427457804,
    "Fan survey (how well do you know her)": 0.015600878892131114,
    "Taylor Swift discography": 0.015600878892131114,
    "David Cook": 0.02964186539919226,
    "David": 0.015600878892131114,
    "Fan Gallery": 0.015600878892131114,
    "Taylor Swift": 0.12612464172370144,
    "List of songs": 0.015600878892131114,
    "Breathe (song)": 0.02964186539919226,
    "Change (song)": 0.02964186539919226,
    "Childhood pictures": 0.015600878892131114,
    "Taylor Swift's Childhood Pictures": 0.02964186539919226,
    "List of Songs by Taylor Swift": 0.02964186539919226,
    "Fan Survey": 0.02964186539919226,
    "Safe and Sound (Lyrics)": 0.015600878892131114,
    "Fearless (Taylor Swift album)": 0.015600878892131114,
    "Fearless (album)": 0.02964186539919226,
    "Quotes": 0.015600878892131114,
    "Taylor Swift Quotes": 0.02964186539919226,
    "Safe & Sound (Lyrics)": 0.02964186539919226,
    "Big Machine Records": 0.09516091427457804,
    "Take Two with Phineas and Ferb": 0.015600878892131114,
    "Dan Wilson": 0.015600878892131114,
    "Come Back... Be Here": 0.02964186539919226,
    "Sarah Hyland": 0.015600878892131114
  },
  "hitsHubs": {
    "Tim McGraw (song)": 0.2749767587607334,
    "Discography": 0.1262861842468061,
    "Breathe (Taylor Swift song)": 1.3980230340791225e-27,
    "Change (Taylor Swift song)": 1.3980230340791225e-27,
    "Tim McGraw": 0.03559396486905745,
    "Fan survey (how well do you know her)": 1.3980230340791225e-27,
    "Taylor Swift discography": 1.3980230340791225e-27,
    "David Cook": 0.0,
    "David": 1.3980230340791225e-27,
    "Fan Gallery": 0.1262861842468061,
    "Taylor Swift": 0.18428453938298478,
    "List of songs": 1.3980230340791225e-27,
    "Breathe (song)": 0.0,
    "Change (song)": 0.0,
    "Childhood pictures": 1.3980230340791225e-27,
    "Taylor Swift's Childhood Pictures": 0.0,
    "List of Songs by Taylor Swift": 0.0,
    "Fan Survey": 0.0,
    "Safe and Sound (Lyrics)": 1.3980230340791225e-27,
    "Fearless (Taylor Swift album)": 1.3980230340791225e-27,
    "Fearless (album)": 0.0,
    "Quotes": 1.3980230340791225e-27,
    "Taylor Swift Quotes": 0.0,
    "Safe & Sound (Lyrics)": 0.0,
    "Big Machine Records": 0.0,
    "Take Two with Phineas and Ferb": 0.1262861842468061,
    "Dan Wilson": 1.3980230340791225e-27,
    "Come Back... Be Here": 0.0,
    "Sarah Hyland": 0.1262861842468061
  },
  "hitsAuths": {
    "Tim McGraw (song)": 0.11460824269929087,
    "Discography": 4.50146432908984e-27,
    "Breathe (Taylor Swift song)": 0.0,
    "Change (Taylor Swift song)": 0.0,
    "Tim McGraw": 0.23938279303359367,
    "Fan survey (how well do you know her)": 0.0,
    "Taylor Swift discography": 0.0,
    "David Cook": 4.50146432908984e-27,
    "David": 0.0,
    "Fan Gallery": 0.0,
    "Taylor Swift": 0.40662617123352185,
    "List of songs": 0.0,
    "Breathe (song)": 4.50146432908984e-27,
    "Change (song)": 4.50146432908984e-27,
    "Childhood pictures": 0.0,
    "Taylor Swift's Childhood Pictures": 4.50146432908984e-27,
    "List of Songs by Taylor Swift": 4.50146432908984e-27,
    "Fan Survey": 4.50146432908984e-27,
    "Safe and Sound (Lyrics)": 0.0,
    "Fearless (Taylor Swift album)": 0.0,
    "Fearless (album)": 4.50146432908984e-27,
    "Quotes": 0.0,
    "Taylor Swift Quotes": 4.50146432908984e-27,
    "Safe & Sound (Lyrics)": 4.50146432908984e-27,
    "Big Machine Records": 0.23938279303359367,
    "Take Two with Phineas and Ferb": 0.0,
    "Dan Wilson": 0.0,
    "Come Back... Be Here": 4.50146432908984e-27,
    "Sarah Hyland": 0.0
  },
  "averagePathLength": 1.1666666666666667
}