{
  "numNodes": 33,
  "numEdges": 28,
  "selfLinks": 0,
  "numStrongComponents": 30,
  "numWeakComponents": 12,
  "sizeLargestStrong": 4,
  "sizeLargestWeak": 11,
  "radius": 1,
  "diameter": 2,
  "averageInDegree": 0.8484848484848485,
  "averageOutDegree": 0.8484848484848485,
  "maxOutDegree": 4,
  "maxInDegree": 6,
  "pageRank": {
    "Teardrops on My Guitar": 0.08919120887811975,
    "Tim McGraw (song)": 0.11339779813016525,
    "Discography": 0.02588567868273379,
    "Beautiful Eyes": 0.02588567868273379,
    "Breathe (Taylor Swift song)": 0.013623971810118315,
    "Change (Taylor Swift song)": 0.013623971810118315,
    "Tim McGraw": 0.03913613838795656,
    "Fan survey (how well do you know her)": 0.013623971810118315,
    "Taylor Swift discography": 0.013623971810118315,
    "David Cook": 0.02588567868273379,
    "David": 0.013623971810118315,
    "Fan Gallery": 0.013623971810118315,
    "Taylor Swift": 0.12597632949596618,
    "Teardrops on my Guitar": 0.013623971810118315,
    "List of songs": 0.013623971810118315,
    "Breathe (song)": 0.02588567868273379,
    "Change (song)": 0.02588567868273379,
    "Childhood pictures": 0.013623971810118315,
    "Taylor Swift's Childhood Pictures": 0.02588567868273379,
    "Beautiful Eyes (EP)": 0.013623971810118315,
    "List of Songs by Taylor Swift": 0.02588567868273379,
    "Fan Survey": 0.02588567868273379,
    "Safe and Sound (Lyrics)": 0.013623971810118315,
    "Fearless (Taylor Swift album)": 0.013623971810118315,
    "Fearless (album)": 0.02588567868273379,
    "Quotes": 0.013623971810118315,
    "Taylor Swift Quotes": 0.02588567868273379,
    "Safe & Sound (Lyrics)": 0.02588567868273379,
    "Big Machine Records": 0.10368683195309393,
    "Take Two with Phineas and Ferb": 0.013623971810118315,
    "Dan Wilson": 0.013623971810118315,
    "Come Back... Be Here": 0.02588567868273379,
    "Sarah Hyland": 0.013623971810118315
  },
  "hitsHubs": {
    "Teardrops on My Guitar": 0.19275000068072815,
    "Tim McGraw (song)": 0.22121874646918493,
    "Discography": 0.08453155262695658,
    "Beautiful Eyes": 0.0,
    "Breathe (Taylor Swift song)": 1.8726789553721443e-22,
    "Change (Taylor Swift song)": 1.8726789553721443e-22,
    "Tim McGraw": 0.044158923481315907,
    "Fan survey (how well do you know her)": 1.8726789553721443e-22,
    "Taylor Swift discography": 1.8726789553721443e-22,
    "David Cook": 0.0,
    "David": 1.8726789553721443e-22,
    "Fan Gallery": 0.08453155262695658,
    "Taylor Swift": 0.15598228345735815,
    "Teardrops on my Guitar": 0.047763835403586544,
    "List of songs": 1.8726789553721443e-22,
    "Breathe (song)": 0.0,
    "Change (song)": 0.0,
    "Childhood pictures": 1.8726789553721443e-22,
    "Taylor Swift's Childhood Pictures": 0.0,
    "Beautiful Eyes (EP)": 1.8726789553721443e-22,
    "List of Songs by Taylor Swift": 0.0,
    "Fan Survey": 0.0,
    "Safe and Sound (Lyrics)": 1.8726789553721443e-22,
    "Fearless (Taylor Swift album)": 1.8726789553721443e-22,
    "Fearless (album)": 0.0,
    "Quotes": 1.8726789553721443e-22,
    "Taylor Swift Quotes": 0.0,
    "Safe & Sound (Lyrics)": 0.0,
    "Big Machine Records": 0.0,
    "Take Two with Phineas and Ferb": 0.08453155262695658,
    "Dan Wilson": 1.8726789553721443e-22,
    "Come Back... Be Here": 0.0,
    "Sarah Hyland": 0.08453155262695658
  },
  "hitsAuths": {
    "Teardrops on My Guitar": 0.17998438004409198,
    "Tim McGraw (song)": 0.16640029844844362,
    "Discography": 7.056656107205413e-22,
    "Beautiful Eyes": 7.056656107205413e-22,
    "Breathe (Taylor Swift song)": 0.0,
    "Change (Taylor Swift song)": 0.0,
    "Tim McGraw": 0.09369226081012692,
    "Fan survey (how well do you know her)": 0.0,
    "Taylor Swift discography": 0.0,
    "David Cook": 7.056656107205413e-22,
    "David": 0.0,
    "Fan Gallery": 0.0,
    "Taylor Swift": 0.3185330274499874,
    "Teardrops on my Guitar": 0.0,
    "List of songs": 0.0,
    "Breathe (song)": 7.056656107205413e-22,
    "Change (song)": 7.056656107205413e-22,
    "Childhood pictures": 0.0,
    "Taylor Swift's Childhood Pictures": 7.056656107205413e-22,
    "Beautiful Eyes (EP)": 0.0,
    "List of Songs by Taylor Swift": 7.056656107205413e-22,
    "Fan Survey": 7.056656107205413e-22,
    "Safe and Sound (Lyrics)": 0.0,
    "Fearless (Taylor Swift album)": 0.0,
    "Fearless (album)": 7.056656107205413e-22,
    "Quotes": 0.0,
    "Taylor Swift Quotes": 7.056656107205413e-22,
    "Safe & Sound (Lyrics)": 7.056656107205413e-22,
    "Big Machine Records": 0.2413900332473501,
    "Take Two with Phineas and Ferb": 0.0,
    "Dan Wilson": 0.0,
    "Come Back... Be Here": 7.056656107205413e-22,
    "Sarah Hyland": 0.0
  },
  "averagePathLength": 1.3333333333333333
}