{
  "numNodes": 39,
  "numEdges": 40,
  "selfLinks": 0,
  "numStrongComponents": 33,
  "numWeakComponents": 13,
  "sizeLargestStrong": 7,
  "sizeLargestWeak": 15,
  "radius": 2,
  "diameter": 3,
  "averageInDegree": 1.0256410256410255,
  "averageOutDegree": 1.0256410256410255,
  "maxOutDegree": 6,
  "maxInDegree": 8,
  "pageRank": {
    "Picture to Burn": 0.019433979396514908,
    "Teardrops on My Guitar": 0.0775949812283448,
    "Tim McGraw (song)": 0.09100682138698432,
    "Discography": 0.019433979396514908,
    "Our Song (song)": 0.06300395325748703,
    "Sounds of the Season: The Taylor Swift Holiday Collection": 0.029012049570756294,
    "Beautiful Eyes": 0.019433979396514908,
    "Our Song (Taylor Swift song)": 0.029012049570756294,
    "Breathe (Taylor Swift song)": 0.010228261312115414,
    "Change (Taylor Swift song)": 0.010228261312115414,
    "Tim McGraw": 0.04948849221077558,
    "Picture to burn": 0.010228261312115414,
    "Fan survey (how well do you know her)": 0.010228261312115414,
    "Taylor Swift discography": 0.010228261312115414,
    "David Cook": 0.019433979396514908,
    "David": 0.010228261312115414,
    "Fan Gallery": 0.010228261312115414,
    "Taylor Swift": 0.12522781724167092,
    "Teardrops on my Guitar": 0.010228261312115414,
    "List of songs": 0.010228261312115414,
    "Breathe (song)": 0.019433979396514908,
    "Change (song)": 0.019433979396514908,
    "Childhood pictures": 0.010228261312115414,
    "Taylor Swift's Childhood Pictures": 0.019433979396514908,
    "Our Song": 0.010228261312115414,
    "Beautiful Eyes (EP)": 0.010228261312115414,
    "List of Songs by Taylor Swift": 0.019433979396514908,
    "Fan Survey": 0.019433979396514908,
    "Safe and Sound (Lyrics)": 0.010228261312115414,
    "Fearless (Taylor Swift album)": 0.010228261312115414,
    "Fearless (album)": 0.019433979396514908,
    "Quotes": 0.010228261312115414,
    "Taylor Swift Quotes": 0.019433979396514908,
    "Safe & Sound (Lyrics)": 0.019433979396514908,
    "Big Machine Records": 0.09890339976045348,
    "Take Two with Phineas and Ferb": 0.010228261312115414,
    "Dan Wilson": 0.010228261312115414,
    "Come Back... Be Here": 0.019433979396514908,
    "Sarah Hyland": 0.010228261312115414
  },
  "hitsHubs": {
    "Picture to Burn": 0.0,
    "Teardrops on My Guitar": 0.1391937117326099,
    "Tim McGraw (song)": 0.16274751563136702,
    "Discography": 0.05496449786671208,
    "Our Song (song)": 0.14019000229387849,
    "Sounds of the Season: The Taylor Swift Holiday Collection": 0.10507049551913851,
    "Beautiful Eyes": 0.0,
    "Our Song (Taylor Swift song)": 0.011642603558191248,
    "Breathe (Taylor Swift song)": 1.03834398319281e-25,
    "Change (Taylor Swift song)": 1.03834398319281e-25,
    "Tim McGraw": 0.022480612655280136,
    "Picture to burn": 1.03834398319281e-25,
    "Fan survey (how well do you know her)": 1.03834398319281e-25,
    "Taylor Swift discography": 1.03834398319281e-25,
    "David Cook": 0.0,
    "David": 1.03834398319281e-25,
    "Fan Gallery": 0.05496449786671208,
    "Taylor Swift": 0.1520549568097551,
    "Teardrops on my Guitar": 0.03511950677473996,
    "List of songs": 1.03834398319281e-25,
    "Breathe (song)": 0.0,
    "Change (song)": 0.0,
    "Childhood pictures": 1.03834398319281e-25,
    "Taylor Swift's Childhood Pictures": 0.0,
    "Our Song": 0.011642603558191248,
    "Beautiful Eyes (EP)": 1.03834398319281e-25,
    "List of Songs by Taylor Swift": 0.0,
    "Fan Survey": 0.0,
    "Safe and Sound (Lyrics)": 1.03834398319281e-25,
    "Fearless (Taylor Swift album)": 1.03834398319281e-25,
    "Fearless (album)": 0.0,
    "Quotes": 1.03834398319281e-25,
    "Taylor Swift Quotes": 0.0,
    "Safe & Sound (Lyrics)": 0.0,
    "Big Machine Records": 0.0,
    "Take Two with Phineas and Ferb": 0.05496449786671208,
    "Dan Wilson": 1.03834398319281e-25,
    "Come Back... Be Here": 0.0,
    "Sarah Hyland": 0.05496449786671208
  },
  "hitsAuths": {
    "Picture to Burn": 4.7486243913359e-25,
    "Teardrops on My Guitar": 0.16061088539215734,
    "Tim McGraw (song)": 0.10280984655854167,
    "Discography": 4.7486243913359e-25,
    "Our Song (song)": 0.05324473597379624,
    "Sounds of the Season: The Taylor Swift Holiday Collection": 0.049828778174297005,
    "Beautiful Eyes": 4.7486243913359e-25,
    "Our Song (Taylor Swift song)": 0.049828778174297005,
    "Breathe (Taylor Swift song)": 0.0,
    "Change (Taylor Swift song)": 0.0,
    "Tim McGraw": 0.10316153391952813,
    "Picture to burn": 0.0,
    "Fan survey (how well do you know her)": 0.0,
    "Taylor Swift discography": 0.0,
    "David Cook": 4.7486243913359e-25,
    "David": 0.0,
    "Fan Gallery": 0.0,
    "Taylor Swift": 0.2513673305303228,
    "Teardrops on my Guitar": 0.0,
    "List of songs": 0.0,
    "Breathe (song)": 4.7486243913359e-25,
    "Change (song)": 4.7486243913359e-25,
    "Childhood pictures": 0.0,
    "Taylor Swift's Childhood Pictures": 4.7486243913359e-25,
    "Our Song": 0.0,
    "Beautiful Eyes (EP)": 0.0,
    "List of Songs by Taylor Swift": 4.7486243913359e-25,
    "Fan Survey": 4.7486243913359e-25,
    "Safe and Sound (Lyrics)": 0.0,
    "Fearless (Taylor Swift album)": 0.0,
    "Fearless (album)": 4.7486243913359e-25,
    "Quotes": 0.0,
    "Taylor Swift Quotes": 4.7486243913359e-25,
    "Safe & Sound (Lyrics)": 4.7486243913359e-25,
    "Big Machine Records": 0.22914811127705972,
    "Take Two with Phineas and Ferb": 0.0,
    "Dan Wilson": 0.0,
    "Come Back... Be Here": 4.7486243913359e-25,
    "Sarah Hyland": 0.0
  },
  "averagePathLength": 1.7857142857142858
}