{
  "numNodes": 38,
  "numEdges": 42,
  "selfLinks": 0,
  "numStrongComponents": 33,
  "numWeakComponents": 12,
  "sizeLargestStrong": 6,
  "sizeLargestWeak": 16,
  "radius": 2,
  "diameter": 4,
  "averageInDegree": 1.105263157894737,
  "averageOutDegree": 1.105263157894737,
  "maxOutDegree": 5,
  "maxInDegree": 8,
  "pageRank": {
    "Picture to Burn": 0.01858723013290387,
    "Teardrops on My Guitar": 0.08675824914209736,
    "Tim McGraw (song)": 0.10307915667306002,
    "Discography": 0.01858723013290387,
    "Our Song (song)": 0.06727504326076829,
    "Beautiful Eyes": 0.01858723013290387,
    "Our Song (Taylor Swift song)": 0.05409894075727678,
    "Breathe (Taylor Swift song)": 0.00978269987758475,
    "Change (Taylor Swift song)": 0.00978269987758475,
    "Tim McGraw": 0.05442525804275276,
    "Picture to burn": 0.00978269987758475,
    "Fan survey (how well do you know her)": 0.00978269987758475,
    "Taylor Swift discography": 0.00978269987758475,
    "David Cook": 0.01858723013290387,
    "David": 0.00978269987758475,
    "Fan Gallery": 0.00978269987758475,
    "Taylor Swift": 0.11916660956014331,
    "Teardrops on my Guitar": 0.00978269987758475,
    "List of songs": 0.00978269987758475,
    "Breathe (song)": 0.01858723013290387,
    "Change (song)": 0.01858723013290387,
    "Childhood pictures": 0.00978269987758475,
    "Taylor Swift's Childhood Pictures": 0.01858723013290387,
    "Our Song": 0.00978269987758475,
    "Beautiful Eyes (EP)": 0.00978269987758475,
    "List of Songs by Taylor Swift": 0.01858723013290387,
    "Fan Survey": 0.01858723013290387,
    "Safe and Sound (Lyrics)": 0.00978269987758475,
    "Fearless (Taylor Swift album)": 0.00978269987758475,
    "Fearless (album)": 0.01858723013290387,
    "Quotes": 0.00978269987758475,
    "Taylor Swift Quotes": 0.01858723013290387,
    "Safe & Sound (Lyrics)": 0.01858723013290387,
    "Big Machine Records": 0.09747415303962566,
    "Take Two with Phineas and Ferb": 0.00978269987758475,
    "Dan Wilson": 0.00978269987758475,
    "Come Back... Be Here": 0.01858723013290387,
    "Sarah Hyland": 0.00978269987758475
  },
  "hitsHubs": {
    "Picture to Burn": 0.1833262600866773,
    "Teardrops on My Guitar": 0.14610993764868363,
    "Tim McGraw (song)": 0.14283133358935401,
    "Discography": 0.04487882541680733,
    "Our Song (song)": 0.12559798703971622,
    "Beautiful Eyes": 0.0,
    "Our Song (Taylor Swift song)": 1.2540530721035365e-16,
    "Breathe (Taylor Swift song)": 1.9135331300407967e-21,
    "Change (Taylor Swift song)": 1.9135331300407967e-21,
    "Tim McGraw": 0.029722076310837654,
    "Picture to burn": 1.9135331300407967e-21,
    "Fan survey (how well do you know her)": 1.9135331300407967e-21,
    "Taylor Swift discography": 1.9135331300407967e-21,
    "David Cook": 0.0,
    "David": 1.9135331300407967e-21,
    "Fan Gallery": 0.04487882541680733,
    "Taylor Swift": 0.15568078121950774,
    "Teardrops on my Guitar": 0.0372163224379937,
    "List of songs": 1.9135331300407967e-21,
    "Breathe (song)": 0.0,
    "Change (song)": 0.0,
    "Childhood pictures": 1.9135331300407967e-21,
    "Taylor Swift's Childhood Pictures": 0.0,
    "Our Song": 1.2540530721035365e-16,
    "Beautiful Eyes (EP)": 1.9135331300407967e-21,
    "List of Songs by Taylor Swift": 0.0,
    "Fan Survey": 0.0,
    "Safe and Sound (Lyrics)": 1.9135331300407967e-21,
    "Fearless (Taylor Swift album)": 1.9135331300407967e-21,
    "Fearless (album)": 0.0,
    "Quotes": 1.9135331300407967e-21,
    "Taylor Swift Quotes": 0.0,
    "Safe & Sound (Lyrics)": 0.0,
    "Big Machine Records": 0.0,
    "Take Two with Phineas and Ferb": 0.04487882541680733,
    "Dan Wilson": 1.9135331300407967e-21,
    "Come Back... Be Here": 0.0,
    "Sarah Hyland": 0.04487882541680733
  },
  "hitsAuths": {
    "Picture to Burn": 9.540969700397858e-21,
    "Teardrops on My Guitar": 0.1855624024307144,
    "Tim McGraw (song)": 0.14819572499827538,
    "Discography": 9.540969700397858e-21,
    "Our Song (song)": 6.25276990285274e-16,
    "Beautiful Eyes": 9.540969700397858e-21,
    "Our Song (Taylor Swift song)": 0.13964026558402884,
    "Breathe (Taylor Swift song)": 0.0,
    "Change (Taylor Swift song)": 0.0,
    "Tim McGraw": 0.08592630808699116,
    "Picture to burn": 0.0,
    "Fan survey (how well do you know her)": 0.0,
    "Taylor Swift discography": 0.0,
    "David Cook": 9.540969700397858e-21,
    "David": 0.0,
    "Fan Gallery": 0.0,
    "Taylor Swift": 0.2237680167481997,
    "Teardrops on my Guitar": 0.0,
    "List of songs": 0.0,
    "Breathe (song)": 9.540969700397858e-21,
    "Change (song)": 9.540969700397858e-21,
    "Childhood pictures": 0.0,
    "Taylor Swift's Childhood Pictures": 9.540969700397858e-21,
    "Our Song": 0.0,
    "Beautiful Eyes (EP)": 0.0,
    "List of Songs by Taylor Swift": 9.540969700397858e-21,
    "Fan Survey": 9.540969700397858e-21,
    "Safe and Sound (Lyrics)": 0.0,
    "Fearless (Taylor Swift album)": 0.0,
    "Fearless (album)": 9.540969700397858e-21,
    "Quotes": 0.0,
    "Taylor Swift Quotes": 9.540969700397858e-21,
    "Safe & Sound (Lyrics)": 9.540969700397858e-21,
    "Big Machine Records": 0.21690728215178992,
    "Take Two with Phineas and Ferb": 0.0,
    "Dan Wilson": 0.0,
    "Come Back... Be Here": 9.540969700397858e-21,
    "Sarah Hyland": 0.0
  },
  "averagePathLength": 1.7333333333333334
}