{
  "numNodes": 33,
  "numEdges": 28,
  "selfLinks": 0,
  "numStrongComponents": 30,
  "numWeakComponents": 12,
  "sizeLargestStrong": 4,
  "sizeLargestWeak": 11,
  "radius": 1,
  "diameter": 2,
  "averageInDegree": 0.8484848484848485,
  "averageOutDegree": 0.8484848484848485,
  "maxOutDegree": 4,
  "maxInDegree": 6,
  "pageRank": {
    "Teardrops on My Guitar": 0.05596371870500222,
    "Tim McGraw (song)": 0.1374858275237424,
    "Discography": 0.02503089053217158,
    "Beautiful Eyes": 0.02503089053217158,
    "Breathe (Taylor Swift song)": 0.013174066355460923,
    "Change (Taylor Swift song)": 0.013174066355460923,
    "Tim McGraw": 0.07980540214597628,
    "Fan survey (how well do you know her)": 0.013174066355460923,
    "Taylor Swift discography": 0.013174066355460923,
    "David Cook": 0.02503089053217158,
    "David": 0.013174066355460923,
    "Fan Gallery": 0.013174066355460923,
    "Taylor Swift": 0.11899477884762305,
    "Teardrops on my Guitar": 0.013174066355460923,
    "List of songs": 0.013174066355460923,
    "Breathe (song)": 0.02503089053217158,
    "Change (song)": 0.02503089053217158,
    "Childhood pictures": 0.013174066355460923,
    "Taylor Swift's Childhood Pictures": 0.02503089053217158,
    "Beautiful Eyes (EP)": 0.013174066355460923,
    "List of Songs by Taylor Swift": 0.02503089053217158,
    "Fan Survey": 0.02503089053217158,
    "Safe and Sound (Lyrics)": 0.013174066355460923,
    "Fearless (Taylor Swift album)": 0.013174066355460923,
    "Fearless (album)": 0.02503089053217158,
    "Quotes": 0.013174066355460923,
    "Taylor Swift Quotes": 0.02503089053217158,
    "Safe & Sound (Lyrics)": 0.02503089053217158,
    "Big Machine Records": 0.09659452470422239,
    "Take Two with Phineas and Ferb": 0.013174066355460923,
    "Dan Wilson": 0.013174066355460923,
    "Come Back... Be Here": 0.02503089053217158,
    "Sarah Hyland": 0.013174066355460923
  },
  "hitsHubs": {
    "Teardrops on My Guitar": 0.19790012083165046,
    "Tim McGraw (song)": 0.2245642140812813,
    "Discography": 0.08772580669193797,
    "Beautiful Eyes": 0.0,
    "Breathe (Taylor Swift song)": 2.3470819867563342e-22,
    "Change (Taylor Swift song)": 2.3470819867563342e-22,
    "Tim McGraw": 0.04489701546498661,
    "Fan survey (how well do you know her)": 2.3470819867563342e-22,
    "Taylor Swift discography": 2.3470819867563342e-22,
    "David Cook": 0.0,
    "David": 2.3470819867563342e-22,
    "Fan Gallery": 0.08772580669193797,
    "Taylor Swift": 0.1530031050378989,
    "Teardrops on my Guitar": 0.028732317816431045,
    "List of songs": 2.3470819867563342e-22,
    "Breathe (song)": 0.0,
    "Change (song)": 0.0,
    "Childhood pictures": 2.3470819867563342e-22,
    "Taylor Swift's Childhood Pictures": 0.0,
    "Beautiful Eyes (EP)": 2.3470819867563342e-22,
    "List of Songs by Taylor Swift": 0.0,
    "Fan Survey": 0.0,
    "Safe and Sound (Lyrics)": 2.3470819867563342e-22,
    "Fearless (Taylor Swift album)": 2.3470819867563342e-22,
    "Fearless (album)": 0.0,
    "Quotes": 2.3470819867563342e-22,
    "Taylor Swift Quotes": 0.0,
    "Safe & Sound (Lyrics)": 0.0,
    "Big Machine Records": 0.0,
    "Take Two with Phineas and Ferb": 0.08772580669193797,
    "Dan Wilson": 2.3470819867563342e-22,
    "Come Back... Be Here": 0.0,
    "Sarah Hyland": 0.08772580669193797
  },
  "hitsAuths": {
    "Teardrops on My Guitar": 0.1066287638663712,
    "Tim McGraw (song)": 0.16661771914492643,
    "Discography": 8.71027713600382e-22,
    "Beautiful Eyes": 8.71027713600382e-22,
    "Breathe (Taylor Swift song)": 0.0,
    "Change (Taylor Swift song)": 0.0,
    "Tim McGraw": 0.15894231229592337,
    "Fan survey (how well do you know her)": 0.0,
    "Taylor Swift discography": 0.0,
    "David Cook": 8.71027713600382e-22,
    "David": 0.0,
    "Fan Gallery": 0.0,
    "Taylor Swift": 0.3255600326609324,
    "Teardrops on my Guitar": 0.0,
    "List of songs": 0.0,
    "Breathe (song)": 8.71027713600382e-22,
    "Change (song)": 8.71027713600382e-22,
    "Childhood pictures": 0.0,
    "Taylor Swift's Childhood Pictures": 8.71027713600382e-22,
    "Beautiful Eyes (EP)": 0.0,
    "List of Songs by Taylor Swift": 8.71027713600382e-22,
    "Fan Survey": 8.71027713600382e-22,
    "Safe and Sound (Lyrics)": 0.0,
    "Fearless (Taylor Swift album)": 0.0,
    "Fearless (album)": 8.71027713600382e-22,
    "Quotes": 0.0,
    "Taylor Swift Quotes": 8.71027713600382e-22,
    "Safe & Sound (Lyrics)": 8.71027713600382e-22,
    "Big Machine Records": 0.24225117203184665,
    "Take Two with Phineas and Ferb": 0.0,
    "Dan Wilson": 0.0,
    "Come Back... Be Here": 8.71027713600382e-22,
    "Sarah Hyland": 0.0
  },
  "averagePathLength": 1.3333333333333333
}