{
  "numNodes": 39,
  "numEdges": 45,
  "selfLinks": 0,
  "numStrongComponents": 33,
  "numWeakComponents": 12,
  "sizeLargestStrong": 7,
  "sizeLargestWeak": 17,
  "radius": 2,
  "diameter": 4,
  "averageInDegree": 1.1538461538461537,
  "averageOutDegree": 1.1538461538461537,
  "maxOutDegree": 6,
  "maxInDegree": 9,
  "pageRank": {
    "Picture to Burn": 0.01809539175065136,
    "Teardrops on My Guitar": 0.08027702488749666,
    "Tim McGraw (song)": 0.09433533523401334,
    "Discography": 0.01809539175065136,
    "Our Song (song)": 0.06282163619798027,
    "Sounds of the Season: The Taylor Swift Holiday Collection": 0.02837651694464933,
    "Beautiful Eyes": 0.01809539175065136,
    "Our Song (Taylor Swift song)": 0.04969588369743908,
    "Breathe (Taylor Swift song)": 0.009523826238547079,
    "Change (Taylor Swift song)": 0.009523826238547079,
    "Tim McGraw": 0.04960218568332666,
    "Picture to burn": 0.009523826238547079,
    "Fan survey (how well do you know her)": 0.009523826238547079,
    "Taylor Swift discography": 0.009523826238547079,
    "David Cook": 0.01809539175065136,
    "David": 0.009523826238547079,
    "Fan Gallery": 0.009523826238547079,
    "Taylor Swift": 0.1256852915002569,
    "Teardrops on my Guitar": 0.009523826238547079,
    "List of songs": 0.009523826238547079,
    "Breathe (song)": 0.01809539175065136,
    "Change (song)": 0.01809539175065136,
    "Childhood pictures": 0.009523826238547079,
    "Taylor Swift's Childhood Pictures": 0.01809539175065136,
    "Our Song": 0.009523826238547079,
    "Beautiful Eyes (EP)": 0.009523826238547079,
    "List of Songs by Taylor Swift": 0.01809539175065136,
    "Fan Survey": 0.01809539175065136,
    "Safe and Sound (Lyrics)": 0.009523826238547079,
    "Fearless (Taylor Swift album)": 0.009523826238547079,
    "Fearless (album)": 0.01809539175065136,
    "Quotes": 0.009523826238547079,
    "Taylor Swift Quotes": 0.01809539175065136,
    "Safe & Sound (Lyrics)": 0.01809539175065136,
    "Big Machine Records": 0.1025371608025223,
    "Take Two with Phineas and Ferb": 0.009523826238547079,
    "Dan Wilson": 0.009523826238547079,
    "Come Back... Be Here": 0.01809539175065136,
    "Sarah Hyland": 0.009523826238547079
  },
  "hitsHubs": {
    "Picture to Burn": 0.16444887903522637,
    "Teardrops on My Guitar": 0.13300777250249612,
    "Tim McGraw (song)": 0.13046655971366294,
    "Discography": 0.04288973851179403,
    "Our Song (song)": 0.11574265347148122,
    "Sounds of the Season: The Taylor Swift Holiday Collection": 0.08430154693875094,
    "Beautiful Eyes": 0.0,
    "Our Song (Taylor Swift song)": 3.702230240270565e-18,
    "Breathe (Taylor Swift song)": 2.8245775148548624e-23,
    "Change (Taylor Swift song)": 2.8245775148548624e-23,
    "Tim McGraw": 0.02502431409028332,
    "Picture to burn": 2.8245775148548624e-23,
    "Fan survey (how well do you know her)": 2.8245775148548624e-23,
    "Taylor Swift discography": 2.8245775148548624e-23,
    "David Cook": 0.0,
    "David": 2.8245775148548624e-23,
    "Fan Gallery": 0.04288973851179403,
    "Taylor Swift": 0.1440082136681928,
    "Teardrops on my Guitar": 0.031441106532730266,
    "List of songs": 2.8245775148548624e-23,
    "Breathe (song)": 0.0,
    "Change (song)": 0.0,
    "Childhood pictures": 2.8245775148548624e-23,
    "Taylor Swift's Childhood Pictures": 0.0,
    "Our Song": 3.702230240270565e-18,
    "Beautiful Eyes (EP)": 2.8245775148548624e-23,
    "List of Songs by Taylor Swift": 0.0,
    "Fan Survey": 0.0,
    "Safe and Sound (Lyrics)": 2.8245775148548624e-23,
    "Fearless (Taylor Swift album)": 2.8245775148548624e-23,
    "Fearless (album)": 0.0,
    "Quotes": 2.8245775148548624e-23,
    "Taylor Swift Quotes": 0.0,
    "Safe & Sound (Lyrics)": 0.0,
    "Big Machine Records": 0.0,
    "Take Two with Phineas and Ferb": 0.04288973851179403,
    "Dan Wilson": 2.8245775148548624e-23,
    "Come Back... Be Here": 0.0,
    "Sarah Hyland": 0.04288973851179403
  },
  "hitsAuths": {
    "Picture to Burn": 1.5112939879270226e-22,
    "Teardrops on My Guitar": 0.16822606222272457,
    "Tim McGraw (song)": 0.13389292819101814,
    "Discography": 1.5112939879270226e-22,
    "Our Song (song)": 1.980883255855707e-17,
    "Sounds of the Season: The Taylor Swift Holiday Collection": 0.041333609129859304,
    "Beautiful Eyes": 1.5112939879270226e-22,
    "Our Song (Taylor Swift song)": 0.12671038498407747,
    "Breathe (Taylor Swift song)": 0.0,
    "Change (Taylor Swift song)": 0.0,
    "Tim McGraw": 0.07878045784044921,
    "Picture to burn": 0.0,
    "Fan survey (how well do you know her)": 0.0,
    "Taylor Swift discography": 0.0,
    "David Cook": 1.5112939879270226e-22,
    "David": 0.0,
    "Fan Gallery": 0.0,
    "Taylor Swift": 0.22948212118712924,
    "Teardrops on my Guitar": 0.0,
    "List of songs": 0.0,
    "Breathe (song)": 1.5112939879270226e-22,
    "Change (song)": 1.5112939879270226e-22,
    "Childhood pictures": 0.0,
    "Taylor Swift's Childhood Pictures": 1.5112939879270226e-22,
    "Our Song": 0.0,
    "Beautiful Eyes (EP)": 0.0,
    "List of Songs by Taylor Swift": 1.5112939879270226e-22,
    "Fan Survey": 1.5112939879270226e-22,
    "Safe and Sound (Lyrics)": 0.0,
    "Fearless (Taylor Swift album)": 0.0,
    "Fearless (album)": 1.5112939879270226e-22,
    "Quotes": 0.0,
    "Taylor Swift Quotes": 1.5112939879270226e-22,
    "Safe & Sound (Lyrics)": 1.5112939879270226e-22,
    "Big Machine Records": 0.22157443644474198,
    "Take Two with Phineas and Ferb": 0.0,
    "Dan Wilson": 0.0,
    "Come Back... Be Here": 1.5112939879270226e-22,
    "Sarah Hyland": 0.0
  },
  "averagePathLength": 1.8333333333333333
}