{
  "numNodes": 33,
  "numEdges": 27,
  "selfLinks": 0,
  "numStrongComponents": 30,
  "numWeakComponents": 12,
  "sizeLargestStrong": 4,
  "sizeLargestWeak": 11,
  "radius": 1,
  "diameter": 2,
  "averageInDegree": 0.8181818181818182,
  "averageOutDegree": 0.8181818181818182,
  "maxOutDegree": 4,
  "maxInDegree": 6,
  "pageRank": {
    "Teardrops on My Guitar": 0.05437653975417052,
    "Tim McGraw (song)": 0.12212133868862934,
    "Discography": 0.026901544210567736,
    "Beautiful Eyes": 0.026901544210567736,
    "Breathe (Taylor Swift song)": 0.014158698095897228,
    "Change (Taylor Swift song)": 0.014158698095897228,
    "Tim McGraw": 0.04163369363950001,
    "Fan survey (how well do you know her)": 0.014158698095897228,
    "Taylor Swift discography": 0.014158698095897228,
    "David Cook": 0.026901544210567736,
    "David": 0.014158698095897228,
    "Fan Gallery": 0.014158698095897228,
    "Taylor Swift": 0.12038775188736936,
    "Teardrops on my Guitar": 0.014158698095897228,
    "List of songs": 0.014158698095897228,
    "Breathe (song)": 0.026901544210567736,
    "Change (song)": 0.026901544210567736,
    "Childhood pictures": 0.014158698095897228,
    "Taylor Swift's Childhood Pictures": 0.026901544210567736,
    "Beautiful Eyes (EP)": 0.014158698095897228,
    "List of Songs by Taylor Swift": 0.026901544210567736,
    "Fan Survey": 0.026901544210567736,
    "Safe and Sound (Lyrics)": 0.014158698095897228,
    "Fearless (Taylor Swift album)": 0.014158698095897228,
    "Fearless (album)": 0.026901544210567736,
    "Quotes": 0.014158698095897228,
    "Taylor Swift Quotes": 0.026901544210567736,
    "Safe & Sound (Lyrics)": 0.026901544210567736,
    "Big Machine Records": 0.1121229759691622,
    "Take Two with Phineas and Ferb": 0.014158698095897228,
    "Dan Wilson": 0.014158698095897228,
    "Come Back... Be Here": 0.026901544210567736,
    "Sarah Hyland": 0.014158698095897228
  },
  "hitsHubs": {
    "Teardrops on My Guitar": 0.2056909078511947,
    "Tim McGraw (song)": 0.21934450668259126,
    "Discography": 0.09880812622480174,
    "Beautiful Eyes": 0.0,
    "Breathe (Taylor Swift song)": 4.0955832624526186e-18,
    "Change (Taylor Swift song)": 4.0955832624526186e-18,
    "Tim McGraw": 0.042808789543285125,
    "Fan survey (how well do you know her)": 4.0955832624526186e-18,
    "Taylor Swift discography": 4.0955832624526186e-18,
    "David Cook": 0.0,
    "David": 4.0955832624526186e-18,
    "Fan Gallery": 0.09880812622480174,
    "Taylor Swift": 0.10688278162639298,
    "Teardrops on my Guitar": 0.03004050939732883,
    "List of songs": 4.0955832624526186e-18,
    "Breathe (song)": 0.0,
    "Change (song)": 0.0,
    "Childhood pictures": 4.0955832624526186e-18,
    "Taylor Swift's Childhood Pictures": 0.0,
    "Beautiful Eyes (EP)": 4.0955832624526186e-18,
    "List of Songs by Taylor Swift": 0.0,
    "Fan Survey": 0.0,
    "Safe and Sound (Lyrics)": 4.0955832624526186e-18,
    "Fearless (Taylor Swift album)": 4.0955832624526186e-18,
    "Fearless (album)": 0.0,
    "Quotes": 4.0955832624526186e-18,
    "Taylor Swift Quotes": 0.0,
    "Safe & Sound (Lyrics)": 0.0,
    "Big Machine Records": 0.0,
    "Take Two with Phineas and Ferb": 0.09880812622480174,
    "Dan Wilson": 4.0955832624526186e-18,
    "Come Back... Be Here": 0.0,
    "Sarah Hyland": 0.09880812622480174
  },
  "hitsAuths": {
    "Teardrops on My Guitar": 0.1145913853833268,
    "Tim McGraw (song)": 0.16329678153808241,
    "Discography": 1.5622856250198684e-17,
    "Beautiful Eyes": 1.5622856250198684e-17,
    "Breathe (Taylor Swift song)": 0.0,
    "Change (Taylor Swift song)": 0.0,
    "Tim McGraw": 0.1007878953182691,
    "Fan survey (how well do you know her)": 0.0,
    "Taylor Swift discography": 0.0,
    "David Cook": 1.5622856250198684e-17,
    "David": 0.0,
    "Fan Gallery": 0.0,
    "Taylor Swift": 0.3769097228503538,
    "Teardrops on my Guitar": 0.0,
    "List of songs": 0.0,
    "Breathe (song)": 1.5622856250198684e-17,
    "Change (song)": 1.5622856250198684e-17,
    "Childhood pictures": 0.0,
    "Taylor Swift's Childhood Pictures": 1.5622856250198684e-17,
    "Beautiful Eyes (EP)": 0.0,
    "List of Songs by Taylor Swift": 1.5622856250198684e-17,
    "Fan Survey": 1.5622856250198684e-17,
    "Safe and Sound (Lyrics)": 0.0,
    "Fearless (Taylor Swift album)": 0.0,
    "Fearless (album)": 1.5622856250198684e-17,
    "Quotes": 0.0,
    "Taylor Swift Quotes": 1.5622856250198684e-17,
    "Safe & Sound (Lyrics)": 1.5622856250198684e-17,
    "Big Machine Records": 0.24441421490996804,
    "Take Two with Phineas and Ferb": 0.0,
    "Dan Wilson": 0.0,
    "Come Back... Be Here": 1.5622856250198684e-17,
    "Sarah Hyland": 0.0
  },
  "averagePathLength": 1.4166666666666667
}