{
  "numNodes": 40,
  "numEdges": 56,
  "selfLinks": 0,
  "numStrongComponents": 32,
  "numWeakComponents": 12,
  "sizeLargestStrong": 9,
  "sizeLargestWeak": 18,
  "radius": 2,
  "diameter": 5,
  "averageInDegree": 1.4,
  "averageOutDegree": 1.4,
  "maxOutDegree": 8,
  "maxInDegree": 10,
  "pageRank": {
    "Picture to Burn": 0.03736885721585211,
    "Should've Said No": 0.01955236368006352,
    "Teardrops on My Guitar": 0.07054229245809512,
    "Tim McGraw (song)": 0.09823932740609698,
    "Discography": 0.017445079148467567,
    "Our Song (song)": 0.0671937390418148,
    "Sounds of the Season: The Taylor Swift Holiday Collection": 0.02808207266365129,
    "Beautiful Eyes": 0.017445079148467567,
    "Our Song (Taylor Swift song)": 0.02611945073290009,
    "Breathe (Taylor Swift song)": 0.0091816748996435,
    "Change (Taylor Swift song)": 0.0091816748996435,
    "Tim McGraw": 0.06031626627851986,
    "Picture to burn": 0.0091816748996435,
    "Fan survey (how well do you know her)": 0.0091816748996435,
    "Taylor Swift discography": 0.0091816748996435,
    "David Cook": 0.017445079148467567,
    "David": 0.0091816748996435,
    "Fan Gallery": 0.0091816748996435,
    "Taylor Swift": 0.11291348473051407,
    "Teardrops on my Guitar": 0.0091816748996435,
    "List of songs": 0.0091816748996435,
    "Breathe (song)": 0.017445079148467567,
    "Change (song)": 0.017445079148467567,
    "Childhood pictures": 0.0091816748996435,
    "Taylor Swift's Childhood Pictures": 0.017445079148467567,
    "Our Song": 0.0091816748996435,
    "Beautiful Eyes (EP)": 0.0091816748996435,
    "List of Songs by Taylor Swift": 0.017445079148467567,
    "Fan Survey": 0.017445079148467567,
    "Safe and Sound (Lyrics)": 0.0091816748996435,
    "Fearless (Taylor Swift album)": 0.0091816748996435,
    "Fearless (album)": 0.017445079148467567,
    "Quotes": 0.0091816748996435,
    "Taylor Swift Quotes": 0.017445079148467567,
    "Safe & Sound (Lyrics)": 0.017445079148467567,
    "Big Machine Records": 0.10506104781729844,
    "Take Two with Phineas and Ferb": 0.0091816748996435,
    "Dan Wilson": 0.0091816748996435,
    "Come Back... Be Here": 0.017445079148467567,
    "Sarah Hyland": 0.0091816748996435
  },
  "hitsHubs": {
    "Picture to Burn": 0.09406664723379615,
    "Should've Said No": 0.08332447741064526,
    "Teardrops on My Guitar": 0.0989338486142929,
    "Tim McGraw (song)": 0.10140962809607837,
    "Discography": 0.15561210176879214,
    "Our Song (song)": 0.11682240376272443,
    "Sounds of the Season: The Taylor Swift Holiday Collection": 0.0679117017439992,
    "Beautiful Eyes": 0.0,
    "Our Song (Taylor Swift song)": 0.015787123964342963,
    "Breathe (Taylor Swift song)": 1.7432342321609535e-22,
    "Change (Taylor Swift song)": 1.7432342321609535e-22,
    "Tim McGraw": 0.015235022905950751,
    "Picture to burn": 0.015412775666646073,
    "Fan survey (how well do you know her)": 1.7432342321609535e-22,
    "Taylor Swift discography": 1.7432342321609535e-22,
    "David Cook": 0.0,
    "David": 1.7432342321609535e-22,
    "Fan Gallery": 0.034061187128482585,
    "Taylor Swift": 0.09711012851680986,
    "Teardrops on my Guitar": 0.020403454966131437,
    "List of songs": 1.7432342321609535e-22,
    "Breathe (song)": 0.0,
    "Change (song)": 0.0,
    "Childhood pictures": 1.7432342321609535e-22,
    "Taylor Swift's Childhood Pictures": 0.0,
    "Our Song": 0.015787123964342963,
    "Beautiful Eyes (EP)": 1.7432342321609535e-22,
    "List of Songs by Taylor Swift": 0.0,
    "Fan Survey": 0.0,
    "Safe and Sound (Lyrics)": 1.7432342321609535e-22,
    "Fearless (Taylor Swift album)": 1.7432342321609535e-22,
    "Fearless (album)": 0.0,
    "Quotes": 1.7432342321609535e-22,
    "Taylor Swift Quotes": 0.0,
    "Safe & Sound (Lyrics)": 0.0,
    "Big Machine Records": 0.0,
    "Take Two with Phineas and Ferb": 0.034061187128482585,
    "Dan Wilson": 1.7432342321609535e-22,
    "Come Back... Be Here": 0.0,
    "Sarah Hyland": 0.034061187128482585
  },
  "hitsAuths": {
    "Picture to Burn": 0.08922578215100495,
    "Should've Said No": 0.06002014204440572,
    "Teardrops on My Guitar": 0.11811722088939222,
    "Tim McGraw (song)": 0.08819675730528151,
    "Discography": 1.0091721387573697e-21,
    "Our Song (song)": 0.09139291417065698,
    "Sounds of the Season: The Taylor Swift Holiday Collection": 0.0607517628358241,
    "Beautiful Eyes": 1.0091721387573697e-21,
    "Our Song (Taylor Swift song)": 0.023344252241165053,
    "Breathe (Taylor Swift song)": 0.0,
    "Change (Taylor Swift song)": 0.0,
    "Tim McGraw": 0.07580493459030431,
    "Picture to burn": 0.0,
    "Fan survey (how well do you know her)": 0.0,
    "Taylor Swift discography": 0.0,
    "David Cook": 1.0091721387573697e-21,
    "David": 0.0,
    "Fan Gallery": 0.0,
    "Taylor Swift": 0.1971829168387512,
    "Teardrops on my Guitar": 0.0,
    "List of songs": 0.0,
    "Breathe (song)": 1.0091721387573697e-21,
    "Change (song)": 1.0091721387573697e-21,
    "Childhood pictures": 0.0,
    "Taylor Swift's Childhood Pictures": 1.0091721387573697e-21,
    "Our Song": 0.0,
    "Beautiful Eyes (EP)": 0.0,
    "List of Songs by Taylor Swift": 1.0091721387573697e-21,
    "Fan Survey": 1.0091721387573697e-21,
    "Safe and Sound (Lyrics)": 0.0,
    "Fearless (Taylor Swift album)": 0.0,
    "Fearless (album)": 1.0091721387573697e-21,
    "Quotes": 0.0,
    "Taylor Swift Quotes": 1.0091721387573697e-21,
    "Safe & Sound (Lyrics)": 1.0091721387573697e-21,
    "Big Machine Records": 0.19596331693321412,
    "Take Two with Phineas and Ferb": 0.0,
    "Dan Wilson": 0.0,
    "Come Back... Be Here": 1.0091721387573697e-21,
    "Sarah Hyland": 0.0
  },
  "averagePathLength": 2.013888888888889
}