{
  "numNodes": 48,
  "numEdges": 103,
  "selfLinks": 0,
  "numStrongComponents": 29,
  "numWeakComponents": 9,
  "sizeLargestStrong": 20,
  "sizeLargestWeak": 32,
  "radius": 3,
  "diameter": 9,
  "averageInDegree": 2.1458333333333335,
  "averageOutDegree": 2.1458333333333335,
  "maxOutDegree": 14,
  "maxInDegree": 16,
  "pageRank": {
    "Picture to Burn": 0.028986598052478687,
    "Should've Said No": 0.02002243706618945,
    "Change": 0.023712301413780893,
    "You're Not Sorry": 0.013615615003511454,
    "White Horse (song)": 0.015121876168482727,
    "Teardrops on My Guitar": 0.058633121295614134,
    "Fearless (song)": 0.01821322976605357,
    "Tim McGraw (song)": 0.0829296579715221,
    "Discography": 0.011687889595358056,
    "Our Song (song)": 0.05396257445248063,
    "Sounds of the Season: The Taylor Swift Holiday Collection": 0.02472625073453281,
    "Beautiful Eyes": 0.023290936872343508,
    "Love Story (Taylor Swift song)": 0.021286702336012688,
    "Our Song (Taylor Swift song)": 0.021645719375947378,
    "Fearless (Taylor Swift song)": 0.013400654826630472,
    "Breathe (Taylor Swift song)": 0.006151535194481072,
    "Change (Taylor Swift song)": 0.014842065463973406,
    "Tim McGraw": 0.05001623553615171,
    "Picture to burn": 0.006151535194481072,
    "Fan survey (how well do you know her)": 0.006151535194481072,
    "Taylor Swift discography": 0.006151535194481072,
    "Fearless": 0.03052027859953909,
    "David Cook": 0.011687889595358056,
    "David": 0.006151535194481072,
    "Fan Gallery": 0.006151535194481072,
    "Taylor Swift": 0.10329570902979816,
    "Teardrops on my Guitar": 0.006151535194481072,
    "List of songs": 0.006151535194481072,
    "Breathe (song)": 0.011687889595358056,
    "Change (song)": 0.01951015209196258,
    "Childhood pictures": 0.006151535194481072,
    "Taylor Swift's Childhood Pictures": 0.011687889595358056,
    "White Horse": 0.006151535194481072,
    "Our Song": 0.006151535194481072,
    "Beautiful Eyes (EP)": 0.006151535194481072,
    "List of Songs by Taylor Swift": 0.011687889595358056,
    "Fan Survey": 0.011687889595358056,
    "Safe and Sound (Lyrics)": 0.006151535194481072,
    "Fearless (Taylor Swift album)": 0.023245652218362785,
    "Fearless (album)": 0.027074297051597324,
    "Quotes": 0.006151535194481072,
    "Taylor Swift Quotes": 0.011687889595358056,
    "Safe & Sound (Lyrics)": 0.011687889595358056,
    "Big Machine Records": 0.10218083000863354,
    "Take Two with Phineas and Ferb": 0.006151535194481072,
    "Dan Wilson": 0.006151535194481072,
    "Come Back... Be Here": 0.011687889595358056,
    "Sarah Hyland": 0.006151535194481072
  },
  "hitsHubs": {
    "Picture to Burn": 0.054622234899739545,
    "Should've Said No": 0.052544457907233055,
    "Change": 0.065685552183588,
    "You're Not Sorry": 0.05534196383721733,
    "White Horse (song)": 0.05825735959943315,
    "Teardrops on My Guitar": 0.05432683826203629,
    "Fearless (song)": 0.06397175554312333,
    "Tim McGraw (song)": 0.05150588751486135,
    "Discography": 0.1240187522824616,
    "Our Song (song)": 0.058901852134484046,
    "Sounds of the Season: The Taylor Swift Holiday Collection": 0.04510403232114027,
    "Beautiful Eyes": 0.09345798547307363,
    "Love Story (Taylor Swift song)": 0.0,
    "Our Song (Taylor Swift song)": 0.0075086481806779844,
    "Fearless (Taylor Swift song)": 8.260625065713087e-22,
    "Breathe (Taylor Swift song)": 8.260625065713087e-22,
    "Change (Taylor Swift song)": 8.260625065713087e-22,
    "Tim McGraw": 0.0071327959464516045,
    "Picture to burn": 0.007395964619622695,
    "Fan survey (how well do you know her)": 8.260625065713087e-22,
    "Taylor Swift discography": 8.260625065713087e-22,
    "Fearless": 0.07186200653580263,
    "David Cook": 0.0,
    "David": 8.260625065713087e-22,
    "Fan Gallery": 0.020003164873964134,
    "Taylor Swift": 0.04541548901588527,
    "Teardrops on my Guitar": 0.00839379716285612,
    "List of songs": 8.260625065713087e-22,
    "Breathe (song)": 0.0,
    "Change (song)": 8.260625065713087e-22,
    "Childhood pictures": 8.260625065713087e-22,
    "Taylor Swift's Childhood Pictures": 0.0,
    "White Horse": 0.00161584559150798,
    "Our Song": 0.0075086481806779844,
    "Beautiful Eyes (EP)": 0.0054186381862335676,
    "List of Songs by Taylor Swift": 0.0,
    "Fan Survey": 0.0,
    "Safe and Sound (Lyrics)": 8.260625065713087e-22,
    "Fearless (Taylor Swift album)": 8.260625065713087e-22,
    "Fearless (album)": 8.260625065713087e-22,
    "Quotes": 8.260625065713087e-22,
    "Taylor Swift Quotes": 0.0,
    "Safe & Sound (Lyrics)": 0.0,
    "Big Machine Records": 0.0,
    "Take Two with Phineas and Ferb": 0.020003164873964134,
    "Dan Wilson": 8.260625065713087e-22,
    "Come Back... Be Here": 0.0,
    "Sarah Hyland": 0.020003164873964134
  },
  "hitsAuths": {
    "Picture to Burn": 0.056865779950894785,
    "Should've Said No": 0.05711357296148996,
    "Change": 6.351394461749741e-21,
    "You're Not Sorry": 0.04393660583827258,
    "White Horse (song)": 0.012423845240893515,
    "Teardrops on My Guitar": 0.06453787260542246,
    "Fearless (song)": 6.351394461749741e-21,
    "Tim McGraw (song)": 0.054842339787483124,
    "Discography": 6.351394461749741e-21,
    "Our Song (song)": 0.057732176549122466,
    "Sounds of the Season: The Taylor Swift Holiday Collection": 0.04445056915607582,
    "Beautiful Eyes": 0.0416625961019799,
    "Love Story (Taylor Swift song)": 0.06489322762340077,
    "Our Song (Taylor Swift song)": 0.007678980712213864,
    "Fearless (Taylor Swift song)": 0.04247745599517017,
    "Breathe (Taylor Swift song)": 0.0,
    "Change (Taylor Swift song)": 0.04200444570047368,
    "Tim McGraw": 0.026347036939994004,
    "Picture to burn": 0.0,
    "Fan survey (how well do you know her)": 0.0,
    "Taylor Swift discography": 0.0,
    "Fearless": 6.351394461749741e-21,
    "David Cook": 6.351394461749741e-21,
    "David": 0.0,
    "Fan Gallery": 0.0,
    "Taylor Swift": 0.1537994880378892,
    "Teardrops on my Guitar": 0.0,
    "List of songs": 0.0,
    "Breathe (song)": 6.351394461749741e-21,
    "Change (song)": 6.351394461749741e-21,
    "Childhood pictures": 0.0,
    "Taylor Swift's Childhood Pictures": 6.351394461749741e-21,
    "White Horse": 0.0,
    "Our Song": 0.0,
    "Beautiful Eyes (EP)": 0.0,
    "List of Songs by Taylor Swift": 6.351394461749741e-21,
    "Fan Survey": 6.351394461749741e-21,
    "Safe and Sound (Lyrics)": 0.0,
    "Fearless (Taylor Swift album)": 0.07790211492858345,
    "Fearless (album)": 6.351394461749741e-21,
    "Quotes": 0.0,
    "Taylor Swift Quotes": 6.351394461749741e-21,
    "Safe & Sound (Lyrics)": 6.351394461749741e-21,
    "Big Machine Records": 0.15133189187064028,
    "Take Two with Phineas and Ferb": 0.0,
    "Dan Wilson": 0.0,
    "Come Back... Be Here": 6.351394461749741e-21,
    "Sarah Hyland": 0.0
  },
  "averagePathLength": 3.4105263157894736
}