{
  "numNodes": 40,
  "numEdges": 55,
  "selfLinks": 0,
  "numStrongComponents": 32,
  "numWeakComponents": 12,
  "sizeLargestStrong": 9,
  "sizeLargestWeak": 18,
  "radius": 2,
  "diameter": 5,
  "averageInDegree": 1.375,
  "averageOutDegree": 1.375,
  "maxOutDegree": 7,
  "maxInDegree": 10,
  "pageRank": {
    "Picture to Burn": 0.037688456956392655,
    "Should've Said No": 0.019836986734026958,
    "Teardrops on My Guitar": 0.07103279739072199,
    "Tim McGraw (song)": 0.0989125891363011,
    "Discography": 0.01734176469004771,
    "Our Song (song)": 0.06758518512139723,
    "Sounds of the Season: The Taylor Swift Holiday Collection": 0.0283995752477783,
    "Beautiful Eyes": 0.01734176469004771,
    "Our Song (Taylor Swift song)": 0.026169866709931967,
    "Breathe (Taylor Swift song)": 0.009127306976632318,
    "Change (Taylor Swift song)": 0.009127306976632318,
    "Tim McGraw": 0.060588631139460274,
    "Picture to burn": 0.009127306976632318,
    "Fan survey (how well do you know her)": 0.009127306976632318,
    "Taylor Swift discography": 0.009127306976632318,
    "David Cook": 0.01734176469004771,
    "David": 0.009127306976632318,
    "Fan Gallery": 0.009127306976632318,
    "Taylor Swift": 0.11361186582441415,
    "Teardrops on my Guitar": 0.009127306976632318,
    "List of songs": 0.009127306976632318,
    "Breathe (song)": 0.01734176469004771,
    "Change (song)": 0.01734176469004771,
    "Childhood pictures": 0.009127306976632318,
    "Taylor Swift's Childhood Pictures": 0.01734176469004771,
    "Our Song": 0.009127306976632318,
    "Beautiful Eyes (EP)": 0.009127306976632318,
    "List of Songs by Taylor Swift": 0.01734176469004771,
    "Fan Survey": 0.01734176469004771,
    "Safe and Sound (Lyrics)": 0.009127306976632318,
    "Fearless (Taylor Swift album)": 0.009127306976632318,
    "Fearless (album)": 0.01734176469004771,
    "Quotes": 0.009127306976632318,
    "Taylor Swift Quotes": 0.01734176469004771,
    "Safe & Sound (Lyrics)": 0.01734176469004771,
    "Big Machine Records": 0.1037813438796213,
    "Take Two with Phineas and Ferb": 0.009127306976632318,
    "Dan Wilson": 0.009127306976632318,
    "Come Back... Be Here": 0.01734176469004771,
    "Sarah Hyland": 0.009127306976632318
  },
  "hitsHubs": {
    "Picture to Burn": 0.09502797599689183,
    "Should've Said No": 0.08447112625489982,
    "Teardrops on My Guitar": 0.10052288332255903,
    "Tim McGraw (song)": 0.1051205931951968,
    "Discography": 0.12814398670173405,
    "Our Song (song)": 0.12119901317560124,
    "Sounds of the Season: The Taylor Swift Holiday Collection": 0.0683927062744954,
    "Beautiful Eyes": 0.0,
    "Our Song (Taylor Swift song)": 0.016379971100206687,
    "Breathe (Taylor Swift song)": 3.498790671514538e-23,
    "Change (Taylor Swift song)": 3.498790671514538e-23,
    "Tim McGraw": 0.015750205947856935,
    "Picture to burn": 0.016078419980404417,
    "Fan survey (how well do you know her)": 3.498790671514538e-23,
    "Taylor Swift discography": 3.498790671514538e-23,
    "David Cook": 0.0,
    "David": 3.498790671514538e-23,
    "Fan Gallery": 0.03746361444845436,
    "Taylor Swift": 0.09833299954337446,
    "Teardrops on my Guitar": 0.021809304061209504,
    "List of songs": 3.498790671514538e-23,
    "Breathe (song)": 0.0,
    "Change (song)": 0.0,
    "Childhood pictures": 3.498790671514538e-23,
    "Taylor Swift's Childhood Pictures": 0.0,
    "Our Song": 0.016379971100206687,
    "Beautiful Eyes (EP)": 3.498790671514538e-23,
    "List of Songs by Taylor Swift": 0.0,
    "Fan Survey": 0.0,
    "Safe and Sound (Lyrics)": 3.498790671514538e-23,
    "Fearless (Taylor Swift album)": 3.498790671514538e-23,
    "Fearless (album)": 0.0,
    "Quotes": 3.498790671514538e-23,
    "Taylor Swift Quotes": 0.0,
    "Safe & Sound (Lyrics)": 0.0,
    "Big Machine Records": 0.0,
    "Take Two with Phineas and Ferb": 0.03746361444845436,
    "Dan Wilson": 3.498790671514538e-23,
    "Come Back... Be Here": 0.0,
    "Sarah Hyland": 0.03746361444845436
  },
  "hitsAuths": {
    "Picture to Burn": 0.09006998278322978,
    "Should've Said No": 0.057449337152734134,
    "Teardrops on My Guitar": 0.12217392279225403,
    "Tim McGraw (song)": 0.08823135483988741,
    "Discography": 1.9599936805327365e-22,
    "Our Song (song)": 0.09175924728819708,
    "Sounds of the Season: The Taylor Swift Holiday Collection": 0.058300122323557926,
    "Beautiful Eyes": 1.9599936805327365e-22,
    "Our Song (Taylor Swift song)": 0.025313061564740717,
    "Breathe (Taylor Swift song)": 0.0,
    "Change (Taylor Swift song)": 0.0,
    "Tim McGraw": 0.08357267088073814,
    "Picture to burn": 0.0,
    "Fan survey (how well do you know her)": 0.0,
    "Taylor Swift discography": 0.0,
    "David Cook": 1.9599936805327365e-22,
    "David": 0.0,
    "Fan Gallery": 0.0,
    "Taylor Swift": 0.2098680786098591,
    "Teardrops on my Guitar": 0.0,
    "List of songs": 0.0,
    "Breathe (song)": 1.9599936805327365e-22,
    "Change (song)": 1.9599936805327365e-22,
    "Childhood pictures": 0.0,
    "Taylor Swift's Childhood Pictures": 1.9599936805327365e-22,
    "Our Song": 0.0,
    "Beautiful Eyes (EP)": 0.0,
    "List of Songs by Taylor Swift": 1.9599936805327365e-22,
    "Fan Survey": 1.9599936805327365e-22,
    "Safe and Sound (Lyrics)": 0.0,
    "Fearless (Taylor Swift album)": 0.0,
    "Fearless (album)": 1.9599936805327365e-22,
    "Quotes": 0.0,
    "Taylor Swift Quotes": 1.9599936805327365e-22,
    "Safe & Sound (Lyrics)": 1.9599936805327365e-22,
    "Big Machine Records": 0.17326222176480174,
    "Take Two with Phineas and Ferb": 0.0,
    "Dan Wilson": 0.0,
    "Come Back... Be Here": 1.9599936805327365e-22,
    "Sarah Hyland": 0.0
  },
  "averagePathLength": 2.013888888888889
}