{
  "numNodes": 40,
  "numEdges": 66,
  "selfLinks": 0,
  "numStrongComponents": 31,
  "numWeakComponents": 11,
  "sizeLargestStrong": 10,
  "sizeLargestWeak": 20,
  "radius": 2,
  "diameter": 5,
  "averageInDegree": 1.65,
  "averageOutDegree": 1.65,
  "maxOutDegree": 9,
  "maxInDegree": 11,
  "pageRank": {
    "Picture to Burn": 0.04000773065039494,
    "Should've Said No": 0.022199512007210424,
    "Teardrops on My Guitar": 0.07297559105918627,
    "Tim McGraw (song)": 0.10107612782457576,
    "Discography": 0.016241414691741677,
    "Our Song (song)": 0.06920359627385265,
    "Sounds of the Season: The Taylor Swift Holiday Collection": 0.030085473952578913,
    "Beautiful Eyes": 0.026890706085971067,
    "Our Song (Taylor Swift song)": 0.02543594149871868,
    "Breathe (Taylor Swift song)": 0.008548167123597364,
    "Change (Taylor Swift song)": 0.008548167123597364,
    "Tim McGraw": 0.06063281103718173,
    "Picture to burn": 0.008548167123597364,
    "Fan survey (how well do you know her)": 0.008548167123597364,
    "Taylor Swift discography": 0.008548167123597364,
    "David Cook": 0.016241414691741677,
    "David": 0.008548167123597364,
    "Fan Gallery": 0.008548167123597364,
    "Taylor Swift": 0.11258095405286513,
    "Teardrops on my Guitar": 0.008548167123597364,
    "List of songs": 0.008548167123597364,
    "Breathe (song)": 0.016241414691741677,
    "Change (song)": 0.016241414691741677,
    "Childhood pictures": 0.008548167123597364,
    "Taylor Swift's Childhood Pictures": 0.016241414691741677,
    "Our Song": 0.008548167123597364,
    "Beautiful Eyes (EP)": 0.008548167123597364,
    "List of Songs by Taylor Swift": 0.016241414691741677,
    "Fan Survey": 0.016241414691741677,
    "Safe and Sound (Lyrics)": 0.008548167123597364,
    "Fearless (Taylor Swift album)": 0.008548167123597364,
    "Fearless (album)": 0.016241414691741677,
    "Quotes": 0.008548167123597364,
    "Taylor Swift Quotes": 0.016241414691741677,
    "Safe & Sound (Lyrics)": 0.016241414691741677,
    "Big Machine Records": 0.10638898572355351,
    "Take Two with Phineas and Ferb": 0.008548167123597364,
    "Dan Wilson": 0.008548167123597364,
    "Come Back... Be Here": 0.016241414691741677,
    "Sarah Hyland": 0.008548167123597364
  },
  "hitsHubs": {
    "Picture to Burn": 0.08044143919669217,
    "Should've Said No": 0.06813880595804292,
    "Teardrops on My Guitar": 0.08364806247164124,
    "Tim McGraw (song)": 0.07940146078218202,
    "Discography": 0.14675757553872323,
    "Our Song (song)": 0.09423241264201035,
    "Sounds of the Season: The Taylor Swift Holiday Collection": 0.06014113247547762,
    "Beautiful Eyes": 0.1399242971614602,
    "Our Song (Taylor Swift song)": 0.015396194589408024,
    "Breathe (Taylor Swift song)": 3.215732258956535e-21,
    "Change (Taylor Swift song)": 3.215732258956535e-21,
    "Tim McGraw": 0.014944013784018636,
    "Picture to burn": 0.014830951859828335,
    "Fan survey (how well do you know her)": 3.215732258956535e-21,
    "Taylor Swift discography": 3.215732258956535e-21,
    "David Cook": 0.0,
    "David": 3.215732258956535e-21,
    "Fan Gallery": 0.02661724446582601,
    "Taylor Swift": 0.08214645690309617,
    "Teardrops on my Guitar": 0.01791599027327007,
    "List of songs": 3.215732258956535e-21,
    "Breathe (song)": 0.0,
    "Change (song)": 0.0,
    "Childhood pictures": 3.215732258956535e-21,
    "Taylor Swift's Childhood Pictures": 0.0,
    "Our Song": 0.015396194589408024,
    "Beautiful Eyes (EP)": 0.006833278377263024,
    "List of Songs by Taylor Swift": 0.0,
    "Fan Survey": 0.0,
    "Safe and Sound (Lyrics)": 3.215732258956535e-21,
    "Fearless (Taylor Swift album)": 3.215732258956535e-21,
    "Fearless (album)": 0.0,
    "Quotes": 3.215732258956535e-21,
    "Taylor Swift Quotes": 0.0,
    "Safe & Sound (Lyrics)": 0.0,
    "Big Machine Records": 0.0,
    "Take Two with Phineas and Ferb": 0.02661724446582601,
    "Dan Wilson": 3.215732258956535e-21,
    "Come Back... Be Here": 0.0,
    "Sarah Hyland": 0.02661724446582601
  },
  "hitsAuths": {
    "Picture to Burn": 0.09412800898358956,
    "Should've Said No": 0.07449401830196382,
    "Teardrops on My Guitar": 0.11370790690515988,
    "Tim McGraw (song)": 0.09484558219915049,
    "Discography": 2.0409376135847227e-20,
    "Our Song (song)": 0.09771545052008994,
    "Sounds of the Season: The Taylor Swift Holiday Collection": 0.0748399881791371,
    "Beautiful Eyes": 0.04336895531463394,
    "Our Song (Taylor Swift song)": 0.016668567363414037,
    "Breathe (Taylor Swift song)": 0.0,
    "Change (Taylor Swift song)": 0.0,
    "Tim McGraw": 0.0519011023867877,
    "Picture to burn": 0.0,
    "Fan survey (how well do you know her)": 0.0,
    "Taylor Swift discography": 0.0,
    "David Cook": 2.0409376135847227e-20,
    "David": 0.0,
    "Fan Gallery": 0.0,
    "Taylor Swift": 0.16893239556551767,
    "Teardrops on my Guitar": 0.0,
    "List of songs": 0.0,
    "Breathe (song)": 2.0409376135847227e-20,
    "Change (song)": 2.0409376135847227e-20,
    "Childhood pictures": 0.0,
    "Taylor Swift's Childhood Pictures": 2.0409376135847227e-20,
    "Our Song": 0.0,
    "Beautiful Eyes (EP)": 0.0,
    "List of Songs by Taylor Swift": 2.0409376135847227e-20,
    "Fan Survey": 2.0409376135847227e-20,
    "Safe and Sound (Lyrics)": 0.0,
    "Fearless (Taylor Swift album)": 0.0,
    "Fearless (album)": 2.0409376135847227e-20,
    "Quotes": 0.0,
    "Taylor Swift Quotes": 2.0409376135847227e-20,
    "Safe & Sound (Lyrics)": 2.0409376135847227e-20,
    "Big Machine Records": 0.1693980242805558,
    "Take Two with Phineas and Ferb": 0.0,
    "Dan Wilson": 0.0,
    "Come Back... Be Here": 2.0409376135847227e-20,
    "Sarah Hyland": 0.0
  },
  "averagePathLength": 1.9444444444444444
}