{
  "numNodes": 45,
  "numEdges": 90,
  "selfLinks": 0,
  "numStrongComponents": 28,
  "numWeakComponents": 9,
  "sizeLargestStrong": 18,
  "sizeLargestWeak": 29,
  "radius": 3,
  "diameter": 9,
  "averageInDegree": 2,
  "averageOutDegree": 2,
  "maxOutDegree": 13,
  "maxInDegree": 14,
  "pageRank": {
    "Picture to Burn": 0.031488067213088354,
    "Should've Said No": 0.02199048886130798,
    "Change": 0.02633827794490201,
    "Teardrops on My Guitar": 0.06178135485760816,
    "Fearless (song)": 0.017343713462905832,
    "Tim McGraw (song)": 0.0868290845873515,
    "Discography": 0.012766698220665255,
    "Our Song (song)": 0.05737949718954978,
    "Sounds of the Season: The Taylor Swift Holiday Collection": 0.02587077228585017,
    "Beautiful Eyes": 0.02561255524909226,
    "Love Story (Taylor Swift song)": 0.02044789172518359,
    "Our Song (Taylor Swift song)": 0.022425573926400974,
    "Fearless (Taylor Swift song)": 0.011804112684031254,
    "Breathe (Taylor Swift song)": 0.006719324666017097,
    "Change (Taylor Swift song)": 0.016752138134078772,
    "Tim McGraw": 0.0522887829435108,
    "Picture to burn": 0.006719324666017097,
    "Fan survey (how well do you know her)": 0.006719324666017097,
    "Taylor Swift discography": 0.006719324666017097,
    "Fearless": 0.028003438435149193,
    "David Cook": 0.012766698220665255,
    "David": 0.006719324666017097,
    "Fan Gallery": 0.006719324666017097,
    "Taylor Swift": 0.10470879354956981,
    "Teardrops on my Guitar": 0.006719324666017097,
    "List of songs": 0.006719324666017097,
    "Breathe (song)": 0.012766698220665255,
    "Change (song)": 0.021797137638642074,
    "Childhood pictures": 0.006719324666017097,
    "Taylor Swift's Childhood Pictures": 0.012766698220665255,
    "Our Song": 0.006719324666017097,
    "Beautiful Eyes (EP)": 0.006719324666017097,
    "List of Songs by Taylor Swift": 0.012766698220665255,
    "Fan Survey": 0.012766698220665255,
    "Safe and Sound (Lyrics)": 0.006719324666017097,
    "Fearless (Taylor Swift album)": 0.01880830206661863,
    "Fearless (album)": 0.02364761645688887,
    "Quotes": 0.006719324666017097,
    "Taylor Swift Quotes": 0.012766698220665255,
    "Safe & Sound (Lyrics)": 0.012766698220665255,
    "Big Machine Records": 0.10227292214600922,
    "Take Two with Phineas and Ferb": 0.006719324666017097,
    "Dan Wilson": 0.006719324666017097,
    "Come Back... Be Here": 0.012766698220665255,
    "Sarah Hyland": 0.006719324666017097
  },
  "hitsHubs": {
    "Picture to Burn": 0.06346809117397381,
    "Should've Said No": 0.06044063719509042,
    "Change": 0.07171061888084608,
    "Teardrops on My Guitar": 0.06330813540473172,
    "Fearless (song)": 0.062128905243812836,
    "Tim McGraw (song)": 0.05975155200070421,
    "Discography": 0.1379985249394809,
    "Our Song (song)": 0.06944295735296704,
    "Sounds of the Season: The Taylor Swift Holiday Collection": 0.05067138655565568,
    "Beautiful Eyes": 0.11084438455336021,
    "Love Story (Taylor Swift song)": 0.0,
    "Our Song (Taylor Swift song)": 0.00986431187266539,
    "Fearless (Taylor Swift song)": 1.0633358432042046e-22,
    "Breathe (Taylor Swift song)": 1.0633358432042046e-22,
    "Change (Taylor Swift song)": 1.0633358432042046e-22,
    "Tim McGraw": 0.00942175786779115,
    "Picture to burn": 0.009691405352262854,
    "Fan survey (how well do you know her)": 1.0633358432042046e-22,
    "Taylor Swift discography": 1.0633358432042046e-22,
    "Fearless": 0.07117620605039585,
    "David Cook": 0.0,
    "David": 1.0633358432042046e-22,
    "Fan Gallery": 0.02214057467022534,
    "Taylor Swift": 0.05603801442157523,
    "Teardrops on my Guitar": 0.011107754359964559,
    "List of songs": 1.0633358432042046e-22,
    "Breathe (song)": 0.0,
    "Change (song)": 1.0633358432042046e-22,
    "Childhood pictures": 1.0633358432042046e-22,
    "Taylor Swift's Childhood Pictures": 0.0,
    "Our Song": 0.00986431187266539,
    "Beautiful Eyes (EP)": 0.006649320891380505,
    "List of Songs by Taylor Swift": 0.0,
    "Fan Survey": 0.0,
    "Safe and Sound (Lyrics)": 1.0633358432042046e-22,
    "Fearless (Taylor Swift album)": 1.0633358432042046e-22,
    "Fearless (album)": 1.0633358432042046e-22,
    "Quotes": 1.0633358432042046e-22,
    "Taylor Swift Quotes": 0.0,
    "Safe & Sound (Lyrics)": 0.0,
    "Big Machine Records": 0.0,
    "Take Two with Phineas and Ferb": 0.02214057467022534,
    "Dan Wilson": 1.0633358432042046e-22,
    "Come Back... Be Here": 0.0,
    "Sarah Hyland": 0.02214057467022534
  },
  "hitsAuths": {
    "Picture to Burn": 0.06729279950202263,
    "Should've Said No": 0.06653114911885555,
    "Change": 7.383330187850136e-22,
    "Teardrops on My Guitar": 0.07712729577328897,
    "Fearless (song)": 7.383330187850136e-22,
    "Tim McGraw (song)": 0.06542048754630175,
    "Discography": 7.383330187850136e-22,
    "Our Song (song)": 0.06849338531874566,
    "Sounds of the Season: The Taylor Swift Holiday Collection": 0.05282014650464475,
    "Beautiful Eyes": 0.046169920801403995,
    "Love Story (Taylor Swift song)": 0.05942668694590844,
    "Our Song (Taylor Swift song)": 0.009708498950486697,
    "Fearless (Taylor Swift song)": 0.036239197259226225,
    "Breathe (Taylor Swift song)": 0.0,
    "Change (Taylor Swift song)": 0.04671044378144967,
    "Tim McGraw": 0.03209124703175198,
    "Picture to burn": 0.0,
    "Fan survey (how well do you know her)": 0.0,
    "Taylor Swift discography": 0.0,
    "Fearless": 7.383330187850136e-22,
    "David Cook": 7.383330187850136e-22,
    "David": 0.0,
    "Fan Gallery": 0.0,
    "Taylor Swift": 0.15373428290203095,
    "Teardrops on my Guitar": 0.0,
    "List of songs": 0.0,
    "Breathe (song)": 7.383330187850136e-22,
    "Change (song)": 7.383330187850136e-22,
    "Childhood pictures": 0.0,
    "Taylor Swift's Childhood Pictures": 7.383330187850136e-22,
    "Our Song": 0.0,
    "Beautiful Eyes (EP)": 0.0,
    "List of Songs by Taylor Swift": 7.383330187850136e-22,
    "Fan Survey": 7.383330187850136e-22,
    "Safe and Sound (Lyrics)": 0.0,
    "Fearless (Taylor Swift album)": 0.06629913724084029,
    "Fearless (album)": 7.383330187850136e-22,
    "Quotes": 0.0,
    "Taylor Swift Quotes": 7.383330187850136e-22,
    "Safe & Sound (Lyrics)": 7.383330187850136e-22,
    "Big Machine Records": 0.1519353213230424,
    "Take Two with Phineas and Ferb": 0.0,
    "Dan Wilson": 0.0,
    "Come Back... Be Here": 7.383330187850136e-22,
    "Sarah Hyland": 0.0
  },
  "averagePathLength": 3.2679738562091503
}