{
  "numNodes": 43,
  "numEdges": 83,
  "selfLinks": 0,
  "numStrongComponents": 28,
  "numWeakComponents": 9,
  "sizeLargestStrong": 16,
  "sizeLargestWeak": 27,
  "radius": 3,
  "diameter": 8,
  "averageInDegree": 1.930232558139535,
  "averageOutDegree": 1.930232558139535,
  "maxOutDegree": 12,
  "maxInDegree": 13,
  "pageRank": {
    "Picture to Burn": 0.03338789823783944,
    "Should've Said No": 0.023484573924803957,
    "Change": 0.02828145765600789,
    "Teardrops on My Guitar": 0.06431475226742932,
    "Tim McGraw (song)": 0.09003301703198387,
    "Discography": 0.013541748494751893,
    "Our Song (song)": 0.06005083357949221,
    "Sounds of the Season: The Taylor Swift Holiday Collection": 0.026834818171261324,
    "Beautiful Eyes": 0.027374978816568474,
    "Love Story (Taylor Swift song)": 0.01800159590912488,
    "Our Song (Taylor Swift song)": 0.023081571652667592,
    "Breathe (Taylor Swift song)": 0.00712721088353592,
    "Change (Taylor Swift song)": 0.018194085375226328,
    "Tim McGraw": 0.054146968137619614,
    "Picture to burn": 0.00712721088353592,
    "Fan survey (how well do you know her)": 0.00712721088353592,
    "Taylor Swift discography": 0.00712721088353592,
    "Fearless": 0.026482054343396812,
    "David Cook": 0.013541748494751893,
    "David": 0.00712721088353592,
    "Fan Gallery": 0.00712721088353592,
    "Taylor Swift": 0.1063652116738644,
    "Teardrops on my Guitar": 0.00712721088353592,
    "List of songs": 0.00712721088353592,
    "Breathe (song)": 0.013541748494751893,
    "Change (song)": 0.023504182763065016,
    "Childhood pictures": 0.00712721088353592,
    "Taylor Swift's Childhood Pictures": 0.013541748494751893,
    "Our Song": 0.00712721088353592,
    "Beautiful Eyes (EP)": 0.00712721088353592,
    "List of Songs by Taylor Swift": 0.013541748494751893,
    "Fan Survey": 0.013541748494751893,
    "Safe and Sound (Lyrics)": 0.00712721088353592,
    "Fearless (Taylor Swift album)": 0.015972145785241594,
    "Fearless (album)": 0.021502784475717553,
    "Quotes": 0.00712721088353592,
    "Taylor Swift Quotes": 0.013541748494751893,
    "Safe & Sound (Lyrics)": 0.013541748494751893,
    "Big Machine Records": 0.10307595960934814,
    "Take Two with Phineas and Ferb": 0.00712721088353592,
    "Dan Wilson": 0.00712721088353592,
    "Come Back... Be Here": 0.013541748494751893,
    "Sarah Hyland": 0.00712721088353592
  },
  "hitsHubs": {
    "Picture to Burn": 0.0685523325669164,
    "Should've Said No": 0.06487030459559467,
    "Change": 0.07389130715361356,
    "Teardrops on My Guitar": 0.06853862646927524,
    "Tim McGraw (song)": 0.06460170553249096,
    "Discography": 0.14335801443215854,
    "Our Song (song)": 0.07570380264545508,
    "Sounds of the Season: The Taylor Swift Holiday Collection": 0.053663535226796934,
    "Beautiful Eyes": 0.12105656543138675,
    "Love Story (Taylor Swift song)": 0.0,
    "Our Song (Taylor Swift song)": 0.011316844992711652,
    "Breathe (Taylor Swift song)": 2.710561954867773e-22,
    "Change (Taylor Swift song)": 2.710561954867773e-22,
    "Tim McGraw": 0.01084204855156548,
    "Picture to burn": 0.011102097112964122,
    "Fan survey (how well do you know her)": 2.710561954867773e-22,
    "Taylor Swift discography": 2.710561954867773e-22,
    "Fearless": 0.06868118192576989,
    "David Cook": 0.0,
    "David": 2.710561954867773e-22,
    "Fan Gallery": 0.023287428965055965,
    "Taylor Swift": 0.06254927988817918,
    "Teardrops on my Guitar": 0.012809419285443229,
    "List of songs": 2.710561954867773e-22,
    "Breathe (song)": 0.0,
    "Change (song)": 2.710561954867773e-22,
    "Childhood pictures": 2.710561954867773e-22,
    "Taylor Swift's Childhood Pictures": 0.0,
    "Our Song": 0.011316844992711652,
    "Beautiful Eyes (EP)": 0.007283802301798826,
    "List of Songs by Taylor Swift": 0.0,
    "Fan Survey": 0.0,
    "Safe and Sound (Lyrics)": 2.710561954867773e-22,
    "Fearless (Taylor Swift album)": 2.710561954867773e-22,
    "Fearless (album)": 2.710561954867773e-22,
    "Quotes": 2.710561954867773e-22,
    "Taylor Swift Quotes": 0.0,
    "Safe & Sound (Lyrics)": 0.0,
    "Big Machine Records": 0.0,
    "Take Two with Phineas and Ferb": 0.023287428965055965,
    "Dan Wilson": 2.710561954867773e-22,
    "Come Back... Be Here": 0.0,
    "Sarah Hyland": 0.023287428965055965
  },
  "hitsAuths": {
    "Picture to Burn": 0.07379775233168981,
    "Should've Said No": 0.07216026709406523,
    "Change": 1.801762115658764e-21,
    "Teardrops on My Guitar": 0.08514664772982924,
    "Tim McGraw (song)": 0.0720691600546596,
    "Discography": 1.801762115658764e-21,
    "Our Song (song)": 0.07522522235668698,
    "Sounds of the Season: The Taylor Swift Holiday Collection": 0.0579902243607943,
    "Beautiful Eyes": 0.04841682006847701,
    "Love Story (Taylor Swift song)": 0.05071255911867601,
    "Our Song (Taylor Swift song)": 0.01109372385604228,
    "Breathe (Taylor Swift song)": 0.0,
    "Change (Taylor Swift song)": 0.04911259647300767,
    "Tim McGraw": 0.03597827198577255,
    "Picture to burn": 0.0,
    "Fan survey (how well do you know her)": 0.0,
    "Taylor Swift discography": 0.0,
    "Fearless": 1.801762115658764e-21,
    "David Cook": 1.801762115658764e-21,
    "David": 0.0,
    "Fan Gallery": 0.0,
    "Taylor Swift": 0.1547959721229808,
    "Teardrops on my Guitar": 0.0,
    "List of songs": 0.0,
    "Breathe (song)": 1.801762115658764e-21,
    "Change (song)": 1.801762115658764e-21,
    "Childhood pictures": 0.0,
    "Taylor Swift's Childhood Pictures": 1.801762115658764e-21,
    "Our Song": 0.0,
    "Beautiful Eyes (EP)": 0.0,
    "List of Songs by Taylor Swift": 1.801762115658764e-21,
    "Fan Survey": 1.801762115658764e-21,
    "Safe and Sound (Lyrics)": 0.0,
    "Fearless (Taylor Swift album)": 0.060001843367247724,
    "Fearless (album)": 1.801762115658764e-21,
    "Quotes": 0.0,
    "Taylor Swift Quotes": 1.801762115658764e-21,
    "Safe & Sound (Lyrics)": 1.801762115658764e-21,
    "Big Machine Records": 0.15349893908007084,
    "Take Two with Phineas and Ferb": 0.0,
    "Dan Wilson": 0.0,
    "Come Back... Be Here": 1.801762115658764e-21,
    "Sarah Hyland": 0.0
  },
  "averagePathLength": 2.904166666666667
}