{
  "numNodes": 39,
  "numEdges": 50,
  "selfLinks": 0,
  "numStrongComponents": 32,
  "numWeakComponents": 12,
  "sizeLargestStrong": 8,
  "sizeLargestWeak": 17,
  "radius": 2,
  "diameter": 4,
  "averageInDegree": 1.2820512820512822,
  "averageOutDegree": 1.2820512820512822,
  "maxOutDegree": 6,
  "maxInDegree": 9,
  "pageRank": {
    "Picture to Burn": 0.033552473300813415,
    "Teardrops on My Guitar": 0.07340221293950717,
    "Tim McGraw (song)": 0.10163808028878293,
    "Discography": 0.01803844776821445,
    "Our Song (song)": 0.07115432778307704,
    "Sounds of the Season: The Taylor Swift Holiday Collection": 0.029183755225188464,
    "Beautiful Eyes": 0.01803844776821445,
    "Our Song (Taylor Swift song)": 0.02647792586951442,
    "Breathe (Taylor Swift song)": 0.009493984428834371,
    "Change (Taylor Swift song)": 0.009493984428834371,
    "Tim McGraw": 0.06215192024445304,
    "Picture to burn": 0.009493984428834371,
    "Fan survey (how well do you know her)": 0.009493984428834371,
    "Taylor Swift discography": 0.009493984428834371,
    "David Cook": 0.01803844776821445,
    "David": 0.009493984428834371,
    "Fan Gallery": 0.009493984428834371,
    "Taylor Swift": 0.11322074467210283,
    "Teardrops on my Guitar": 0.009493984428834371,
    "List of songs": 0.009493984428834371,
    "Breathe (song)": 0.01803844776821445,
    "Change (song)": 0.01803844776821445,
    "Childhood pictures": 0.009493984428834371,
    "Taylor Swift's Childhood Pictures": 0.01803844776821445,
    "Our Song": 0.009493984428834371,
    "Beautiful Eyes (EP)": 0.009493984428834371,
    "List of Songs by Taylor Swift": 0.01803844776821445,
    "Fan Survey": 0.01803844776821445,
    "Safe and Sound (Lyrics)": 0.009493984428834371,
    "Fearless (Taylor Swift album)": 0.009493984428834371,
    "Fearless (album)": 0.01803844776821445,
    "Quotes": 0.009493984428834371,
    "Taylor Swift Quotes": 0.01803844776821445,
    "Safe & Sound (Lyrics)": 0.01803844776821445,
    "Big Machine Records": 0.10186546673896858,
    "Take Two with Phineas and Ferb": 0.009493984428834371,
    "Dan Wilson": 0.009493984428834371,
    "Come Back... Be Here": 0.01803844776821445,
    "Sarah Hyland": 0.009493984428834371
  },
  "hitsHubs": {
    "Picture to Burn": 0.09233524539901658,
    "Teardrops on My Guitar": 0.1118563597305967,
    "Tim McGraw (song)": 0.11916331854173783,
    "Discography": 0.1330313477928352,
    "Our Song (song)": 0.13352371684489256,
    "Sounds of the Season: The Taylor Swift Holiday Collection": 0.07313319011305555,
    "Beautiful Eyes": 0.0,
    "Our Song (Taylor Swift song)": 0.019202055285961042,
    "Breathe (Taylor Swift song)": 1.0760052959632733e-23,
    "Change (Taylor Swift song)": 1.0760052959632733e-23,
    "Tim McGraw": 0.019521114331580103,
    "Picture to burn": 0.01436039830315474,
    "Fan survey (how well do you know her)": 1.0760052959632733e-23,
    "Taylor Swift discography": 1.0760052959632733e-23,
    "David Cook": 0.0,
    "David": 1.0760052959632733e-23,
    "Fan Gallery": 0.04003445012069209,
    "Taylor Swift": 0.1174596161864417,
    "Teardrops on my Guitar": 0.02710823182269076,
    "List of songs": 1.0760052959632733e-23,
    "Breathe (song)": 0.0,
    "Change (song)": 0.0,
    "Childhood pictures": 1.0760052959632733e-23,
    "Taylor Swift's Childhood Pictures": 0.0,
    "Our Song": 0.019202055285961042,
    "Beautiful Eyes (EP)": 1.0760052959632733e-23,
    "List of Songs by Taylor Swift": 0.0,
    "Fan Survey": 0.0,
    "Safe and Sound (Lyrics)": 1.0760052959632733e-23,
    "Fearless (Taylor Swift album)": 1.0760052959632733e-23,
    "Fearless (album)": 0.0,
    "Quotes": 1.0760052959632733e-23,
    "Taylor Swift Quotes": 0.0,
    "Safe & Sound (Lyrics)": 0.0,
    "Big Machine Records": 0.0,
    "Take Two with Phineas and Ferb": 0.04003445012069209,
    "Dan Wilson": 1.0760052959632733e-23,
    "Come Back... Be Here": 0.0,
    "Sarah Hyland": 0.04003445012069209
  },
  "hitsAuths": {
    "Picture to Burn": 0.0751630894928524,
    "Teardrops on My Guitar": 0.1418859290298572,
    "Tim McGraw (song)": 0.10217455202356224,
    "Discography": 5.631869022567678e-23,
    "Our Song (song)": 0.10050457998705532,
    "Sounds of the Season: The Taylor Swift Holiday Collection": 0.06702256450452514,
    "Beautiful Eyes": 5.631869022567678e-23,
    "Our Song (Taylor Swift song)": 0.03142805860967253,
    "Breathe (Taylor Swift song)": 0.0,
    "Change (Taylor Swift song)": 0.0,
    "Tim McGraw": 0.09903821453602718,
    "Picture to burn": 0.0,
    "Fan survey (how well do you know her)": 0.0,
    "Taylor Swift discography": 0.0,
    "David Cook": 5.631869022567678e-23,
    "David": 0.0,
    "Fan Gallery": 0.0,
    "Taylor Swift": 0.20954244399736902,
    "Teardrops on my Guitar": 0.0,
    "List of songs": 0.0,
    "Breathe (song)": 5.631869022567678e-23,
    "Change (song)": 5.631869022567678e-23,
    "Childhood pictures": 0.0,
    "Taylor Swift's Childhood Pictures": 5.631869022567678e-23,
    "Our Song": 0.0,
    "Beautiful Eyes (EP)": 0.0,
    "List of Songs by Taylor Swift": 5.631869022567678e-23,
    "Fan Survey": 5.631869022567678e-23,
    "Safe and Sound (Lyrics)": 0.0,
    "Fearless (Taylor Swift album)": 0.0,
    "Fearless (album)": 5.631869022567678e-23,
    "Quotes": 0.0,
    "Taylor Swift Quotes": 5.631869022567678e-23,
    "Safe & Sound (Lyrics)": 5.631869022567678e-23,
    "Big Machine Records": 0.17324056781907907,
    "Take Two with Phineas and Ferb": 0.0,
    "Dan Wilson": 0.0,
    "Come Back... Be Here": 5.631869022567678e-23,
    "Sarah Hyland": 0.0
  },
  "averagePathLength": 1.8571428571428572
}