{
  "numNodes": 46,
  "numEdges": 97,
  "selfLinks": 0,
  "numStrongComponents": 28,
  "numWeakComponents": 9,
  "sizeLargestStrong": 19,
  "sizeLargestWeak": 30,
  "radius": 3,
  "diameter": 9,
  "averageInDegree": 2.108695652173913,
  "averageOutDegree": 2.108695652173913,
  "maxOutDegree": 14,
  "maxInDegree": 15,
  "pageRank": {
    "Picture to Burn": 0.030297796372512502,
    "Should've Said No": 0.02103082651304862,
    "Change": 0.02505576777854994,
    "You're Not Sorry": 0.014502710260402792,
    "Teardrops on My Guitar": 0.060295249894564494,
    "Fearless (song)": 0.01932849233339191,
    "Tim McGraw (song)": 0.08498997809728624,
    "Discography": 0.012291760427419599,
    "Our Song (song)": 0.05577803866948135,
    "Sounds of the Season: The Taylor Swift Holiday Collection": 0.025311920991841444,
    "Beautiful Eyes": 0.024439056861668338,
    "Love Story (Taylor Swift song)": 0.019013070810049416,
    "Our Song (Taylor Swift song)": 0.022077741581829756,
    "Fearless (Taylor Swift song)": 0.014286655510080036,
    "Breathe (Taylor Swift song)": 0.00646936266639454,
    "Change (Taylor Swift song)": 0.015755316821357425,
    "Tim McGraw": 0.051238672723527744,
    "Picture to burn": 0.00646936266639454,
    "Fan survey (how well do you know her)": 0.00646936266639454,
    "Taylor Swift discography": 0.00646936266639454,
    "Fearless": 0.02926989781321419,
    "David Cook": 0.012291760427419599,
    "David": 0.00646936266639454,
    "Fan Gallery": 0.00646936266639454,
    "Taylor Swift": 0.10405674671986777,
    "Teardrops on my Guitar": 0.00646936266639454,
    "List of songs": 0.00646936266639454,
    "Breathe (song)": 0.012291760427419599,
    "Change (song)": 0.020650077734846728,
    "Childhood pictures": 0.00646936266639454,
    "Taylor Swift's Childhood Pictures": 0.012291760427419599,
    "Our Song": 0.00646936266639454,
    "Beautiful Eyes (EP)": 0.00646936266639454,
    "List of Songs by Taylor Swift": 0.012291760427419599,
    "Fan Survey": 0.012291760427419599,
    "Safe and Sound (Lyrics)": 0.00646936266639454,
    "Fearless (Taylor Swift album)": 0.02095672957011892,
    "Fearless (album)": 0.02533167408104347,
    "Quotes": 0.00646936266639454,
    "Taylor Swift Quotes": 0.012291760427419599,
    "Safe & Sound (Lyrics)": 0.012291760427419599,
    "Big Machine Records": 0.10219793235222782,
    "Take Two with Phineas and Ferb": 0.00646936266639454,
    "Dan Wilson": 0.00646936266639454,
    "Come Back... Be Here": 0.012291760427419599,
    "Sarah Hyland": 0.00646936266639454
  },
  "hitsHubs": {
    "Picture to Burn": 0.058414318109471626,
    "Should've Said No": 0.05602868630545534,
    "Change": 0.06764972934905547,
    "You're Not Sorry": 0.05752441959007018,
    "Teardrops on My Guitar": 0.05818810876903805,
    "Fearless (song)": 0.06562282468404422,
    "Tim McGraw (song)": 0.05497853465148981,
    "Discography": 0.133593722147174,
    "Our Song (song)": 0.0633872483284466,
    "Sounds of the Season: The Taylor Swift Holiday Collection": 0.04756424817655213,
    "Beautiful Eyes": 0.10100817216406859,
    "Love Story (Taylor Swift song)": 0.0,
    "Our Song (Taylor Swift song)": 0.008544845745324344,
    "Fearless (Taylor Swift song)": 1.6833115417080377e-21,
    "Breathe (Taylor Swift song)": 1.6833115417080377e-21,
    "Change (Taylor Swift song)": 1.6833115417080377e-21,
    "Tim McGraw": 0.008141656362514023,
    "Picture to burn": 0.008408713676956796,
    "Fan survey (how well do you know her)": 1.6833115417080377e-21,
    "Taylor Swift discography": 1.6833115417080377e-21,
    "Fearless": 0.07408715664430512,
    "David Cook": 0.0,
    "David": 1.6833115417080377e-21,
    "Fan Gallery": 0.02089825117471148,
    "Taylor Swift": 0.049984364052359995,
    "Teardrops on my Guitar": 0.009571010458862361,
    "List of songs": 1.6833115417080377e-21,
    "Breathe (song)": 0.0,
    "Change (song)": 1.6833115417080377e-21,
    "Childhood pictures": 1.6833115417080377e-21,
    "Taylor Swift's Childhood Pictures": 0.0,
    "Our Song": 0.008544845745324344,
    "Beautiful Eyes (EP)": 0.006062641515352451,
    "List of Songs by Taylor Swift": 0.0,
    "Fan Survey": 0.0,
    "Safe and Sound (Lyrics)": 1.6833115417080377e-21,
    "Fearless (Taylor Swift album)": 1.6833115417080377e-21,
    "Fearless (album)": 1.6833115417080377e-21,
    "Quotes": 1.6833115417080377e-21,
    "Taylor Swift Quotes": 0.0,
    "Safe & Sound (Lyrics)": 0.0,
    "Big Machine Records": 0.0,
    "Take Two with Phineas and Ferb": 0.02089825117471148,
    "Dan Wilson": 1.6833115417080377e-21,
    "Come Back... Be Here": 0.0,
    "Sarah Hyland": 0.02089825117471148
  },
  "hitsAuths": {
    "Picture to Burn": 0.0606429686366004,
    "Should've Said No": 0.06034837632416425,
    "Change": 1.213990783265345e-20,
    "You're Not Sorry": 0.04573050244334709,
    "Teardrops on My Guitar": 0.06902535980835332,
    "Fearless (song)": 1.213990783265345e-20,
    "Tim McGraw (song)": 0.05871697270355908,
    "Discography": 1.213990783265345e-20,
    "Our Song (song)": 0.06162474219550656,
    "Sounds of the Season: The Taylor Swift Holiday Collection": 0.047618354375751584,
    "Beautiful Eyes": 0.043723284368451604,
    "Love Story (Taylor Swift song)": 0.057049983575361986,
    "Our Song (Taylor Swift song)": 0.008363626481445764,
    "Fearless (Taylor Swift song)": 0.04437543799499148,
    "Breathe (Taylor Swift song)": 0.0,
    "Change (Taylor Swift song)": 0.044125164646637134,
    "Tim McGraw": 0.028169163971491835,
    "Picture to burn": 0.0,
    "Fan survey (how well do you know her)": 0.0,
    "Taylor Swift discography": 0.0,
    "Fearless": 1.213990783265345e-20,
    "David Cook": 1.213990783265345e-20,
    "David": 0.0,
    "Fan Gallery": 0.0,
    "Taylor Swift": 0.1507165113756718,
    "Teardrops on my Guitar": 0.0,
    "List of songs": 0.0,
    "Breathe (song)": 1.213990783265345e-20,
    "Change (song)": 1.213990783265345e-20,
    "Childhood pictures": 0.0,
    "Taylor Swift's Childhood Pictures": 1.213990783265345e-20,
    "Our Song": 0.0,
    "Beautiful Eyes (EP)": 0.0,
    "List of Songs by Taylor Swift": 1.213990783265345e-20,
    "Fan Survey": 1.213990783265345e-20,
    "Safe and Sound (Lyrics)": 0.0,
    "Fearless (Taylor Swift album)": 0.07117980377502765,
    "Fearless (album)": 1.213990783265345e-20,
    "Quotes": 0.0,
    "Taylor Swift Quotes": 1.213990783265345e-20,
    "Safe & Sound (Lyrics)": 1.213990783265345e-20,
    "Big Machine Records": 0.14858974732363842,
    "Take Two with Phineas and Ferb": 0.0,
    "Dan Wilson": 0.0,
    "Come Back... Be Here": 1.213990783265345e-20,
    "Sarah Hyland": 0.0
  },
  "averagePathLength": 3.324561403508772
}