{
  "numNodes": 39,
  "numEdges": 45,
  "selfLinks": 0,
  "numStrongComponents": 33,
  "numWeakComponents": 13,
  "sizeLargestStrong": 7,
  "sizeLargestWeak": 15,
  "radius": 2,
  "diameter": 3,
  "averageInDegree": 1.1538461538461537,
  "averageOutDegree": 1.1538461538461537,
  "maxOutDegree": 6,
  "maxInDegree": 8,
  "pageRank": {
    "Picture to Burn": 0.01908922510646307,
    "Teardrops on My Guitar": 0.07690681351563332,
    "Tim McGraw (song)": 0.10517341156209511,
    "Discography": 0.01908922510646307,
    "Our Song (song)": 0.06363163358508249,
    "Sounds of the Season: The Taylor Swift Holiday Collection": 0.029884790879208388,
    "Beautiful Eyes": 0.01908922510646307,
    "Our Song (Taylor Swift song)": 0.02644861417562852,
    "Breathe (Taylor Swift song)": 0.010046971912273201,
    "Change (Taylor Swift song)": 0.010046971912273201,
    "Tim McGraw": 0.06442838361786359,
    "Picture to burn": 0.010046971912273201,
    "Fan survey (how well do you know her)": 0.010046971912273201,
    "Taylor Swift discography": 0.010046971912273201,
    "David Cook": 0.01908922510646307,
    "David": 0.010046971912273201,
    "Fan Gallery": 0.010046971912273201,
    "Taylor Swift": 0.10934111294117259,
    "Teardrops on my Guitar": 0.010046971912273201,
    "List of songs": 0.010046971912273201,
    "Breathe (song)": 0.01908922510646307,
    "Change (song)": 0.01908922510646307,
    "Childhood pictures": 0.010046971912273201,
    "Taylor Swift's Childhood Pictures": 0.01908922510646307,
    "Our Song": 0.010046971912273201,
    "Beautiful Eyes (EP)": 0.010046971912273201,
    "List of Songs by Taylor Swift": 0.01908922510646307,
    "Fan Survey": 0.01908922510646307,
    "Safe and Sound (Lyrics)": 0.010046971912273201,
    "Fearless (Taylor Swift album)": 0.010046971912273201,
    "Fearless (album)": 0.01908922510646307,
    "Quotes": 0.010046971912273201,
    "Taylor Swift Quotes": 0.01908922510646307,
    "Safe & Sound (Lyrics)": 0.01908922510646307,
    "Big Machine Records": 0.09517981891837843,
    "Take Two with Phineas and Ferb": 0.010046971912273201,
    "Dan Wilson": 0.010046971912273201,
    "Come Back... Be Here": 0.01908922510646307,
    "Sarah Hyland": 0.010046971912273201
  },
  "hitsHubs": {
    "Picture to Burn": 0.0,
    "Teardrops on My Guitar": 0.12356407900758942,
    "Tim McGraw (song)": 0.14113311787281463,
    "Discography": 0.13840045341765927,
    "Our Song (song)": 0.14113311787281463,
    "Sounds of the Season: The Taylor Swift Holiday Collection": 0.0810033593205761,
    "Beautiful Eyes": 0.0,
    "Our Song (Taylor Swift song)": 0.017253455340454568,
    "Breathe (Taylor Swift song)": 1.1171925990791785e-22,
    "Change (Taylor Swift song)": 1.1171925990791785e-22,
    "Tim McGraw": 0.025307264346558764,
    "Picture to burn": 1.1171925990791785e-22,
    "Fan survey (how well do you know her)": 1.1171925990791785e-22,
    "Taylor Swift discography": 1.1171925990791785e-22,
    "David Cook": 0.0,
    "David": 1.1171925990791785e-22,
    "Fan Gallery": 0.044082389801254784,
    "Taylor Swift": 0.14759073017261265,
    "Teardrops on my Guitar": 0.03511379790470097,
    "List of songs": 1.1171925990791785e-22,
    "Breathe (song)": 0.0,
    "Change (song)": 0.0,
    "Childhood pictures": 1.1171925990791785e-22,
    "Taylor Swift's Childhood Pictures": 0.0,
    "Our Song": 0.017253455340454568,
    "Beautiful Eyes (EP)": 1.1171925990791785e-22,
    "List of Songs by Taylor Swift": 0.0,
    "Fan Survey": 0.0,
    "Safe and Sound (Lyrics)": 1.1171925990791785e-22,
    "Fearless (Taylor Swift album)": 1.1171925990791785e-22,
    "Fearless (album)": 0.0,
    "Quotes": 1.1171925990791785e-22,
    "Taylor Swift Quotes": 0.0,
    "Safe & Sound (Lyrics)": 0.0,
    "Big Machine Records": 0.0,
    "Take Two with Phineas and Ferb": 0.044082389801254784,
    "Dan Wilson": 1.1171925990791785e-22,
    "Come Back... Be Here": 0.0,
    "Sarah Hyland": 0.044082389801254784
  },
  "hitsAuths": {
    "Picture to Burn": 5.347297716426957e-22,
    "Teardrops on My Guitar": 0.16806764698015852,
    "Tim McGraw (song)": 0.12112994389768252,
    "Discography": 5.347297716426957e-22,
    "Our Song (song)": 0.08258142993296763,
    "Sounds of the Season: The Taylor Swift Holiday Collection": 0.07966217796683173,
    "Beautiful Eyes": 5.347297716426957e-22,
    "Our Song (Taylor Swift song)": 0.04111105404796763,
    "Breathe (Taylor Swift song)": 0.0,
    "Change (Taylor Swift song)": 0.0,
    "Tim McGraw": 0.1197356564616158,
    "Picture to burn": 0.0,
    "Fan survey (how well do you know her)": 0.0,
    "Taylor Swift discography": 0.0,
    "David Cook": 5.347297716426957e-22,
    "David": 0.0,
    "Fan Gallery": 0.0,
    "Taylor Swift": 0.21099465079985408,
    "Teardrops on my Guitar": 0.0,
    "List of songs": 0.0,
    "Breathe (song)": 5.347297716426957e-22,
    "Change (song)": 5.347297716426957e-22,
    "Childhood pictures": 0.0,
    "Taylor Swift's Childhood Pictures": 5.347297716426957e-22,
    "Our Song": 0.0,
    "Beautiful Eyes (EP)": 0.0,
    "List of Songs by Taylor Swift": 5.347297716426957e-22,
    "Fan Survey": 5.347297716426957e-22,
    "Safe and Sound (Lyrics)": 0.0,
    "Fearless (Taylor Swift album)": 0.0,
    "Fearless (album)": 5.347297716426957e-22,
    "Quotes": 0.0,
    "Taylor Swift Quotes": 5.347297716426957e-22,
    "Safe & Sound (Lyrics)": 5.347297716426957e-22,
    "Big Machine Records": 0.17671743991292221,
    "Take Two with Phineas and Ferb": 0.0,
    "Dan Wilson": 0.0,
    "Come Back... Be Here": 5.347297716426957e-22,
    "Sarah Hyland": 0.0
  },
  "averagePathLength": 1.7380952380952381
}