{
  "numNodes": 42,
  "numEdges": 74,
  "selfLinks": 0,
  "numStrongComponents": 30,
  "numWeakComponents": 9,
  "sizeLargestStrong": 13,
  "sizeLargestWeak": 26,
  "radius": 3,
  "diameter": 8,
  "averageInDegree": 1.7619047619047619,
  "averageOutDegree": 1.7619047619047619,
  "maxOutDegree": 10,
  "maxInDegree": 12,
  "pageRank": {
    "Picture to Burn": 0.03608256512058892,
    "Should've Said No": 0.028137912165418444,
    "Change": 0.025987113596630033,
    "Teardrops on My Guitar": 0.0672872505590612,
    "Tim McGraw (song)": 0.09394304411608304,
    "Discography": 0.02838884445730849,
    "Our Song (song)": 0.06271780126559613,
    "Sounds of the Season: The Taylor Swift Holiday Collection": 0.02862341318831682,
    "Beautiful Eyes": 0.024312669046802918,
    "Our Song (Taylor Swift song)": 0.02333312490841701,
    "Breathe (Taylor Swift song)": 0.006932215775940972,
    "Change (Taylor Swift song)": 0.0158186258481685,
    "Tim McGraw": 0.05575805223861424,
    "Picture to burn": 0.006932215775940972,
    "Fan survey (how well do you know her)": 0.006932215775940972,
    "Taylor Swift discography": 0.02383983472881843,
    "Fearless": 0.01878644425655916,
    "David Cook": 0.013171125816488133,
    "David": 0.006932215775940972,
    "Fan Gallery": 0.006932215775940972,
    "Taylor Swift": 0.10933687152493202,
    "Teardrops on my Guitar": 0.006932215775940972,
    "List of songs": 0.006932215775940972,
    "Breathe (song)": 0.013171125816488133,
    "Change (song)": 0.02116979767946914,
    "Childhood pictures": 0.006932215775940972,
    "Taylor Swift's Childhood Pictures": 0.013171125816488133,
    "Our Song": 0.006932215775940972,
    "Beautiful Eyes (EP)": 0.006932215775940972,
    "List of Songs by Taylor Swift": 0.013171125816488133,
    "Fan Survey": 0.013171125816488133,
    "Safe and Sound (Lyrics)": 0.006932215775940972,
    "Fearless (Taylor Swift album)": 0.006932215775940972,
    "Fearless (album)": 0.013171125816488133,
    "Quotes": 0.006932215775940972,
    "Taylor Swift Quotes": 0.013171125816488133,
    "Safe & Sound (Lyrics)": 0.013171125816488133,
    "Big Machine Records": 0.10702105053576656,
    "Take Two with Phineas and Ferb": 0.006932215775940972,
    "Dan Wilson": 0.006932215775940972,
    "Come Back... Be Here": 0.013171125816488133,
    "Sarah Hyland": 0.006932215775940972
  },
  "hitsHubs": {
    "Picture to Burn": 0.07673324984908608,
    "Should've Said No": 0.07046815285205872,
    "Change": 0.06321557474794111,
    "Teardrops on My Guitar": 0.07745119354797733,
    "Tim McGraw (song)": 0.07348708301911806,
    "Discography": 0.14123343686325882,
    "Our Song (song)": 0.08667878003277324,
    "Sounds of the Season: The Taylor Swift Holiday Collection": 0.057058179005033724,
    "Beautiful Eyes": 0.12876739408622906,
    "Our Song (Taylor Swift song)": 0.013517675101144995,
    "Breathe (Taylor Swift song)": 1.2819323417933162e-21,
    "Change (Taylor Swift song)": 1.2819323417933162e-21,
    "Tim McGraw": 0.012999222413628574,
    "Picture to burn": 0.013191697013655183,
    "Fan survey (how well do you know her)": 1.2819323417933162e-21,
    "Taylor Swift discography": 1.2819323417933162e-21,
    "Fearless": 1.2819323417933162e-21,
    "David Cook": 0.0,
    "David": 1.2819323417933162e-21,
    "Fan Gallery": 0.025513227643606994,
    "Taylor Swift": 0.07346340297729344,
    "Teardrops on my Guitar": 0.015553717487005904,
    "List of songs": 1.2819323417933162e-21,
    "Breathe (song)": 0.0,
    "Change (song)": 1.2819323417933162e-21,
    "Childhood pictures": 1.2819323417933162e-21,
    "Taylor Swift's Childhood Pictures": 0.0,
    "Our Song": 0.013517675101144995,
    "Beautiful Eyes (EP)": 0.006123882971829968,
    "List of Songs by Taylor Swift": 0.0,
    "Fan Survey": 0.0,
    "Safe and Sound (Lyrics)": 1.2819323417933162e-21,
    "Fearless (Taylor Swift album)": 1.2819323417933162e-21,
    "Fearless (album)": 1.2819323417933162e-21,
    "Quotes": 1.2819323417933162e-21,
    "Taylor Swift Quotes": 0.0,
    "Safe & Sound (Lyrics)": 0.0,
    "Big Machine Records": 0.0,
    "Take Two with Phineas and Ferb": 0.025513227643606994,
    "Dan Wilson": 1.2819323417933162e-21,
    "Come Back... Be Here": 0.0,
    "Sarah Hyland": 0.025513227643606994
  },
  "hitsAuths": {
    "Picture to Burn": 0.08769132159645851,
    "Should've Said No": 0.08163934937824699,
    "Change": 8.521598178970825e-21,
    "Teardrops on My Guitar": 0.10339276597708756,
    "Tim McGraw (song)": 0.08641185375902927,
    "Discography": 8.521598178970825e-21,
    "Our Song (song)": 0.08985824896553601,
    "Sounds of the Season: The Taylor Swift Holiday Collection": 0.06839912217385229,
    "Beautiful Eyes": 0.040708287231425846,
    "Our Song (Taylor Swift song)": 0.014629855961785974,
    "Breathe (Taylor Swift song)": 0.0,
    "Change (Taylor Swift song)": 0.04215927446773633,
    "Tim McGraw": 0.04652605753978567,
    "Picture to burn": 0.0,
    "Fan survey (how well do you know her)": 0.0,
    "Taylor Swift discography": 8.521598178970825e-21,
    "Fearless": 8.521598178970825e-21,
    "David Cook": 8.521598178970825e-21,
    "David": 0.0,
    "Fan Gallery": 0.0,
    "Taylor Swift": 0.16959824410334023,
    "Teardrops on my Guitar": 0.0,
    "List of songs": 0.0,
    "Breathe (song)": 8.521598178970825e-21,
    "Change (song)": 8.521598178970825e-21,
    "Childhood pictures": 0.0,
    "Taylor Swift's Childhood Pictures": 8.521598178970825e-21,
    "Our Song": 0.0,
    "Beautiful Eyes (EP)": 0.0,
    "List of Songs by Taylor Swift": 8.521598178970825e-21,
    "Fan Survey": 8.521598178970825e-21,
    "Safe and Sound (Lyrics)": 0.0,
    "Fearless (Taylor Swift album)": 0.0,
    "Fearless (album)": 8.521598178970825e-21,
    "Quotes": 0.0,
    "Taylor Swift Quotes": 8.521598178970825e-21,
    "Safe & Sound (Lyrics)": 8.521598178970825e-21,
    "Big Machine Records": 0.16898561884571525,
    "Take Two with Phineas and Ferb": 0.0,
    "Dan Wilson": 0.0,
    "Come Back... Be Here": 8.521598178970825e-21,
    "Sarah Hyland": 0.0
  },
  "averagePathLength": 2.621794871794872
}