{
  "numNodes": 39,
  "numEdges": 46,
  "selfLinks": 0,
  "numStrongComponents": 33,
  "numWeakComponents": 13,
  "sizeLargestStrong": 7,
  "sizeLargestWeak": 15,
  "radius": 2,
  "diameter": 3,
  "averageInDegree": 1.1794871794871795,
  "averageOutDegree": 1.1794871794871795,
  "maxOutDegree": 6,
  "maxInDegree": 8,
  "pageRank": {
    "Picture to Burn": 0.01925710646672045,
    "Teardrops on My Guitar": 0.07588152934852531,
    "Tim McGraw (song)": 0.1038007584281511,
    "Discography": 0.01925710646672045,
    "Our Song (song)": 0.06293812975657946,
    "Sounds of the Season: The Taylor Swift Holiday Collection": 0.029244941694579807,
    "Beautiful Eyes": 0.01925710646672045,
    "Our Song (Taylor Swift song)": 0.026356263626732462,
    "Breathe (Taylor Swift song)": 0.010135309671585725,
    "Change (Taylor Swift song)": 0.010135309671585725,
    "Tim McGraw": 0.06387105448554325,
    "Picture to burn": 0.010135309671585725,
    "Fan survey (how well do you know her)": 0.010135309671585725,
    "Taylor Swift discography": 0.010135309671585725,
    "David Cook": 0.01925710646672045,
    "David": 0.010135309671585725,
    "Fan Gallery": 0.010135309671585725,
    "Taylor Swift": 0.1081369004671186,
    "Teardrops on my Guitar": 0.010135309671585725,
    "List of songs": 0.010135309671585725,
    "Breathe (song)": 0.01925710646672045,
    "Change (song)": 0.01925710646672045,
    "Childhood pictures": 0.010135309671585725,
    "Taylor Swift's Childhood Pictures": 0.01925710646672045,
    "Our Song": 0.010135309671585725,
    "Beautiful Eyes (EP)": 0.010135309671585725,
    "List of Songs by Taylor Swift": 0.01925710646672045,
    "Fan Survey": 0.01925710646672045,
    "Safe and Sound (Lyrics)": 0.010135309671585725,
    "Fearless (Taylor Swift album)": 0.010135309671585725,
    "Fearless (album)": 0.01925710646672045,
    "Quotes": 0.010135309671585725,
    "Taylor Swift Quotes": 0.01925710646672045,
    "Safe & Sound (Lyrics)": 0.01925710646672045,
    "Big Machine Records": 0.09699246403686117,
    "Take Two with Phineas and Ferb": 0.010135309671585725,
    "Dan Wilson": 0.010135309671585725,
    "Come Back... Be Here": 0.01925710646672045,
    "Sarah Hyland": 0.010135309671585725
  },
  "hitsHubs": {
    "Picture to Burn": 0.0,
    "Teardrops on My Guitar": 0.12262089077936526,
    "Tim McGraw (song)": 0.13524921071833548,
    "Discography": 0.1713630270113685,
    "Our Song (song)": 0.13524921071833548,
    "Sounds of the Season: The Taylor Swift Holiday Collection": 0.08132269753780512,
    "Beautiful Eyes": 0.0,
    "Our Song (Taylor Swift song)": 0.01717000262133424,
    "Breathe (Taylor Swift song)": 6.891137284981029e-21,
    "Change (Taylor Swift song)": 6.891137284981029e-21,
    "Tim McGraw": 0.02412819062022591,
    "Picture to burn": 6.891137284981029e-21,
    "Fan survey (how well do you know her)": 6.891137284981029e-21,
    "Taylor Swift discography": 6.891137284981029e-21,
    "David Cook": 0.0,
    "David": 6.891137284981029e-21,
    "Fan Gallery": 0.040057502760905916,
    "Taylor Swift": 0.1432659348061483,
    "Teardrops on my Guitar": 0.03228832428302986,
    "List of songs": 6.891137284981029e-21,
    "Breathe (song)": 0.0,
    "Change (song)": 0.0,
    "Childhood pictures": 6.891137284981029e-21,
    "Taylor Swift's Childhood Pictures": 0.0,
    "Our Song": 0.01717000262133424,
    "Beautiful Eyes (EP)": 6.891137284981029e-21,
    "List of Songs by Taylor Swift": 0.0,
    "Fan Survey": 0.0,
    "Safe and Sound (Lyrics)": 6.891137284981029e-21,
    "Fearless (Taylor Swift album)": 6.891137284981029e-21,
    "Fearless (album)": 0.0,
    "Quotes": 6.891137284981029e-21,
    "Taylor Swift Quotes": 0.0,
    "Safe & Sound (Lyrics)": 0.0,
    "Big Machine Records": 0.0,
    "Take Two with Phineas and Ferb": 0.040057502760905916,
    "Dan Wilson": 6.891137284981029e-21,
    "Come Back... Be Here": 0.0,
    "Sarah Hyland": 0.040057502760905916
  },
  "hitsAuths": {
    "Picture to Burn": 3.437088654125517e-20,
    "Teardrops on My Guitar": 0.16104429278429747,
    "Tim McGraw (song)": 0.1203440401718604,
    "Discography": 3.437088654125517e-20,
    "Our Song (song)": 0.08563872516328162,
    "Sounds of the Season: The Taylor Swift Holiday Collection": 0.08206658498907973,
    "Beautiful Eyes": 3.437088654125517e-20,
    "Our Song (Taylor Swift song)": 0.03736892475125167,
    "Breathe (Taylor Swift song)": 0.0,
    "Change (Taylor Swift song)": 0.0,
    "Tim McGraw": 0.10792467263352232,
    "Picture to burn": 0.0,
    "Fan survey (how well do you know her)": 0.0,
    "Taylor Swift discography": 0.0,
    "David Cook": 3.437088654125517e-20,
    "David": 0.0,
    "Fan Gallery": 0.0,
    "Taylor Swift": 0.1997945804275039,
    "Teardrops on my Guitar": 0.0,
    "List of songs": 0.0,
    "Breathe (song)": 3.437088654125517e-20,
    "Change (song)": 3.437088654125517e-20,
    "Childhood pictures": 0.0,
    "Taylor Swift's Childhood Pictures": 3.437088654125517e-20,
    "Our Song": 0.0,
    "Beautiful Eyes (EP)": 0.0,
    "List of Songs by Taylor Swift": 3.437088654125517e-20,
    "Fan Survey": 3.437088654125517e-20,
    "Safe and Sound (Lyrics)": 0.0,
    "Fearless (Taylor Swift album)": 0.0,
    "Fearless (album)": 3.437088654125517e-20,
    "Quotes": 0.0,
    "Taylor Swift Quotes": 3.437088654125517e-20,
    "Safe & Sound (Lyrics)": 3.437088654125517e-20,
    "Big Machine Records": 0.20581817907920297,
    "Take Two with Phineas and Ferb": 0.0,
    "Dan Wilson": 0.0,
    "Come Back... Be Here": 3.437088654125517e-20,
    "Sarah Hyland": 0.0
  },
  "averagePathLength": 1.7380952380952381
}