{
  "numNodes": 51,
  "numEdges": 118,
  "selfLinks": 0,
  "numStrongComponents": 30,
  "numWeakComponents": 9,
  "sizeLargestStrong": 22,
  "sizeLargestWeak": 35,
  "radius": 3,
  "diameter": 7,
  "averageInDegree": 2.3137254901960786,
  "averageOutDegree": 2.3137254901960786,
  "maxOutDegree": 14,
  "maxInDegree": 18,
  "pageRank": {
    "Picture to Burn": 0.027739802088993272,
    "Should've Said No": 0.02096421731348603,
    "Change": 0.02247769081657241,
    "You're Not Sorry": 0.01248479402295563,
    "White Horse (song)": 0.01893780784331385,
    "Teardrops on My Guitar": 0.04907495854440764,
    "Fearless (song)": 0.01950884548397569,
    "Fifteen (song)": 0.008856537544943532,
    "Tim McGraw (song)": 0.0661539232753126,
    "Crazier (song)": 0.010914229243942707,
    "Discography": 0.010914229243942707,
    "Our Song (song)": 0.0461082984130964,
    "Sounds of the Season: The Taylor Swift Holiday Collection": 0.02072633203177765,
    "Beautiful Eyes": 0.021037474374651196,
    "Love Story (Taylor Swift song)": 0.03802250105927291,
    "Our Song (Taylor Swift song)": 0.020024710298472997,
    "Fearless (Taylor Swift song)": 0.015293799009452361,
    "Breathe (Taylor Swift song)": 0.005744311078704966,
    "Change (Taylor Swift song)": 0.01427528644134454,
    "Crazier (Taylor Swift song)": 0.005744311078704966,
    "Tim McGraw": 0.04083682562724757,
    "Picture to burn": 0.005744311078704966,
    "Fan survey (how well do you know her)": 0.005744311078704966,
    "Taylor Swift discography": 0.005744311078704966,
    "Fearless": 0.041493245624804304,
    "David Cook": 0.010914229243942707,
    "David": 0.005744311078704966,
    "Fan Gallery": 0.005744311078704966,
    "Taylor Swift": 0.09520436685923565,
    "Teardrops on my Guitar": 0.005744311078704966,
    "List of songs": 0.005744311078704966,
    "Breathe (song)": 0.010914229243942707,
    "Change (song)": 0.018592006795216005,
    "Childhood pictures": 0.005744311078704966,
    "Taylor Swift's Childhood Pictures": 0.010914229243942707,
    "White Horse": 0.005744311078704966,
    "Our Song": 0.008856537544943532,
    "Beautiful Eyes (EP)": 0.005744311078704966,
    "List of Songs by Taylor Swift": 0.010914229243942707,
    "Fan Survey": 0.010914229243942707,
    "Safe and Sound (Lyrics)": 0.005744311078704966,
    "Fearless (Taylor Swift album)": 0.03774945662690734,
    "Fearless (album)": 0.03972134213204734,
    "Quotes": 0.005744311078704966,
    "Taylor Swift Quotes": 0.010914229243942707,
    "Safe & Sound (Lyrics)": 0.010914229243942707,
    "Big Machine Records": 0.0890636594501579,
    "Take Two with Phineas and Ferb": 0.005744311078704966,
    "Dan Wilson": 0.005744311078704966,
    "Come Back... Be Here": 0.010914229243942707,
    "Sarah Hyland": 0.005744311078704966
  },
  "hitsHubs": {
    "Picture to Burn": 0.05661217460646559,
    "Should've Said No": 0.04467185629171665,
    "Change": 0.06168094155995413,
    "You're Not Sorry": 0.04982934727752837,
    "White Horse (song)": 0.054660815416904464,
    "Teardrops on My Guitar": 0.07078781843683443,
    "Fearless (song)": 0.06489134642867381,
    "Fifteen (song)": 0.0442589597316572,
    "Tim McGraw (song)": 0.04210797272378568,
    "Crazier (song)": 0.018850428648497612,
    "Discography": 0.10816173401377838,
    "Our Song (song)": 0.07057589120425398,
    "Sounds of the Season: The Taylor Swift Holiday Collection": 0.03328698190583263,
    "Beautiful Eyes": 0.07579038759830073,
    "Love Story (Taylor Swift song)": 0.0,
    "Our Song (Taylor Swift song)": 0.005903210872336037,
    "Fearless (Taylor Swift song)": 1.519871106819702e-24,
    "Breathe (Taylor Swift song)": 1.519871106819702e-24,
    "Change (Taylor Swift song)": 1.519871106819702e-24,
    "Crazier (Taylor Swift song)": 1.519871106819702e-24,
    "Tim McGraw": 0.0053672203723278975,
    "Picture to burn": 0.007094084969396442,
    "Fan survey (how well do you know her)": 1.519871106819702e-24,
    "Taylor Swift discography": 1.519871106819702e-24,
    "Fearless": 0.0820564141369637,
    "David Cook": 0.0,
    "David": 1.519871106819702e-24,
    "Fan Gallery": 0.016972841975082035,
    "Taylor Swift": 0.033709733048995216,
    "Teardrops on my Guitar": 0.0061467855095334815,
    "List of songs": 1.519871106819702e-24,
    "Breathe (song)": 0.0,
    "Change (song)": 1.519871106819702e-24,
    "Childhood pictures": 1.519871106819702e-24,
    "Taylor Swift's Childhood Pictures": 0.0,
    "White Horse": 0.0018775866734155775,
    "Our Song": 0.005903210872336037,
    "Beautiful Eyes (EP)": 0.004856571775266038,
    "List of Songs by Taylor Swift": 0.0,
    "Fan Survey": 0.0,
    "Safe and Sound (Lyrics)": 1.519871106819702e-24,
    "Fearless (Taylor Swift album)": 1.519871106819702e-24,
    "Fearless (album)": 1.519871106819702e-24,
    "Quotes": 1.519871106819702e-24,
    "Taylor Swift Quotes": 0.0,
    "Safe & Sound (Lyrics)": 0.0,
    "Big Machine Records": 0.0,
    "Take Two with Phineas and Ferb": 0.016972841975082035,
    "Dan Wilson": 1.519871106819702e-24,
    "Come Back... Be Here": 0.0,
    "Sarah Hyland": 0.016972841975082035
  },
  "hitsAuths": {
    "Picture to Burn": 0.06098389040719409,
    "Should've Said No": 0.060348107641688235,
    "Change": 1.30654839082424e-23,
    "You're Not Sorry": 0.04006065329526414,
    "White Horse (song)": 0.01614056505039655,
    "Teardrops on My Guitar": 0.05284048548713828,
    "Fearless (song)": 1.30654839082424e-23,
    "Fifteen (song)": 0.012885579042500536,
    "Tim McGraw (song)": 0.046138998953257744,
    "Crazier (song)": 1.30654839082424e-23,
    "Discography": 1.30654839082424e-23,
    "Our Song (song)": 0.050746610231217175,
    "Sounds of the Season: The Taylor Swift Holiday Collection": 0.022278526577278752,
    "Beautiful Eyes": 0.0417492378756628,
    "Love Story (Taylor Swift song)": 0.08941894971333239,
    "Our Song (Taylor Swift song)": 0.005293546330327357,
    "Fearless (Taylor Swift song)": 0.04788551378908949,
    "Breathe (Taylor Swift song)": 0.0,
    "Change (Taylor Swift song)": 0.036885522609928556,
    "Crazier (Taylor Swift song)": 0.0,
    "Tim McGraw": 0.022988650990019194,
    "Picture to burn": 0.0,
    "Fan survey (how well do you know her)": 0.0,
    "Taylor Swift discography": 0.0,
    "Fearless": 1.30654839082424e-23,
    "David Cook": 1.30654839082424e-23,
    "David": 0.0,
    "Fan Gallery": 0.0,
    "Taylor Swift": 0.14590605263008136,
    "Teardrops on my Guitar": 0.0,
    "List of songs": 0.0,
    "Breathe (song)": 1.30654839082424e-23,
    "Change (song)": 1.30654839082424e-23,
    "Childhood pictures": 0.0,
    "Taylor Swift's Childhood Pictures": 1.30654839082424e-23,
    "White Horse": 0.0,
    "Our Song": 0.012885579042500536,
    "Beautiful Eyes (EP)": 0.0,
    "List of Songs by Taylor Swift": 1.30654839082424e-23,
    "Fan Survey": 1.30654839082424e-23,
    "Safe and Sound (Lyrics)": 0.0,
    "Fearless (Taylor Swift album)": 0.094319971661853,
    "Fearless (album)": 1.30654839082424e-23,
    "Quotes": 0.0,
    "Taylor Swift Quotes": 1.30654839082424e-23,
    "Safe & Sound (Lyrics)": 1.30654839082424e-23,
    "Big Machine Records": 0.14024355867126978,
    "Take Two with Phineas and Ferb": 0.0,
    "Dan Wilson": 0.0,
    "Come Back... Be Here": 1.30654839082424e-23,
    "Sarah Hyland": 0.0
  },
  "averagePathLength": 3.225108225108225
}