{
  "numNodes": 51,
  "numEdges": 114,
  "selfLinks": 0,
  "numStrongComponents": 30,
  "numWeakComponents": 9,
  "sizeLargestStrong": 22,
  "sizeLargestWeak": 35,
  "radius": 3,
  "diameter": 8,
  "averageInDegree": 2.235294117647059,
  "averageOutDegree": 2.235294117647059,
  "maxOutDegree": 14,
  "maxInDegree": 18,
  "pageRank": {
    "Picture to Burn": 0.02991532317521594,
    "Should've Said No": 0.020959343755295852,
    "Change": 0.021416695989094216,
    "You're Not Sorry": 0.012309640971594041,
    "White Horse (song)": 0.01316127814534224,
    "Teardrops on My Guitar": 0.055524354848722035,
    "Fearless (song)": 0.018867153610078662,
    "Fifteen (song)": 0.008246477585230417,
    "Tim McGraw (song)": 0.07705145530281629,
    "Crazier (song)": 0.010375674337433012,
    "Discography": 0.010375674337433012,
    "Our Song (song)": 0.051487867161409365,
    "Sounds of the Season: The Taylor Swift Holiday Collection": 0.024004469275829457,
    "Beautiful Eyes": 0.021029712775800916,
    "Love Story (Taylor Swift song)": 0.018483072301010366,
    "Our Song (Taylor Swift song)": 0.021234580475968625,
    "Fearless (Taylor Swift song)": 0.014895358260986652,
    "Breathe (Taylor Swift song)": 0.005460873777321188,
    "Change (Taylor Swift song)": 0.013629521043401064,
    "Crazier (Taylor Swift song)": 0.005460873777321188,
    "Tim McGraw": 0.047839665488749385,
    "Picture to burn": 0.005460873777321188,
    "Fan survey (how well do you know her)": 0.005460873777321188,
    "Taylor Swift discography": 0.005460873777321188,
    "Fearless": 0.037135382393158126,
    "David Cook": 0.010375674337433012,
    "David": 0.005460873777321188,
    "Fan Gallery": 0.005460873777321188,
    "Taylor Swift": 0.10515895236928187,
    "Teardrops on my Guitar": 0.005460873777321188,
    "List of songs": 0.005460873777321188,
    "Breathe (song)": 0.010375674337433012,
    "Change (song)": 0.017726878792246912,
    "Childhood pictures": 0.005460873777321188,
    "Taylor Swift's Childhood Pictures": 0.010375674337433012,
    "White Horse": 0.005460873777321188,
    "Our Song": 0.008246477585230417,
    "Beautiful Eyes (EP)": 0.005460873777321188,
    "List of Songs by Taylor Swift": 0.010375674337433012,
    "Fan Survey": 0.010375674337433012,
    "Safe and Sound (Lyrics)": 0.005460873777321188,
    "Fearless (Taylor Swift album)": 0.03303760494731908,
    "Fearless (album)": 0.03519697477312701,
    "Quotes": 0.005460873777321188,
    "Taylor Swift Quotes": 0.010375674337433012,
    "Safe & Sound (Lyrics)": 0.010375674337433012,
    "Big Machine Records": 0.09685016138430072,
    "Take Two with Phineas and Ferb": 0.005460873777321188,
    "Dan Wilson": 0.005460873777321188,
    "Come Back... Be Here": 0.010375674337433012,
    "Sarah Hyland": 0.005460873777321188
  },
  "hitsHubs": {
    "Picture to Burn": 0.04949722024094874,
    "Should've Said No": 0.04789986760888202,
    "Change": 0.06724648123753138,
    "You're Not Sorry": 0.05209822463073973,
    "White Horse (song)": 0.053262001113197406,
    "Teardrops on My Guitar": 0.05798154278384889,
    "Fearless (song)": 0.05825419892733037,
    "Fifteen (song)": 0.045909491680640846,
    "Tim McGraw (song)": 0.04477416672912213,
    "Crazier (song)": 0.01808087466145055,
    "Discography": 0.11270347284275861,
    "Our Song (song)": 0.05239708810083575,
    "Sounds of the Season: The Taylor Swift Holiday Collection": 0.04021918538835166,
    "Beautiful Eyes": 0.08464900331496239,
    "Love Story (Taylor Swift song)": 0.0,
    "Our Song (Taylor Swift song)": 0.006213921919457508,
    "Fearless (Taylor Swift song)": 3.742026780827412e-24,
    "Breathe (Taylor Swift song)": 3.742026780827412e-24,
    "Change (Taylor Swift song)": 3.742026780827412e-24,
    "Crazier (Taylor Swift song)": 3.742026780827412e-24,
    "Tim McGraw": 0.005858129183750539,
    "Picture to burn": 0.007622921371713619,
    "Fan survey (how well do you know her)": 3.742026780827412e-24,
    "Taylor Swift discography": 3.742026780827412e-24,
    "Fearless": 0.08392485214352981,
    "David Cook": 0.0,
    "David": 3.742026780827412e-24,
    "Fan Gallery": 0.01808087466145055,
    "Taylor Swift": 0.03790151877525025,
    "Teardrops on my Guitar": 0.006641043825792099,
    "List of songs": 3.742026780827412e-24,
    "Breathe (song)": 0.0,
    "Change (song)": 3.742026780827412e-24,
    "Childhood pictures": 3.742026780827412e-24,
    "Taylor Swift's Childhood Pictures": 0.0,
    "White Horse": 0.001676613375001232,
    "Our Song": 0.006213921919457508,
    "Beautiful Eyes (EP)": 0.004731634241095527,
    "List of Songs by Taylor Swift": 0.0,
    "Fan Survey": 0.0,
    "Safe and Sound (Lyrics)": 3.742026780827412e-24,
    "Fearless (Taylor Swift album)": 3.742026780827412e-24,
    "Fearless (album)": 3.742026780827412e-24,
    "Quotes": 3.742026780827412e-24,
    "Taylor Swift Quotes": 0.0,
    "Safe & Sound (Lyrics)": 0.0,
    "Big Machine Records": 0.0,
    "Take Two with Phineas and Ferb": 0.01808087466145055,
    "Dan Wilson": 3.742026780827412e-24,
    "Come Back... Be Here": 0.0,
    "Sarah Hyland": 0.01808087466145055
  },
  "hitsAuths": {
    "Picture to Burn": 0.06297043744058599,
    "Should've Said No": 0.06439809435256473,
    "Change": 3.091164814810613e-23,
    "You're Not Sorry": 0.04123889842447913,
    "White Horse (song)": 0.013849949710137349,
    "Teardrops on My Guitar": 0.054859471110906007,
    "Fearless (song)": 3.091164814810613e-23,
    "Fifteen (song)": 0.013578680863979111,
    "Tim McGraw (song)": 0.048392071660750824,
    "Crazier (song)": 3.091164814810613e-23,
    "Discography": 3.091164814810613e-23,
    "Our Song (song)": 0.051331158017955916,
    "Sounds of the Season: The Taylor Swift Holiday Collection": 0.03806308671743884,
    "Beautiful Eyes": 0.03908646874887825,
    "Love Story (Taylor Swift song)": 0.06073665366300931,
    "Our Song (Taylor Swift song)": 0.006132303080937048,
    "Fearless (Taylor Swift song)": 0.051123080255921556,
    "Breathe (Taylor Swift song)": 0.0,
    "Change (Taylor Swift song)": 0.03956361205648555,
    "Crazier (Taylor Swift song)": 0.0,
    "Tim McGraw": 0.021854195083083,
    "Picture to burn": 0.0,
    "Fan survey (how well do you know her)": 0.0,
    "Taylor Swift discography": 0.0,
    "Fearless": 3.091164814810613e-23,
    "David Cook": 3.091164814810613e-23,
    "David": 0.0,
    "Fan Gallery": 0.0,
    "Taylor Swift": 0.1493601378291538,
    "Teardrops on my Guitar": 0.0,
    "List of songs": 0.0,
    "Breathe (song)": 3.091164814810613e-23,
    "Change (song)": 3.091164814810613e-23,
    "Childhood pictures": 0.0,
    "Taylor Swift's Childhood Pictures": 3.091164814810613e-23,
    "White Horse": 0.0,
    "Our Song": 0.013578680863979111,
    "Beautiful Eyes (EP)": 0.0,
    "List of Songs by Taylor Swift": 3.091164814810613e-23,
    "Fan Survey": 3.091164814810613e-23,
    "Safe and Sound (Lyrics)": 0.0,
    "Fearless (Taylor Swift album)": 0.0860922108946639,
    "Fearless (album)": 3.091164814810613e-23,
    "Quotes": 0.0,
    "Taylor Swift Quotes": 3.091164814810613e-23,
    "Safe & Sound (Lyrics)": 3.091164814810613e-23,
    "Big Machine Records": 0.14379080922509072,
    "Take Two with Phineas and Ferb": 0.0,
    "Dan Wilson": 0.0,
    "Come Back... Be Here": 3.091164814810613e-23,
    "Sarah Hyland": 0.0
  },
  "averagePathLength": 3.235930735930736
}