{
  "numNodes": 49,
  "numEdges": 106,
  "selfLinks": 0,
  "numStrongComponents": 29,
  "numWeakComponents": 9,
  "sizeLargestStrong": 21,
  "sizeLargestWeak": 33,
  "radius": 3,
  "diameter": 9,
  "averageInDegree": 2.163265306122449,
  "averageOutDegree": 2.163265306122449,
  "maxOutDegree": 14,
  "maxInDegree": 17,
  "pageRank": {
    "Picture to Burn": 0.031177700821336744,
    "Should've Said No": 0.01993117979063693,
    "Change": 0.02241692487623606,
    "You're Not Sorry": 0.012284049992375494,
    "White Horse (song)": 0.013883250914565324,
    "Teardrops on My Guitar": 0.05965078471002289,
    "Fearless (song)": 0.016763394631914178,
    "Fifteen (song)": 0.008541498519624107,
    "Tim McGraw (song)": 0.08497277439549958,
    "Discography": 0.011277068027822962,
    "Our Song (song)": 0.05480147558477964,
    "Sounds of the Season: The Taylor Swift Holiday Collection": 0.025327104784703975,
    "Beautiful Eyes": 0.022206202576719077,
    "Love Story (Taylor Swift song)": 0.019443130495768297,
    "Our Song (Taylor Swift song)": 0.022381482118702056,
    "Fearless (Taylor Swift song)": 0.012030514261899673,
    "Breathe (Taylor Swift song)": 0.005935315632881745,
    "Change (Taylor Swift song)": 0.013751113024058537,
    "Tim McGraw": 0.051363409649079754,
    "Picture to burn": 0.005935315632881745,
    "Fan survey (how well do you know her)": 0.005935315632881745,
    "Taylor Swift discography": 0.005935315632881745,
    "Fearless": 0.028954966514852583,
    "David Cook": 0.011277068027822962,
    "David": 0.005935315632881745,
    "Fan Gallery": 0.005935315632881745,
    "Taylor Swift": 0.10964127898424761,
    "Teardrops on my Guitar": 0.005935315632881745,
    "List of songs": 0.005935315632881745,
    "Breathe (song)": 0.011277068027822962,
    "Change (song)": 0.01831181872905318,
    "Childhood pictures": 0.005935315632881745,
    "Taylor Swift's Childhood Pictures": 0.011277068027822962,
    "White Horse": 0.005935315632881745,
    "Our Song": 0.005935315632881745,
    "Beautiful Eyes (EP)": 0.005935315632881745,
    "List of Songs by Taylor Swift": 0.011277068027822962,
    "Fan Survey": 0.011277068027822962,
    "Safe and Sound (Lyrics)": 0.005935315632881745,
    "Fearless (Taylor Swift album)": 0.021821680842828393,
    "Fearless (album)": 0.02557581704715873,
    "Quotes": 0.005935315632881745,
    "Taylor Swift Quotes": 0.011277068027822962,
    "Safe & Sound (Lyrics)": 0.011277068027822962,
    "Big Machine Records": 0.10237446872454073,
    "Take Two with Phineas and Ferb": 0.005935315632881745,
    "Dan Wilson": 0.005935315632881745,
    "Come Back... Be Here": 0.011277068027822962,
    "Sarah Hyland": 0.005935315632881745
  },
  "hitsHubs": {
    "Picture to Burn": 0.052343571894042464,
    "Should've Said No": 0.052531162483434264,
    "Change": 0.06298448236896628,
    "You're Not Sorry": 0.053266957588942516,
    "White Horse (song)": 0.05599114496732317,
    "Teardrops on My Guitar": 0.052052701428761824,
    "Fearless (song)": 0.06161880281763257,
    "Fifteen (song)": 0.0195198084816281,
    "Tim McGraw (song)": 0.049430147228568054,
    "Discography": 0.12078931379884864,
    "Our Song (song)": 0.05823946761430388,
    "Sounds of the Season: The Taylor Swift Holiday Collection": 0.043646381151897944,
    "Beautiful Eyes": 0.09074853811248494,
    "Love Story (Taylor Swift song)": 0.0,
    "Our Song (Taylor Swift song)": 0.007061619030859039,
    "Fearless (Taylor Swift song)": 1.2341149570307282e-23,
    "Breathe (Taylor Swift song)": 1.2341149570307282e-23,
    "Change (Taylor Swift song)": 1.2341149570307282e-23,
    "Tim McGraw": 0.006702466936362479,
    "Picture to burn": 0.00880932038573583,
    "Fan survey (how well do you know her)": 1.2341149570307282e-23,
    "Taylor Swift discography": 1.2341149570307282e-23,
    "Fearless": 0.08062645155179536,
    "David Cook": 0.0,
    "David": 1.2341149570307282e-23,
    "Fan Gallery": 0.0195198084816281,
    "Taylor Swift": 0.04297771194438741,
    "Teardrops on my Guitar": 0.007918413156520695,
    "List of songs": 1.2341149570307282e-23,
    "Breathe (song)": 0.0,
    "Change (song)": 1.2341149570307282e-23,
    "Childhood pictures": 1.2341149570307282e-23,
    "Taylor Swift's Childhood Pictures": 0.0,
    "White Horse": 0.0017627268914033498,
    "Our Song": 0.007061619030859039,
    "Beautiful Eyes (EP)": 0.005357765690357629,
    "List of Songs by Taylor Swift": 0.0,
    "Fan Survey": 0.0,
    "Safe and Sound (Lyrics)": 1.2341149570307282e-23,
    "Fearless (Taylor Swift album)": 1.2341149570307282e-23,
    "Fearless (album)": 1.2341149570307282e-23,
    "Quotes": 1.2341149570307282e-23,
    "Taylor Swift Quotes": 0.0,
    "Safe & Sound (Lyrics)": 0.0,
    "Big Machine Records": 0.0,
    "Take Two with Phineas and Ferb": 0.0195198084816281,
    "Dan Wilson": 1.2341149570307282e-23,
    "Come Back... Be Here": 0.0,
    "Sarah Hyland": 0.0195198084816281
  },
  "hitsAuths": {
    "Picture to Burn": 0.06859789693777144,
    "Should've Said No": 0.05445689534754104,
    "Change": 9.610013817732748e-23,
    "You're Not Sorry": 0.043822392229218354,
    "White Horse (song)": 0.013726298094654322,
    "Teardrops on My Guitar": 0.061660430752550996,
    "Fearless (song)": 9.610013817732748e-23,
    "Fifteen (song)": 0.013432622211907925,
    "Tim McGraw (song)": 0.05219189630949149,
    "Discography": 9.610013817732748e-23,
    "Our Song (song)": 0.05498860221692477,
    "Sounds of the Season: The Taylor Swift Holiday Collection": 0.04240309914440153,
    "Beautiful Eyes": 0.04172075058582185,
    "Love Story (Taylor Swift song)": 0.06364410860874727,
    "Our Song (Taylor Swift song)": 0.007160222950622163,
    "Fearless (Taylor Swift song)": 0.04243094836043557,
    "Breathe (Taylor Swift song)": 0.0,
    "Change (Taylor Swift song)": 0.0423083625645201,
    "Tim McGraw": 0.02509832184328117,
    "Picture to burn": 0.0,
    "Fan survey (how well do you know her)": 0.0,
    "Taylor Swift discography": 0.0,
    "Fearless": 9.610013817732748e-23,
    "David Cook": 9.610013817732748e-23,
    "David": 0.0,
    "Fan Gallery": 0.0,
    "Taylor Swift": 0.15200012621131556,
    "Teardrops on my Guitar": 0.0,
    "List of songs": 0.0,
    "Breathe (song)": 9.610013817732748e-23,
    "Change (song)": 9.610013817732748e-23,
    "Childhood pictures": 0.0,
    "Taylor Swift's Childhood Pictures": 9.610013817732748e-23,
    "White Horse": 0.0,
    "Our Song": 0.0,
    "Beautiful Eyes (EP)": 0.0,
    "List of Songs by Taylor Swift": 9.610013817732748e-23,
    "Fan Survey": 9.610013817732748e-23,
    "Safe and Sound (Lyrics)": 0.0,
    "Fearless (Taylor Swift album)": 0.07420492416588684,
    "Fearless (album)": 9.610013817732748e-23,
    "Quotes": 0.0,
    "Taylor Swift Quotes": 9.610013817732748e-23,
    "Safe & Sound (Lyrics)": 9.610013817732748e-23,
    "Big Machine Records": 0.1461521014649077,
    "Take Two with Phineas and Ferb": 0.0,
    "Dan Wilson": 0.0,
    "Come Back... Be Here": 9.610013817732748e-23,
    "Sarah Hyland": 0.0
  },
  "averagePathLength": 3.533333333333333
}