{
  "numNodes": 49,
  "numEdges": 108,
  "selfLinks": 1,
  "numStrongComponents": 29,
  "numWeakComponents": 9,
  "sizeLargestStrong": 21,
  "sizeLargestWeak": 33,
  "radius": 3,
  "diameter": 9,
  "averageInDegree": 2.204081632653061,
  "averageOutDegree": 2.204081632653061,
  "maxOutDegree": 14,
  "maxInDegree": 17,
  "pageRank": {
    "Picture to Burn": 0.029052406295027464,
    "Should've Said No": 0.021939464093189875,
    "Change": 0.02454103255035993,
    "You're Not Sorry": 0.011739916931672586,
    "White Horse (song)": 0.0154057299497077,
    "Teardrops on My Guitar": 0.05929719712485729,
    "Fearless (song)": 0.016192150191934287,
    "Fifteen (song)": 0.005871302761026495,
    "Tim McGraw (song)": 0.0843204669380153,
    "Discography": 0.011155425376513348,
    "Our Song (song)": 0.05602036166338958,
    "Sounds of the Season: The Taylor Swift Holiday Collection": 0.024959111848850475,
    "Beautiful Eyes": 0.021596774642017,
    "Love Story (Taylor Swift song)": 0.016157748022189958,
    "Our Song (Taylor Swift song)": 0.022082249334091968,
    "Fearless (Taylor Swift song)": 0.011466811697614137,
    "Breathe (Taylor Swift song)": 0.005871302761026495,
    "Change (Taylor Swift song)": 0.013761756433024196,
    "Tim McGraw": 0.051136211994611935,
    "Picture to burn": 0.005871302761026495,
    "Fan survey (how well do you know her)": 0.005871302761026495,
    "Taylor Swift discography": 0.005871302761026495,
    "Fearless": 0.03230457970894933,
    "David Cook": 0.011155425376513348,
    "David": 0.005871302761026495,
    "Fan Gallery": 0.005871302761026495,
    "Taylor Swift": 0.1080738069324303,
    "Teardrops on my Guitar": 0.005871302761026495,
    "List of songs": 0.005871302761026495,
    "Breathe (song)": 0.011155425376513348,
    "Change (song)": 0.018257769906492645,
    "Childhood pictures": 0.005871302761026495,
    "Taylor Swift's Childhood Pictures": 0.011155425376513348,
    "White Horse": 0.008108015902382828,
    "Our Song": 0.005871302761026495,
    "Beautiful Eyes (EP)": 0.005871302761026495,
    "List of Songs by Taylor Swift": 0.011155425376513348,
    "Fan Survey": 0.011155425376513348,
    "Safe and Sound (Lyrics)": 0.005871302761026495,
    "Fearless (Taylor Swift album)": 0.02334452792708197,
    "Fearless (album)": 0.02688267154249019,
    "Quotes": 0.005871302761026495,
    "Taylor Swift Quotes": 0.011155425376513348,
    "Safe & Sound (Lyrics)": 0.011155425376513348,
    "Big Machine Records": 0.10314826304354834,
    "Take Two with Phineas and Ferb": 0.005871302761026495,
    "Dan Wilson": 0.005871302761026495,
    "Come Back... Be Here": 0.011155425376513348,
    "Sarah Hyland": 0.005871302761026495
  },
  "hitsHubs": {
    "Picture to Burn": 0.05552366192770336,
    "Should've Said No": 0.049885233951735906,
    "Change": 0.0626204405175713,
    "You're Not Sorry": 0.05223561293474854,
    "White Horse (song)": 0.04663221671397311,
    "Teardrops on My Guitar": 0.053219184678946777,
    "Fearless (song)": 0.0594635045200772,
    "Fifteen (song)": 0.01912000910767823,
    "Tim McGraw (song)": 0.048263398408282525,
    "Discography": 0.12061877259161304,
    "Our Song (song)": 0.05508181704707746,
    "Sounds of the Season: The Taylor Swift Holiday Collection": 0.04303898991539746,
    "Beautiful Eyes": 0.09110419694430198,
    "Love Story (Taylor Swift song)": 0.0,
    "Our Song (Taylor Swift song)": 0.009098034404764133,
    "Fearless (Taylor Swift song)": 2.152452343553553e-25,
    "Breathe (Taylor Swift song)": 2.152452343553553e-25,
    "Change (Taylor Swift song)": 2.152452343553553e-25,
    "Tim McGraw": 0.00660819347022921,
    "Picture to burn": 0.006818418638794928,
    "Fan survey (how well do you know her)": 2.152452343553553e-25,
    "Taylor Swift discography": 2.152452343553553e-25,
    "Fearless": 0.0930057886313667,
    "David Cook": 0.0,
    "David": 2.152452343553553e-25,
    "Fan Gallery": 0.01912000910767823,
    "Taylor Swift": 0.04198369422264911,
    "Teardrops on my Guitar": 0.007687419972282231,
    "List of songs": 2.152452343553553e-25,
    "Breathe (song)": 0.0,
    "Change (song)": 0.002002438853854626,
    "Childhood pictures": 2.152452343553553e-25,
    "Taylor Swift's Childhood Pictures": 0.0,
    "White Horse": 0.002002438853854626,
    "Our Song": 0.009098034404764133,
    "Beautiful Eyes (EP)": 0.0055260331114440195,
    "List of Songs by Taylor Swift": 0.0,
    "Fan Survey": 0.0,
    "Safe and Sound (Lyrics)": 2.152452343553553e-25,
    "Fearless (Taylor Swift album)": 2.152452343553553e-25,
    "Fearless (album)": 0.002002438853854626,
    "Quotes": 2.152452343553553e-25,
    "Taylor Swift Quotes": 0.0,
    "Safe & Sound (Lyrics)": 0.0,
    "Big Machine Records": 0.0,
    "Take Two with Phineas and Ferb": 0.01912000910767823,
    "Dan Wilson": 2.152452343553553e-25,
    "Come Back... Be Here": 0.0,
    "Sarah Hyland": 0.01912000910767823
  },
  "hitsAuths": {
    "Picture to Burn": 0.05144647897403785,
    "Should've Said No": 0.06724807481575582,
    "Change": 0.015108844711511537,
    "You're Not Sorry": 0.04342829342342873,
    "White Horse (song)": 0.015108844711511537,
    "Teardrops on My Guitar": 0.05800328652722833,
    "Fearless (song)": 1.6240729720699222e-24,
    "Fifteen (song)": 0.0,
    "Tim McGraw (song)": 0.049860283510342863,
    "Discography": 1.6240729720699222e-24,
    "Our Song (song)": 0.06864668488476604,
    "Sounds of the Season: The Taylor Swift Holiday Collection": 0.040346133090674405,
    "Beautiful Eyes": 0.04169514389453613,
    "Love Story (Taylor Swift song)": 0.053386615325446675,
    "Our Song (Taylor Swift song)": 0.00667652828500752,
    "Fearless (Taylor Swift song)": 0.042278865691103375,
    "Breathe (Taylor Swift song)": 0.0,
    "Change (Taylor Swift song)": 0.04190509268259117,
    "Tim McGraw": 0.023111176702105798,
    "Picture to burn": 0.0,
    "Fan survey (how well do you know her)": 0.0,
    "Taylor Swift discography": 0.0,
    "Fearless": 0.015108844711511537,
    "David Cook": 1.6240729720699222e-24,
    "David": 0.0,
    "Fan Gallery": 0.0,
    "Taylor Swift": 0.14426470398060354,
    "Teardrops on my Guitar": 0.0,
    "List of songs": 0.0,
    "Breathe (song)": 1.6240729720699222e-24,
    "Change (song)": 1.6240729720699222e-24,
    "Childhood pictures": 0.0,
    "Taylor Swift's Childhood Pictures": 1.6240729720699222e-24,
    "White Horse": 0.014790403473691247,
    "Our Song": 0.0,
    "Beautiful Eyes (EP)": 0.0,
    "List of Songs by Taylor Swift": 1.6240729720699222e-24,
    "Fan Survey": 1.6240729720699222e-24,
    "Safe and Sound (Lyrics)": 0.0,
    "Fearless (Taylor Swift album)": 0.06880683602356959,
    "Fearless (album)": 1.6240729720699222e-24,
    "Quotes": 0.0,
    "Taylor Swift Quotes": 1.6240729720699222e-24,
    "Safe & Sound (Lyrics)": 1.6240729720699222e-24,
    "Big Machine Records": 0.1387788645805765,
    "Take Two with Phineas and Ferb": 0.0,
    "Dan Wilson": 0.0,
    "Come Back... Be Here": 1.6240729720699222e-24,
    "Sarah Hyland": 0.0
  },
  "averagePathLength": 3.469047619047619
}