{
  "numNodes": 55,
  "numEdges": 125,
  "selfLinks": 0,
  "numStrongComponents": 32,
  "numWeakComponents": 10,
  "sizeLargestStrong": 24,
  "sizeLargestWeak": 37,
  "radius": 3,
  "diameter": 7,
  "averageInDegree": 2.272727272727273,
  "averageOutDegree": 2.272727272727273,
  "maxOutDegree": 14,
  "maxInDegree": 20,
  "pageRank": {
    "Taylor Swift Wiki": 0.01004903021446876,
    "Main Page": 0.005288949483493059,
    "Picture to Burn": 0.02616567872175793,
    "Should've Said No": 0.01965553951200855,
    "Change": 0.020868525076494414,
    "You're Not Sorry": 0.008934758128580345,
    "White Horse (song)": 0.013048836648006119,
    "Teardrops on My Guitar": 0.049359222070611566,
    "Two Is Better Than One": 0.011114145131851792,
    "Fearless (song)": 0.018140121549719154,
    "Fifteen (song)": 0.011623142119057087,
    "Tim McGraw (song)": 0.068916718259159,
    "Crazier (song)": 0.01004903021446876,
    "Discography": 0.01004903021446876,
    "Our Song (song)": 0.04506400094581257,
    "Sounds of the Season: The Taylor Swift Holiday Collection": 0.021044862366310067,
    "Beautiful Eyes": 0.020040882544500385,
    "Jump Then Fall": 0.007032362071794529,
    "Love Story (Taylor Swift song)": 0.032476673491960234,
    "Our Song (Taylor Swift song)": 0.02039886015476014,
    "Fearless (Taylor Swift song)": 0.014279283762080803,
    "Breathe (Taylor Swift song)": 0.005288949483493059,
    "Change (Taylor Swift song)": 0.013357351336867631,
    "Crazier (Taylor Swift song)": 0.005288949483493059,
    "Tim McGraw": 0.041698672252864014,
    "Picture to burn": 0.005288949483493059,
    "Fan survey (how well do you know her)": 0.005288949483493059,
    "Taylor Swift discography": 0.005288949483493059,
    "Fearless": 0.039994133246496755,
    "David Cook": 0.01004903021446876,
    "David": 0.005288949483493059,
    "Fan Gallery": 0.005288949483493059,
    "Taylor Swift": 0.10073402983324936,
    "Teardrops on my Guitar": 0.005288949483493059,
    "List of songs": 0.005288949483493059,
    "Breathe (song)": 0.01004903021446876,
    "Change (song)": 0.017310163681897965,
    "Childhood pictures": 0.005288949483493059,
    "Taylor Swift's Childhood Pictures": 0.01004903021446876,
    "White Horse": 0.005288949483493059,
    "Our Song": 0.008288755917030419,
    "Beautiful Eyes (EP)": 0.005288949483493059,
    "List of Songs by Taylor Swift": 0.01004903021446876,
    "Fan Survey": 0.01004903021446876,
    "Safe and Sound (Lyrics)": 0.005288949483493059,
    "Fearless (Taylor Swift album)": 0.03696665677689185,
    "Fearless (album)": 0.03856092019034207,
    "Quotes": 0.005288949483493059,
    "Taylor Swift Quotes": 0.01004903021446876,
    "Safe & Sound (Lyrics)": 0.01004903021446876,
    "Big Machine Records": 0.0891852811478637,
    "Take Two with Phineas and Ferb": 0.005288949483493059,
    "Dan Wilson": 0.005288949483493059,
    "Come Back... Be Here": 0.01004903021446876,
    "Sarah Hyland": 0.005288949483493059
  },
  "hitsHubs": {
    "Taylor Swift Wiki": 0.0,
    "Main Page": 1.8587707207334036e-26,
    "Picture to Burn": 0.05248983859218614,
    "Should've Said No": 0.0426520014680892,
    "Change": 0.05783846565641528,
    "You're Not Sorry": 0.04745063978125688,
    "White Horse (song)": 0.05147100581719621,
    "Teardrops on My Guitar": 0.06714530008248233,
    "Two Is Better Than One": 0.022748471441993382,
    "Fearless (song)": 0.04482949205715393,
    "Fifteen (song)": 0.0516456186183791,
    "Tim McGraw (song)": 0.04050438645237129,
    "Crazier (song)": 0.0166798372606229,
    "Discography": 0.09928813111224791,
    "Our Song (song)": 0.06608596380691084,
    "Sounds of the Season: The Taylor Swift Holiday Collection": 0.03234386660483695,
    "Beautiful Eyes": 0.0729012052804615,
    "Jump Then Fall": 0.043104354242247664,
    "Love Story (Taylor Swift song)": 0.0,
    "Our Song (Taylor Swift song)": 0.005411860573181564,
    "Fearless (Taylor Swift song)": 1.8587707207334036e-26,
    "Breathe (Taylor Swift song)": 1.8587707207334036e-26,
    "Change (Taylor Swift song)": 1.8587707207334036e-26,
    "Crazier (Taylor Swift song)": 1.8587707207334036e-26,
    "Tim McGraw": 0.005892615730002297,
    "Picture to burn": 0.006454438142180279,
    "Fan survey (how well do you know her)": 1.8587707207334036e-26,
    "Taylor Swift discography": 1.8587707207334036e-26,
    "Fearless": 0.07357066001104029,
    "David Cook": 0.0,
    "David": 1.8587707207334036e-26,
    "Fan Gallery": 0.0166798372606229,
    "Taylor Swift": 0.0326606597342232,
    "Teardrops on my Guitar": 0.005670476753630621,
    "List of songs": 1.8587707207334036e-26,
    "Breathe (song)": 0.0,
    "Change (song)": 1.8587707207334036e-26,
    "Childhood pictures": 1.8587707207334036e-26,
    "Taylor Swift's Childhood Pictures": 0.0,
    "White Horse": 0.0013395204637383156,
    "Our Song": 0.005411860573181564,
    "Beautiful Eyes (EP)": 0.004369817962102256,
    "List of Songs by Taylor Swift": 0.0,
    "Fan Survey": 0.0,
    "Safe and Sound (Lyrics)": 1.8587707207334036e-26,
    "Fearless (Taylor Swift album)": 1.8587707207334036e-26,
    "Fearless (album)": 1.8587707207334036e-26,
    "Quotes": 1.8587707207334036e-26,
    "Taylor Swift Quotes": 0.0,
    "Safe & Sound (Lyrics)": 0.0,
    "Big Machine Records": 0.0,
    "Take Two with Phineas and Ferb": 0.0166798372606229,
    "Dan Wilson": 1.8587707207334036e-26,
    "Come Back... Be Here": 0.0,
    "Sarah Hyland": 0.0166798372606229
  },
  "hitsAuths": {
    "Taylor Swift Wiki": 1.6992410863452459e-25,
    "Main Page": 0.0,
    "Picture to Burn": 0.059004837757177346,
    "Should've Said No": 0.058209704154287646,
    "Change": 1.6992410863452459e-25,
    "You're Not Sorry": 0.028257202138271934,
    "White Horse (song)": 0.012245556606821788,
    "Teardrops on My Guitar": 0.05183806142122218,
    "Two Is Better Than One": 0.015770772704768864,
    "Fearless (song)": 1.6992410863452459e-25,
    "Fifteen (song)": 0.015745274796218255,
    "Tim McGraw (song)": 0.05386879964686246,
    "Crazier (song)": 1.6992410863452459e-25,
    "Discography": 1.6992410863452459e-25,
    "Our Song (song)": 0.049473857840269905,
    "Sounds of the Season: The Taylor Swift Holiday Collection": 0.02156965018103086,
    "Beautiful Eyes": 0.03994776837308811,
    "Jump Then Fall": 0.00844250197506647,
    "Love Story (Taylor Swift song)": 0.0764858083501457,
    "Our Song (Taylor Swift song)": 0.005339033429091333,
    "Fearless (Taylor Swift song)": 0.03973264092495845,
    "Breathe (Taylor Swift song)": 0.0,
    "Change (Taylor Swift song)": 0.03522951878742585,
    "Crazier (Taylor Swift song)": 0.0,
    "Tim McGraw": 0.02276334291655919,
    "Picture to burn": 0.0,
    "Fan survey (how well do you know her)": 0.0,
    "Taylor Swift discography": 0.0,
    "Fearless": 1.6992410863452459e-25,
    "David Cook": 1.6992410863452459e-25,
    "David": 0.0,
    "Fan Gallery": 0.0,
    "Taylor Swift": 0.15248284509032736,
    "Teardrops on my Guitar": 0.0,
    "List of songs": 0.0,
    "Breathe (song)": 1.6992410863452459e-25,
    "Change (song)": 1.6992410863452459e-25,
    "Childhood pictures": 0.0,
    "Taylor Swift's Childhood Pictures": 1.6992410863452459e-25,
    "White Horse": 0.0,
    "Our Song": 0.01202658538633241,
    "Beautiful Eyes (EP)": 0.0,
    "List of Songs by Taylor Swift": 1.6992410863452459e-25,
    "Fan Survey": 1.6992410863452459e-25,
    "Safe and Sound (Lyrics)": 0.0,
    "Fearless (Taylor Swift album)": 0.09836965096687075,
    "Fearless (album)": 1.6992410863452459e-25,
    "Quotes": 0.0,
    "Taylor Swift Quotes": 1.6992410863452459e-25,
    "Safe & Sound (Lyrics)": 1.6992410863452459e-25,
    "Big Machine Records": 0.14319658655320328,
    "Take Two with Phineas and Ferb": 0.0,
    "Dan Wilson": 0.0,
    "Come Back... Be Here": 1.6992410863452459e-25,
    "Sarah Hyland": 0.0
  },
  "averagePathLength": 3.3568840579710146
}