{
  "numNodes": 51,
  "numEdges": 115,
  "selfLinks": 1,
  "numStrongComponents": 30,
  "numWeakComponents": 9,
  "sizeLargestStrong": 22,
  "sizeLargestWeak": 35,
  "radius": 3,
  "diameter": 8,
  "averageInDegree": 2.2549019607843137,
  "averageOutDegree": 2.2549019607843137,
  "maxOutDegree": 14,
  "maxInDegree": 18,
  "pageRank": {
    "Picture to Burn": 0.029178084185694588,
    "Should've Said No": 0.020236041723615282,
    "Change": 0.020942524627290904,
    "You're Not Sorry": 0.01176054714125946,
    "White Horse (song)": 0.012721721875275772,
    "Teardrops on My Guitar": 0.055061726907452674,
    "Fearless (song)": 0.018300903689962615,
    "Fifteen (song)": 0.017708394150575714,
    "Tim McGraw (song)": 0.09353999435081686,
    "Crazier (song)": 0.010394989235992707,
    "Discography": 0.010394989235992707,
    "Our Song (song)": 0.050955609907195575,
    "Sounds of the Season: The Taylor Swift Holiday Collection": 0.024130458479308864,
    "Beautiful Eyes": 0.020628997840307545,
    "Love Story (Taylor Swift song)": 0.017764810572188577,
    "Our Song (Taylor Swift song)": 0.0213992721241514,
    "Fearless (Taylor Swift song)": 0.014254162469882736,
    "Breathe (Taylor Swift song)": 0.0054710483063990945,
    "Change (Taylor Swift song)": 0.013019368015628134,
    "Crazier (Taylor Swift song)": 0.0054710483063990945,
    "Tim McGraw": 0.0474065996227016,
    "Picture to burn": 0.0054710483063990945,
    "Fan survey (how well do you know her)": 0.0054710483063990945,
    "Taylor Swift discography": 0.0054710483063990945,
    "Fearless": 0.03102056250437047,
    "David Cook": 0.010394989235992707,
    "David": 0.0054710483063990945,
    "Fan Gallery": 0.0054710483063990945,
    "Taylor Swift": 0.1061893821367942,
    "Teardrops on my Guitar": 0.0054710483063990945,
    "List of songs": 0.0054710483063990945,
    "Breathe (song)": 0.010394989235992707,
    "Change (song)": 0.01718942671119326,
    "Childhood pictures": 0.0054710483063990945,
    "Taylor Swift's Childhood Pictures": 0.010394989235992707,
    "White Horse": 0.0054710483063990945,
    "Our Song": 0.00779778094568216,
    "Beautiful Eyes (EP)": 0.0054710483063990945,
    "List of Songs by Taylor Swift": 0.010394989235992707,
    "Fan Survey": 0.010394989235992707,
    "Safe and Sound (Lyrics)": 0.0054710483063990945,
    "Fearless (Taylor Swift album)": 0.025459722074999684,
    "Fearless (album)": 0.02838589865262433,
    "Quotes": 0.0054710483063990945,
    "Taylor Swift Quotes": 0.010394989235992707,
    "Safe & Sound (Lyrics)": 0.010394989235992707,
    "Big Machine Records": 0.09799029572231575,
    "Take Two with Phineas and Ferb": 0.0054710483063990945,
    "Dan Wilson": 0.0054710483063990945,
    "Come Back... Be Here": 0.010394989235992707,
    "Sarah Hyland": 0.0054710483063990945
  },
  "hitsHubs": {
    "Picture to Burn": 0.049481761907787664,
    "Should've Said No": 0.04808517156313303,
    "Change": 0.06613610501382357,
    "You're Not Sorry": 0.050955321950696304,
    "White Horse (song)": 0.05210069951821808,
    "Teardrops on My Guitar": 0.05115217872518373,
    "Fearless (song)": 0.057121128734225,
    "Fifteen (song)": 0.0447560227682771,
    "Tim McGraw (song)": 0.05206302414461447,
    "Crazier (song)": 0.01809499296012663,
    "Discography": 0.11293111804484943,
    "Our Song (song)": 0.052940275069539154,
    "Sounds of the Season: The Taylor Swift Holiday Collection": 0.04032606411577934,
    "Beautiful Eyes": 0.08473958120279046,
    "Love Story (Taylor Swift song)": 0.0,
    "Our Song (Taylor Swift song)": 0.0061039188609465405,
    "Fearless (Taylor Swift song)": 3.913728127018978e-24,
    "Breathe (Taylor Swift song)": 3.913728127018978e-24,
    "Change (Taylor Swift song)": 3.913728127018978e-24,
    "Crazier (Taylor Swift song)": 3.913728127018978e-24,
    "Tim McGraw": 0.006823379592986136,
    "Picture to burn": 0.007700630517910817,
    "Fan survey (how well do you know her)": 3.913728127018978e-24,
    "Taylor Swift discography": 3.913728127018978e-24,
    "Fearless": 0.08534202569042859,
    "David Cook": 0.0,
    "David": 3.913728127018978e-24,
    "Fan Gallery": 0.01809499296012663,
    "Taylor Swift": 0.03940288504358281,
    "Teardrops on my Guitar": 0.0068592340223614726,
    "List of songs": 3.913728127018978e-24,
    "Breathe (song)": 0.0,
    "Change (song)": 3.913728127018978e-24,
    "Childhood pictures": 3.913728127018978e-24,
    "Taylor Swift's Childhood Pictures": 0.0,
    "White Horse": 0.0017112554292888268,
    "Our Song": 0.0061039188609465405,
    "Beautiful Eyes (EP)": 0.004784327382124505,
    "List of Songs by Taylor Swift": 0.0,
    "Fan Survey": 0.0,
    "Safe and Sound (Lyrics)": 3.913728127018978e-24,
    "Fearless (Taylor Swift album)": 3.913728127018978e-24,
    "Fearless (album)": 3.913728127018978e-24,
    "Quotes": 3.913728127018978e-24,
    "Taylor Swift Quotes": 0.0,
    "Safe & Sound (Lyrics)": 0.0,
    "Big Machine Records": 0.0,
    "Take Two with Phineas and Ferb": 0.01809499296012663,
    "Dan Wilson": 3.913728127018978e-24,
    "Come Back... Be Here": 0.0,
    "Sarah Hyland": 0.01809499296012663
  },
  "hitsAuths": {
    "Picture to Burn": 0.06280262905634763,
    "Should've Said No": 0.06390750431260224,
    "Change": 3.1918479300737913e-23,
    "You're Not Sorry": 0.04094419970198401,
    "White Horse (song)": 0.0139561740686455,
    "Teardrops on My Guitar": 0.05594060498229397,
    "Fearless (song)": 3.1918479300737913e-23,
    "Fifteen (song)": 0.02188242480984645,
    "Tim McGraw (song)": 0.05564819354626299,
    "Crazier (song)": 3.1918479300737913e-23,
    "Discography": 3.1918479300737913e-23,
    "Our Song (song)": 0.04978061875874424,
    "Sounds of the Season: The Taylor Swift Holiday Collection": 0.03800707080611671,
    "Beautiful Eyes": 0.03901866699938866,
    "Love Story (Taylor Swift song)": 0.05989964177510821,
    "Our Song (Taylor Swift song)": 0.006316976438368191,
    "Fearless (Taylor Swift song)": 0.05055849466576128,
    "Breathe (Taylor Swift song)": 0.0,
    "Change (Taylor Swift song)": 0.03949557663680253,
    "Crazier (Taylor Swift song)": 0.0,
    "Tim McGraw": 0.02315085459341881,
    "Picture to burn": 0.0,
    "Fan survey (how well do you know her)": 0.0,
    "Taylor Swift discography": 0.0,
    "Fearless": 3.1918479300737913e-23,
    "David Cook": 3.1918479300737913e-23,
    "David": 0.0,
    "Fan Gallery": 0.0,
    "Taylor Swift": 0.14757403669853825,
    "Teardrops on my Guitar": 0.0,
    "List of songs": 0.0,
    "Breathe (song)": 3.1918479300737913e-23,
    "Change (song)": 3.1918479300737913e-23,
    "Childhood pictures": 0.0,
    "Taylor Swift's Childhood Pictures": 3.1918479300737913e-23,
    "White Horse": 0.0,
    "Our Song": 0.013681829688306986,
    "Beautiful Eyes (EP)": 0.0,
    "List of Songs by Taylor Swift": 3.1918479300737913e-23,
    "Fan Survey": 3.1918479300737913e-23,
    "Safe and Sound (Lyrics)": 0.0,
    "Fearless (Taylor Swift album)": 0.07514727352591678,
    "Fearless (album)": 3.1918479300737913e-23,
    "Quotes": 0.0,
    "Taylor Swift Quotes": 3.1918479300737913e-23,
    "Safe & Sound (Lyrics)": 3.1918479300737913e-23,
    "Big Machine Records": 0.1422872289355467,
    "Take Two with Phineas and Ferb": 0.0,
    "Dan Wilson": 0.0,
    "Come Back... Be Here": 3.1918479300737913e-23,
    "Sarah Hyland": 0.0
  },
  "averagePathLength": 3.2965367965367967
}