{
  "numNodes": 51,
  "numEdges": 117,
  "selfLinks": 0,
  "numStrongComponents": 30,
  "numWeakComponents": 9,
  "sizeLargestStrong": 22,
  "sizeLargestWeak": 35,
  "radius": 3,
  "diameter": 7,
  "averageInDegree": 2.2941176470588234,
  "averageOutDegree": 2.2941176470588234,
  "maxOutDegree": 14,
  "maxInDegree": 18,
  "pageRank": {
    "Picture to Burn": 0.027847363643157166,
    "Should've Said No": 0.02144579182326251,
    "Change": 0.022354925629351943,
    "You're Not Sorry": 0.013046716747809077,
    "White Horse (song)": 0.01873111578103383,
    "Teardrops on My Guitar": 0.04941227072085362,
    "Fearless (song)": 0.01985599318056922,
    "Fifteen (song)": 0.008779719801045137,
    "Tim McGraw (song)": 0.06669760060431476,
    "Crazier (song)": 0.010773600822663688,
    "Discography": 0.010773600822663688,
    "Our Song (song)": 0.04738461781133621,
    "Sounds of the Season: The Taylor Swift Holiday Collection": 0.020856083988472614,
    "Beautiful Eyes": 0.020928385358533752,
    "Love Story (Taylor Swift song)": 0.03305938390927059,
    "Our Song (Taylor Swift song)": 0.02016349897487067,
    "Fearless (Taylor Swift song)": 0.015761152395389045,
    "Breathe (Taylor Swift song)": 0.005670299937888604,
    "Change (Taylor Swift song)": 0.014297669350698051,
    "Crazier (Taylor Swift song)": 0.005670299937888604,
    "Tim McGraw": 0.041262057571194784,
    "Picture to burn": 0.005670299937888604,
    "Fan survey (how well do you know her)": 0.005670299937888604,
    "Taylor Swift discography": 0.005670299937888604,
    "Fearless": 0.04145246373019389,
    "David Cook": 0.010773600822663688,
    "David": 0.005670299937888604,
    "Fan Gallery": 0.005670299937888604,
    "Taylor Swift": 0.09662389490235178,
    "Teardrops on my Guitar": 0.005670299937888604,
    "List of songs": 0.005670299937888604,
    "Breathe (song)": 0.010773600822663688,
    "Change (song)": 0.018538003467463714,
    "Childhood pictures": 0.005670299937888604,
    "Taylor Swift's Childhood Pictures": 0.010773600822663688,
    "White Horse": 0.005670299937888604,
    "Our Song": 0.008779719801045137,
    "Beautiful Eyes (EP)": 0.005670299937888604,
    "List of Songs by Taylor Swift": 0.010773600822663688,
    "Fan Survey": 0.010773600822663688,
    "Safe and Sound (Lyrics)": 0.005670299937888604,
    "Fearless (Taylor Swift album)": 0.037873393017647375,
    "Fearless (album)": 0.03975797442959684,
    "Quotes": 0.005670299937888604,
    "Taylor Swift Quotes": 0.010773600822663688,
    "Safe & Sound (Lyrics)": 0.010773600822663688,
    "Big Machine Records": 0.09095909618979496,
    "Take Two with Phineas and Ferb": 0.005670299937888604,
    "Dan Wilson": 0.005670299937888604,
    "Come Back... Be Here": 0.010773600822663688,
    "Sarah Hyland": 0.005670299937888604
  },
  "hitsHubs": {
    "Picture to Burn": 0.04676845357784208,
    "Should've Said No": 0.045485717017878805,
    "Change": 0.06747053530467588,
    "You're Not Sorry": 0.05078923734428968,
    "White Horse (song)": 0.05459672027009319,
    "Teardrops on My Guitar": 0.07095560380082394,
    "Fearless (song)": 0.05925856550247046,
    "Fifteen (song)": 0.04503155715816047,
    "Tim McGraw (song)": 0.04287540962384957,
    "Crazier (song)": 0.0191559012369061,
    "Discography": 0.10919228573595455,
    "Our Song (song)": 0.07097827776339583,
    "Sounds of the Season: The Taylor Swift Holiday Collection": 0.03378676416137008,
    "Beautiful Eyes": 0.07716178429986272,
    "Love Story (Taylor Swift song)": 0.0,
    "Our Song (Taylor Swift song)": 0.005865554568018545,
    "Fearless (Taylor Swift song)": 1.8877779132809914e-24,
    "Breathe (Taylor Swift song)": 1.8877779132809914e-24,
    "Change (Taylor Swift song)": 1.8877779132809914e-24,
    "Crazier (Taylor Swift song)": 1.8877779132809914e-24,
    "Tim McGraw": 0.005521898700671762,
    "Picture to burn": 0.007292912030823121,
    "Fan survey (how well do you know her)": 1.8877779132809914e-24,
    "Taylor Swift discography": 1.8877779132809914e-24,
    "Fearless": 0.08254907841600699,
    "David Cook": 0.0,
    "David": 1.8877779132809914e-24,
    "Fan Gallery": 0.01723117702893441,
    "Taylor Swift": 0.03447477636833687,
    "Teardrops on my Guitar": 0.00633372699373534,
    "List of songs": 1.8877779132809914e-24,
    "Breathe (song)": 0.0,
    "Change (song)": 1.8877779132809914e-24,
    "Childhood pictures": 1.8877779132809914e-24,
    "Taylor Swift's Childhood Pictures": 0.0,
    "White Horse": 0.0019247242079716855,
    "Our Song": 0.005865554568018545,
    "Beautiful Eyes (EP)": 0.004971430262040449,
    "List of Songs by Taylor Swift": 0.0,
    "Fan Survey": 0.0,
    "Safe and Sound (Lyrics)": 1.8877779132809914e-24,
    "Fearless (Taylor Swift album)": 1.8877779132809914e-24,
    "Fearless (album)": 1.8877779132809914e-24,
    "Quotes": 1.8877779132809914e-24,
    "Taylor Swift Quotes": 0.0,
    "Safe & Sound (Lyrics)": 0.0,
    "Big Machine Records": 0.0,
    "Take Two with Phineas and Ferb": 0.01723117702893441,
    "Dan Wilson": 1.8877779132809914e-24,
    "Come Back... Be Here": 0.0,
    "Sarah Hyland": 0.01723117702893441
  },
  "hitsAuths": {
    "Picture to Burn": 0.06202583707403816,
    "Should've Said No": 0.06052235634292194,
    "Change": 1.60554528542584e-23,
    "You're Not Sorry": 0.039648750955135044,
    "White Horse (song)": 0.016369679166777867,
    "Teardrops on My Guitar": 0.05386801827918467,
    "Fearless (song)": 1.60554528542584e-23,
    "Fifteen (song)": 0.013039716208476935,
    "Tim McGraw (song)": 0.04696346091926644,
    "Crazier (song)": 1.60554528542584e-23,
    "Discography": 1.60554528542584e-23,
    "Our Song (song)": 0.049886236176598465,
    "Sounds of the Season: The Taylor Swift Holiday Collection": 0.02269410821864492,
    "Beautiful Eyes": 0.04228175551206543,
    "Love Story (Taylor Swift song)": 0.08135121420083509,
    "Our Song (Taylor Swift song)": 0.005445745841139335,
    "Fearless (Taylor Swift song)": 0.0489687701757402,
    "Breathe (Taylor Swift song)": 0.0,
    "Change (Taylor Swift song)": 0.03747314779617471,
    "Crazier (Taylor Swift song)": 0.0,
    "Tim McGraw": 0.023430438125728665,
    "Picture to burn": 0.0,
    "Fan survey (how well do you know her)": 0.0,
    "Taylor Swift discography": 0.0,
    "Fearless": 1.60554528542584e-23,
    "David Cook": 1.60554528542584e-23,
    "David": 0.0,
    "Fan Gallery": 0.0,
    "Taylor Swift": 0.1465502633890904,
    "Teardrops on my Guitar": 0.0,
    "List of songs": 0.0,
    "Breathe (song)": 1.60554528542584e-23,
    "Change (song)": 1.60554528542584e-23,
    "Childhood pictures": 0.0,
    "Taylor Swift's Childhood Pictures": 1.60554528542584e-23,
    "White Horse": 0.0,
    "Our Song": 0.013039716208476935,
    "Beautiful Eyes (EP)": 0.0,
    "List of Songs by Taylor Swift": 1.60554528542584e-23,
    "Fan Survey": 1.60554528542584e-23,
    "Safe and Sound (Lyrics)": 0.0,
    "Fearless (Taylor Swift album)": 0.09563637891179744,
    "Fearless (album)": 1.60554528542584e-23,
    "Quotes": 0.0,
    "Taylor Swift Quotes": 1.60554528542584e-23,
    "Safe & Sound (Lyrics)": 1.60554528542584e-23,
    "Big Machine Records": 0.1408044064979073,
    "Take Two with Phineas and Ferb": 0.0,
    "Dan Wilson": 0.0,
    "Come Back... Be Here": 1.60554528542584e-23,
    "Sarah Hyland": 0.0
  },
  "averagePathLength": 3.173160173160173
}