{
  "numNodes": 49,
  "numEdges": 110,
  "selfLinks": 0,
  "numStrongComponents": 28,
  "numWeakComponents": 9,
  "sizeLargestStrong": 22,
  "sizeLargestWeak": 33,
  "radius": 3,
  "diameter": 9,
  "averageInDegree": 2.2448979591836733,
  "averageOutDegree": 2.2448979591836733,
  "maxOutDegree": 14,
  "maxInDegree": 17,
  "pageRank": {
    "Picture to Burn": 0.031209071734569962,
    "Should've Said No": 0.02146326266796188,
    "Change": 0.02229982370938101,
    "You're Not Sorry": 0.012443505887005681,
    "White Horse (song)": 0.013504840055348471,
    "Teardrops on My Guitar": 0.05819488151647083,
    "Fearless (song)": 0.019445070346463013,
    "Fifteen (song)": 0.008226791552128224,
    "Tim McGraw (song)": 0.08248729571714772,
    "Discography": 0.0111426044559735,
    "Our Song (song)": 0.05558866684313062,
    "Sounds of the Season: The Taylor Swift Holiday Collection": 0.02435309920958234,
    "Beautiful Eyes": 0.021526873097891343,
    "Love Story (Taylor Swift song)": 0.018827479843666665,
    "Our Song (Taylor Swift song)": 0.021484065668795835,
    "Fearless (Taylor Swift song)": 0.01508837363538749,
    "Breathe (Taylor Swift song)": 0.0058645559527532535,
    "Change (Taylor Swift song)": 0.013772520798883229,
    "Tim McGraw": 0.05004779947246407,
    "Picture to burn": 0.0058645559527532535,
    "Fan survey (how well do you know her)": 0.0058645559527532535,
    "Taylor Swift discography": 0.0058645559527532535,
    "Fearless": 0.031493739901300374,
    "David Cook": 0.0111426044559735,
    "David": 0.0058645559527532535,
    "Fan Gallery": 0.0058645559527532535,
    "Taylor Swift": 0.10413094214314933,
    "Teardrops on my Guitar": 0.0058645559527532535,
    "List of songs": 0.0058645559527532535,
    "Breathe (song)": 0.0111426044559735,
    "Change (song)": 0.018260583805734792,
    "Childhood pictures": 0.0058645559527532535,
    "Taylor Swift's Childhood Pictures": 0.0111426044559735,
    "White Horse": 0.0058645559527532535,
    "Our Song": 0.008226791552128224,
    "Beautiful Eyes (EP)": 0.0058645559527532535,
    "List of Songs by Taylor Swift": 0.0111426044559735,
    "Fan Survey": 0.0111426044559735,
    "Safe and Sound (Lyrics)": 0.0058645559527532535,
    "Fearless (Taylor Swift album)": 0.025120225364435735,
    "Fearless (album)": 0.028473916728304356,
    "Quotes": 0.0058645559527532535,
    "Taylor Swift Quotes": 0.0111426044559735,
    "Safe & Sound (Lyrics)": 0.0111426044559735,
    "Big Machine Records": 0.10021404340085488,
    "Take Two with Phineas and Ferb": 0.0058645559527532535,
    "Dan Wilson": 0.0058645559527532535,
    "Come Back... Be Here": 0.0111426044559735,
    "Sarah Hyland": 0.0058645559527532535
  },
  "hitsHubs": {
    "Picture to Burn": 0.051885828488232054,
    "Should've Said No": 0.050451564155908256,
    "Change": 0.06988651557351178,
    "You're Not Sorry": 0.05319560767572768,
    "White Horse (song)": 0.05444955452921864,
    "Teardrops on My Guitar": 0.049508421594646385,
    "Fearless (song)": 0.05998074152188326,
    "Fifteen (song)": 0.028500955523597143,
    "Tim McGraw (song)": 0.04691444502094749,
    "Discography": 0.11977091850141175,
    "Our Song (song)": 0.055374756267054286,
    "Sounds of the Season: The Taylor Swift Holiday Collection": 0.041924543051768653,
    "Beautiful Eyes": 0.08873367325070712,
    "Love Story (Taylor Swift song)": 0.0,
    "Our Song (Taylor Swift song)": 0.00661702516542838,
    "Fearless (Taylor Swift song)": 7.031267581966258e-24,
    "Breathe (Taylor Swift song)": 7.031267581966258e-24,
    "Change (Taylor Swift song)": 7.031267581966258e-24,
    "Tim McGraw": 0.0062361946788649664,
    "Picture to burn": 0.008460311246106796,
    "Fan survey (how well do you know her)": 7.031267581966258e-24,
    "Taylor Swift discography": 7.031267581966258e-24,
    "Fearless": 0.09035588954075234,
    "David Cook": 0.0,
    "David": 7.031267581966258e-24,
    "Fan Gallery": 0.018783909070065018,
    "Taylor Swift": 0.040286375776154945,
    "Teardrops on my Guitar": 0.0073396203976465796,
    "List of songs": 7.031267581966258e-24,
    "Breathe (song)": 0.0,
    "Change (song)": 7.031267581966258e-24,
    "Childhood pictures": 7.031267581966258e-24,
    "Taylor Swift's Childhood Pictures": 0.0,
    "White Horse": 0.0018889643633922674,
    "Our Song": 0.00661702516542838,
    "Beautiful Eyes (EP)": 0.005269341301415614,
    "List of Songs by Taylor Swift": 0.0,
    "Fan Survey": 0.0,
    "Safe and Sound (Lyrics)": 7.031267581966258e-24,
    "Fearless (Taylor Swift album)": 7.031267581966258e-24,
    "Fearless (album)": 7.031267581966258e-24,
    "Quotes": 7.031267581966258e-24,
    "Taylor Swift Quotes": 0.0,
    "Safe & Sound (Lyrics)": 0.0,
    "Big Machine Records": 0.0,
    "Take Two with Phineas and Ferb": 0.018783909070065018,
    "Dan Wilson": 7.031267581966258e-24,
    "Come Back... Be Here": 0.0,
    "Sarah Hyland": 0.018783909070065018
  },
  "hitsAuths": {
    "Picture to Burn": 0.06553044689221081,
    "Should've Said No": 0.06671777715670758,
    "Change": 5.446160235263135e-23,
    "You're Not Sorry": 0.04284253202156023,
    "White Horse (song)": 0.014631220447535911,
    "Teardrops on My Guitar": 0.05684998940178412,
    "Fearless (song)": 5.446160235263135e-23,
    "Fifteen (song)": 0.0143316064026872,
    "Tim McGraw (song)": 0.048303261230596306,
    "Discography": 5.446160235263135e-23,
    "Our Song (song)": 0.05125303355559944,
    "Sounds of the Season: The Taylor Swift Holiday Collection": 0.039461447968206706,
    "Beautiful Eyes": 0.0408143719852207,
    "Love Story (Taylor Swift song)": 0.06256383220274041,
    "Our Song (Taylor Swift song)": 0.006389937471767404,
    "Fearless (Taylor Swift song)": 0.0528512229029162,
    "Breathe (Taylor Swift song)": 0.0,
    "Change (Taylor Swift song)": 0.04133108191253184,
    "Tim McGraw": 0.02261432068578289,
    "Picture to burn": 0.0,
    "Fan survey (how well do you know her)": 0.0,
    "Taylor Swift discography": 0.0,
    "Fearless": 5.446160235263135e-23,
    "David Cook": 5.446160235263135e-23,
    "David": 0.0,
    "Fan Gallery": 0.0,
    "Taylor Swift": 0.14549322358683284,
    "Teardrops on my Guitar": 0.0,
    "List of songs": 0.0,
    "Breathe (song)": 5.446160235263135e-23,
    "Change (song)": 5.446160235263135e-23,
    "Childhood pictures": 0.0,
    "Taylor Swift's Childhood Pictures": 5.446160235263135e-23,
    "White Horse": 0.0,
    "Our Song": 0.0143316064026872,
    "Beautiful Eyes (EP)": 0.0,
    "List of Songs by Taylor Swift": 5.446160235263135e-23,
    "Fan Survey": 5.446160235263135e-23,
    "Safe and Sound (Lyrics)": 0.0,
    "Fearless (Taylor Swift album)": 0.07526465375199444,
    "Fearless (album)": 5.446160235263135e-23,
    "Quotes": 0.0,
    "Taylor Swift Quotes": 5.446160235263135e-23,
    "Safe & Sound (Lyrics)": 5.446160235263135e-23,
    "Big Machine Records": 0.13842443402063778,
    "Take Two with Phineas and Ferb": 0.0,
    "Dan Wilson": 0.0,
    "Come Back... Be Here": 5.446160235263135e-23,
    "Sarah Hyland": 0.0
  },
  "averagePathLength": 3.5194805194805197
}