{
  "numNodes": 51,
  "numEdges": 116,
  "selfLinks": 0,
  "numStrongComponents": 30,
  "numWeakComponents": 9,
  "sizeLargestStrong": 22,
  "sizeLargestWeak": 35,
  "radius": 3,
  "diameter": 8,
  "averageInDegree": 2.2745098039215685,
  "averageOutDegree": 2.2745098039215685,
  "maxOutDegree": 14,
  "maxInDegree": 18,
  "pageRank": {
    "Picture to Burn": 0.028525379813337973,
    "Should've Said No": 0.021125548286334356,
    "Change": 0.02167852025539771,
    "You're Not Sorry": 0.012828847232215168,
    "White Horse (song)": 0.013546978099172716,
    "Teardrops on My Guitar": 0.05124799761479115,
    "Fearless (song)": 0.019336755613415406,
    "Fifteen (song)": 0.013304114222705355,
    "Tim McGraw (song)": 0.07136141997421724,
    "Crazier (song)": 0.010256280948114316,
    "Discography": 0.010256280948114316,
    "Our Song (song)": 0.049726009378421934,
    "Sounds of the Season: The Taylor Swift Holiday Collection": 0.022876035072073697,
    "Beautiful Eyes": 0.021068855986214132,
    "Love Story (Taylor Swift song)": 0.01912915764100028,
    "Our Song (Taylor Swift song)": 0.020109686871532216,
    "Fearless (Taylor Swift song)": 0.015486894737779916,
    "Breathe (Taylor Swift song)": 0.0053980612951735115,
    "Change (Taylor Swift song)": 0.014101437315736215,
    "Crazier (Taylor Swift song)": 0.0053980612951735115,
    "Tim McGraw": 0.04362342976130887,
    "Picture to burn": 0.0053980612951735115,
    "Fan survey (how well do you know her)": 0.0053980612951735115,
    "Taylor Swift discography": 0.0053980612951735115,
    "Fearless": 0.043878702727972035,
    "David Cook": 0.010256280948114316,
    "David": 0.0053980612951735115,
    "Fan Gallery": 0.0053980612951735115,
    "Taylor Swift": 0.09807694075398518,
    "Teardrops on my Guitar": 0.0053980612951735115,
    "List of songs": 0.0053980612951735115,
    "Breathe (song)": 0.010256280948114316,
    "Change (song)": 0.018090215682909763,
    "Childhood pictures": 0.0053980612951735115,
    "Taylor Swift's Childhood Pictures": 0.010256280948114316,
    "White Horse": 0.0053980612951735115,
    "Our Song": 0.008688758446231914,
    "Beautiful Eyes (EP)": 0.0053980612951735115,
    "List of Songs by Taylor Swift": 0.010256280948114316,
    "Fan Survey": 0.010256280948114316,
    "Safe and Sound (Lyrics)": 0.0053980612951735115,
    "Fearless (Taylor Swift album)": 0.04150692871067385,
    "Fearless (album)": 0.04275298270843203,
    "Quotes": 0.0053980612951735115,
    "Taylor Swift Quotes": 0.010256280948114316,
    "Safe & Sound (Lyrics)": 0.010256280948114316,
    "Big Machine Records": 0.093598551595048,
    "Take Two with Phineas and Ferb": 0.0053980612951735115,
    "Dan Wilson": 0.0053980612951735115,
    "Come Back... Be Here": 0.010256280948114316,
    "Sarah Hyland": 0.0053980612951735115
  },
  "hitsHubs": {
    "Picture to Burn": 0.048248557795161094,
    "Should've Said No": 0.04689914286901689,
    "Change": 0.06665903118036885,
    "You're Not Sorry": 0.0520561875314644,
    "White Horse (song)": 0.05318901718070243,
    "Teardrops on My Guitar": 0.05773791746446606,
    "Fearless (song)": 0.05799376014747501,
    "Fifteen (song)": 0.04608805819578151,
    "Tim McGraw (song)": 0.04414756443245048,
    "Crazier (song)": 0.019665078365683174,
    "Discography": 0.110859253739988,
    "Our Song (song)": 0.06303105087941928,
    "Sounds of the Season: The Taylor Swift Holiday Collection": 0.03928899371158248,
    "Beautiful Eyes": 0.08386002082101437,
    "Love Story (Taylor Swift song)": 0.0,
    "Our Song (Taylor Swift song)": 0.005990904231905947,
    "Fearless (Taylor Swift song)": 2.802043085127116e-24,
    "Breathe (Taylor Swift song)": 2.802043085127116e-24,
    "Change (Taylor Swift song)": 2.802043085127116e-24,
    "Crazier (Taylor Swift song)": 2.802043085127116e-24,
    "Tim McGraw": 0.005658955036778594,
    "Picture to burn": 0.007551197150458892,
    "Fan survey (how well do you know her)": 2.802043085127116e-24,
    "Taylor Swift discography": 2.802043085127116e-24,
    "Fearless": 0.08192437952782153,
    "David Cook": 0.0,
    "David": 2.802043085127116e-24,
    "Fan Gallery": 0.017718685884136807,
    "Taylor Swift": 0.037245748933324926,
    "Teardrops on my Guitar": 0.0066247121856124105,
    "List of songs": 2.802043085127116e-24,
    "Breathe (song)": 0.0,
    "Change (song)": 2.802043085127116e-24,
    "Childhood pictures": 2.802043085127116e-24,
    "Taylor Swift's Childhood Pictures": 0.0,
    "White Horse": 0.0016002819228961868,
    "Our Song": 0.005990904231905947,
    "Beautiful Eyes (EP)": 0.004533224812310874,
    "List of Songs by Taylor Swift": 0.0,
    "Fan Survey": 0.0,
    "Safe and Sound (Lyrics)": 2.802043085127116e-24,
    "Fearless (Taylor Swift album)": 2.802043085127116e-24,
    "Fearless (album)": 2.802043085127116e-24,
    "Quotes": 2.802043085127116e-24,
    "Taylor Swift Quotes": 0.0,
    "Safe & Sound (Lyrics)": 0.0,
    "Big Machine Records": 0.0,
    "Take Two with Phineas and Ferb": 0.017718685884136807,
    "Dan Wilson": 2.802043085127116e-24,
    "Come Back... Be Here": 0.0,
    "Sarah Hyland": 0.017718685884136807
  },
  "hitsAuths": {
    "Picture to Burn": 0.06321308301088745,
    "Should've Said No": 0.06280027504958952,
    "Change": 2.3456649139330107e-23,
    "You're Not Sorry": 0.04022178337458916,
    "White Horse (song)": 0.013396386297067046,
    "Teardrops on My Guitar": 0.05545723055143727,
    "Fearless (song)": 2.3456649139330107e-23,
    "Fifteen (song)": 0.016293769988548198,
    "Tim McGraw (song)": 0.047372620177586804,
    "Crazier (song)": 2.3456649139330107e-23,
    "Discography": 2.3456649139330107e-23,
    "Our Song (song)": 0.05015145532238334,
    "Sounds of the Season: The Taylor Swift Holiday Collection": 0.0372044976022129,
    "Beautiful Eyes": 0.037948832570237886,
    "Love Story (Taylor Swift song)": 0.05944401938220281,
    "Our Song (Taylor Swift song)": 0.005973785863892492,
    "Fearless (Taylor Swift song)": 0.049960800598790864,
    "Breathe (Taylor Swift song)": 0.0,
    "Change (Taylor Swift song)": 0.03844233552564347,
    "Crazier (Taylor Swift song)": 0.0,
    "Tim McGraw": 0.023163991862817816,
    "Picture to burn": 0.0,
    "Fan survey (how well do you know her)": 0.0,
    "Taylor Swift discography": 0.0,
    "Fearless": 2.3456649139330107e-23,
    "David Cook": 2.3456649139330107e-23,
    "David": 0.0,
    "Fan Gallery": 0.0,
    "Taylor Swift": 0.14832783985380557,
    "Teardrops on my Guitar": 0.0,
    "List of songs": 0.0,
    "Breathe (song)": 2.3456649139330107e-23,
    "Change (song)": 2.3456649139330107e-23,
    "Childhood pictures": 0.0,
    "Taylor Swift's Childhood Pictures": 2.3456649139330107e-23,
    "White Horse": 0.0,
    "Our Song": 0.01313971965103725,
    "Beautiful Eyes (EP)": 0.0,
    "List of Songs by Taylor Swift": 2.3456649139330107e-23,
    "Fan Survey": 2.3456649139330107e-23,
    "Safe and Sound (Lyrics)": 0.0,
    "Fearless (Taylor Swift album)": 0.09486561266118432,
    "Fearless (album)": 2.3456649139330107e-23,
    "Quotes": 0.0,
    "Taylor Swift Quotes": 2.3456649139330107e-23,
    "Safe & Sound (Lyrics)": 2.3456649139330107e-23,
    "Big Machine Records": 0.142621960656086,
    "Take Two with Phineas and Ferb": 0.0,
    "Dan Wilson": 0.0,
    "Come Back... Be Here": 2.3456649139330107e-23,
    "Sarah Hyland": 0.0
  },
  "averagePathLength": 3.1645021645021645
}