{
  "numNodes": 53,
  "numEdges": 121,
  "selfLinks": 0,
  "numStrongComponents": 31,
  "numWeakComponents": 9,
  "sizeLargestStrong": 23,
  "sizeLargestWeak": 37,
  "radius": 3,
  "diameter": 7,
  "averageInDegree": 2.2830188679245285,
  "averageOutDegree": 2.2830188679245285,
  "maxOutDegree": 14,
  "maxInDegree": 20,
  "pageRank": {
    "Picture to Burn": 0.02680994853245074,
    "Should've Said No": 0.02012060721155482,
    "Change": 0.02133973897421723,
    "You're Not Sorry": 0.012034221582539743,
    "White Horse (song)": 0.013345673543961519,
    "Teardrops on My Guitar": 0.05089378853568677,
    "Two Is Better Than One": 0.005404259508639568,
    "Fearless (song)": 0.016068016810385274,
    "Fifteen (song)": 0.008481784404507855,
    "Tim McGraw (song)": 0.07092774383585657,
    "Crazier (song)": 0.010268148648093231,
    "Discography": 0.010268148648093231,
    "Our Song (song)": 0.04639918615559331,
    "Sounds of the Season: The Taylor Swift Holiday Collection": 0.02179424315735722,
    "Beautiful Eyes": 0.02054917609216324,
    "Jump Then Fall": 0.006930770855635036,
    "Love Story (Taylor Swift song)": 0.03621263854517344,
    "Our Song (Taylor Swift song)": 0.021134151996842314,
    "Fearless (Taylor Swift song)": 0.01184937284374628,
    "Breathe (Taylor Swift song)": 0.005404259508639568,
    "Change (Taylor Swift song)": 0.013669037070008789,
    "Crazier (Taylor Swift song)": 0.005404259508639568,
    "Tim McGraw": 0.04305819105808991,
    "Picture to burn": 0.005404259508639568,
    "Fan survey (how well do you know her)": 0.005404259508639568,
    "Taylor Swift discography": 0.005404259508639568,
    "Fearless": 0.04102955629445486,
    "David Cook": 0.010268148648093231,
    "David": 0.005404259508639568,
    "Fan Gallery": 0.005404259508639568,
    "Taylor Swift": 0.10486762563892583,
    "Teardrops on my Guitar": 0.005404259508639568,
    "List of songs": 0.005404259508639568,
    "Breathe (song)": 0.010268148648093231,
    "Change (song)": 0.017705662302664887,
    "Childhood pictures": 0.005404259508639568,
    "Taylor Swift's Childhood Pictures": 0.010268148648093231,
    "White Horse": 0.005404259508639568,
    "Our Song": 0.008481784404507855,
    "Beautiful Eyes (EP)": 0.005404259508639568,
    "List of Songs by Taylor Swift": 0.010268148648093231,
    "Fan Survey": 0.010268148648093231,
    "Safe and Sound (Lyrics)": 0.005404259508639568,
    "Fearless (Taylor Swift album)": 0.037973946227825205,
    "Fearless (album)": 0.03958321960300819,
    "Quotes": 0.005404259508639568,
    "Taylor Swift Quotes": 0.010268148648093231,
    "Safe & Sound (Lyrics)": 0.010268148648093231,
    "Big Machine Records": 0.08878175668639848,
    "Take Two with Phineas and Ferb": 0.005404259508639568,
    "Dan Wilson": 0.005404259508639568,
    "Come Back... Be Here": 0.010268148648093231,
    "Sarah Hyland": 0.005404259508639568
  },
  "hitsHubs": {
    "Picture to Burn": 0.05376101286526182,
    "Should've Said No": 0.04262046401362935,
    "Change": 0.05906183285764641,
    "You're Not Sorry": 0.04694170069242497,
    "White Horse (song)": 0.052528380911951965,
    "Teardrops on My Guitar": 0.06854217655591029,
    "Two Is Better Than One": 0.016737581490812763,
    "Fearless (song)": 0.05673795103063735,
    "Fifteen (song)": 0.04976818083830989,
    "Tim McGraw (song)": 0.04035684104554896,
    "Crazier (song)": 0.016737581490812763,
    "Discography": 0.1020690431137771,
    "Our Song (song)": 0.06742508978762424,
    "Sounds of the Season: The Taylor Swift Holiday Collection": 0.032062266725742854,
    "Beautiful Eyes": 0.07332897361347919,
    "Jump Then Fall": 0.027583356378520947,
    "Love Story (Taylor Swift song)": 0.0,
    "Our Song (Taylor Swift song)": 0.0055449548953235995,
    "Fearless (Taylor Swift song)": 1.1240680159241684e-24,
    "Breathe (Taylor Swift song)": 1.1240680159241684e-24,
    "Change (Taylor Swift song)": 1.1240680159241684e-24,
    "Crazier (Taylor Swift song)": 1.1240680159241684e-24,
    "Tim McGraw": 0.005966453157237464,
    "Picture to burn": 0.006602134555866171,
    "Fan survey (how well do you know her)": 1.1240680159241684e-24,
    "Taylor Swift discography": 1.1240680159241684e-24,
    "Fearless": 0.07561833110597188,
    "David Cook": 0.0,
    "David": 1.1240680159241684e-24,
    "Fan Gallery": 0.016737581490812763,
    "Taylor Swift": 0.032588962637821454,
    "Teardrops on my Guitar": 0.005773937445906473,
    "List of songs": 1.1240680159241684e-24,
    "Breathe (song)": 0.0,
    "Change (song)": 1.1240680159241684e-24,
    "Childhood pictures": 1.1240680159241684e-24,
    "Taylor Swift's Childhood Pictures": 0.0,
    "White Horse": 0.001382705830622703,
    "Our Song": 0.0055449548953235995,
    "Beautiful Eyes (EP)": 0.0045023875913972585,
    "List of Songs by Taylor Swift": 0.0,
    "Fan Survey": 0.0,
    "Safe and Sound (Lyrics)": 1.1240680159241684e-24,
    "Fearless (Taylor Swift album)": 1.1240680159241684e-24,
    "Fearless (album)": 1.1240680159241684e-24,
    "Quotes": 1.1240680159241684e-24,
    "Taylor Swift Quotes": 0.0,
    "Safe & Sound (Lyrics)": 0.0,
    "Big Machine Records": 0.0,
    "Take Two with Phineas and Ferb": 0.016737581490812763,
    "Dan Wilson": 1.1240680159241684e-24,
    "Come Back... Be Here": 0.0,
    "Sarah Hyland": 0.016737581490812763
  },
  "hitsAuths": {
    "Picture to Burn": 0.05992840956038644,
    "Should've Said No": 0.05930496882963215,
    "Change": 1.0203307409446875e-23,
    "You're Not Sorry": 0.038210799857387165,
    "White Horse (song)": 0.012550995533022784,
    "Teardrops on My Guitar": 0.05241075974843383,
    "Two Is Better Than One": 0.0,
    "Fearless (song)": 1.0203307409446875e-23,
    "Fifteen (song)": 0.01232561759862638,
    "Tim McGraw (song)": 0.05415824918504365,
    "Crazier (song)": 1.0203307409446875e-23,
    "Discography": 1.0203307409446875e-23,
    "Our Song (song)": 0.05033225620425515,
    "Sounds of the Season: The Taylor Swift Holiday Collection": 0.021948951555858593,
    "Beautiful Eyes": 0.040868741055438466,
    "Jump Then Fall": 0.008112101355346952,
    "Love Story (Taylor Swift song)": 0.08732503536726319,
    "Our Song (Taylor Swift song)": 0.005311927489463286,
    "Fearless (Taylor Swift song)": 0.03661403312311114,
    "Breathe (Taylor Swift song)": 0.0,
    "Change (Taylor Swift song)": 0.03590968127731403,
    "Crazier (Taylor Swift song)": 0.0,
    "Tim McGraw": 0.02288013939337999,
    "Picture to burn": 0.0,
    "Fan survey (how well do you know her)": 0.0,
    "Taylor Swift discography": 0.0,
    "Fearless": 1.0203307409446875e-23,
    "David Cook": 1.0203307409446875e-23,
    "David": 0.0,
    "Fan Gallery": 0.0,
    "Taylor Swift": 0.1519291420288501,
    "Teardrops on my Guitar": 0.0,
    "List of songs": 0.0,
    "Breathe (song)": 1.0203307409446875e-23,
    "Change (song)": 1.0203307409446875e-23,
    "Childhood pictures": 0.0,
    "Taylor Swift's Childhood Pictures": 1.0203307409446875e-23,
    "White Horse": 0.0,
    "Our Song": 0.01232561759862638,
    "Beautiful Eyes (EP)": 0.0,
    "List of Songs by Taylor Swift": 1.0203307409446875e-23,
    "Fan Survey": 1.0203307409446875e-23,
    "Safe and Sound (Lyrics)": 0.0,
    "Fearless (Taylor Swift album)": 0.09844846904745601,
    "Fearless (album)": 1.0203307409446875e-23,
    "Quotes": 0.0,
    "Taylor Swift Quotes": 1.0203307409446875e-23,
    "Safe & Sound (Lyrics)": 1.0203307409446875e-23,
    "Big Machine Records": 0.13910410419110425,
    "Take Two with Phineas and Ferb": 0.0,
    "Dan Wilson": 0.0,
    "Come Back... Be Here": 1.0203307409446875e-23,
    "Sarah Hyland": 0.0
  },
  "averagePathLength": 3.3122529644268774
}