{
  "numNodes": 51,
  "numEdges": 114,
  "selfLinks": 0,
  "numStrongComponents": 30,
  "numWeakComponents": 9,
  "sizeLargestStrong": 22,
  "sizeLargestWeak": 35,
  "radius": 3,
  "diameter": 7,
  "averageInDegree": 2.235294117647059,
  "averageOutDegree": 2.235294117647059,
  "maxOutDegree": 14,
  "maxInDegree": 17,
  "pageRank": {
    "Picture to Burn": 0.027910547144681535,
    "Should've Said No": 0.02157292531891833,
    "Change": 0.022278294944390195,
    "You're Not Sorry": 0.01317201560345268,
    "White Horse (song)": 0.01392315564148867,
    "Teardrops on My Guitar": 0.0493484516720947,
    "Fearless (song)": 0.019875454196397975,
    "Fifteen (song)": 0.00891438957182848,
    "Tim McGraw (song)": 0.06674394554264394,
    "Crazier (song)": 0.01057409075782452,
    "Discography": 0.01057409075782452,
    "Our Song (song)": 0.04742149702693418,
    "Sounds of the Season: The Taylor Swift Holiday Collection": 0.020869336390687172,
    "Beautiful Eyes": 0.020947742342612735,
    "Love Story (Taylor Swift song)": 0.03208857722289631,
    "Our Song (Taylor Swift song)": 0.020189574660564015,
    "Fearless (Taylor Swift song)": 0.01589998348658174,
    "Breathe (Taylor Swift song)": 0.005565324688164329,
    "Change (Taylor Swift song)": 0.01444808787936556,
    "Crazier (Taylor Swift song)": 0.005565324688164329,
    "Tim McGraw": 0.04130317974775618,
    "Picture to burn": 0.005565324688164329,
    "Fan survey (how well do you know her)": 0.005565324688164329,
    "Taylor Swift discography": 0.005565324688164329,
    "Fearless": 0.04466254002108841,
    "David Cook": 0.01057409075782452,
    "David": 0.005565324688164329,
    "Fan Gallery": 0.005565324688164329,
    "Taylor Swift": 0.09749428434583463,
    "Teardrops on my Guitar": 0.005565324688164329,
    "List of songs": 0.005565324688164329,
    "Breathe (song)": 0.01057409075782452,
    "Change (song)": 0.01857027044373192,
    "Childhood pictures": 0.005565324688164329,
    "Taylor Swift's Childhood Pictures": 0.01057409075782452,
    "White Horse": 0.005565324688164329,
    "Our Song": 0.00891438957182848,
    "Beautiful Eyes (EP)": 0.005565324688164329,
    "List of Songs by Taylor Swift": 0.01057409075782452,
    "Fan Survey": 0.01057409075782452,
    "Safe and Sound (Lyrics)": 0.005565324688164329,
    "Fearless (Taylor Swift album)": 0.04208459552117875,
    "Fearless (album)": 0.04343976253847496,
    "Quotes": 0.005565324688164329,
    "Taylor Swift Quotes": 0.01057409075782452,
    "Safe & Sound (Lyrics)": 0.01057409075782452,
    "Big Machine Records": 0.08757557188752953,
    "Take Two with Phineas and Ferb": 0.005565324688164329,
    "Dan Wilson": 0.005565324688164329,
    "Come Back... Be Here": 0.01057409075782452,
    "Sarah Hyland": 0.005565324688164329
  },
  "hitsHubs": {
    "Picture to Burn": 0.04835553433972929,
    "Should've Said No": 0.0469885401121293,
    "Change": 0.0698825053784816,
    "You're Not Sorry": 0.051924248549047675,
    "White Horse (song)": 0.056000349522492165,
    "Teardrops on My Guitar": 0.07368899744357356,
    "Fearless (song)": 0.06103850935167177,
    "Fifteen (song)": 0.011375965828351193,
    "Tim McGraw (song)": 0.04413296784444562,
    "Crazier (song)": 0.017496197266981522,
    "Discography": 0.11498829987857959,
    "Our Song (song)": 0.07366461307954182,
    "Sounds of the Season: The Taylor Swift Holiday Collection": 0.034344313247811516,
    "Beautiful Eyes": 0.08041279783311658,
    "Love Story (Taylor Swift song)": 0.0,
    "Our Song (Taylor Swift song)": 0.006333034708813301,
    "Fearless (Taylor Swift song)": 3.007769782766568e-24,
    "Breathe (Taylor Swift song)": 3.007769782766568e-24,
    "Change (Taylor Swift song)": 3.007769782766568e-24,
    "Crazier (Taylor Swift song)": 3.007769782766568e-24,
    "Tim McGraw": 0.005971467579828574,
    "Picture to burn": 0.007875608960415541,
    "Fan survey (how well do you know her)": 3.007769782766568e-24,
    "Taylor Swift discography": 3.007769782766568e-24,
    "Fearless": 0.08658907358056998,
    "David Cook": 0.0,
    "David": 3.007769782766568e-24,
    "Fan Gallery": 0.017496197266981522,
    "Taylor Swift": 0.03620332026402979,
    "Teardrops on my Guitar": 0.006834221124791996,
    "List of songs": 3.007769782766568e-24,
    "Breathe (song)": 0.0,
    "Change (song)": 3.007769782766568e-24,
    "Childhood pictures": 3.007769782766568e-24,
    "Taylor Swift's Childhood Pictures": 0.0,
    "White Horse": 0.0016936619634002894,
    "Our Song": 0.006333034708813301,
    "Beautiful Eyes (EP)": 0.005384145632439518,
    "List of Songs by Taylor Swift": 0.0,
    "Fan Survey": 0.0,
    "Safe and Sound (Lyrics)": 3.007769782766568e-24,
    "Fearless (Taylor Swift album)": 3.007769782766568e-24,
    "Fearless (album)": 3.007769782766568e-24,
    "Quotes": 3.007769782766568e-24,
    "Taylor Swift Quotes": 0.0,
    "Safe & Sound (Lyrics)": 0.0,
    "Big Machine Records": 0.0,
    "Take Two with Phineas and Ferb": 0.017496197266981522,
    "Dan Wilson": 3.007769782766568e-24,
    "Come Back... Be Here": 0.0,
    "Sarah Hyland": 0.017496197266981522
  },
  "hitsAuths": {
    "Picture to Burn": 0.06369106474378798,
    "Should've Said No": 0.0620944829154361,
    "Change": 2.432422190226251e-23,
    "You're Not Sorry": 0.040744247902945605,
    "White Horse (song)": 0.013696862592747024,
    "Teardrops on My Guitar": 0.055269227093459425,
    "Fearless (song)": 2.432422190226251e-23,
    "Fifteen (song)": 0.01343409484999649,
    "Tim McGraw (song)": 0.04829202797572943,
    "Crazier (song)": 2.432422190226251e-23,
    "Discography": 2.432422190226251e-23,
    "Our Song (song)": 0.05121606794992549,
    "Sounds of the Season: The Taylor Swift Holiday Collection": 0.023457030806109967,
    "Beautiful Eyes": 0.04354227968774049,
    "Love Story (Taylor Swift song)": 0.08313625468948171,
    "Our Song (Taylor Swift song)": 0.005616861558315576,
    "Fearless (Taylor Swift song)": 0.050172300751858544,
    "Breathe (Taylor Swift song)": 0.0,
    "Change (Taylor Swift song)": 0.03856442761218552,
    "Crazier (Taylor Swift song)": 0.0,
    "Tim McGraw": 0.02389288428134223,
    "Picture to burn": 0.0,
    "Fan survey (how well do you know her)": 0.0,
    "Taylor Swift discography": 0.0,
    "Fearless": 2.432422190226251e-23,
    "David Cook": 2.432422190226251e-23,
    "David": 0.0,
    "Fan Gallery": 0.0,
    "Taylor Swift": 0.14149400236887966,
    "Teardrops on my Guitar": 0.0,
    "List of songs": 0.0,
    "Breathe (song)": 2.432422190226251e-23,
    "Change (song)": 2.432422190226251e-23,
    "Childhood pictures": 0.0,
    "Taylor Swift's Childhood Pictures": 2.432422190226251e-23,
    "White Horse": 0.0,
    "Our Song": 0.01343409484999649,
    "Beautiful Eyes (EP)": 0.0,
    "List of Songs by Taylor Swift": 2.432422190226251e-23,
    "Fan Survey": 2.432422190226251e-23,
    "Safe and Sound (Lyrics)": 0.0,
    "Fearless (Taylor Swift album)": 0.09199890189296628,
    "Fearless (album)": 2.432422190226251e-23,
    "Quotes": 0.0,
    "Taylor Swift Quotes": 2.432422190226251e-23,
    "Safe & Sound (Lyrics)": 2.432422190226251e-23,
    "Big Machine Records": 0.13625288547709624,
    "Take Two with Phineas and Ferb": 0.0,
    "Dan Wilson": 0.0,
    "Come Back... Be Here": 2.432422190226251e-23,
    "Sarah Hyland": 0.0
  },
  "averagePathLength": 3.2186147186147185
}