{
  "numNodes": 60,
  "numEdges": 154,
  "selfLinks": 0,
  "numStrongComponents": 34,
  "numWeakComponents": 9,
  "sizeLargestStrong": 26,
  "sizeLargestWeak": 44,
  "radius": 3,
  "diameter": 8,
  "averageInDegree": 2.566666666666667,
  "averageOutDegree": 2.566666666666667,
  "maxOutDegree": 14,
  "maxInDegree": 24,
  "pageRank": {
    "Taylor Swift Wiki": 0.008050819205649179,
    "Main Page": 0.0042372170106553305,
    "Picture to Burn": 0.024672653599771128,
    "Should've Said No": 0.014223220146955925,
    "Change": 0.014692895420113667,
    "You're Not Sorry": 0.00819835231874955,
    "White Horse (song)": 0.01760901848432526,
    "Teardrops on My Guitar": 0.05392471077311569,
    "Two Is Better Than One": 0.009695997245337536,
    "Fearless (song)": 0.02335875021799519,
    "Fifteen (song)": 0.009862471739679364,
    "Tim McGraw (song)": 0.06766716723793145,
    "Today Was a Fairytale": 0.005345246980645939,
    "Crazier (song)": 0.008050819205649179,
    "Discography": 0.008050819205649179,
    "Half of My Heart": 0.007740925697405084,
    "Breathe": 0.011482958735789126,
    "Our Song (song)": 0.037895870358599364,
    "Sounds of the Season: The Taylor Swift Holiday Collection": 0.018809672073661157,
    "Beautiful Eyes": 0.018078170916691824,
    "Valentine's Day (soundtrack)": 0.0049244746855621165,
    "Jump Then Fall": 0.006613060853671606,
    "Love Story (Taylor Swift song)": 0.028989188464537484,
    "Liz Rose": 0.03618517247467266,
    "Our Song (Taylor Swift song)": 0.018292119093294458,
    "Fearless (Taylor Swift song)": 0.021245834264818804,
    "Breathe (Taylor Swift song)": 0.0042372170106553305,
    "Change (Taylor Swift song)": 0.00819835231874955,
    "Crazier (Taylor Swift song)": 0.0042372170106553305,
    "Tim McGraw": 0.037527668554584295,
    "Picture to burn": 0.0042372170106553305,
    "Fan survey (how well do you know her)": 0.0042372170106553305,
    "Taylor Swift discography": 0.0042372170106553305,
    "Fearless": 0.04591602721391175,
    "David Cook": 0.008050819205649179,
    "David": 0.0042372170106553305,
    "Fan Gallery": 0.0042372170106553305,
    "Taylor Swift": 0.0936967893978463,
    "Teardrops on my Guitar": 0.0042372170106553305,
    "List of songs": 0.0042372170106553305,
    "Breathe (song)": 0.008050819205649179,
    "Change (song)": 0.011613894030693725,
    "Childhood pictures": 0.0042372170106553305,
    "Taylor Swift's Childhood Pictures": 0.008050819205649179,
    "White Horse": 0.0042372170106553305,
    "Our Song": 0.00768079933838285,
    "Beautiful Eyes (EP)": 0.0042372170106553305,
    "List of Songs by Taylor Swift": 0.008050819205649179,
    "Fan Survey": 0.008050819205649179,
    "Safe and Sound (Lyrics)": 0.0042372170106553305,
    "Fearless (Taylor Swift album)": 0.04674430631422537,
    "Fearless (album)": 0.04631258082211153,
    "Quotes": 0.0042372170106553305,
    "Taylor Swift Quotes": 0.008050819205649179,
    "Safe & Sound (Lyrics)": 0.008050819205649179,
    "Big Machine Records": 0.07797273277223327,
    "Take Two with Phineas and Ferb": 0.0042372170106553305,
    "Dan Wilson": 0.0042372170106553305,
    "Come Back... Be Here": 0.008050819205649179,
    "Sarah Hyland": 0.0042372170106553305
  },
  "hitsHubs": {
    "Taylor Swift Wiki": 0.0,
    "Main Page": 1.1691936287206648e-25,
    "Picture to Burn": 0.04456426673108687,
    "Should've Said No": 0.03915806877722894,
    "Change": 0.03552314479195311,
    "You're Not Sorry": 0.03552314479195311,
    "White Horse (song)": 0.05810157454840534,
    "Teardrops on My Guitar": 0.057262991318247455,
    "Two Is Better Than One": 0.02269476152366296,
    "Fearless (song)": 0.04253775943982863,
    "Fifteen (song)": 0.04839841020002486,
    "Tim McGraw (song)": 0.03973462452048061,
    "Today Was a Fairytale": 0.043526139404787154,
    "Crazier (song)": 0.014379042516275382,
    "Discography": 0.0788942426561132,
    "Half of My Heart": 0.019185590651487002,
    "Breathe": 0.03552314479195311,
    "Our Song (song)": 0.056054843492344145,
    "Sounds of the Season: The Taylor Swift Holiday Collection": 0.03748542584660019,
    "Beautiful Eyes": 0.05557616377412925,
    "Valentine's Day (soundtrack)": 0.028656229813759485,
    "Jump Then Fall": 0.008490612358264654,
    "Love Story (Taylor Swift song)": 0.0,
    "Liz Rose": 0.04089555692876966,
    "Our Song (Taylor Swift song)": 0.0028638207600808745,
    "Fearless (Taylor Swift song)": 1.1691936287206648e-25,
    "Breathe (Taylor Swift song)": 1.1691936287206648e-25,
    "Change (Taylor Swift song)": 1.1691936287206648e-25,
    "Crazier (Taylor Swift song)": 1.1691936287206648e-25,
    "Tim McGraw": 0.004819860115993962,
    "Picture to burn": 0.005414873859688308,
    "Fan survey (how well do you know her)": 1.1691936287206648e-25,
    "Taylor Swift discography": 1.1691936287206648e-25,
    "Fearless": 0.0593357687947766,
    "David Cook": 0.0,
    "David": 1.1691936287206648e-25,
    "Fan Gallery": 0.014379042516275382,
    "Taylor Swift": 0.027949922043748177,
    "Teardrops on my Guitar": 0.0061569636829701315,
    "List of songs": 1.1691936287206648e-25,
    "Breathe (song)": 1.1691936287206648e-25,
    "Change (song)": 1.1691936287206648e-25,
    "Childhood pictures": 1.1691936287206648e-25,
    "Taylor Swift's Childhood Pictures": 0.0,
    "White Horse": 0.0022425301200539056,
    "Our Song": 0.0028638207600808745,
    "Beautiful Eyes (EP)": 0.0030495734364257205,
    "List of Songs by Taylor Swift": 0.0,
    "Fan Survey": 0.0,
    "Safe and Sound (Lyrics)": 1.1691936287206648e-25,
    "Fearless (Taylor Swift album)": 1.1691936287206648e-25,
    "Fearless (album)": 1.1691936287206648e-25,
    "Quotes": 1.1691936287206648e-25,
    "Taylor Swift Quotes": 0.0,
    "Safe & Sound (Lyrics)": 0.0,
    "Big Machine Records": 0.0,
    "Take Two with Phineas and Ferb": 0.014379042516275382,
    "Dan Wilson": 1.1691936287206648e-25,
    "Come Back... Be Here": 0.0,
    "Sarah Hyland": 0.014379042516275382
  },
  "hitsAuths": {
    "Taylor Swift Wiki": 1.226939555041543e-24,
    "Main Page": 0.0,
    "Picture to Burn": 0.05682311946295531,
    "Should've Said No": 0.03842152270760952,
    "Change": 1.226939555041543e-24,
    "You're Not Sorry": 0.022280478564838207,
    "White Horse (song)": 0.023532876335263995,
    "Teardrops on My Guitar": 0.06461053238766078,
    "Two Is Better Than One": 0.021673184899977386,
    "Fearless (song)": 1.226939555041543e-24,
    "Fifteen (song)": 0.013222016356974061,
    "Tim McGraw (song)": 0.0505791075217445,
    "Today Was a Fairytale": 0.004618928321499005,
    "Crazier (song)": 1.226939555041543e-24,
    "Discography": 1.226939555041543e-24,
    "Half of My Heart": 0.006856410041092312,
    "Breathe": 1.226939555041543e-24,
    "Our Song (song)": 0.030052635275964523,
    "Sounds of the Season: The Taylor Swift Holiday Collection": 0.01722157943159537,
    "Beautiful Eyes": 0.032001904417224704,
    "Valentine's Day (soundtrack)": 0.007015721161545964,
    "Jump Then Fall": 0.012419982018838115,
    "Love Story (Taylor Swift song)": 0.07042098964378361,
    "Liz Rose": 0.04508103689473299,
    "Our Song (Taylor Swift song)": 0.004505082744857307,
    "Fearless (Taylor Swift song)": 0.05043941298889213,
    "Breathe (Taylor Swift song)": 0.0,
    "Change (Taylor Swift song)": 0.022280478564838207,
    "Crazier (Taylor Swift song)": 0.0,
    "Tim McGraw": 0.023602855441065544,
    "Picture to burn": 0.0,
    "Fan survey (how well do you know her)": 0.0,
    "Taylor Swift discography": 0.0,
    "Fearless": 1.226939555041543e-24,
    "David Cook": 1.226939555041543e-24,
    "David": 0.0,
    "Fan Gallery": 0.0,
    "Taylor Swift": 0.15089216698988098,
    "Teardrops on my Guitar": 0.0,
    "List of songs": 0.0,
    "Breathe (song)": 1.226939555041543e-24,
    "Change (song)": 1.226939555041543e-24,
    "Childhood pictures": 0.0,
    "Taylor Swift's Childhood Pictures": 1.226939555041543e-24,
    "White Horse": 0.0,