{
  "numNodes": 93,
  "numEdges": 249,
  "selfLinks": 0,
  "numStrongComponents": 62,
  "numWeakComponents": 10,
  "sizeLargestStrong": 32,
  "sizeLargestWeak": 74,
  "radius": 3,
  "diameter": 8,
  "averageInDegree": 2.6774193548387095,
  "averageOutDegree": 2.6774193548387095,
  "maxOutDegree": 18,
  "maxInDegree": 27,
  "pageRank": {
    "Taylor Swift Wiki": 0.006905302376529758,
    "Main Page": 0.003634368488811628,
    "Songs": 0.003634368488811628,
    "YouTube videos": 0.0072505700532899675,
    "Interviews": 0.003979636165571837,
    "Selena Gomez": 0.003979636165571837,
    "Liz Huett": 0.0061548312192998885,
    "Music videos": 0.003979636165571837,
    "Abigail Anderson": 0.0072505700532899675,
    "Kellie Pickler": 0.019400486834819618,
    "Al Wilson": 0.003979636165571837,
    "Caitlin Evanson": 0.007216069356030146,
    "Paul Sidoti": 0.003979636165571837,
    "Amos Heller": 0.003979636165571837,
    "13": 0.005770486599181096,
    "Grant Mickelson": 0.007216069356030146,
    "Home movies": 0.003634368488811628,
    "Scott Swift": 0.003979636165571837,
    "Austin": 0.005809563542539678,
    "Andrea Swift": 0.003979636165571837,
    "Achievements": 0.006905302376529758,
    "Biography": 0.003979636165571837,
    "List of Taylor Swift's ex-boyfriends": 0.003634368488811628,
    "Speak Now": 0.006905302376529758,
    "Miley Cyrus": 0.009604138688124039,
    "Fan survey": 0.009849186670495393,
    "Picture to Burn": 0.018555999585381615,
    "Should've Said No": 0.01167074046577736,
    "Change": 0.012134676770744077,
    "You're Not Sorry": 0.006453258365296577,
    "White Horse (song)": 0.014198219910354,
    "Teardrops on My Guitar": 0.03804803978079052,
    "Two Is Better Than One": 0.006921615059031206,
    "Fearless (song)": 0.016333145507181047,
    "Fifteen (song)": 0.009631891219080493,
    "Tim McGraw (song)": 0.0529417713911686,
    "Today Was a Fairytale": 0.006006657766767679,
    "Crazier (song)": 0.006905302376529758,
    "Discography": 0.010521503941008098,
    "Half of My Heart": 0.0057345651911667635,
    "Breathe": 0.01109790470074186,
    "You Belong with Me": 0.016292728932000667,
    "Our Song (song)": 0.02742081609637937,
    "Sounds of the Season: The Taylor Swift Holiday Collection": 0.013721266206722735,
    "Beautiful Eyes": 0.013752575155779921,
    "List of awards and nominations received by Taylor Swift": 0.003634368488811628,
    "Valentine's Day (soundtrack)": 0.004535355797389685,
    "Jump Then Fall": 0.005618006754432454,
    "Love Story (Taylor Swift song)": 0.018352495561972822,
    "Liz Rose": 0.027378561441958313,
    "2009 MTV Video Music Awards": 0.004986213064810138,
    "Our Song (Taylor Swift song)": 0.012866111938844925,
    "Fearless (Taylor Swift song)": 0.014110151197261226,
    "Breathe (Taylor Swift song)": 0.003634368488811628,
    "Change (Taylor Swift song)": 0.006453258365296577,
    "Crazier (Taylor Swift song)": 0.003634368488811628,
    "Tim McGraw": 0.028721189930131584,
    "Awards and other achievements": 0.003634368488811628,
    "Abigail": 0.003634368488811628,
    "Picture to burn": 0.003634368488811628,
    "Speak Now (album)": 0.003634368488811628,
    "Caitlin Everson": 0.003979636165571837,
    "Fan survey (how well do you know her)": 0.003634368488811628,
    "Taylor Swift discography": 0.003634368488811628,
    "Fearless": 0.03643860181638982,
    "David Cook": 0.006905302376529758,
    "David": 0.003634368488811628,
    "Fan Gallery": 0.003634368488811628,
    "Taylor Swift": 0.0718052217034947,
    "Grant Michelson": 0.003979636165571837,
    "Teardrops on my Guitar": 0.003634368488811628,
    "List of songs": 0.003634368488811628,
    "Breathe (song)": 0.008033290648327111,
    "Change (song)": 0.009442904665585405,
    "Childhood pictures": 0.003634368488811628,
    "Taylor Swift's Childhood Pictures": 0.006905302376529758,
    "White Horse": 0.003634368488811628,
    "Our Song": 0.006055598536456933,
    "Beautiful Eyes (EP)": 0.003634368488811628,
    "List of Songs by Taylor Swift": 0.006905302376529758,
    "Fan Survey": 0.006905302376529758,
    "Safe and Sound (Lyrics)": 0.003634368488811628,
    "Fearless (Taylor Swift album)": 0.0364725940249387,
    "Fearless (album)": 0.036457564265410115,
    "Quotes": 0.003634368488811628,
    "Taylor Swift Quotes": 0.006905302376529758,
    "Safe & Sound (Lyrics)": 0.006905302376529758,
    "Big Machine Records": 0.05645443631084425,
    "Take Two with Phineas and Ferb": 0.003634368488811628,
    "Nathan Chapman (record producer)": 0.02826555937457459,
    "Dan Wilson": 0.003634368488811628,
    "Come Back... Be Here": 0.006905302376529758,
    "Sarah Hyland": 0.003634368488811628
  },
  "hitsHubs": {
    "Taylor Swift Wiki": 0.007002088210580484,
    "Main Page": 1.2305756649866986e-29,
    "Songs": 7.76570585769096e-05,
    "YouTube videos": 0.003262290280111174,
    "Interviews": 0.0,
    "Selena Gomez": 0.0,
    "Liz Huett": 0.0,
    "Music videos": 0.0032788929914405675,
    "Abigail Anderson": 0.0,
    "Kellie Pickler": 0.0,
    "Al Wilson": 0.0,
    "Caitlin Evanson": 0.0,
    "Paul Sidoti": 0.0,
    "Amos Heller": 0.0,
    "13": 0.0,
    "Grant Mickelson": 0.0,
    "Home movies": 7.680524561911407e-05,
    "Scott Swift": 0.0,
    "Austin": 0.0,
    "Andrea Swift": 0.0,
    "Achievements": 0.0,
    "Biography": 0.05818225917277428,
    "List of Taylor Swift's ex-boyfriends": 0.0012705016875889758,
    "Speak Now": 0.0,
    "Miley Cyrus": 0.0,
    "Fan survey": 0.0,
    "Picture to Burn": 0.04111184305603945,
    "Should've Said No": 0.03240628992737104,
    "Change": 0.025155052777446278,
    "You're Not Sorry": 0.025155052777446278,
    "White Horse (song)": 0.05127414661017079,
    "Teardrops on My Guitar": 0.04708323935187449,
    "Two Is Better Than One": 0.01492898344484152,
    "Fearless (song)": 0.03420004726434082,
    "Fifteen (song)": 0.04282983677719144,
    "Tim McGraw (song)": 0.03178243903639242,
    "Today Was a Fairytale": 0.03075578403920747,
    "Crazier (song)": 0.009441156676665072,
    "Discography": 0.06177323703710391,
    "Half of My Heart": 0.01136960325136479,
    "Breathe": 0.025155052777446278,
    "You Belong with Me": 0.052013595846405136,
    "Our Song (song)": 0.0443863630403676,
    "Sounds of the Season: The Taylor Swift Holiday Collection": 0.02642057457291012,
    "Beautiful Eyes": 0.04244059222277436,
    "List of awards and nominations received by Taylor Swift": 0.06243316292670127,
    "Valentine's Day (soundtrack)": 0.020608043111032124,
    "Jump Then Fall": 0.006654512423316068,
    "Love Story (Taylor Swift song)": 0.0,
    "Liz Rose": 0.03458894226769468,
    "2009 MTV Video Music Awards": 0.019446681312453404,
    "Our Song (Taylor Swift song)": 0.002355650752463476,
    "Fearless (Taylor Swift song)": 1.2305756649866986e-29,
    "Breathe (Taylor Swift song)": 0.0005705322306491385,
    "Change (Taylor Swift song)": 1.2305756649866986e-29,
    "Crazier (Taylor Swift song)": 1.2305756649866986e-29,
    "Tim McGraw": 0.004589910270271227,
    "Awards and other achievements": 1.2305756649866986e-29,
    "Abigail": 7.680524561911407e-05,
    "Picture to burn": 0.004475028664294969,
    "Speak Now (album)": 1.2305756649866986e-29,
    "Caitlin Everson": 1.2305756649866986e-29,
    "Fan survey (how well do you know her)": 1.2305756649866986e-29,
    "Taylor Swift discography": 7.76570585769096e-05,
    "Fearless": 0.055077977312762025,
    "David Cook": 0.0,
    "David": 1.2305756649866986e-29,
    "Fan Gallery": 0.009441156676665072,
    "Taylor Swift": 0.024729783457005206,
    "Grant Michelson": 1.2305756649866986e-29,
    "Teardrops on my Guitar": 0.004804506864872836,
    "List of songs": 1.2305756649866986e-29,
    "Breathe (song)": 0.0006848234797715877,
    "Change (song)": 1.2305756649866986e-29,
    "Childhood pictures": 1.2305756649866986e-29,
    "Taylor Swift's Childhood Pictures": 0.0,
    "White Horse": 0.0028770994171659907,