{
  "numNodes": 56,
  "numEdges": 127,
  "selfLinks": 0,
  "numStrongComponents": 33,
  "numWeakComponents": 10,
  "sizeLargestStrong": 24,
  "sizeLargestWeak": 38,
  "radius": 3,
  "diameter": 7,
  "averageInDegree": 2.267857142857143,
  "averageOutDegree": 2.267857142857143,
  "maxOutDegree": 14,
  "maxInDegree": 21,
  "pageRank": {
    "Taylor Swift Wiki": 0.009897994907626925,
    "Main Page": 0.00520945458527386,
    "Picture to Burn": 0.02603799123242793,
    "Should've Said No": 0.019811168148850065,
    "Change": 0.02067426006706418,
    "You're Not Sorry": 0.008846533709417856,
    "White Horse (song)": 0.012898781591709959,
    "Teardrops on My Guitar": 0.04938154413242345,
    "Two Is Better Than One": 0.010782338020393767,
    "Fearless (song)": 0.01713718970875958,
    "Fifteen (song)": 0.01144495603195546,
    "Tim McGraw (song)": 0.06907687135239417,
    "Today Was a Fairytale": 0.00520945458527386,
    "Crazier (song)": 0.009897994907626925,
    "Discography": 0.009897994907626925,
    "Our Song (song)": 0.042693168505467484,
    "Sounds of the Season: The Taylor Swift Holiday Collection": 0.021105523334477454,
    "Beautiful Eyes": 0.019883975614386096,
    "Jump Then Fall": 0.006926152115002856,
    "Love Story (Taylor Swift song)": 0.033166767989497276,
    "Our Song (Taylor Swift song)": 0.02046923089441649,
    "Fearless (Taylor Swift song)": 0.013253383552604688,
    "Breathe (Taylor Swift song)": 0.00520945458527386,
    "Change (Taylor Swift song)": 0.013304166618322275,
    "Crazier (Taylor Swift song)": 0.00520945458527386,
    "Tim McGraw": 0.041500329582080664,
    "Picture to burn": 0.00520945458527386,
    "Fan survey (how well do you know her)": 0.00520945458527386,
    "Taylor Swift discography": 0.00520945458527386,
    "Fearless": 0.04000556987088125,
    "David Cook": 0.009897994907626925,
    "David": 0.00520945458527386,
    "Fan Gallery": 0.00520945458527386,
    "Taylor Swift": 0.1017338426665052,
    "Teardrops on my Guitar": 0.00520945458527386,
    "List of songs": 0.00520945458527386,
    "Breathe (song)": 0.009897994907626925,
    "Change (song)": 0.017182973136353523,
    "Childhood pictures": 0.00520945458527386,
    "Taylor Swift's Childhood Pictures": 0.009897994907626925,
    "White Horse": 0.00520945458527386,
    "Our Song": 0.008210241269356894,
    "Beautiful Eyes (EP)": 0.00520945458527386,
    "List of Songs by Taylor Swift": 0.009897994907626925,
    "Fan Survey": 0.009897994907626925,
    "Safe and Sound (Lyrics)": 0.00520945458527386,
    "Fearless (Taylor Swift album)": 0.03716796324702817,
    "Fearless (album)": 0.03866230741898686,
    "Quotes": 0.00520945458527386,
    "Taylor Swift Quotes": 0.009897994907626925,
    "Safe & Sound (Lyrics)": 0.009897994907626925,
    "Big Machine Records": 0.09078518908513661,
    "Take Two with Phineas and Ferb": 0.00520945458527386,
    "Dan Wilson": 0.00520945458527386,
    "Come Back... Be Here": 0.009897994907626925,
    "Sarah Hyland": 0.00520945458527386
  },
  "hitsHubs": {
    "Taylor Swift Wiki": 0.0,
    "Main Page": 1.346673758494856e-26,
    "Picture to Burn": 0.050345849147139174,
    "Should've Said No": 0.04157646856238549,
    "Change": 0.056584652189757376,
    "You're Not Sorry": 0.04197646494585028,
    "White Horse (song)": 0.05067618904294127,
    "Teardrops on My Guitar": 0.063977669864176,
    "Two Is Better Than One": 0.022190937983705392,
    "Fearless (song)": 0.04361717239518516,
    "Fifteen (song)": 0.049913752591441256,
    "Tim McGraw (song)": 0.03956334580284481,
    "Today Was a Fairytale": 0.044725881846264276,
    "Crazier (song)": 0.016474393304945472,
    "Discography": 0.09392313759729307,
    "Our Song (song)": 0.06428255905738338,
    "Sounds of the Season: The Taylor Swift Holiday Collection": 0.03195180378228006,
    "Beautiful Eyes": 0.06454239168107788,
    "Jump Then Fall": 0.04197646494585028,
    "Love Story (Taylor Swift song)": 0.0,
    "Our Song (Taylor Swift song)": 0.003785858120952017,
    "Fearless (Taylor Swift song)": 1.346673758494856e-26,
    "Breathe (Taylor Swift song)": 1.346673758494856e-26,
    "Change (Taylor Swift song)": 1.346673758494856e-26,
    "Crazier (Taylor Swift song)": 1.346673758494856e-26,
    "Tim McGraw": 0.005420999571854313,
    "Picture to burn": 0.0059948279938773575,
    "Fan survey (how well do you know her)": 1.346673758494856e-26,
    "Taylor Swift discography": 1.346673758494856e-26,
    "Fearless": 0.07142454259920691,
    "David Cook": 0.0,
    "David": 1.346673758494856e-26,
    "Fan Gallery": 0.016474393304945472,
    "Taylor Swift": 0.031254048660194725,
    "Teardrops on my Guitar": 0.00524163602267982,
    "List of songs": 1.346673758494856e-26,
    "Breathe (song)": 0.0,
    "Change (song)": 1.346673758494856e-26,
    "Childhood pictures": 1.346673758494856e-26,
    "Taylor Swift's Childhood Pictures": 0.0,
    "White Horse": 0.0012752911264974198,
    "Our Song": 0.003785858120952017,
    "Beautiful Eyes (EP)": 0.00409462312842841,
    "List of Songs by Taylor Swift": 0.0,
    "Fan Survey": 0.0,
    "Safe and Sound (Lyrics)": 1.346673758494856e-26,
    "Fearless (Taylor Swift album)": 1.346673758494856e-26,
    "Fearless (album)": 1.346673758494856e-26,
    "Quotes": 1.346673758494856e-26,
    "Taylor Swift Quotes": 0.0,
    "Safe & Sound (Lyrics)": 0.0,
    "Big Machine Records": 0.0,
    "Take Two with Phineas and Ferb": 0.016474393304945472,
    "Dan Wilson": 1.346673758494856e-26,
    "Come Back... Be Here": 0.0,
    "Sarah Hyland": 0.016474393304945472
  },
  "hitsAuths": {
    "Taylor Swift Wiki": 1.3007823127689112e-25,
    "Main Page": 0.0,
    "Picture to Burn": 0.057905384829382844,
    "Should've Said No": 0.05707116744901429,
    "Change": 1.3007823127689112e-25,
    "You're Not Sorry": 0.028016653057882777,
    "White Horse (song)": 0.01231832231462703,
    "Teardrops on My Guitar": 0.05063013506623057,
    "Two Is Better Than One": 0.015847960332340302,
    "Fearless (song)": 1.3007823127689112e-25,
    "Fifteen (song)": 0.01586228749698881,
    "Tim McGraw (song)": 0.0523626477171224,
    "Today Was a Fairytale": 0.0,
    "Crazier (song)": 1.3007823127689112e-25,
    "Discography": 1.3007823127689112e-25,
    "Our Song (song)": 0.03656845060893596,
    "Sounds of the Season: The Taylor Swift Holiday Collection": 0.021210130038826124,
    "Beautiful Eyes": 0.03955088089684883,
    "Jump Then Fall": 0.008457429146744253,
    "Love Story (Taylor Swift song)": 0.08403258146288943,
    "Our Song (Taylor Swift song)": 0.005295712871224535,
    "Fearless (Taylor Swift song)": 0.03935509653071478,
    "Breathe (Taylor Swift song)": 0.0,
    "Change (Taylor Swift song)": 0.03506140562982879,
    "Crazier (Taylor Swift song)": 0.0,
    "Tim McGraw": 0.02289145225803738,
    "Picture to burn": 0.0,
    "Fan survey (how well do you know her)": 0.0,
    "Taylor Swift discography": 0.0,
    "Fearless": 1.3007823127689112e-25,
    "David Cook": 1.3007823127689112e-25,
    "David": 0.0,
    "Fan Gallery": 0.0,
    "Taylor Swift": 0.15912985078600603,
    "Teardrops on my Guitar": 0.0,
    "List of songs": 0.0,
    "Breathe (song)": 1.3007823127689112e-25,
    "Change (song)": 1.3007823127689112e-25,
    "Childhood pictures": 0.0,
    "Taylor Swift's Childhood Pictures": 1.3007823127689112e-25,
    "White Horse": 0.0,
    "Our Song": 0.012102235890281194,
    "Beautiful Eyes (EP)": 0.0,
    "List of Songs by Taylor Swift": 1.3007823127689112e-25,
    "Fan Survey": 1.3007823127689112e-25,
    "Safe and Sound (Lyrics)": 0.0,
    "Fearless (Taylor Swift album)": 0.09683044501919996,
    "Fearless (album)": 1.3007823127689112e-25,
    "Quotes": 0.0,
    "Taylor Swift Quotes": 1.3007823127689112e-25,
    "Safe & Sound (Lyrics)": 1.3007823127689112e-25,
    "Big Machine Records": 0.1494997705968737,
    "Take Two with Phineas and Ferb": 0.0,
    "Dan Wilson": 0.0,
    "Come Back... Be Here": 1.3007823127689112e-25,
    "Sarah Hyland": 0.0
  },