{
  "numNodes": 58,
  "numEdges": 141,
  "selfLinks": 0,
  "numStrongComponents": 32,
  "numWeakComponents": 10,
  "sizeLargestStrong": 27,
  "sizeLargestWeak": 40,
  "radius": 4,
  "diameter": 9,
  "averageInDegree": 2.4310344827586206,
  "averageOutDegree": 2.4310344827586206,
  "maxOutDegree": 14,
  "maxInDegree": 22,
  "pageRank": {
    "Taylor Swift Wiki": 0.008696483589660856,
    "Main Page": 0.004577122566149304,
    "Picture to Burn": 0.023350290579461815,
    "Should've Said No": 0.014503130417238434,
    "Change": 0.018304960042880767,
    "You're Not Sorry": 0.008596113556297951,
    "White Horse (song)": 0.016983767448147738,
    "Teardrops on My Guitar": 0.0531695543296641,
    "Two Is Better Than One": 0.011099470593472258,
    "Fearless (song)": 0.021137525274220106,
    "Fifteen (song)": 0.011366866244775474,
    "Tim McGraw (song)": 0.06606923880810633,
    "Today Was a Fairytale": 0.009147852492458843,
    "Crazier (song)": 0.008696483589660856,
    "Discography": 0.008696483589660856,
    "Our Song (song)": 0.03863198980255669,
    "Sounds of the Season: The Taylor Swift Holiday Collection": 0.01920035567113274,
    "Beautiful Eyes": 0.018697108671458428,
    "Valentine's Day (soundtrack)": 0.006223780172449889,
    "Jump Then Fall": 0.007682666815860248,
    "Love Story (Taylor Swift song)": 0.02610498611247996,
    "Liz Rose": 0.03218088124479521,
    "Our Song (Taylor Swift song)": 0.018641290320892977,
    "Fearless (Taylor Swift song)": 0.018399947419893817,
    "Breathe (Taylor Swift song)": 0.004577122566149304,
    "Change (Taylor Swift song)": 0.011859771340737795,
    "Crazier (Taylor Swift song)": 0.004577122566149304,
    "Tim McGraw": 0.03549983397118016,
    "Picture to burn": 0.004577122566149304,
    "Fan survey (how well do you know her)": 0.004577122566149304,
    "Taylor Swift discography": 0.004577122566149304,
    "Fearless": 0.04614409157069126,
    "David Cook": 0.008696483589660856,
    "David": 0.004577122566149304,
    "Fan Gallery": 0.004577122566149304,
    "Taylor Swift": 0.09376065261531988,
    "Teardrops on my Guitar": 0.004577122566149304,
    "List of songs": 0.004577122566149304,
    "Breathe (song)": 0.008696483589660856,
    "Change (song)": 0.015252620132818891,
    "Childhood pictures": 0.004577122566149304,
    "Taylor Swift's Childhood Pictures": 0.008696483589660856,
    "White Horse": 0.004577122566149304,
    "Our Song": 0.00803704820605819,
    "Beautiful Eyes (EP)": 0.004577122566149304,
    "List of Songs by Taylor Swift": 0.008696483589660856,
    "Fan Survey": 0.008696483589660856,
    "Safe and Sound (Lyrics)": 0.004577122566149304,
    "Fearless (Taylor Swift album)": 0.04623515148607379,
    "Fearless (album)": 0.04618688284304239,
    "Quotes": 0.004577122566149304,
    "Taylor Swift Quotes": 0.008696483589660856,
    "Safe & Sound (Lyrics)": 0.008696483589660856,
    "Big Machine Records": 0.07948264613887696,
    "Take Two with Phineas and Ferb": 0.004577122566149304,
    "Dan Wilson": 0.004577122566149304,
    "Come Back... Be Here": 0.008696483589660856,
    "Sarah Hyland": 0.004577122566149304
  },
  "hitsHubs": {
    "Taylor Swift Wiki": 0.0,
    "Main Page": 8.611403674243675e-27,
    "Picture to Burn": 0.048820821382422074,
    "Should've Said No": 0.03877780995401491,
    "Change": 0.03949443523241861,
    "You're Not Sorry": 0.03949443523241861,
    "White Horse (song)": 0.050216283748597004,
    "Teardrops on My Guitar": 0.06334561963487667,
    "Two Is Better Than One": 0.021711144199286044,
    "Fearless (song)": 0.04747389092706313,
    "Fifteen (song)": 0.04902757588089844,
    "Tim McGraw (song)": 0.04300528650369958,
    "Today Was a Fairytale": 0.03736158211350654,
    "Crazier (song)": 0.015872931084272575,
    "Discography": 0.08752321964947292,
    "Our Song (song)": 0.059939259808756175,
    "Sounds of the Season: The Taylor Swift Holiday Collection": 0.03639294585682723,
    "Beautiful Eyes": 0.06158217970718079,
    "Valentine's Day (soundtrack)": 0.03284812587322006,
    "Jump Then Fall": 0.009417442881283744,
    "Love Story (Taylor Swift song)": 0.0,
    "Liz Rose": 0.04369971407957988,
    "Our Song (Taylor Swift song)": 0.0035323808199917684,
    "Fearless (Taylor Swift song)": 8.611403674243675e-27,
    "Breathe (Taylor Swift song)": 8.611403674243675e-27,
    "Change (Taylor Swift song)": 8.611403674243675e-27,
    "Crazier (Taylor Swift song)": 8.611403674243675e-27,
    "Tim McGraw": 0.005847263379070522,
    "Picture to burn": 0.005434927894882222,
    "Fan survey (how well do you know her)": 8.611403674243675e-27,
    "Taylor Swift discography": 8.611403674243675e-27,
    "Fearless": 0.06485535315675911,
    "David Cook": 0.0,
    "David": 8.611403674243675e-27,
    "Fan Gallery": 0.015872931084272575,
    "Taylor Swift": 0.031221660752375403,
    "Teardrops on my Guitar": 0.006315953505692375,
    "List of songs": 8.611403674243675e-27,
    "Breathe (song)": 0.0,
    "Change (song)": 8.611403674243675e-27,
    "Childhood pictures": 8.611403674243675e-27,
    "Taylor Swift's Childhood Pictures": 0.0,
    "White Horse": 0.001886890981406605,
    "Our Song": 0.0035323808199917684,
    "Beautiful Eyes (EP)": 0.0037496916872173753,
    "List of Songs by Taylor Swift": 0.0,
    "Fan Survey": 0.0,
    "Safe and Sound (Lyrics)": 8.611403674243675e-27,
    "Fearless (Taylor Swift album)": 8.611403674243675e-27,
    "Fearless (album)": 8.611403674243675e-27,
    "Quotes": 8.611403674243675e-27,
    "Taylor Swift Quotes": 0.0,
    "Safe & Sound (Lyrics)": 0.0,
    "Big Machine Records": 0.0,
    "Take Two with Phineas and Ferb": 0.015872931084272575,
    "Dan Wilson": 8.611403674243675e-27,
    "Come Back... Be Here": 0.0,
    "Sarah Hyland": 0.015872931084272575
  },
  "hitsAuths": {
    "Taylor Swift Wiki": 8.213900942709196e-26,
    "Main Page": 0.0,
    "Picture to Burn": 0.05184051409975322,
    "Should've Said No": 0.04282359597008171,
    "Change": 8.213900942709196e-26,
    "You're Not Sorry": 0.024832024323582738,
    "White Horse (song)": 0.017997920196589107,
    "Teardrops on My Guitar": 0.06024408844016996,
    "Two Is Better Than One": 0.021814684499863762,
    "Fearless (song)": 8.213900942709196e-26,
    "Fifteen (song)": 0.014107110522927124,
    "Tim McGraw (song)": 0.05577353472032491,
    "Today Was a Fairytale": 0.013089493099354007,
    "Crazier (song)": 8.213900942709196e-26,
    "Discography": 8.213900942709196e-26,
    "Our Song (song)": 0.033693259827221565,
    "Sounds of the Season: The Taylor Swift Holiday Collection": 0.019350986853621098,
    "Beautiful Eyes": 0.03576605771788849,
    "Valentine's Day (soundtrack)": 0.006088544468633296,
    "Jump Then Fall": 0.013342685800246598,
    "Love Story (Taylor Swift song)": 0.061062216211958065,
    "Liz Rose": 0.04120705946725669,
    "Our Song (Taylor Swift song)": 0.005087966276367753,
    "Fearless (Taylor Swift song)": 0.041580099162267535,
    "Breathe (Taylor Swift song)": 0.0,
    "Change (Taylor Swift song)": 0.031151361109155916,
    "Crazier (Taylor Swift song)": 0.0,
    "Tim McGraw": 0.021864087964035158,
    "Picture to burn": 0.0,
    "Fan survey (how well do you know her)": 0.0,
    "Taylor Swift discography": 0.0,
    "Fearless": 8.213900942709196e-26,
    "David Cook": 8.213900942709196e-26,
    "David": 0.0,
    "Fan Gallery": 0.0,
    "Taylor Swift": 0.1514023596253203,
    "Teardrops on my Guitar": 0.0,
    "List of songs": 0.0,
    "Breathe (song)": 8.213900942709196e-26,
    "Change (song)": 8.213900942709196e-26,
    "Childhood pictures": 0.0,
    "Taylor Swift's Childhood Pictures": 8.213900942709196e-26,
    "White Horse": 0.0,
    "Our Song": 0.010569003746329395,
    "Beautiful Eyes (EP)": 0.0,
    "List of Songs by Taylor Swift": 8.213900942709196e-26,
    "Fan Survey": 8.213900942709196e-26,
    "Safe and Sound (Lyrics)": 0.0,
    "Fearless (Taylor Swift album)": 0.08982733348321452,
    "Fearless (album)": 8.213900942709196e-26,
    "Quotes": 0.0,