{
  "numNodes": 60,
  "numEdges": 154,
  "selfLinks": 0,
  "numStrongComponents": 33,
  "numWeakComponents": 9,
  "sizeLargestStrong": 28,
  "sizeLargestWeak": 44,
  "radius": 4,
  "diameter": 9,
  "averageInDegree": 2.566666666666667,
  "averageOutDegree": 2.566666666666667,
  "maxOutDegree": 14,
  "maxInDegree": 24,
  "pageRank": {
    "Taylor Swift Wiki": 0.007970411209114287,
    "Main Page": 0.0041949147759662506,
    "Picture to Burn": 0.02474700592983296,
    "Should've Said No": 0.014262762329157425,
    "Change": 0.014634634375337319,
    "You're Not Sorry": 0.008226180345964822,
    "White Horse (song)": 0.018105586198770965,
    "Teardrops on My Guitar": 0.05405840780682252,
    "Two Is Better Than One": 0.009806384597228355,
    "Fearless (song)": 0.020685574466901273,
    "Fifteen (song)": 0.009920425528685828,
    "Tim McGraw (song)": 0.06787648419558359,
    "Today Was a Fairytale": 0.01096202413058523,
    "Crazier (song)": 0.007970411209114287,
    "Discography": 0.007970411209114287,
    "Half of My Heart": 0.005428155856293355,
    "Breathe": 0.011368257095966072,
    "Our Song (song)": 0.037984077542975885,
    "Sounds of the Season: The Taylor Swift Holiday Collection": 0.018893481838529007,
    "Beautiful Eyes": 0.018082961726402676,
    "Valentine's Day (soundtrack)": 0.005428155856293355,
    "Jump Then Fall": 0.0066914589278006245,
    "Love Story (Taylor Swift song)": 0.02967323565137962,
    "Liz Rose": 0.03588868480260751,
    "Our Song (Taylor Swift song)": 0.018381100244243304,
    "Fearless (Taylor Swift song)": 0.01832428609737012,
    "Breathe (Taylor Swift song)": 0.0041949147759662506,
    "Change (Taylor Swift song)": 0.008226180345964822,
    "Crazier (Taylor Swift song)": 0.0041949147759662506,
    "Tim McGraw": 0.03769069718631148,
    "Picture to burn": 0.0041949147759662506,
    "Fan survey (how well do you know her)": 0.0041949147759662506,
    "Taylor Swift discography": 0.0041949147759662506,
    "Fearless": 0.04691837609659594,
    "David Cook": 0.007970411209114287,
    "David": 0.0041949147759662506,
    "Fan Gallery": 0.0041949147759662506,
    "Taylor Swift": 0.09457330646698905,
    "Teardrops on my Guitar": 0.0041949147759662506,
    "List of songs": 0.0041949147759662506,
    "Breathe (song)": 0.007970411209114287,
    "Change (song)": 0.011596391820180327,
    "Childhood pictures": 0.0041949147759662506,
    "Taylor Swift's Childhood Pictures": 0.007970411209114287,
    "White Horse": 0.0041949147759662506,
    "Our Song": 0.00771379875167912,
    "Beautiful Eyes (EP)": 0.0041949147759662506,
    "List of Songs by Taylor Swift": 0.007970411209114287,
    "Fan Survey": 0.007970411209114287,
    "Safe and Sound (Lyrics)": 0.0041949147759662506,
    "Fearless (Taylor Swift album)": 0.04808263999980689,
    "Fearless (album)": 0.04747469010932564,
    "Quotes": 0.0041949147759662506,
    "Taylor Swift Quotes": 0.007970411209114287,
    "Safe & Sound (Lyrics)": 0.007970411209114287,
    "Big Machine Records": 0.0751116044107652,
    "Take Two with Phineas and Ferb": 0.0041949147759662506,
    "Dan Wilson": 0.0041949147759662506,
    "Come Back... Be Here": 0.007970411209114287,
    "Sarah Hyland": 0.0041949147759662506
  },
  "hitsHubs": {
    "Taylor Swift Wiki": 0.0,
    "Main Page": 2.3329613714072747e-27,
    "Picture to Burn": 0.045290563434244216,
    "Should've Said No": 0.03968996272392027,
    "Change": 0.035709158839234555,
    "You're Not Sorry": 0.035709158839234555,
    "White Horse (song)": 0.05907498273519299,
    "Teardrops on My Guitar": 0.05820878017226998,
    "Two Is Better Than One": 0.022901248391933828,
    "Fearless (song)": 0.04369948766964155,
    "Fifteen (song)": 0.04872316692024744,
    "Tim McGraw (song)": 0.04027627969265033,
    "Today Was a Fairytale": 0.0446151601181576,
    "Crazier (song)": 0.014615440455512982,
    "Discography": 0.08027494984710885,
    "Half of My Heart": 0.01601454469714867,
    "Breathe": 0.023185036663339532,
    "Our Song (song)": 0.056947768135864774,
    "Sounds of the Season: The Taylor Swift Holiday Collection": 0.03795498643485416,
    "Beautiful Eyes": 0.05644646671041157,
    "Valentine's Day (soundtrack)": 0.029765918466883493,
    "Jump Then Fall": 0.008569596207826553,
    "Love Story (Taylor Swift song)": 0.0,
    "Liz Rose": 0.041521437082836746,
    "Our Song (Taylor Swift song)": 0.002966246252377907,
    "Fearless (Taylor Swift song)": 2.3329613714072747e-27,
    "Breathe (Taylor Swift song)": 2.3329613714072747e-27,
    "Change (Taylor Swift song)": 2.3329613714072747e-27,
    "Crazier (Taylor Swift song)": 2.3329613714072747e-27,
    "Tim McGraw": 0.004979864355506738,
    "Picture to burn": 0.005602340484263413,
    "Fan survey (how well do you know her)": 2.3329613714072747e-27,
    "Taylor Swift discography": 2.3329613714072747e-27,
    "Fearless": 0.06026217238971351,
    "David Cook": 0.0,
    "David": 2.3329613714072747e-27,
    "Fan Gallery": 0.014615440455512982,
    "Taylor Swift": 0.028333410736958137,
    "Teardrops on my Guitar": 0.006366915946321791,
    "List of songs": 2.3329613714072747e-27,
    "Breathe (song)": 2.3329613714072747e-27,
    "Change (song)": 2.3329613714072747e-27,
    "Childhood pictures": 2.3329613714072747e-27,
    "Taylor Swift's Childhood Pictures": 0.0,
    "White Horse": 0.0023254447176492784,
    "Our Song": 0.002966246252377907,
    "Beautiful Eyes (EP)": 0.0031569432597775425,
    "List of Songs by Taylor Swift": 0.0,
    "Fan Survey": 0.0,
    "Safe and Sound (Lyrics)": 2.3329613714072747e-27,
    "Fearless (Taylor Swift album)": 2.3329613714072747e-27,
    "Fearless (album)": 2.3329613714072747e-27,
    "Quotes": 2.3329613714072747e-27,
    "Taylor Swift Quotes": 0.0,
    "Safe & Sound (Lyrics)": 0.0,
    "Big Machine Records": 0.0,
    "Take Two with Phineas and Ferb": 0.014615440455512982,
    "Dan Wilson": 2.3329613714072747e-27,
    "Come Back... Be Here": 0.0,
    "Sarah Hyland": 0.014615440455512982
  },
  "hitsAuths": {
    "Taylor Swift Wiki": 2.375238602804905e-26,
    "Main Page": 0.0,
    "Picture to Burn": 0.057038644305766106,
    "Should've Said No": 0.03856835483612588,
    "Change": 2.375238602804905e-26,
    "You're Not Sorry": 0.022372529402426528,
    "White Horse (song)": 0.02367585734485383,
    "Teardrops on My Guitar": 0.06482295301527118,
    "Two Is Better Than One": 0.02181546406322935,
    "Fearless (song)": 2.375238602804905e-26,
    "Fifteen (song)": 0.013239036398719472,
    "Tim McGraw (song)": 0.050701079747397355,
    "Today Was a Fairytale": 0.014244583921578454,
    "Crazier (song)": 2.375238602804905e-26,
    "Discography": 2.375238602804905e-26,
    "Half of My Heart": 0.00710242223426653,
    "Breathe": 2.375238602804905e-26,
    "Our Song (song)": 0.0301999968384535,
    "Sounds of the Season: The Taylor Swift Holiday Collection": 0.017289693299919327,
    "Beautiful Eyes": 0.03214152445638299,
    "Valentine's Day (soundtrack)": 0.00710242223426653,
    "Jump Then Fall": 0.012494914818429997,
    "Love Story (Taylor Swift song)": 0.07073970275876106,
    "Liz Rose": 0.04529122392090444,
    "Our Song (Taylor Swift song)": 0.004510481322147403,
    "Fearless (Taylor Swift song)": 0.047486981979887544,
    "Breathe (Taylor Swift song)": 0.0,
    "Change (Taylor Swift song)": 0.022372529402426528,
    "Crazier (Taylor Swift song)": 0.0,
    "Tim McGraw": 0.023633590431127935,
    "Picture to burn": 0.0,
    "Fan survey (how well do you know her)": 0.0,
    "Taylor Swift discography": 0.0,
    "Fearless": 2.375238602804905e-26,
    "David Cook": 2.375238602804905e-26,
    "David": 0.0,
    "Fan Gallery": 0.0,
    "Taylor Swift": 0.14880297116102814,
    "Teardrops on my Guitar": 0.0,
    "List of songs": 0.0,
    "Breathe (song)": 2.375238602804905e-26,
    "Change (song)": 2.375238602804905e-26,
    "Childhood pictures": 0.0,
    "Taylor Swift's Childhood Pictures": 2.375238602804905e-26,
    "White Horse": 0.0,