{
  "numNodes": 131,
  "numEdges": 194,
  "selfLinks": 2,
  "numStrongComponents": 116,
  "numWeakComponents": 7,
  "sizeLargestStrong": 5,
  "sizeLargestWeak": 119,
  "radius": 1,
  "diameter": 2,
  "averageInDegree": 1.4809160305343512,
  "averageOutDegree": 1.4809160305343512,
  "maxOutDegree": 16,
  "maxInDegree": 44,
  "pageRank": {
    "GarageBand": 0.0037951982710676233,
    "IDVD": 0.0026446979787860484,
    "Dogcow": 0.0026446979787860484,
    "MultiFinder": 0.0026446979787860484,
    "MacWrite": 0.0034381362011447697,
    "SimpleText": 0.00622504215550038,
    "December 2004": 0.003834855312324131,
    "Compatibility Checker": 0.0026446979787860484,
    "Macintosh Portable": 0.008435887768535865,
    "TeachText": 0.005259059965061978,
    "Tuna Helper": 0.005199081872066511,
    "System 7 Tune-Up 1.1.1": 0.00851423313813431,
    "WorldScript": 0.005768860979323514,
    "Netscape": 0.0032199481249268356,
    "GMT": 0.004410105458464918,
    "Greenwich Mean Time": 0.06604852244719828,
    "Apple Open Collaboration Environment": 0.0026446979787860484,
    "HyperCard": 0.01047520714944652,
    "HyperTalk": 0.004530319542832775,
    "ImageWriter": 0.003418307680516516,
    "LaserWriter": 0.009378537366482862,
    "QuickTake": 0.0026446979787860484,
    "Apple Events": 0.008446012020552049,
    "Apple Backup": 0.003834855312324131,
    "OpenDoc": 0.0032397766455550896,
    "FireWire": 0.0037951982710676233,
    "MacPPP": 0.026414731252851778,
    "Quartz Compositor": 0.007478613426489798,
    "Groupware": 0.0026446979787860484,
    "CSCW": 0.005025012645862213,
    "Mac OS 7.5.3 Revision 2.2": 0.005025012645862213,
    "January 2005": 0.0026446979787860484,
    "Power Computing": 0.0026446979787860484,
    "Quartz": 0.004139676010833127,
    "Quartz 2D": 0.005232859775122072,
    "Sherlock 3": 0.0026446979787860484,
    "Apple typography": 0.0026446979787860484,
    "Gill Sans": 0.002793467645478309,
    "Apple Type Services for Unicode Imaging": 0.002793467645478309,
    "PICT": 0.004045392638396112,
    "QuickTime GX": 0.0026446979787860484,
    "ColourSync": 0.003834855312324131,
    "Inside Macintosh": 0.0026446979787860484,
    "Old World ROM": 0.0026446979787860484,
    "Open Firmware": 0.005025012645862213,
    "Happy Mac icon": 0.0026446979787860484,
    "Macintosh Programmer's Workshop": 0.0026446979787860484,
    "WebCore": 0.0026446979787860484,
    "Shake": 0.0026446979787860484,
    "Xcode": 0.003834855312324131,
    "WriteNow": 0.0026446979787860484,
    "Bill Atkinson": 0.00758069497293231,
    "FreePPP": 0.026414731252851778,
    "Custom Install": 0.026414731252851778,
    "Easy Install": 0.026414731252851778,
    "Grab": 0.0026446979787860484,
    "Asia Text Extras folder": 0.0026446979787860484,
    "AppleEvent Object Model": 0.006445591938874531,
    "A/UX": 0.0026446979787860484,
    "Gershwin": 0.03205678415102377,
    "OpenGL": 0.003990906344140867,
    "AirPort Base Station": 0.0026446979787860484,
    "StuffIt Expander": 0.0026446979787860484,
    "AirPort (original)": 0.0032397766455550896,
    "AirPort Express": 0.03810138833429497,
    "Macintosh Office": 0.0026446979787860484,
    "KanjiTalk": 0.0026446979787860484,
    "PowerTalk": 0.005025012645862213,
    "Macintouch (magazine)": 0.0026446979787860484,
    "Macworld Switzerland": 0.003834855312324131,
    "Power key": 0.0026446979787860484,
    "1977": 0.002793467645478309,
    "1996": 0.016223749173597292,
    "Macworld Conference & Expo San Francisco 2005 Keynote address": 0.003834855312324131,
    "IMovie HD": 0.0026446979787860484,
    "Gil Amelio": 0.0026446979787860484,
    "Guy Kawasaki": 0.0026446979787860484,
    "ZhongWen-Talk": 0.0026446979787860484,
    "Text control panel": 0.0026446979787860484,
    "Read Me document": 0.004045392638396112,
    "Apple Guide": 0.005025012645862213,
    "Battery desk accessory": 0.0026446979787860484,
    "Brightness control panel": 0.0060555731014597,
    "Mac OS 7.5.3 Revision 2.1": 0.0026446979787860484,
    "Mac OS 7.6.1": 0.008238571275167896,
    "System 3": 0.0026446979787860484,
    "Guide menu": 0.0026446979787860484,
    "System 3.2": 0.005025012645862213,
    "Macworld Conference & Expo": 0.017940448276686866,
    "Moscone Centre": 0.004951585400390819,
    "Mac Publishing": 0.028582026666457875,
    "Mac the Knife": 0.014994181376886708,
    "MacWEEK": 0.022313977080793766,
    "Macworld": 0.020195478055085793,
    "Utility": 0.0026446979787860484,
    "ShutDown Manager": 0.0026446979787860484,
    "Blessed System Folder": 0.0026446979787860484,
    "Andy Hertzfeld": 0.003834855312324131,
    "Jens Alfke": 0.0026446979787860484,
    "AudioTuneUp 2.0": 0.0026446979787860484,
    "Twentieth Anniversary Macintosh": 0.006215169979400295,
    "Font/DA Mover": 0.002793467645478309,
    "System 7.0.1": 0.007579396539142676,
    ".Mac": 0.004370448417208411,
    "Central processing unit": 0.004352602987115697,
    "1992": 0.008100435092569067,
    "1993": 0.00569543373385212,
    "1995": 0.00569152998734604,
    "1999": 0.009325447058331486,
    "1983": 0.003834855312324131,
    "1986": 0.007508497657452155,
    "1989": 0.010386093762802204,
    "2002": 0.009698072613503294,
    "GUI": 0.015563945614935078,
    "Ethernet": 0.0032397766455550896,
    "IPod Touch 4g": 0.0026446979787860484,
    "IPod Touch 4": 0.005025012645862213,
    "Mac OS X": 0.09261814506615679,
    "Final Cut Server": 0.0026446979787860484,
    "Cocoa": 0.003834855312324131,
    "GNU Compiler Collection": 0.004370448417208411,
    "WindowServer": 0.003990906344140867,
    "Mac-Roman encodiing": 0.002793467645478309,
    "USA": 0.026049009209005457,
    "1975": 0.00365634286468949,
    "Mac OS X 10.2.8": 0.0032199481249268356,
    "Gerschwin": 0.03265769499171266,
    "App:Angry Birds Star Wars": 0.0026446979787860484,
    "Jurassic Park Builder": 0.0026446979787860484,
    "Temple Run": 0.0026446979787860484,
    "Temple Run 2": 0.0026446979787860484
  },
  "hitsHubs": {
    "GarageBand": 0.0019546333220424018,
    "IDVD": 0.020639196327785547,
    "Dogcow": 0.021090544676652497,
    "MultiFinder": 0.021090544676652497,
    "MacWrite": 0.023365407453892147,
    "SimpleText": 0.022570844382134247,
    "December 2004": 0.02320567860526583,
    "Compatibility Checker": 7.729931158760682e-05,
    "Macintosh Portable": 0.0008359598050556795,
    "TeachText": 0.021583663177734014,
    "Tuna Helper": 1.1057994789619726e-06,
    "System 7 Tune-Up 1.1.1": 0.0006519468708842192,
    "WorldScript": 0.0,
    "Netscape": 0.0,
    "GMT": 3.925173371149338e-31,
    "Greenwich Mean Time": 3.925173371149338e-31,
    "Apple Open Collaboration Environment": 1.8716685157534303e-37,
    "HyperCard": 0.025861500645078174,
    "HyperTalk": 0.0015493199224221774,
    "ImageWriter": 0.0028950867735157535,
    "LaserWriter": 0.0016376447328013,
    "QuickTake": 0.020639196327785547,
    "Apple Events": 0.021090544676652497,
    "Apple Backup": 0.021090544676652497,
    "OpenDoc": 0.0018648679695283457,
    "FireWire": 0.0009094060530264133,
    "MacPPP": 1.8716685157534303e-37,
    "Quartz Compositor": 0.023983443352164038,
    "Groupware": 1.8716685157534303e-37,
    "CSCW": 0.0,
    "Mac OS 7.5.3 Revision 2.2": 0.0015591897481802045,
    "January 2005": 0.0005188192784921528,
    "Power Computing": 0.0024491340505940064,
    "Quartz": 0.022109092753964638,
    "Quartz 2D": 0.020639196327785547,
    "Sherlock 3": 0.020639196327785547,
    "Apple typography": 0.038226657032800704,
    "Gill Sans": 0.020639196327785547,
    "Apple Type Services for Unicode Imaging": 0.0,
    "PICT": 0.020639196327785547,
    "QuickTime GX": 0.021090544676652497,
    "ColourSync": 0.0,
    "Inside Macintosh": 0.0006689072130527425,
    "Old World ROM": 1.8716685157534303e-37,
    "Open Firmware": 0.0,
    "Happy Mac icon": 0.020639196327785547,
    "Macintosh Programmer's Workshop": 0.021090544676652497,
    "WebCore": 0.021090544676652497,
    "Shake": 0.020639196327785547,