{
  "numNodes": 7,
  "numEdges": 8,
  "selfLinks": 0,
  "numStrongComponents": 6,
  "numWeakComponents": 1,
  "sizeLargestStrong": 2,
  "sizeLargestWeak": 7,
  "radius": 1,
  "diameter": 1,
  "averageInDegree": 1.1428571428571428,
  "averageOutDegree": 1.1428571428571428,
  "maxOutDegree": 3,
  "maxInDegree": 3,
  "pageRank": {
    "Bleach Wiki": 0.024113817217265486,
    "Races": 0.03134796238244513,
    "List of Arrancar": 0.03134796238244513,
    "Gin Ichimaru": 0.40904799870712966,
    "Hueco Mundo": 0.4277014587319826,
    "Arturo Plateado": 0.0382204002893658,
    "Gantenbein Mosqueda": 0.0382204002893658
  },
  "hitsHubs": {
    "Bleach Wiki": 0.49999999860301614,
    "Races": 0.24999999930150807,
    "List of Arrancar": 2.7939677160401795e-09,
    "Gin Ichimaru": 0.24999999930150807,
    "Hueco Mundo": 2.0816681653560545e-17,
    "Arturo Plateado": 0.0,
    "Gantenbein Mosqueda": 0.0
  },
  "hitsAuths": {
    "Bleach Wiki": 0.0,
    "Races": 0.24999999860301614,
    "List of Arrancar": 0.24999999860301614,
    "Gin Ichimaru": 4.1633363190798817e-17,
    "Hueco Mundo": 0.4999999972060323,
    "Arturo Plateado": 2.793967708233924e-09,
    "Gantenbein Mosqueda": 2.793967708233924e-09
  },
  "averagePathLength": 0.38095238095238093
}