{
  "numNodes": 26,
  "numEdges": 101,
  "selfLinks": 0,
  "numStrongComponents": 15,
  "numWeakComponents": 1,
  "sizeLargestStrong": 12,
  "sizeLargestWeak": 26,
  "radius": 2,
  "diameter": 4,
  "averageInDegree": 3.8846153846153846,
  "averageOutDegree": 3.8846153846153846,
  "maxOutDegree": 10,
  "maxInDegree": 13,
  "pageRank": {
    "Bleach Wiki": 0.010324818714148337,
    "Races": 0.010324818714148337,
    "List of Arrancar": 0.011873573129457216,
    "Gin Ichimaru": 0.07292974697671831,
    "Kisuke Urahara": 0.05181404521941554,
    "Bleach: Memories of Nobody": 0.013508220436673534,
    "Hueco Mundo": 0.07242113319175425,
    "Arturo Plateado": 0.013886937767822743,
    "Ulquiorra Cifer": 0.010324818714148337,
    "Gantenbein Mosqueda": 0.013886937767822743,
    "Soul Society": 0.08475188614613802,
    "List of Hollow": 0.011873573129457216,
    "Isshin Kurosaki": 0.019378119328537283,
    "Bleach": 0.02122101106423168,
    "Rangiku Matsumoto": 0.0478015128307938,
    "Gotei 13": 0.024882787021916278,
    "Zanpaktou": 0.010324818714148337,
    "Bankai": 0.05318542367856545,
    "Zanpakut\u014d": 0.025812362867237128,
    "Renji Abarai": 0.05645958872355138,
    "T\u014dshir\u014d Hitsugaya": 0.07931734703544972,
    "Byakuya Kuchiki": 0.049142022817624594,
    "Shikai": 0.07331757370156546,
    "Grimmjow Jaegerjaquez": 0.010324818714148337,
    "Hollow": 0.02411027546637136,
    "S\u014dsuke Aizen": 0.12680182812815463
  },
  "hitsHubs": {
    "Bleach Wiki": 0.03236763854723691,
    "Races": 0.0255859644331339,
    "List of Arrancar": 0.015168372870050535,
    "Gin Ichimaru": 0.0733132734842013,
    "Kisuke Urahara": 0.07727714544250741,
    "Bleach: Memories of Nobody": 0.0,
    "Hueco Mundo": 0.03730815375003951,
    "Arturo Plateado": 0.0,
    "Ulquiorra Cifer": 0.014539900615684248,
    "Gantenbein Mosqueda": 0.0,
    "Soul Society": 0.0669729657526436,
    "List of Hollow": 0.06221681234799159,
    "Isshin Kurosaki": 0.0,
    "Bleach": 0.05033853700394096,
    "Rangiku Matsumoto": 0.052216453287627425,
    "Gotei 13": 0.0736931745503398,
    "Zanpaktou": 0.0010137650785772396,
    "Bankai": 0.0,
    "Zanpakut\u014d": 0.05370194979469663,
    "Renji Abarai": 0.11057057718298642,
    "T\u014dshir\u014d Hitsugaya": 0.08847962988381297,
    "Byakuya Kuchiki": 0.06378119055195519,
    "Shikai": 0.0,
    "Grimmjow Jaegerjaquez": 0.01555366569426149,
    "Hollow": 0.014539900615684248,
    "S\u014dsuke Aizen": 0.07136092911262869
  },
  "hitsAuths": {
    "Bleach Wiki": 0.0,
    "Races": 0.0,
    "List of Arrancar": 0.0049817001367286045,
    "Gin Ichimaru": 0.06851971241796995,
    "Kisuke Urahara": 0.0674920180829147,
    "Bleach: Memories of Nobody": 0.007747599379764285,
    "Hueco Mundo": 0.08945340976405486,
    "Arturo Plateado": 0.0023345628008480147,
    "Ulquiorra Cifer": 0.0,
    "Gantenbein Mosqueda": 0.0023345628008480147,
    "Soul Society": 0.10063307495958682,
    "List of Hollow": 0.0049817001367286045,
    "Isshin Kurosaki": 0.020158979912573885,
    "Bleach": 0.010307802679718989,
    "Rangiku Matsumoto": 0.06356934901689654,
    "Gotei 13": 0.023177356835062318,
    "Zanpaktou": 0.0,
    "Bankai": 0.06332922671162995,
    "Zanpakut\u014d": 0.007531591807920394,
    "Renji Abarai": 0.06209094000073756,
    "T\u014dshir\u014d Hitsugaya": 0.09662884307474175,
    "Byakuya Kuchiki": 0.08116812562951572,
    "Shikai": 0.08264949482764859,
    "Grimmjow Jaegerjaquez": 0.0,
    "Hollow": 0.032888279429066775,
    "S\u014dsuke Aizen": 0.10802166959504378
  },
  "averagePathLength": 0.9569230769230769
}