{
  "numNodes": 22,
  "numEdges": 76,
  "selfLinks": 0,
  "numStrongComponents": 13,
  "numWeakComponents": 1,
  "sizeLargestStrong": 10,
  "sizeLargestWeak": 22,
  "radius": 2,
  "diameter": 3,
  "averageInDegree": 3.4545454545454546,
  "averageOutDegree": 3.4545454545454546,
  "maxOutDegree": 9,
  "maxInDegree": 11,
  "pageRank": {
    "Bleach Wiki": 0.013500851911445583,
    "Races": 0.015526007465852785,
    "List of Arrancar": 0.015526007465852785,
    "Gin Ichimaru": 0.07964158196198978,
    "Kisuke Urahara": 0.0531801448504655,
    "Bleach: Memories of Nobody": 0.01957655491621214,
    "Hueco Mundo": 0.07999540051069544,
    "Arturo Plateado": 0.020487606963517018,
    "Gantenbein Mosqueda": 0.020487606963517018,
    "Soul Society": 0.13501515706913297,
    "List of Hollow": 0.015526007465852785,
    "Isshin Kurosaki": 0.02532021022404846,
    "Bleach": 0.03375284809246441,
    "Rangiku Matsumoto": 0.0662571114233121,
    "Gotei 13": 0.03228463487027357,
    "Zanpaktou": 0.013500851911445583,
    "Bankai": 0.0456386220548413,
    "Zanpakut\u014d": 0.02767694079229599,
    "Renji Abarai": 0.061093680809867414,
    "T\u014dshir\u014d Hitsugaya": 0.07471122715496298,
    "Byakuya Kuchiki": 0.0639001765596627,
    "Shikai": 0.08740076856229155
  },
  "hitsHubs": {
    "Bleach Wiki": 0.04257682443922416,
    "Races": 0.03784614366131262,
    "List of Arrancar": 1.9756990328798479e-19,
    "Gin Ichimaru": 0.08266082568965344,
    "Kisuke Urahara": 0.08389969762011272,
    "Bleach: Memories of Nobody": 0.0,
    "Hueco Mundo": 0.033256647934626016,
    "Arturo Plateado": 0.0,
    "Gantenbein Mosqueda": 0.0,
    "Soul Society": 0.07053170377378311,
    "List of Hollow": 0.06581355014738169,
    "Isshin Kurosaki": 0.0,
    "Bleach": 0.06775349033424356,
    "Rangiku Matsumoto": 0.0356753691513587,
    "Gotei 13": 0.08128640112880722,
    "Zanpaktou": 0.0012076520535916292,
    "Bankai": 0.0,
    "Zanpakut\u014d": 0.07059943564657215,
    "Renji Abarai": 0.13430816956388408,
    "T\u014dshir\u014d Hitsugaya": 0.10634076307781502,
    "Byakuya Kuchiki": 0.08624332577763391,
    "Shikai": 0.0
  },
  "hitsAuths": {
    "Bleach Wiki": 0.0,
    "Races": 0.007228621136073489,
    "List of Arrancar": 0.007228621136073489,
    "Gin Ichimaru": 0.0749461385872469,
    "Kisuke Urahara": 0.07173799966910442,
    "Bleach: Memories of Nobody": 0.011503072803570094,
    "Hueco Mundo": 0.10319659727765966,
    "Arturo Plateado": 6.080668469578886e-19,
    "Gantenbein Mosqueda": 6.080668469578886e-19,
    "Soul Society": 0.12976383710697553,
    "List of Hollow": 0.007228621136073489,
    "Isshin Kurosaki": 0.026230601087674294,
    "Bleach": 0.011974753150741325,
    "Rangiku Matsumoto": 0.08066640358563362,
    "Gotei 13": 0.028278363450121576,
    "Zanpaktou": 0.0,
    "Bankai": 0.06974356231734717,
    "Zanpakut\u014d": 0.0074336542583542334,
    "Renji Abarai": 0.0661650876535252,
    "T\u014dshir\u014d Hitsugaya": 0.1004142603316003,
    "Byakuya Kuchiki": 0.10642532432613669,
    "Shikai": 0.08983448098608875
  },
  "averagePathLength": 0.8398268398268398
}