{
  "numNodes": 29,
  "numEdges": 176,
  "selfLinks": 0,
  "numStrongComponents": 14,
  "numWeakComponents": 1,
  "sizeLargestStrong": 16,
  "sizeLargestWeak": 29,
  "radius": 2,
  "diameter": 4,
  "averageInDegree": 6.068965517241379,
  "averageOutDegree": 6.068965517241379,
  "maxOutDegree": 13,
  "maxInDegree": 19,
  "pageRank": {
    "Bleach Wiki": 0.005953113554532519,
    "Races": 0.005953113554532519,
    "List of Arrancar": 0.005953113554532519,
    "Gin Ichimaru": 0.042068597170052326,
    "Kisuke Urahara": 0.043963380814337184,
    "Bleach: Memories of Nobody": 0.011618094182485939,
    "Hueco Mundo": 0.07477231718163668,
    "Arturo Plateado": 0.007739090773535325,
    "Sora Inoue": 0.04410444106661083,
    "Ulquiorra Cifer": 0.005953113554532519,
    "Cirucci Sanderwicci": 0.005953113554532519,
    "Dordoni Alessandro Del Socaccio": 0.005953113554532519,
    "Nelliel Tu Odelschwanck": 0.005953113554532519,
    "Soul Society": 0.0925837279496052,
    "Isshin Kurosaki": 0.020561780127554958,
    "Bleach": 0.017492956628668916,
    "Rangiku Matsumoto": 0.04857235337678002,
    "Gotei 13": 0.049996212212402295,
    "Zanpaktou": 0.005953113554532519,
    "Bankai": 0.03747334621617978,
    "Zanpakut\u014d": 0.07290391341380631,
    "Renji Abarai": 0.05000175350548175,
    "T\u014dshir\u014d Hitsugaya": 0.06837525842545931,
    "Byakuya Kuchiki": 0.054148586375148355,
    "Shikai": 0.04323934060362242,
    "Grimmjow Jaegerjaquez": 0.005953113554532519,
    "Tier Harribel": 0.005953113554532519,
    "Hollow": 0.07857927072284222,
    "S\u014dsuke Aizen": 0.08227444370846501
  },
  "hitsHubs": {
    "Bleach Wiki": 0.0006970811049911308,
    "Races": 0.018506377177507586,
    "List of Arrancar": 0.015319865117221936,
    "Gin Ichimaru": 0.06627321335659604,
    "Kisuke Urahara": 0.05621907014811701,
    "Bleach: Memories of Nobody": 0.021473585469448747,
    "Hueco Mundo": 0.013087617012969397,
    "Arturo Plateado": 0.031468249227484466,
    "Sora Inoue": 0.011592676305494013,
    "Ulquiorra Cifer": 0.032231871107267294,
    "Cirucci Sanderwicci": 0.015899500056880126,
    "Dordoni Alessandro Del Socaccio": 0.02559492593019968,
    "Nelliel Tu Odelschwanck": 0.022246377706346014,
    "Soul Society": 0.045667044570684906,
    "Isshin Kurosaki": 0.03578310726877702,
    "Bleach": 0.05073473270853931,
    "Rangiku Matsumoto": 0.058784464714148534,
    "Gotei 13": 0.04834987278802755,
    "Zanpaktou": 0.007644769544656182,
    "Bankai": 0.0,
    "Zanpakut\u014d": 0.05191915928257168,
    "Renji Abarai": 0.07424386657328544,
    "T\u014dshir\u014d Hitsugaya": 0.05408729391605758,
    "Byakuya Kuchiki": 0.06992700458254407,
    "Shikai": 0.0,
    "Grimmjow Jaegerjaquez": 0.0376049410866245,
    "Tier Harribel": 0.04413630583863818,
    "Hollow": 0.030071093981016518,
    "S\u014dsuke Aizen": 0.0604359334239053
  },
  "hitsAuths": {
    "Bleach Wiki": 0.0,
    "Races": 0.0,
    "List of Arrancar": 0.0,
    "Gin Ichimaru": 0.0493947208177142,
    "Kisuke Urahara": 0.04594915543780774,
    "Bleach: Memories of Nobody": 0.011715821892180768,
    "Hueco Mundo": 0.07592049243248311,
    "Arturo Plateado": 0.001811429842204964,
    "Sora Inoue": 0.011102015886006292,
    "Ulquiorra Cifer": 0.0,
    "Cirucci Sanderwicci": 0.0,
    "Dordoni Alessandro Del Socaccio": 0.0,
    "Nelliel Tu Odelschwanck": 0.0,
    "Soul Society": 0.08270075519390702,
    "Isshin Kurosaki": 0.018503245028694677,
    "Bleach": 0.008338389942141039,
    "Rangiku Matsumoto": 0.06073809511399746,
    "Gotei 13": 0.06264081198771998,
    "Zanpaktou": 0.0,
    "Bankai": 0.05669558779697325,
    "Zanpakut\u014d": 0.0914456998256441,
    "Renji Abarai": 0.06043400220715819,
    "T\u014dshir\u014d Hitsugaya": 0.07571591963632625,
    "Byakuya Kuchiki": 0.06612256632232383,
    "Shikai": 0.05927978581165493,
    "Grimmjow Jaegerjaquez": 0.0,
    "Tier Harribel": 0.0,
    "Hollow": 0.0627495343636928,
    "S\u014dsuke Aizen": 0.09874197046136925
  },
  "averagePathLength": 1.0258620689655173
}