{
  "numNodes": 29,
  "numEdges": 112,
  "selfLinks": 0,
  "numStrongComponents": 17,
  "numWeakComponents": 1,
  "sizeLargestStrong": 13,
  "sizeLargestWeak": 29,
  "radius": 2,
  "diameter": 4,
  "averageInDegree": 3.8620689655172415,
  "averageOutDegree": 3.8620689655172415,
  "maxOutDegree": 10,
  "maxInDegree": 16,
  "pageRank": {
    "Bleach Wiki": 0.007501594720179934,
    "Races": 0.007501594720179934,
    "List of Arrancar": 0.008851883835194791,
    "Gin Ichimaru": 0.07905187317353284,
    "Kisuke Urahara": 0.05237093027437806,
    "Bleach: Memories of Nobody": 0.010675202856397297,
    "Hueco Mundo": 0.07386060808370074,
    "Arturo Plateado": 0.011484950891325413,
    "Ulquiorra Cifer": 0.007501594720179934,
    "Cirucci Sanderwicci": 0.007501594720179934,
    "Dordoni Alessandro Del Socaccio": 0.007501594720179934,
    "Nelliel Tu Odelschwanck": 0.007501594720179934,
    "Soul Society": 0.1062133905467048,
    "List of Hollow": 0.008851883835194791,
    "Isshin Kurosaki": 0.015078910545948683,
    "Bleach": 0.021157863367431307,
    "Rangiku Matsumoto": 0.05395149577893227,
    "Gotei 13": 0.0408706165907887,
    "Zanpaktou": 0.007501594720179934,
    "Bankai": 0.04716508995891955,
    "Zanpakut\u014d": 0.015603329410269078,
    "Renji Abarai": 0.05597127484346606,
    "T\u014dshir\u014d Hitsugaya": 0.07325841717687441,
    "Byakuya Kuchiki": 0.05104615109366701,
    "Shikai": 0.056876147887787346,
    "Grimmjow Jaegerjaquez": 0.007501594720179934,
    "Tier Harribel": 0.007501594720179934,
    "Hollow": 0.02050300054052414,
    "S\u014dsuke Aizen": 0.12964262682734323
  },
  "hitsHubs": {
    "Bleach Wiki": 0.026344558666549497,
    "Races": 0.02839381502593961,
    "List of Arrancar": 0.012186095629611775,
    "Gin Ichimaru": 0.05745845854908395,
    "Kisuke Urahara": 0.06707342383523583,
    "Bleach: Memories of Nobody": 0.035236319803230734,
    "Hueco Mundo": 0.03465180541335216,
    "Arturo Plateado": 0.0,
    "Ulquiorra Cifer": 0.011957393280623823,
    "Cirucci Sanderwicci": 0.011957393280623823,
    "Dordoni Alessandro Del Socaccio": 0.011957393280623823,
    "Nelliel Tu Odelschwanck": 0.011957393280623823,
    "Soul Society": 0.05651880656041623,
    "List of Hollow": 0.05570966608585349,
    "Isshin Kurosaki": 0.0,
    "Bleach": 0.04522839937069993,
    "Rangiku Matsumoto": 0.04573565675499393,
    "Gotei 13": 0.06244279687973046,
    "Zanpaktou": 0.0005038775832398896,
    "Bankai": 0.0,
    "Zanpakut\u014d": 0.04803377177510835,
    "Renji Abarai": 0.0952767316703636,
    "T\u014dshir\u014d Hitsugaya": 0.076376297810352,
    "Byakuya Kuchiki": 0.05956297539766898,
    "Shikai": 0.0,
    "Grimmjow Jaegerjaquez": 0.011957393280623823,
    "Tier Harribel": 0.011957393280623823,
    "Hollow": 0.04769510285126719,
    "S\u014dsuke Aizen": 0.07382708065355928
  },
  "hitsAuths": {
    "Bleach Wiki": 0.0,
    "Races": 0.0,
    "List of Arrancar": 0.004270832398324526,
    "Gin Ichimaru": 0.07260671985675424,
    "Kisuke Urahara": 0.06923017335558163,
    "Bleach: Memories of Nobody": 0.007332174958383414,
    "Hueco Mundo": 0.09124267391424956,
    "Arturo Plateado": 0.001975541623895105,
    "Ulquiorra Cifer": 0.0,
    "Cirucci Sanderwicci": 0.0,
    "Dordoni Alessandro Del Socaccio": 0.0,
    "Nelliel Tu Odelschwanck": 0.0,
    "Soul Society": 0.12342867722785045,
    "List of Hollow": 0.004270832398324526,
    "Isshin Kurosaki": 0.01866053428818005,
    "Bleach": 0.00916251259220505,
    "Rangiku Matsumoto": 0.06213997639514566,
    "Gotei 13": 0.0372588366340385,
    "Zanpaktou": 0.0,
    "Bankai": 0.06032544573787826,
    "Zanpakut\u014d": 0.004352518211741294,
    "Renji Abarai": 0.05911558163392375,
    "T\u014dshir\u014d Hitsugaya": 0.09403266135232279,
    "Byakuya Kuchiki": 0.07897017304950409,
    "Shikai": 0.06773985442022432,
    "Grimmjow Jaegerjaquez": 0.0,
    "Tier Harribel": 0.0,
    "Hollow": 0.03059575561541327,
    "S\u014dsuke Aizen": 0.10328852433605949
  },
  "averagePathLength": 0.9593596059113301
}