{
  "numNodes": 29,
  "numEdges": 164,
  "selfLinks": 0,
  "numStrongComponents": 14,
  "numWeakComponents": 1,
  "sizeLargestStrong": 16,
  "sizeLargestWeak": 29,
  "radius": 2,
  "diameter": 4,
  "averageInDegree": 5.655172413793103,
  "averageOutDegree": 5.655172413793103,
  "maxOutDegree": 12,
  "maxInDegree": 17,
  "pageRank": {
    "Bleach Wiki": 0.005661470947883744,
    "Races": 0.005661470947883744,
    "List of Arrancar": 0.005661470947883744,
    "Gin Ichimaru": 0.044514077329948894,
    "Kisuke Urahara": 0.04559476632726361,
    "Bleach: Memories of Nobody": 0.012795921714162883,
    "Hueco Mundo": 0.08432770127289109,
    "Arturo Plateado": 0.007359923629463959,
    "Sora Inoue": 0.05561472686262163,
    "Ulquiorra Cifer": 0.005661470947883744,
    "Cirucci Sanderwicci": 0.005661470947883744,
    "Dordoni Alessandro Del Socaccio": 0.005661470947883744,
    "Nelliel Tu Odelschwanck": 0.005661470947883744,
    "Soul Society": 0.10246507763243384,
    "Isshin Kurosaki": 0.020935175689045682,
    "Bleach": 0.017893910148201558,
    "Rangiku Matsumoto": 0.05185137433512716,
    "Gotei 13": 0.053708715308352604,
    "Zanpaktou": 0.005661470947883744,
    "Bankai": 0.036166909334001324,
    "Zanpakut\u014d": 0.07040450373087132,
    "Renji Abarai": 0.05305992978187664,
    "T\u014dshir\u014d Hitsugaya": 0.0673765861751989,
    "Byakuya Kuchiki": 0.05395647610610331,
    "Shikai": 0.0351478377250532,
    "Grimmjow Jaegerjaquez": 0.005661470947883744,
    "Tier Harribel": 0.005661470947883744,
    "Hollow": 0.05390813211755354,
    "S\u014dsuke Aizen": 0.07630354530099137
  },
  "hitsHubs": {
    "Bleach Wiki": 0.0007906264904716235,
    "Races": 0.01880318052925872,
    "List of Arrancar": 0.01588458255092944,
    "Gin Ichimaru": 0.06640346446206481,
    "Kisuke Urahara": 0.06045865395649054,
    "Bleach: Memories of Nobody": 0.023788269011170284,
    "Hueco Mundo": 0.00807300841515784,
    "Arturo Plateado": 0.0344245918925176,
    "Sora Inoue": 0.011546356639451066,
    "Ulquiorra Cifer": 0.03343625134929662,
    "Cirucci Sanderwicci": 0.016784336345558565,
    "Dordoni Alessandro Del Socaccio": 0.026617756880431245,
    "Nelliel Tu Odelschwanck": 0.024040935744465416,
    "Soul Society": 0.05059444958137405,
    "Isshin Kurosaki": 0.027915203339134907,
    "Bleach": 0.031850143795198516,
    "Rangiku Matsumoto": 0.049531770682451834,
    "Gotei 13": 0.045412771170976696,
    "Zanpaktou": 0.00833601007066217,
    "Bankai": 0.0,
    "Zanpakut\u014d": 0.05529596323457349,
    "Renji Abarai": 0.07501762508922988,
    "T\u014dshir\u014d Hitsugaya": 0.05383619519194608,
    "Byakuya Kuchiki": 0.07556104261076295,
    "Shikai": 0.0,
    "Grimmjow Jaegerjaquez": 0.0403253963877903,
    "Tier Harribel": 0.047987933133604804,
    "Hollow": 0.032331086528458036,
    "S\u014dsuke Aizen": 0.06495239491657238
  },
  "hitsAuths": {
    "Bleach Wiki": 0.0,
    "Races": 0.0,
    "List of Arrancar": 0.0,
    "Gin Ichimaru": 0.05294200683826175,
    "Kisuke Urahara": 0.043273445219977155,
    "Bleach: Memories of Nobody": 0.009748279542386773,
    "Hueco Mundo": 0.0810522373322805,
    "Arturo Plateado": 0.002004161392129295,
    "Sora Inoue": 0.009116333728658575,
    "Ulquiorra Cifer": 0.0,
    "Cirucci Sanderwicci": 0.0,
    "Dordoni Alessandro Del Socaccio": 0.0,
    "Nelliel Tu Odelschwanck": 0.0,
    "Soul Society": 0.08105474477258008,
    "Isshin Kurosaki": 0.020334526025298703,
    "Bleach": 0.008830864489577235,
    "Rangiku Matsumoto": 0.06740305121931296,
    "Gotei 13": 0.06867994689288205,
    "Zanpaktou": 0.0,
    "Bankai": 0.057026288142395826,
    "Zanpakut\u014d": 0.09310866281985637,
    "Renji Abarai": 0.06414584925638427,
    "T\u014dshir\u014d Hitsugaya": 0.08347759855813804,
    "Byakuya Kuchiki": 0.06271696501332721,
    "Shikai": 0.05280762870585758,
    "Grimmjow Jaegerjaquez": 0.0,
    "Tier Harribel": 0.0,
    "Hollow": 0.04791423679951737,
    "S\u014dsuke Aizen": 0.09436317325117834
  },
  "averagePathLength": 1.0480295566502462
}