{
  "numNodes": 29,
  "numEdges": 182,
  "selfLinks": 0,
  "numStrongComponents": 14,
  "numWeakComponents": 1,
  "sizeLargestStrong": 16,
  "sizeLargestWeak": 29,
  "radius": 2,
  "diameter": 4,
  "averageInDegree": 6.275862068965517,
  "averageOutDegree": 6.275862068965517,
  "maxOutDegree": 13,
  "maxInDegree": 19,
  "pageRank": {
    "Bleach Wiki": 0.005865328688865623,
    "Races": 0.005865328688865623,
    "List of Arrancar": 0.005865328688865623,
    "Gin Ichimaru": 0.04129916191301705,
    "Kisuke Urahara": 0.042884756296261234,
    "Bleach: Memories of Nobody": 0.012623620359555202,
    "Hueco Mundo": 0.07690773373023382,
    "Arturo Plateado": 0.0076249675678476386,
    "Sora Inoue": 0.04457881188446694,
    "Ulquiorra Cifer": 0.005865328688865623,
    "Cirucci Sanderwicci": 0.005865328688865623,
    "Dordoni Alessandro Del Socaccio": 0.005865328688865623,
    "Nelliel Tu Odelschwanck": 0.005865328688865623,
    "Soul Society": 0.09126338028676625,
    "Isshin Kurosaki": 0.0204218554378813,
    "Bleach": 0.0185090050325393,
    "Rangiku Matsumoto": 0.054400127559377315,
    "Gotei 13": 0.051487690571894215,
    "Zanpaktou": 0.005865328688865623,
    "Bankai": 0.03609702378342869,
    "Zanpakut\u014d": 0.07204702466498396,
    "Renji Abarai": 0.04919273548367453,
    "T\u014dshir\u014d Hitsugaya": 0.06745287447588588,
    "Byakuya Kuchiki": 0.05398024138804785,
    "Shikai": 0.04178656944795765,
    "Grimmjow Jaegerjaquez": 0.005865328688865623,
    "Tier Harribel": 0.005865328688865623,
    "Hollow": 0.07763665096009045,
    "S\u014dsuke Aizen": 0.08115248226743448
  },
  "hitsHubs": {
    "Bleach Wiki": 0.0009105785948882149,
    "Races": 0.027927488385819172,
    "List of Arrancar": 0.014501233428504148,
    "Gin Ichimaru": 0.06479556235150949,
    "Kisuke Urahara": 0.05468038383043544,
    "Bleach: Memories of Nobody": 0.02105418500955021,
    "Hueco Mundo": 0.012468292785731121,
    "Arturo Plateado": 0.03005676880144931,
    "Sora Inoue": 0.011728940539888542,
    "Ulquiorra Cifer": 0.03158066016018386,
    "Cirucci Sanderwicci": 0.01528891039211107,
    "Dordoni Alessandro Del Socaccio": 0.024618053850125065,
    "Nelliel Tu Odelschwanck": 0.02199981603669173,
    "Soul Society": 0.044769888092454954,
    "Isshin Kurosaki": 0.04035786589999711,
    "Bleach": 0.04925859224515095,
    "Rangiku Matsumoto": 0.0631679067966379,
    "Gotei 13": 0.046727536589719995,
    "Zanpaktou": 0.007522252869652709,
    "Bankai": 0.0,
    "Zanpakut\u014d": 0.0496671877319074,
    "Renji Abarai": 0.07239294339796863,
    "T\u014dshir\u014d Hitsugaya": 0.05317631674871821,
    "Byakuya Kuchiki": 0.06833174542601286,
    "Shikai": 0.0,
    "Grimmjow Jaegerjaquez": 0.03638935373012519,
    "Tier Harribel": 0.04368749759291971,
    "Hollow": 0.028714022767485116,
    "S\u014dsuke Aizen": 0.06422601594436199
  },
  "hitsAuths": {
    "Bleach Wiki": 0.0,
    "Races": 0.0,
    "List of Arrancar": 0.0,
    "Gin Ichimaru": 0.04820252986115967,
    "Kisuke Urahara": 0.04482868027465901,
    "Bleach: Memories of Nobody": 0.014299970793729366,
    "Hueco Mundo": 0.08217616957801648,
    "Arturo Plateado": 0.0016734820531157134,
    "Sora Inoue": 0.01043712845598624,
    "Ulquiorra Cifer": 0.0,
    "Cirucci Sanderwicci": 0.0,
    "Dordoni Alessandro Del Socaccio": 0.0,
    "Nelliel Tu Odelschwanck": 0.0,
    "Soul Society": 0.0807925338620617,
    "Isshin Kurosaki": 0.017434481233413623,
    "Bleach": 0.011150188214622355,
    "Rangiku Matsumoto": 0.06522773203295372,
    "Gotei 13": 0.065731798915572,
    "Zanpaktou": 0.0,
    "Bankai": 0.055872367269863034,
    "Zanpakut\u014d": 0.0921112529609896,
    "Renji Abarai": 0.058540968056311586,
    "T\u014dshir\u014d Hitsugaya": 0.07316309919448585,
    "Byakuya Kuchiki": 0.06344234075935129,
    "Shikai": 0.05836456518387965,
    "Grimmjow Jaegerjaquez": 0.0,
    "Tier Harribel": 0.0,
    "Hollow": 0.0614466822131861,
    "S\u014dsuke Aizen": 0.09510402908664296
  },
  "averagePathLength": 1.0098522167487685
}