{
  "numNodes": 30,
  "numEdges": 146,
  "selfLinks": 0,
  "numStrongComponents": 17,
  "numWeakComponents": 1,
  "sizeLargestStrong": 14,
  "sizeLargestWeak": 30,
  "radius": 2,
  "diameter": 4,
  "averageInDegree": 4.866666666666666,
  "averageOutDegree": 4.866666666666666,
  "maxOutDegree": 12,
  "maxInDegree": 17,
  "pageRank": {
    "Bleach Wiki": 0.005610013352922282,
    "Races": 0.005610013352922282,
    "List of Arrancar": 0.005610013352922282,
    "Gin Ichimaru": 0.06421695291580798,
    "Kisuke Urahara": 0.05199284356641044,
    "Bleach: Memories of Nobody": 0.0069804580508947296,
    "Hueco Mundo": 0.08726595375664424,
    "Arturo Plateado": 0.0068722725824095846,
    "Sora Inoue": 0.03431863185693274,
    "Ulquiorra Cifer": 0.005610013352922282,
    "Cirucci Sanderwicci": 0.005610013352922282,
    "Dordoni Alessandro Del Socaccio": 0.005610013352922282,
    "Nelliel Tu Odelschwanck": 0.005610013352922282,
    "Soul Society": 0.08993030285690175,
    "List of Hollow": 0.005610013352922282,
    "Isshin Kurosaki": 0.01874742406888041,
    "Bleach": 0.010659050270871492,
    "Rangiku Matsumoto": 0.049429187786920466,
    "Gotei 13": 0.060508007450450964,
    "Zanpaktou": 0.005610013352922282,
    "Bankai": 0.0342078991882236,
    "Zanpakut\u014d": 0.06578606832360895,
    "Renji Abarai": 0.05429816864227343,
    "T\u014dshir\u014d Hitsugaya": 0.07473986955889508,
    "Byakuya Kuchiki": 0.04960250474385745,
    "Shikai": 0.04168193348050858,
    "Grimmjow Jaegerjaquez": 0.005610013352922282,
    "Tier Harribel": 0.005610013352922282,
    "Hollow": 0.04280217216529192,
    "S\u014dsuke Aizen": 0.09425015185207092
  },
  "hitsHubs": {
    "Bleach Wiki": 1.7068072961221296e-24,
    "Races": 0.02155291315557843,
    "List of Arrancar": 0.02533887131716977,
    "Gin Ichimaru": 0.07285995709588333,
    "Kisuke Urahara": 0.06612934281540316,
    "Bleach: Memories of Nobody": 0.025109604140885512,
    "Hueco Mundo": 0.025083631810784084,
    "Arturo Plateado": 0.029517741301465703,
    "Sora Inoue": 0.011892480016260875,
    "Ulquiorra Cifer": 0.01133983170584604,
    "Cirucci Sanderwicci": 0.01658862981997512,
    "Dordoni Alessandro Del Socaccio": 0.01658862981997512,
    "Nelliel Tu Odelschwanck": 0.025937842950679645,
    "Soul Society": 0.049238971862967024,
    "List of Hollow": 0.041010976707712664,
    "Isshin Kurosaki": 0.031096259024296063,
    "Bleach": 0.035147331302837634,
    "Rangiku Matsumoto": 0.04812545286297029,
    "Gotei 13": 0.044492323021145766,
    "Zanpaktou": 0.007792064999685434,
    "Bankai": 0.0,
    "Zanpakut\u014d": 0.03862903942906373,
    "Renji Abarai": 0.08333448541106553,
    "T\u014dshir\u014d Hitsugaya": 0.06554267254014884,
    "Byakuya Kuchiki": 0.058052601349629696,
    "Shikai": 0.0,
    "Grimmjow Jaegerjaquez": 0.01658862981997512,
    "Tier Harribel": 0.02540024270363563,
    "Hollow": 0.037163082243707304,
    "S\u014dsuke Aizen": 0.07044639077125237
  },
  "hitsAuths": {
    "Bleach Wiki": 0.0,
    "Races": 0.0,
    "List of Arrancar": 0.0,
    "Gin Ichimaru": 0.05614712454892049,
    "Kisuke Urahara": 0.05448158665573772,
    "Bleach: Memories of Nobody": 0.004995023252208713,
    "Hueco Mundo": 0.09874348212208903,
    "Arturo Plateado": 0.0036010771472921206,
    "Sora Inoue": 0.01384132175832533,
    "Ulquiorra Cifer": 0.0,
    "Cirucci Sanderwicci": 0.0,
    "Dordoni Alessandro Del Socaccio": 0.0,
    "Nelliel Tu Odelschwanck": 0.0,
    "Soul Society": 0.10203049108497075,
    "List of Hollow": 0.0,
    "Isshin Kurosaki": 0.014887917115216712,
    "Bleach": 1.8026767961571368e-23,
    "Rangiku Matsumoto": 0.05665207343190967,
    "Gotei 13": 0.07661940107614096,
    "Zanpaktou": 0.0,
    "Bankai": 0.04844696683437171,
    "Zanpakut\u014d": 0.0822973677285945,
    "Renji Abarai": 0.05566054306423743,
    "T\u014dshir\u014d Hitsugaya": 0.08498304201830618,
    "Byakuya Kuchiki": 0.069083129464409,
    "Shikai": 0.057761676130459225,
    "Grimmjow Jaegerjaquez": 0.0,
    "Tier Harribel": 0.0,
    "Hollow": 0.0268611940635811,
    "S\u014dsuke Aizen": 0.09290658250322904
  },
  "averagePathLength": 0.9057471264367816
}