{
  "numNodes": 30,
  "numEdges": 134,
  "selfLinks": 0,
  "numStrongComponents": 17,
  "numWeakComponents": 1,
  "sizeLargestStrong": 14,
  "sizeLargestWeak": 30,
  "radius": 2,
  "diameter": 4,
  "averageInDegree": 4.466666666666667,
  "averageOutDegree": 4.466666666666667,
  "maxOutDegree": 12,
  "maxInDegree": 17,
  "pageRank": {
    "Bleach Wiki": 0.0043773489106751105,
    "Races": 0.0043773489106751105,
    "List of Arrancar": 0.0043773489106751105,
    "Gin Ichimaru": 0.07275775216217899,
    "Kisuke Urahara": 0.051133513003992215,
    "Bleach: Memories of Nobody": 0.005446657158840305,
    "Hueco Mundo": 0.09470071919987072,
    "Arturo Plateado": 0.0056905643581525184,
    "Sora Inoue": 0.03451798837895189,
    "Ulquiorra Cifer": 0.0043773489106751105,
    "Cirucci Sanderwicci": 0.0043773489106751105,
    "Dordoni Alessandro Del Socaccio": 0.0043773489106751105,
    "Nelliel Tu Odelschwanck": 0.0043773489106751105,
    "Soul Society": 0.0984476161213921,
    "List of Hollow": 0.0043773489106751105,
    "Isshin Kurosaki": 0.01726532244890818,
    "Bleach": 0.008316995253107334,
    "Rangiku Matsumoto": 0.0547331808546088,
    "Gotei 13": 0.06929673784377022,
    "Zanpaktou": 0.0043773489106751105,
    "Bankai": 0.0132957945271296,
    "Zanpakut\u014d": 0.06444540679718211,
    "Renji Abarai": 0.05755112397412284,
    "T\u014dshir\u014d Hitsugaya": 0.08236730393376024,
    "Byakuya Kuchiki": 0.051517964860913326,
    "Shikai": 0.021505894710087615,
    "Grimmjow Jaegerjaquez": 0.0043773489106751105,
    "Tier Harribel": 0.0043773489106751105,
    "Hollow": 0.04312086911098541,
    "S\u014dsuke Aizen": 0.10573775728461934
  },
  "hitsHubs": {
    "Bleach Wiki": 7.819328520908938e-26,
    "Races": 0.024171503688238664,
    "List of Arrancar": 0.020526329860752417,
    "Gin Ichimaru": 0.06818249182928192,
    "Kisuke Urahara": 0.06573751727843496,
    "Bleach: Memories of Nobody": 0.02777775978585538,
    "Hueco Mundo": 0.027737772647120594,
    "Arturo Plateado": 0.033143922797292426,
    "Sora Inoue": 0.013361783391941185,
    "Ulquiorra Cifer": 0.012345725512023826,
    "Cirucci Sanderwicci": 0.009413629364427687,
    "Dordoni Alessandro Del Socaccio": 0.009413629364427687,
    "Nelliel Tu Odelschwanck": 0.019843316608772733,
    "Soul Society": 0.05468944068545614,
    "List of Hollow": 0.045300293314244636,
    "Isshin Kurosaki": 0.027101209930828398,
    "Bleach": 0.03952079897437511,
    "Rangiku Matsumoto": 0.04398797798246553,
    "Gotei 13": 0.04923226331466172,
    "Zanpaktou": 0.00725789332205567,
    "Bankai": 0.0,
    "Zanpakut\u014d": 0.043158076107094136,
    "Renji Abarai": 0.08465639369146896,
    "T\u014dshir\u014d Hitsugaya": 0.06492005211910945,
    "Byakuya Kuchiki": 0.06377884800278906,
    "Shikai": 0.0,
    "Grimmjow Jaegerjaquez": 0.009413629364427687,
    "Tier Harribel": 0.02781181524287064,
    "Hollow": 0.04142989960163813,
    "S\u014dsuke Aizen": 0.06608602621794528
  },
  "hitsAuths": {
    "Bleach Wiki": 0.0,
    "Races": 0.0,
    "List of Arrancar": 0.0,
    "Gin Ichimaru": 0.060420024730354606,
    "Kisuke Urahara": 0.055968630716688186,
    "Bleach: Memories of Nobody": 0.00596366539233126,
    "Hueco Mundo": 0.10662422656386823,
    "Arturo Plateado": 0.003097411143329057,
    "Sora Inoue": 0.016401026584734912,
    "Ulquiorra Cifer": 0.0,
    "Cirucci Sanderwicci": 0.0,
    "Dordoni Alessandro Del Socaccio": 0.0,
    "Nelliel Tu Odelschwanck": 0.0,
    "Soul Society": 0.11050936034437588,
    "List of Hollow": 0.0,
    "Isshin Kurosaki": 0.016432281190876172,
    "Bleach": 7.993814543602521e-25,
    "Rangiku Matsumoto": 0.062357258644953624,
    "Gotei 13": 0.08146313344118729,
    "Zanpaktou": 0.0,
    "Bankai": 0.022694352987830145,
    "Zanpakut\u014d": 0.07419851082944402,
    "Renji Abarai": 0.06267560266977054,
    "T\u014dshir\u014d Hitsugaya": 0.09377242568533027,
    "Byakuya Kuchiki": 0.07187780844125848,
    "Shikai": 0.029332113072930575,
    "Grimmjow Jaegerjaquez": 0.0,
    "Tier Harribel": 0.0,
    "Hollow": 0.029975250132053995,
    "S\u014dsuke Aizen": 0.09623691742868282
  },
  "averagePathLength": 0.957471264367816
}