{
  "numNodes": 27,
  "numEdges": 110,
  "selfLinks": 0,
  "numStrongComponents": 15,
  "numWeakComponents": 1,
  "sizeLargestStrong": 13,
  "sizeLargestWeak": 27,
  "radius": 2,
  "diameter": 4,
  "averageInDegree": 4.074074074074074,
  "averageOutDegree": 4.074074074074074,
  "maxOutDegree": 10,
  "maxInDegree": 14,
  "pageRank": {
    "Bleach Wiki": 0.008139102699059273,
    "Races": 0.008139102699059273,
    "List of Arrancar": 0.00960412417965803,
    "Gin Ichimaru": 0.0799182759576236,
    "Kisuke Urahara": 0.05300517499024734,
    "Bleach: Memories of Nobody": 0.011445671466950455,
    "Hueco Mundo": 0.07495448548299401,
    "Arturo Plateado": 0.012460928073214195,
    "Ulquiorra Cifer": 0.008139102699059273,
    "Cirucci Sanderwicci": 0.008139102699059273,
    "Dordoni Alessandro Del Socaccio": 0.008139102699059273,
    "Soul Society": 0.10815055666205334,
    "List of Hollow": 0.00960412417965803,
    "Isshin Kurosaki": 0.015978831331252177,
    "Bleach": 0.022044412538835344,
    "Rangiku Matsumoto": 0.055516391328972646,
    "Gotei 13": 0.0422031942229745,
    "Zanpaktou": 0.008139102699059273,
    "Bankai": 0.047313787727009914,
    "Zanpakut\u014d": 0.01692923158265182,
    "Renji Abarai": 0.056469470220454905,
    "T\u014dshir\u014d Hitsugaya": 0.07466963473979164,
    "Byakuya Kuchiki": 0.05275737888928066,
    "Shikai": 0.05730647320064423,
    "Grimmjow Jaegerjaquez": 0.008139102699059273,
    "Hollow": 0.021727102566807953,
    "S\u014dsuke Aizen": 0.12096703176551014
  },
  "hitsHubs": {
    "Bleach Wiki": 0.02719855095994792,
    "Races": 0.02931510359668419,
    "List of Arrancar": 0.012020457766653893,
    "Gin Ichimaru": 0.058741399786754855,
    "Kisuke Urahara": 0.06872542936987949,
    "Bleach: Memories of Nobody": 0.036358097184267864,
    "Hueco Mundo": 0.03522770347111123,
    "Arturo Plateado": 0.0,
    "Ulquiorra Cifer": 0.011793742699881237,
    "Cirucci Sanderwicci": 0.011793742699881237,
    "Dordoni Alessandro Del Socaccio": 0.011793742699881237,
    "Soul Society": 0.05777511979958415,
    "List of Hollow": 0.05695913781317684,
    "Isshin Kurosaki": 0.0,
    "Bleach": 0.04669872314099284,
    "Rangiku Matsumoto": 0.04723883591889402,
    "Gotei 13": 0.0639022730329826,
    "Zanpaktou": 0.0005228468546554356,
    "Bankai": 0.0,
    "Zanpakut\u014d": 0.04959909758427897,
    "Renji Abarai": 0.09780429382621955,
    "T\u014dshir\u014d Hitsugaya": 0.07828863169542524,
    "Byakuya Kuchiki": 0.061524855227011406,
    "Shikai": 0.0,
    "Grimmjow Jaegerjaquez": 0.011793742699881237,
    "Hollow": 0.0486861189216503,
    "S\u014dsuke Aizen": 0.07623835325030436
  },
  "hitsAuths": {
    "Bleach Wiki": 0.0,
    "Races": 0.0,
    "List of Arrancar": 0.004311778727470898,
    "Gin Ichimaru": 0.0729593328863148,
    "Kisuke Urahara": 0.06953690230852301,
    "Bleach: Memories of Nobody": 0.007403135604328956,
    "Hueco Mundo": 0.09158348179898339,
    "Arturo Plateado": 0.001905599836860938,
    "Ulquiorra Cifer": 0.0,
    "Cirucci Sanderwicci": 0.0,
    "Dordoni Alessandro Del Socaccio": 0.0,
    "Soul Society": 0.1240092782357736,
    "List of Hollow": 0.004311778727470898,
    "Isshin Kurosaki": 0.018757954378213357,
    "Bleach": 0.009159073705076725,
    "Rangiku Matsumoto": 0.06228154272372081,
    "Gotei 13": 0.037449558731984946,
    "Zanpaktou": 0.0,
    "Bankai": 0.06065054893256072,
    "Zanpakut\u014d": 0.004394665494083616,
    "Renji Abarai": 0.05942720527439582,
    "T\u014dshir\u014d Hitsugaya": 0.09449737693930094,
    "Byakuya Kuchiki": 0.07928355900118639,
    "Shikai": 0.06813930845721766,
    "Grimmjow Jaegerjaquez": 0.0,
    "Hollow": 0.030808405210342504,
    "S\u014dsuke Aizen": 0.09912951302619027
  },
  "averagePathLength": 0.9985754985754985
}