{
  "numNodes": 25,
  "numEdges": 106,
  "selfLinks": 0,
  "numStrongComponents": 14,
  "numWeakComponents": 1,
  "sizeLargestStrong": 12,
  "sizeLargestWeak": 25,
  "radius": 2,
  "diameter": 3,
  "averageInDegree": 4.24,
  "averageOutDegree": 4.24,
  "maxOutDegree": 10,
  "maxInDegree": 14,
  "pageRank": {
    "Bleach Wiki": 0.009403396236070422,
    "Races": 0.009403396236070422,
    "List of Arrancar": 0.010813935839807618,
    "Gin Ichimaru": 0.08037968038379704,
    "Kisuke Urahara": 0.05139696970168829,
    "Bleach: Memories of Nobody": 0.012943059391185282,
    "Hueco Mundo": 0.0766333884862146,
    "Arturo Plateado": 0.014269723429583017,
    "Ulquiorra Cifer": 0.009403396236070422,
    "Soul Society": 0.1103939150223252,
    "List of Hollow": 0.010813935839807618,
    "Isshin Kurosaki": 0.01806947065899601,
    "Bleach": 0.02359667193240879,
    "Rangiku Matsumoto": 0.053642778792164794,
    "Gotei 13": 0.0411749125224059,
    "Zanpaktou": 0.009403396236070422,
    "Bankai": 0.04757936936354591,
    "Zanpakut\u014d": 0.023508792273442387,
    "Renji Abarai": 0.05618815356328169,
    "T\u014dshir\u014d Hitsugaya": 0.08320798325281982,
    "Byakuya Kuchiki": 0.05165524067386687,
    "Shikai": 0.05723534395797694,
    "Grimmjow Jaegerjaquez": 0.009403396236070422,
    "Hollow": 0.02301967341784807,
    "S\u014dsuke Aizen": 0.10646002031648212
  },
  "hitsHubs": {
    "Bleach Wiki": 0.03351215463246506,
    "Races": 0.02746226311419361,
    "List of Arrancar": 0.012314105519755121,
    "Gin Ichimaru": 0.0735210961818481,
    "Kisuke Urahara": 0.07188514335477307,
    "Bleach: Memories of Nobody": 0.0,
    "Hueco Mundo": 0.036973751520748714,
    "Arturo Plateado": 0.0,
    "Ulquiorra Cifer": 0.012081711163428311,
    "Soul Society": 0.05991106431871482,
    "List of Hollow": 0.05994297554977732,
    "Isshin Kurosaki": 0.0,
    "Bleach": 0.04902577249881012,
    "Rangiku Matsumoto": 0.05085527856878867,
    "Gotei 13": 0.06554672377900211,
    "Zanpaktou": 0.0008942082709741893,
    "Bankai": 0.0,
    "Zanpakut\u014d": 0.05174181712575646,
    "Renji Abarai": 0.10170128282641373,
    "T\u014dshir\u014d Hitsugaya": 0.08130228155425834,
    "Byakuya Kuchiki": 0.06583799384434769,
    "Shikai": 0.0,
    "Grimmjow Jaegerjaquez": 0.012975919434402499,
    "Hollow": 0.05202931142690554,
    "S\u014dsuke Aizen": 0.08048514531463637
  },
  "hitsAuths": {
    "Bleach Wiki": 0.0,
    "Races": 0.0,
    "List of Arrancar": 0.005070542367998796,
    "Gin Ichimaru": 0.07303509089570152,
    "Kisuke Urahara": 0.06344639812419278,
    "Bleach: Memories of Nobody": 0.007417823748408114,
    "Hueco Mundo": 0.09364139585993864,
    "Arturo Plateado": 0.0018631805222453215,
    "Ulquiorra Cifer": 0.0,
    "Soul Society": 0.12653242651630978,
    "List of Hollow": 0.005070542367998796,
    "Isshin Kurosaki": 0.018705324901452977,
    "Bleach": 0.009064818219161264,
    "Rangiku Matsumoto": 0.05779569264054531,
    "Gotei 13": 0.03965685565514227,
    "Zanpaktou": 0.0,
    "Bankai": 0.06070518858161272,
    "Zanpakut\u014d": 0.007169156169037181,
    "Renji Abarai": 0.05941607302300282,
    "T\u014dshir\u014d Hitsugaya": 0.10009897554266674,
    "Byakuya Kuchiki": 0.07485402307124514,
    "Shikai": 0.0683998249662149,
    "Grimmjow Jaegerjaquez": 0.0,
    "Hollow": 0.031193691017859893,
    "S\u014dsuke Aizen": 0.09686297580926485
  },
  "averagePathLength": 0.99
}