{
  "numNodes": 30,
  "numEdges": 160,
  "selfLinks": 0,
  "numStrongComponents": 17,
  "numWeakComponents": 1,
  "sizeLargestStrong": 14,
  "sizeLargestWeak": 30,
  "radius": 2,
  "diameter": 4,
  "averageInDegree": 5.333333333333333,
  "averageOutDegree": 5.333333333333333,
  "maxOutDegree": 12,
  "maxInDegree": 18,
  "pageRank": {
    "Bleach Wiki": 0.005959581196496601,
    "Races": 0.005959581196496601,
    "List of Arrancar": 0.005959581196496601,
    "Gin Ichimaru": 0.06733018945631747,
    "Kisuke Urahara": 0.04633358719438896,
    "Bleach: Memories of Nobody": 0.0074154184996465524,
    "Hueco Mundo": 0.08449206732981027,
    "Arturo Plateado": 0.007747473196488088,
    "Sora Inoue": 0.03485483097370554,
    "Ulquiorra Cifer": 0.005959581196496601,
    "Cirucci Sanderwicci": 0.005959581196496601,
    "Dordoni Alessandro Del Socaccio": 0.005959581196496601,
    "Nelliel Tu Odelschwanck": 0.005959581196496601,
    "Soul Society": 0.08660998274272586,
    "List of Hollow": 0.005959581196496601,
    "Isshin Kurosaki": 0.016056781742616103,
    "Bleach": 0.011323257196471063,
    "Rangiku Matsumoto": 0.05153752130082437,
    "Gotei 13": 0.056212477512649316,
    "Zanpaktou": 0.005959581196496601,
    "Bankai": 0.04080590178761993,
    "Zanpakut\u014d": 0.06585951698058182,
    "Renji Abarai": 0.04656779160289698,
    "T\u014dshir\u014d Hitsugaya": 0.07003459633223653,
    "Byakuya Kuchiki": 0.05445142536332161,
    "Shikai": 0.04673669767382349,
    "Grimmjow Jaegerjaquez": 0.005959581196496601,
    "Tier Harribel": 0.005959581196496601,
    "Hollow": 0.046834254035725074,
    "S\u014dsuke Aizen": 0.09324083591668843
  },
  "hitsHubs": {
    "Bleach Wiki": 4.048431712038126e-27,
    "Races": 0.020358436632931513,
    "List of Arrancar": 0.016533290153144736,
    "Gin Ichimaru": 0.06726054852458668,
    "Kisuke Urahara": 0.06092373344051003,
    "Bleach: Memories of Nobody": 0.02221388294425542,
    "Hueco Mundo": 0.02244154331770495,
    "Arturo Plateado": 0.028588083251109547,
    "Sora Inoue": 0.012280195511216107,
    "Ulquiorra Cifer": 0.033601458193340976,
    "Cirucci Sanderwicci": 0.016092819832335,
    "Dordoni Alessandro Del Socaccio": 0.02686408420035693,
    "Nelliel Tu Odelschwanck": 0.024373936730474183,
    "Soul Society": 0.04931526847497263,
    "List of Hollow": 0.03589846449780849,
    "Isshin Kurosaki": 0.028767120990151437,
    "Bleach": 0.03189567765091013,
    "Rangiku Matsumoto": 0.04486271134902186,
    "Gotei 13": 0.03989541868892091,
    "Zanpaktou": 0.007833010560830703,
    "Bankai": 0.0,
    "Zanpakut\u014d": 0.053321851661146946,
    "Renji Abarai": 0.0767314075161484,
    "T\u014dshir\u014d Hitsugaya": 0.06022366745990893,
    "Byakuya Kuchiki": 0.06663082571752943,
    "Shikai": 0.0,
    "Grimmjow Jaegerjaquez": 0.020091898445411926,
    "Tier Harribel": 0.034589422963348125,
    "Hollow": 0.032531098430732014,
    "S\u014dsuke Aizen": 0.06588014286119194
  },
  "hitsAuths": {
    "Bleach Wiki": 0.0,
    "Races": 0.0,
    "List of Arrancar": 0.0,
    "Gin Ichimaru": 0.05768684605691822,
    "Kisuke Urahara": 0.04991043291849913,
    "Bleach: Memories of Nobody": 0.004279102888139063,
    "Hueco Mundo": 0.09408076352007819,
    "Arturo Plateado": 0.002218095204929536,
    "Sora Inoue": 0.011654195923058885,
    "Ulquiorra Cifer": 0.0,
    "Cirucci Sanderwicci": 0.0,
    "Dordoni Alessandro Del Socaccio": 0.0,
    "Nelliel Tu Odelschwanck": 0.0,
    "Soul Society": 0.09177591645893274,
    "List of Hollow": 0.0,
    "Isshin Kurosaki": 0.015327111670326521,
    "Bleach": 4.599374108739246e-26,
    "Rangiku Matsumoto": 0.05843884969541149,
    "Gotei 13": 0.07062385212240543,
    "Zanpaktou": 0.0,
    "Bankai": 0.059399704336966445,
    "Zanpakut\u014d": 0.08898988183458467,
    "Renji Abarai": 0.049352244343015494,
    "T\u014dshir\u014d Hitsugaya": 0.07823229302117624,
    "Byakuya Kuchiki": 0.06578765110663501,
    "Shikai": 0.06297132221475694,
    "Grimmjow Jaegerjaquez": 0.0,
    "Tier Harribel": 0.0,
    "Hollow": 0.04543304652294365,
    "S\u014dsuke Aizen": 0.09383869016122233
  },
  "averagePathLength": 0.8701149425287357
}