{
  "numNodes": 26,
  "numEdges": 107,
  "selfLinks": 0,
  "numStrongComponents": 15,
  "numWeakComponents": 1,
  "sizeLargestStrong": 12,
  "sizeLargestWeak": 26,
  "radius": 2,
  "diameter": 3,
  "averageInDegree": 4.115384615384615,
  "averageOutDegree": 4.115384615384615,
  "maxOutDegree": 10,
  "maxInDegree": 14,
  "pageRank": {
    "Bleach Wiki": 0.009370473301271425,
    "Races": 0.009370473301271425,
    "List of Arrancar": 0.010776069110801412,
    "Gin Ichimaru": 0.07946156843511644,
    "Kisuke Urahara": 0.05080859798900664,
    "Bleach: Memories of Nobody": 0.012883101012933187,
    "Hueco Mundo": 0.07580835385479771,
    "Arturo Plateado": 0.012603322829997267,
    "Ulquiorra Cifer": 0.009370473301271425,
    "Gantenbein Mosqueda": 0.012603322829997267,
    "Soul Society": 0.10924845885115217,
    "List of Hollow": 0.010776069110801412,
    "Isshin Kurosaki": 0.017965340291524003,
    "Bleach": 0.023416514721352644,
    "Rangiku Matsumoto": 0.053139860307402795,
    "Gotei 13": 0.040816165441968956,
    "Zanpaktou": 0.009370473301271425,
    "Bankai": 0.046986602142551015,
    "Zanpakut\u014d": 0.023426431396571298,
    "Renji Abarai": 0.055533596346831034,
    "T\u014dshir\u014d Hitsugaya": 0.08232203770679795,
    "Byakuya Kuchiki": 0.05120131358923592,
    "Shikai": 0.05655200952747977,
    "Grimmjow Jaegerjaquez": 0.009370473301271425,
    "Hollow": 0.02288356381271575,
    "S\u014dsuke Aizen": 0.10393533418460814
  },
  "hitsHubs": {
    "Bleach Wiki": 0.03350189492060675,
    "Races": 0.027453934467367984,
    "List of Arrancar": 0.012557180278139526,
    "Gin Ichimaru": 0.07350419953586791,
    "Kisuke Urahara": 0.07186814104383353,
    "Bleach: Memories of Nobody": 0.0,
    "Hueco Mundo": 0.036967635376710085,
    "Arturo Plateado": 0.0,
    "Ulquiorra Cifer": 0.012083238498588644,
    "Gantenbein Mosqueda": 0.0,
    "Soul Society": 0.05989836813558369,
    "List of Hollow": 0.05993004108033718,
    "Isshin Kurosaki": 0.0,
    "Bleach": 0.049010772510817965,
    "Rangiku Matsumoto": 0.05083961586063557,
    "Gotei 13": 0.0655322343672909,
    "Zanpaktou": 0.0008939945716324916,
    "Bankai": 0.0,
    "Zanpakut\u014d": 0.05172607289512639,
    "Renji Abarai": 0.101675699135213,
    "T\u014dshir\u014d Hitsugaya": 0.08128283102083243,
    "Byakuya Kuchiki": 0.06581766200020743,
    "Shikai": 0.0,
    "Grimmjow Jaegerjaquez": 0.012977233070221136,
    "Hollow": 0.05201874032354357,
    "S\u014dsuke Aizen": 0.08046051090744381
  },
  "hitsAuths": {
    "Bleach Wiki": 0.0,
    "Races": 0.0,
    "List of Arrancar": 0.005060285771238927,
    "Gin Ichimaru": 0.07289060589389952,
    "Kisuke Urahara": 0.06332142746295916,
    "Bleach: Memories of Nobody": 0.007402820505407708,
    "Hueco Mundo": 0.09345698215397305,
    "Arturo Plateado": 0.0018966963169568577,
    "Ulquiorra Cifer": 0.0,
    "Gantenbein Mosqueda": 0.0018966963169568577,
    "Soul Society": 0.12628214462052803,
    "List of Hollow": 0.005060285771238927,
    "Isshin Kurosaki": 0.018668258714630518,
    "Bleach": 0.009047334804988524,
    "Rangiku Matsumoto": 0.05768298774653925,
    "Gotei 13": 0.039578201530489944,
    "Zanpaktou": 0.0,
    "Bankai": 0.06058478598768909,
    "Zanpakut\u014d": 0.007155462061190721,
    "Renji Abarai": 0.0592983143165583,
    "T\u014dshir\u014d Hitsugaya": 0.09990148097691644,
    "Byakuya Kuchiki": 0.07470673216158896,
    "Shikai": 0.06826384369783384,
    "Grimmjow Jaegerjaquez": 0.0,
    "Hollow": 0.031131364991277152,
    "S\u014dsuke Aizen": 0.09671328819713808
  },
  "averagePathLength": 0.9184615384615384
}