{
  "numNodes": 30,
  "numEdges": 130,
  "selfLinks": 0,
  "numStrongComponents": 15,
  "numWeakComponents": 1,
  "sizeLargestStrong": 16,
  "sizeLargestWeak": 30,
  "radius": 2,
  "diameter": 4,
  "averageInDegree": 4.333333333333333,
  "averageOutDegree": 4.333333333333333,
  "maxOutDegree": 12,
  "maxInDegree": 17,
  "pageRank": {
    "Bleach Wiki": 0.0044146432213578585,
    "Races": 0.0044146432213578585,
    "List of Arrancar": 0.0052092880747413375,
    "Gin Ichimaru": 0.07554210197592866,
    "Kisuke Urahara": 0.05095210132073408,
    "Bleach: Memories of Nobody": 0.0070807716659273745,
    "Hueco Mundo": 0.11360201597753297,
    "Arturo Plateado": 0.00675883678142215,
    "Sora Inoue": 0.03384154166316433,
    "Ulquiorra Cifer": 0.0044146432213578585,
    "Cirucci Sanderwicci": 0.0044146432213578585,
    "Dordoni Alessandro Del Socaccio": 0.0044146432213578585,
    "Nelliel Tu Odelschwanck": 0.0044146432213578585,
    "Soul Society": 0.10390392985035604,
    "List of Hollow": 0.0052092880747413375,
    "Isshin Kurosaki": 0.018901477330908995,
    "Bleach": 0.017773299746343455,
    "Rangiku Matsumoto": 0.05421792668644211,
    "Gotei 13": 0.044577320465106644,
    "Zanpaktou": 0.0044146432213578585,
    "Bankai": 0.013955840248655683,
    "Zanpakut\u014d": 0.06260978050365273,
    "Renji Abarai": 0.05927774880256931,
    "T\u014dshir\u014d Hitsugaya": 0.0789887391117837,
    "Byakuya Kuchiki": 0.05351282901950875,
    "Shikai": 0.022088695951208638,
    "Grimmjow Jaegerjaquez": 0.0044146432213578585,
    "Tier Harribel": 0.0044146432213578585,
    "Hollow": 0.021470888820257383,
    "S\u014dsuke Aizen": 0.11079378893679333
  },
  "hitsHubs": {
    "Bleach Wiki": 0.03125595292020552,
    "Races": 0.024817947570306417,
    "List of Arrancar": 0.00960040907871404,
    "Gin Ichimaru": 0.06897330105651923,
    "Kisuke Urahara": 0.06056779790613356,
    "Bleach: Memories of Nobody": 0.02971322842022516,
    "Hueco Mundo": 0.02856535139169846,
    "Arturo Plateado": 0.035505126627056315,
    "Sora Inoue": 0.01090317831139798,
    "Ulquiorra Cifer": 0.011682665965564389,
    "Cirucci Sanderwicci": 0.009449811850523784,
    "Dordoni Alessandro Del Socaccio": 0.009449811850523784,
    "Nelliel Tu Odelschwanck": 0.020352990161921762,
    "Soul Society": 0.0498450344179482,
    "List of Hollow": 0.0478310741847826,
    "Isshin Kurosaki": 0.020352990161921762,
    "Bleach": 0.03934942205558565,
    "Rangiku Matsumoto": 0.044010146532915864,
    "Gotei 13": 0.05192856058472936,
    "Zanpaktou": 0.007690263777659709,
    "Bankai": 0.0,
    "Zanpakut\u014d": 0.04301719250117158,
    "Renji Abarai": 0.08647394837182157,
    "T\u014dshir\u014d Hitsugaya": 0.05995218010821667,
    "Byakuya Kuchiki": 0.064830360258832,
    "Shikai": 0.0,
    "Grimmjow Jaegerjaquez": 0.009449811850523784,
    "Tier Harribel": 0.014871890890762162,
    "Hollow": 0.04306757161116063,
    "S\u014dsuke Aizen": 0.06649197958117792
  },
  "hitsAuths": {
    "Bleach Wiki": 0.0,
    "Races": 0.0,
    "List of Arrancar": 0.0048814376190310415,
    "Gin Ichimaru": 0.062822292501465,
    "Kisuke Urahara": 0.05861310684266726,
    "Bleach: Memories of Nobody": 0.006145445303975083,
    "Hueco Mundo": 0.10855276127900054,
    "Arturo Plateado": 0.0014993559211928524,
    "Sora Inoue": 0.011187361527126218,
    "Ulquiorra Cifer": 0.0,
    "Cirucci Sanderwicci": 0.0,
    "Dordoni Alessandro Del Socaccio": 0.0,
    "Nelliel Tu Odelschwanck": 0.0,
    "Soul Society": 0.11630591646549276,
    "List of Hollow": 0.0048814376190310415,
    "Isshin Kurosaki": 0.016177515694661918,
    "Bleach": 0.007784610719755183,
    "Rangiku Matsumoto": 0.06430035805645513,
    "Gotei 13": 0.05398257598663472,
    "Zanpaktou": 0.0,
    "Bankai": 0.0229644290068333,
    "Zanpakut\u014d": 0.07656477259994506,
    "Renji Abarai": 0.06427206839668978,
    "T\u014dshir\u014d Hitsugaya": 0.09865459074708707,
    "Byakuya Kuchiki": 0.07425880322092357,
    "Shikai": 0.02983776879628468,
    "Grimmjow Jaegerjaquez": 0.0,
    "Tier Harribel": 0.0,
    "Hollow": 0.0222304426102483,
    "S\u014dsuke Aizen": 0.0940829490854995
  },
  "averagePathLength": 1.1482758620689655
}