{
  "numNodes": 29,
  "numEdges": 210,
  "selfLinks": 1,
  "numStrongComponents": 12,
  "numWeakComponents": 1,
  "sizeLargestStrong": 18,
  "sizeLargestWeak": 29,
  "radius": 2,
  "diameter": 3,
  "averageInDegree": 7.241379310344827,
  "averageOutDegree": 7.241379310344827,
  "maxOutDegree": 16,
  "maxInDegree": 20,
  "pageRank": {
    "Bleach Wiki": 0.005388329406650455,
    "Races": 0.005388329406650455,
    "List of Arrancar": 0.005388329406650455,
    "Gin Ichimaru": 0.046066222564860385,
    "Kisuke Urahara": 0.029530476197416805,
    "Bleach: Memories of Nobody": 0.01728867631809442,
    "Hueco Mundo": 0.07221656218214792,
    "Arturo Plateado": 0.006358216045522825,
    "Sora Inoue": 0.03805260421427671,
    "Ulquiorra Cifer": 0.02263074553219121,
    "Cirucci Sanderwicci": 0.005388329406650455,
    "Dordoni Alessandro Del Socaccio": 0.005388329406650455,
    "Nelliel Tu Odelschwanck": 0.005388329406650455,
    "Soul Society": 0.09930897498154116,
    "Isshin Kurosaki": 0.017102705978295996,
    "Bleach": 0.02145430077773531,
    "Rangiku Matsumoto": 0.061157522989301355,
    "Gotei 13": 0.04563476992717591,
    "Zanpaktou": 0.005388329406650455,
    "Bankai": 0.030638976972125476,
    "Zanpakut\u014d": 0.07255392277063082,
    "Renji Abarai": 0.03966618879968518,
    "T\u014dshir\u014d Hitsugaya": 0.058105581244250415,
    "Byakuya Kuchiki": 0.05690508085652941,
    "Shikai": 0.03187123399900009,
    "Grimmjow Jaegerjaquez": 0.03348574688823178,
    "Tier Harribel": 0.005388329406650455,
    "Hollow": 0.08216168801005892,
    "S\u014dsuke Aizen": 0.07470316749772422
  },
  "hitsHubs": {
    "Bleach Wiki": 0.0012135712674443675,
    "Races": 0.02743537493282676,
    "List of Arrancar": 0.01880156887064601,
    "Gin Ichimaru": 0.061387583034785,
    "Kisuke Urahara": 0.04191909622655797,
    "Bleach: Memories of Nobody": 0.019369860078410104,
    "Hueco Mundo": 0.01255075478000011,
    "Arturo Plateado": 0.05147653623384614,
    "Sora Inoue": 0.02489531784760565,
    "Ulquiorra Cifer": 0.03935239253351814,
    "Cirucci Sanderwicci": 0.0184086016566456,
    "Dordoni Alessandro Del Socaccio": 0.01615729313621914,
    "Nelliel Tu Odelschwanck": 0.030951105034874568,
    "Soul Society": 0.03830256291397288,
    "Isshin Kurosaki": 0.0400536578288183,
    "Bleach": 0.047970451852970226,
    "Rangiku Matsumoto": 0.05750204481572503,
    "Gotei 13": 0.03992755353963199,
    "Zanpaktou": 0.006708753732640432,
    "Bankai": 0.0,
    "Zanpakut\u014d": 0.04429987867738034,
    "Renji Abarai": 0.07143530297446485,
    "T\u014dshir\u014d Hitsugaya": 0.04789506993572134,
    "Byakuya Kuchiki": 0.05978819058288637,
    "Shikai": 0.0,
    "Grimmjow Jaegerjaquez": 0.029684513638621256,
    "Tier Harribel": 0.04599839725483806,
    "Hollow": 0.03885153719196093,
    "S\u014dsuke Aizen": 0.06766302942698835
  },
  "hitsAuths": {
    "Bleach Wiki": 0.0,
    "Races": 0.0,
    "List of Arrancar": 0.0,
    "Gin Ichimaru": 0.04423440301888636,
    "Kisuke Urahara": 0.03423132901828131,
    "Bleach: Memories of Nobody": 0.01689505102325081,
    "Hueco Mundo": 0.08206723978203008,
    "Arturo Plateado": 0.0019460667862598857,
    "Sora Inoue": 0.010285630815310875,
    "Ulquiorra Cifer": 0.0337346851555811,
    "Cirucci Sanderwicci": 0.0,
    "Dordoni Alessandro Del Socaccio": 0.0,
    "Nelliel Tu Odelschwanck": 0.0,
    "Soul Society": 0.0778467183667308,
    "Isshin Kurosaki": 0.016318093226563996,
    "Bleach": 0.015456892345964495,
    "Rangiku Matsumoto": 0.06702315530858852,
    "Gotei 13": 0.050913478709194035,
    "Zanpaktou": 0.0,
    "Bankai": 0.04304860106616827,
    "Zanpakut\u014d": 0.08544737915506416,
    "Renji Abarai": 0.04556638367267564,
    "T\u014dshir\u014d Hitsugaya": 0.0690165172055745,
    "Byakuya Kuchiki": 0.0609801899565649,
    "Shikai": 0.047322885320337287,
    "Grimmjow Jaegerjaquez": 0.04864785488113082,
    "Tier Harribel": 0.0,
    "Hollow": 0.07172284078433926,
    "S\u014dsuke Aizen": 0.07729460440150289
  },
  "averagePathLength": 1.0935960591133005
}