{
  "numNodes": 29,
  "numEdges": 213,
  "selfLinks": 1,
  "numStrongComponents": 12,
  "numWeakComponents": 1,
  "sizeLargestStrong": 18,
  "sizeLargestWeak": 29,
  "radius": 2,
  "diameter": 3,
  "averageInDegree": 7.344827586206897,
  "averageOutDegree": 7.344827586206897,
  "maxOutDegree": 16,
  "maxInDegree": 20,
  "pageRank": {
    "Bleach Wiki": 0.005394863555349751,
    "Races": 0.005394863555349751,
    "List of Arrancar": 0.005394863555349751,
    "Gin Ichimaru": 0.045669426976736344,
    "Kisuke Urahara": 0.02749484487727237,
    "Bleach: Memories of Nobody": 0.016451504512339704,
    "Hueco Mundo": 0.0709968129548155,
    "Arturo Plateado": 0.0063659294039883785,
    "Sora Inoue": 0.03756703058966283,
    "Ulquiorra Cifer": 0.02523012800345618,
    "Cirucci Sanderwicci": 0.005394863555349751,
    "Dordoni Alessandro Del Socaccio": 0.005394863555349751,
    "Nelliel Tu Odelschwanck": 0.005394863555349751,
    "Soul Society": 0.09660213755385798,
    "Isshin Kurosaki": 0.020710661680056926,
    "Bleach": 0.021066028170954067,
    "Rangiku Matsumoto": 0.06267943255999642,
    "Gotei 13": 0.04315099368820414,
    "Zanpaktou": 0.005394863555349751,
    "Bankai": 0.028753687420387346,
    "Zanpakut\u014d": 0.07322233691497096,
    "Renji Abarai": 0.03975247847965277,
    "T\u014dshir\u014d Hitsugaya": 0.05671319373236948,
    "Byakuya Kuchiki": 0.054774823244291844,
    "Shikai": 0.033966738293791966,
    "Grimmjow Jaegerjaquez": 0.038292507178337876,
    "Tier Harribel": 0.005394863555349751,
    "Hollow": 0.08132246332653954,
    "S\u014dsuke Aizen": 0.07605793199551938
  },
  "hitsHubs": {
    "Bleach Wiki": 0.001155188536216591,
    "Races": 0.02684356649390072,
    "List of Arrancar": 0.01916565860673667,
    "Gin Ichimaru": 0.06043081016458328,
    "Kisuke Urahara": 0.05426293570641467,
    "Bleach: Memories of Nobody": 0.018366567216678894,
    "Hueco Mundo": 0.012268610160268405,
    "Arturo Plateado": 0.05159761416860796,
    "Sora Inoue": 0.02438341542107677,
    "Ulquiorra Cifer": 0.03880090430714418,
    "Cirucci Sanderwicci": 0.017853290428093967,
    "Dordoni Alessandro Del Socaccio": 0.012381508910175448,
    "Nelliel Tu Odelschwanck": 0.035297350539084976,
    "Soul Society": 0.03759304983290858,
    "Isshin Kurosaki": 0.03335550643063975,
    "Bleach": 0.04700053327469638,
    "Rangiku Matsumoto": 0.05693338917862749,
    "Gotei 13": 0.03911198775162213,
    "Zanpaktou": 0.006558194322926783,
    "Bankai": 0.0,
    "Zanpakut\u014d": 0.043994667736313706,
    "Renji Abarai": 0.06902868452529198,
    "T\u014dshir\u014d Hitsugaya": 0.05186950116316065,
    "Byakuya Kuchiki": 0.05909551053565262,
    "Shikai": 0.0,
    "Grimmjow Jaegerjaquez": 0.029739461886912778,
    "Tier Harribel": 0.04557397513830482,
    "Hollow": 0.038298202035824555,
    "S\u014dsuke Aizen": 0.06903991552813521
  },
  "hitsAuths": {
    "Bleach Wiki": 0.0,
    "Races": 0.0,
    "List of Arrancar": 0.0,
    "Gin Ichimaru": 0.04785351876007155,
    "Kisuke Urahara": 0.025383399236092667,
    "Bleach: Memories of Nobody": 0.016677352545867444,
    "Hueco Mundo": 0.08088523667235022,
    "Arturo Plateado": 0.0019392161624295124,
    "Sora Inoue": 0.009872041295725035,
    "Ulquiorra Cifer": 0.038705970038023216,
    "Cirucci Sanderwicci": 0.0,
    "Dordoni Alessandro Del Socaccio": 0.0,
    "Nelliel Tu Odelschwanck": 0.0,
    "Soul Society": 0.07699107107914403,
    "Isshin Kurosaki": 0.023911914654474852,
    "Bleach": 0.01476324870253758,
    "Rangiku Matsumoto": 0.07121205985480895,
    "Gotei 13": 0.046366951759605424,
    "Zanpaktou": 0.0,
    "Bankai": 0.04068993904782281,
    "Zanpakut\u014d": 0.08381337833046582,
    "Renji Abarai": 0.04918178636982695,
    "T\u014dshir\u014d Hitsugaya": 0.06273390934010128,
    "Byakuya Kuchiki": 0.06063114537864643,
    "Shikai": 0.05115892977209752,
    "Grimmjow Jaegerjaquez": 0.05287819716577214,
    "Tier Harribel": 0.0,
    "Hollow": 0.06992907985353625,
    "S\u014dsuke Aizen": 0.07442165398060005
  },
  "averagePathLength": 1.0874384236453203
}