{
  "numNodes": 29,
  "numEdges": 191,
  "selfLinks": 1,
  "numStrongComponents": 14,
  "numWeakComponents": 1,
  "sizeLargestStrong": 16,
  "sizeLargestWeak": 29,
  "radius": 2,
  "diameter": 3,
  "averageInDegree": 6.586206896551724,
  "averageOutDegree": 6.586206896551724,
  "maxOutDegree": 14,
  "maxInDegree": 20,
  "pageRank": {
    "Bleach Wiki": 0.005721017497803549,
    "Races": 0.005721017497803549,
    "List of Arrancar": 0.005721017497803549,
    "Gin Ichimaru": 0.0492468434939793,
    "Kisuke Urahara": 0.033245538925800594,
    "Bleach: Memories of Nobody": 0.01857008502430134,
    "Hueco Mundo": 0.07933966279140499,
    "Arturo Plateado": 0.007437342185957155,
    "Sora Inoue": 0.04065185119522121,
    "Ulquiorra Cifer": 0.005721017497803549,
    "Cirucci Sanderwicci": 0.005721017497803549,
    "Dordoni Alessandro Del Socaccio": 0.005721017497803549,
    "Nelliel Tu Odelschwanck": 0.005721017497803549,
    "Soul Society": 0.11096162995393372,
    "Isshin Kurosaki": 0.01773302494377496,
    "Bleach": 0.02353753832547621,
    "Rangiku Matsumoto": 0.058767148958136624,
    "Gotei 13": 0.05303601855570349,
    "Zanpaktou": 0.005721017497803549,
    "Bankai": 0.03455319067193391,
    "Zanpakut\u014d": 0.07213519095101387,
    "Renji Abarai": 0.0393210348142694,
    "T\u014dshir\u014d Hitsugaya": 0.056659332494676945,
    "Byakuya Kuchiki": 0.058956344080224314,
    "Shikai": 0.038679935992565216,
    "Grimmjow Jaegerjaquez": 0.005721017497803549,
    "Tier Harribel": 0.005721017497803549,
    "Hollow": 0.07008527484105673,
    "S\u014dsuke Aizen": 0.07987283682253445
  },
  "hitsHubs": {
    "Bleach Wiki": 0.0013804764779189597,
    "Races": 0.029098625359299496,
    "List of Arrancar": 0.013810863953029752,
    "Gin Ichimaru": 0.06275041765539707,
    "Kisuke Urahara": 0.05057596293483663,
    "Bleach: Memories of Nobody": 0.019955063291016185,
    "Hueco Mundo": 0.012836252607411407,
    "Arturo Plateado": 0.05032725175184333,
    "Sora Inoue": 0.026205485309820312,
    "Ulquiorra Cifer": 0.037503660379164756,
    "Cirucci Sanderwicci": 0.019612756853130592,
    "Dordoni Alessandro Del Socaccio": 0.018016081033372593,
    "Nelliel Tu Odelschwanck": 0.02637292429928049,
    "Soul Society": 0.03479869546988187,
    "Isshin Kurosaki": 0.038088018691554384,
    "Bleach": 0.04718887483076366,
    "Rangiku Matsumoto": 0.058727767539012043,
    "Gotei 13": 0.04292427240804679,
    "Zanpaktou": 0.00731762778872297,
    "Bankai": 0.0,
    "Zanpakut\u014d": 0.046792774153226066,
    "Renji Abarai": 0.06949973738578243,
    "T\u014dshir\u014d Hitsugaya": 0.05184523720885674,
    "Byakuya Kuchiki": 0.05927934612079589,
    "Shikai": 0.0,
    "Grimmjow Jaegerjaquez": 0.03456654421819044,
    "Tier Harribel": 0.04183299782303481,
    "Hollow": 0.038426620486220274,
    "S\u014dsuke Aizen": 0.06026566397039001
  },
  "hitsAuths": {
    "Bleach Wiki": 0.0,
    "Races": 0.0,
    "List of Arrancar": 0.0,
    "Gin Ichimaru": 0.04889072068080184,
    "Kisuke Urahara": 0.03711302737328022,
    "Bleach: Memories of Nobody": 0.019550852675843042,
    "Hueco Mundo": 0.08946817758322462,
    "Arturo Plateado": 0.0015785039547684223,
    "Sora Inoue": 0.011252480223733572,
    "Ulquiorra Cifer": 0.0,
    "Cirucci Sanderwicci": 0.0,
    "Dordoni Alessandro Del Socaccio": 0.0,
    "Nelliel Tu Odelschwanck": 0.0,
    "Soul Society": 0.0863326901291774,
    "Isshin Kurosaki": 0.01907212667544746,
    "Bleach": 0.0178423628027362,
    "Rangiku Matsumoto": 0.066226184039332,
    "Gotei 13": 0.05595575919225095,
    "Zanpaktou": 0.0,
    "Bankai": 0.047683952303083345,
    "Zanpakut\u014d": 0.0945787718589756,
    "Renji Abarai": 0.05150658028249904,
    "T\u014dshir\u014d Hitsugaya": 0.0755417345269885,
    "Byakuya Kuchiki": 0.06119161026200946,
    "Shikai": 0.05730255568398517,
    "Grimmjow Jaegerjaquez": 0.0,
    "Tier Harribel": 0.0,
    "Hollow": 0.06832064529290108,
    "S\u014dsuke Aizen": 0.09059126445896187
  },
  "averagePathLength": 0.979064039408867
}