{
  "numNodes": 28,
  "numEdges": 224,
  "selfLinks": 1,
  "numStrongComponents": 10,
  "numWeakComponents": 1,
  "sizeLargestStrong": 19,
  "sizeLargestWeak": 28,
  "radius": 2,
  "diameter": 3,
  "averageInDegree": 8,
  "averageOutDegree": 8,
  "maxOutDegree": 16,
  "maxInDegree": 20,
  "pageRank": {
    "Races": 0.005675671774743655,
    "List of Arrancar": 0.005675671774743655,
    "Gin Ichimaru": 0.044470685279679845,
    "Kisuke Urahara": 0.03606879096833424,
    "Bleach: Memories of Nobody": 0.011687440057014102,
    "Hueco Mundo": 0.06977309928850622,
    "Arturo Plateado": 0.0063142002247114455,
    "Sora Inoue": 0.035342823496635194,
    "Ulquiorra Cifer": 0.033934686912588635,
    "Cirucci Sanderwicci": 0.0063142002247114455,
    "Dordoni Alessandro Del Socaccio": 0.005675671774743655,
    "Nelliel Tu Odelschwanck": 0.011694351427147646,
    "Soul Society": 0.09444440612589572,
    "Isshin Kurosaki": 0.019082186112221317,
    "Bleach": 0.014350333468377514,
    "Rangiku Matsumoto": 0.06088511612246233,
    "Gotei 13": 0.044292542754306344,
    "Zanpaktou": 0.005675671774743655,
    "Bankai": 0.028643574648462213,
    "Zanpakut\u014d": 0.07266281226314238,
    "Renji Abarai": 0.0438882326699491,
    "T\u014dshir\u014d Hitsugaya": 0.053231246083138686,
    "Byakuya Kuchiki": 0.052566542590061174,
    "Shikai": 0.03682257899357078,
    "Grimmjow Jaegerjaquez": 0.04184606375889762,
    "Tier Harribel": 0.005675671774743655,
    "Hollow": 0.07561777073145043,
    "S\u014dsuke Aizen": 0.07768795692501737
  },
  "hitsHubs": {
    "Races": 0.02422139232302495,
    "List of Arrancar": 0.024660393663677185,
    "Gin Ichimaru": 0.06486963684832314,
    "Kisuke Urahara": 0.057069291168652156,
    "Bleach: Memories of Nobody": 0.0363302511449301,
    "Hueco Mundo": 0.01118217780587709,
    "Arturo Plateado": 0.05511075938031321,
    "Sora Inoue": 0.02220516855431967,
    "Ulquiorra Cifer": 0.03952095568348962,
    "Cirucci Sanderwicci": 0.012117571136269382,
    "Dordoni Alessandro Del Socaccio": 0.016209413530485314,
    "Nelliel Tu Odelschwanck": 0.029447820267797707,
    "Soul Society": 0.03547504814367593,
    "Isshin Kurosaki": 0.03268825575762391,
    "Bleach": 0.04601492378592759,
    "Rangiku Matsumoto": 0.058526259103101295,
    "Gotei 13": 0.03897108288606596,
    "Zanpaktou": 0.005973272673280117,
    "Bankai": 0.0,
    "Zanpakut\u014d": 0.04281328694364804,
    "Renji Abarai": 0.06381135485524463,
    "T\u014dshir\u014d Hitsugaya": 0.04847977601629579,
    "Byakuya Kuchiki": 0.055852424133338734,
    "Shikai": 0.0,
    "Grimmjow Jaegerjaquez": 0.029543041854066778,
    "Tier Harribel": 0.042834330681181164,
    "Hollow": 0.03976018029670427,
    "S\u014dsuke Aizen": 0.0663119313626864
  },
  "hitsAuths": {
    "Races": 0.0,
    "List of Arrancar": 0.0,
    "Gin Ichimaru": 0.044376685588321425,
    "Kisuke Urahara": 0.04133835357749298,
    "Bleach: Memories of Nobody": 0.010596151331356649,
    "Hueco Mundo": 0.07589508072531145,
    "Arturo Plateado": 0.0023927432173832088,
    "Sora Inoue": 0.00940754968246583,
    "Ulquiorra Cifer": 0.04058749417126338,
    "Cirucci Sanderwicci": 0.0023927432173832088,
    "Dordoni Alessandro Del Socaccio": 0.0,
    "Nelliel Tu Odelschwanck": 0.005259238941909504,
    "Soul Society": 0.07681352918310391,
    "Isshin Kurosaki": 0.01612548406923399,
    "Bleach": 0.015950625818534563,
    "Rangiku Matsumoto": 0.06568714351992627,
    "Gotei 13": 0.047225939924878946,
    "Zanpaktou": 0.0,
    "Bankai": 0.038726615113280655,
    "Zanpakut\u014d": 0.07864758910908425,
    "Renji Abarai": 0.05635962425803707,
    "T\u014dshir\u014d Hitsugaya": 0.06154040176262279,
    "Byakuya Kuchiki": 0.059554059406870564,
    "Shikai": 0.05387558159850553,
    "Grimmjow Jaegerjaquez": 0.05533796060127052,
    "Tier Harribel": 0.0,
    "Hollow": 0.06100999085527852,
    "S\u014dsuke Aizen": 0.08089941432648477
  },
  "averagePathLength": 1.1812169312169312
}