{
  "numNodes": 29,
  "numEdges": 211,
  "selfLinks": 1,
  "numStrongComponents": 12,
  "numWeakComponents": 1,
  "sizeLargestStrong": 18,
  "sizeLargestWeak": 29,
  "radius": 2,
  "diameter": 3,
  "averageInDegree": 7.275862068965517,
  "averageOutDegree": 7.275862068965517,
  "maxOutDegree": 16,
  "maxInDegree": 20,
  "pageRank": {
    "Bleach Wiki": 0.005467822124234585,
    "Races": 0.005467822124234585,
    "List of Arrancar": 0.005467822124234585,
    "Gin Ichimaru": 0.046260432933686264,
    "Kisuke Urahara": 0.027423869111740957,
    "Bleach: Memories of Nobody": 0.017272829340996203,
    "Hueco Mundo": 0.07184741324975705,
    "Arturo Plateado": 0.006452012929476033,
    "Sora Inoue": 0.03797968625488056,
    "Ulquiorra Cifer": 0.02256973075547781,
    "Cirucci Sanderwicci": 0.005467822124234585,
    "Dordoni Alessandro Del Socaccio": 0.005467822124234585,
    "Nelliel Tu Odelschwanck": 0.005467822124234585,
    "Soul Society": 0.09826232569064687,
    "Isshin Kurosaki": 0.020998271867755644,
    "Bleach": 0.021508986389443013,
    "Rangiku Matsumoto": 0.06075861622332304,
    "Gotei 13": 0.04431439939477675,
    "Zanpaktou": 0.005467822124234585,
    "Bankai": 0.030447020725856172,
    "Zanpakut\u014d": 0.07241960160680708,
    "Renji Abarai": 0.0387670232685775,
    "T\u014dshir\u014d Hitsugaya": 0.058184343161323857,
    "Byakuya Kuchiki": 0.056065703355366266,
    "Shikai": 0.03462395946647099,
    "Grimmjow Jaegerjaquez": 0.03335920422746887,
    "Tier Harribel": 0.005467822124234585,
    "Hollow": 0.08175083470588307,
    "S\u014dsuke Aizen": 0.07499115834640921
  },
  "hitsHubs": {
    "Bleach Wiki": 0.0011959445188178704,
    "Races": 0.027347055168875697,
    "List of Arrancar": 0.018665803380085066,
    "Gin Ichimaru": 0.061122081399359214,
    "Kisuke Urahara": 0.04616820423943892,
    "Bleach: Memories of Nobody": 0.018657751029888266,
    "Hueco Mundo": 0.012518961765197975,
    "Arturo Plateado": 0.051666597182509474,
    "Sora Inoue": 0.024839515917773183,
    "Ulquiorra Cifer": 0.039114789290717426,
    "Cirucci Sanderwicci": 0.018310334911162542,
    "Dordoni Alessandro Del Socaccio": 0.016085169201029214,
    "Nelliel Tu Odelschwanck": 0.030745379043192585,
    "Soul Society": 0.037777904263641644,
    "Isshin Kurosaki": 0.0396631796969739,
    "Bleach": 0.04721285239316723,
    "Rangiku Matsumoto": 0.05768686862747341,
    "Gotei 13": 0.0395013587400855,
    "Zanpaktou": 0.0066924610075502705,
    "Bankai": 0.0,
    "Zanpakut\u014d": 0.04446360749949281,
    "Renji Abarai": 0.06939143777444907,
    "T\u014dshir\u014d Hitsugaya": 0.04805781777470386,
    "Byakuya Kuchiki": 0.059951072277489206,
    "Shikai": 0.0,
    "Grimmjow Jaegerjaquez": 0.02950825395808944,
    "Tier Harribel": 0.04556103817274749,
    "Hollow": 0.0390105875953082,
    "S\u014dsuke Aizen": 0.06908397317078063
  },
  "hitsAuths": {
    "Bleach Wiki": 0.0,
    "Races": 0.0,
    "List of Arrancar": 0.0,
    "Gin Ichimaru": 0.04869122169322672,
    "Kisuke Urahara": 0.026635290740185738,
    "Bleach: Memories of Nobody": 0.0166990620927365,
    "Hueco Mundo": 0.08182713908084871,
    "Arturo Plateado": 0.001922669448962377,
    "Sora Inoue": 0.010170952471462788,
    "Ulquiorra Cifer": 0.0333816226820675,
    "Cirucci Sanderwicci": 0.0,
    "Dordoni Alessandro Del Socaccio": 0.0,
    "Nelliel Tu Odelschwanck": 0.0,
    "Soul Society": 0.07771367343312265,
    "Isshin Kurosaki": 0.02359916945136872,
    "Bleach": 0.015226617862683908,
    "Rangiku Matsumoto": 0.066397282053992,
    "Gotei 13": 0.046273860976911815,
    "Zanpaktou": 0.0,
    "Bankai": 0.04317471373919804,
    "Zanpakut\u014d": 0.08520758673956455,
    "Renji Abarai": 0.045862194485316254,
    "T\u014dshir\u014d Hitsugaya": 0.06843467131283192,
    "Byakuya Kuchiki": 0.06085431910313618,
    "Shikai": 0.05178996693946318,
    "Grimmjow Jaegerjaquez": 0.04822065046234544,
    "Tier Harribel": 0.0,
    "Hollow": 0.07150524865635141,
    "S\u014dsuke Aizen": 0.07641208657422371
  },
  "averagePathLength": 1.0899014778325122
}