{
  "numNodes": 29,
  "numEdges": 221,
  "selfLinks": 1,
  "numStrongComponents": 12,
  "numWeakComponents": 1,
  "sizeLargestStrong": 18,
  "sizeLargestWeak": 29,
  "radius": 2,
  "diameter": 3,
  "averageInDegree": 7.620689655172414,
  "averageOutDegree": 7.620689655172414,
  "maxOutDegree": 16,
  "maxInDegree": 20,
  "pageRank": {
    "Bleach Wiki": 0.0053775951404794395,
    "Races": 0.0053775951404794395,
    "List of Arrancar": 0.0053775951404794395,
    "Gin Ichimaru": 0.044294398398578655,
    "Kisuke Urahara": 0.03293177420651042,
    "Bleach: Memories of Nobody": 0.011697333624347387,
    "Hueco Mundo": 0.06937563085904136,
    "Arturo Plateado": 0.00618424800123357,
    "Sora Inoue": 0.03535134014541238,
    "Ulquiorra Cifer": 0.033252453377560415,
    "Cirucci Sanderwicci": 0.0053775951404794395,
    "Dordoni Alessandro Del Socaccio": 0.0053775951404794395,
    "Nelliel Tu Odelschwanck": 0.0053775951404794395,
    "Soul Society": 0.0946115488401358,
    "Isshin Kurosaki": 0.021292862659026315,
    "Bleach": 0.01895965192257569,
    "Rangiku Matsumoto": 0.062485967262087626,
    "Gotei 13": 0.044020969855652785,
    "Zanpaktou": 0.0053775951404794395,
    "Bankai": 0.028383116253384202,
    "Zanpakut\u014d": 0.0731283554990643,
    "Renji Abarai": 0.04385896042215679,
    "T\u014dshir\u014d Hitsugaya": 0.054391302637184495,
    "Byakuya Kuchiki": 0.05267114062548636,
    "Shikai": 0.033784359597031965,
    "Grimmjow Jaegerjaquez": 0.041581729665952444,
    "Tier Harribel": 0.0053775951404794395,
    "Hollow": 0.07610265254774472,
    "S\u014dsuke Aizen": 0.07861944247599684
  },
  "hitsHubs": {
    "Bleach Wiki": 0.0011924631895229836,
    "Races": 0.0243314474299154,
    "List of Arrancar": 0.02426446916513764,
    "Gin Ichimaru": 0.06470979705220417,
    "Kisuke Urahara": 0.05775859185600768,
    "Bleach: Memories of Nobody": 0.032198625242427836,
    "Hueco Mundo": 0.011218257756714187,
    "Arturo Plateado": 0.055239740721389534,
    "Sora Inoue": 0.022331734909843234,
    "Ulquiorra Cifer": 0.03681975552247773,
    "Cirucci Sanderwicci": 0.012179993854517419,
    "Dordoni Alessandro Del Socaccio": 0.012179993854517419,
    "Nelliel Tu Odelschwanck": 0.034972475496264414,
    "Soul Society": 0.03586596445371148,
    "Isshin Kurosaki": 0.032179396043449056,
    "Bleach": 0.04595217057128559,
    "Rangiku Matsumoto": 0.05812396612869847,
    "Gotei 13": 0.03899857476061664,
    "Zanpaktou": 0.006004637214851479,
    "Bankai": 0.0,
    "Zanpakut\u014d": 0.043377822940613105,
    "Renji Abarai": 0.06576815738556292,
    "T\u014dshir\u014d Hitsugaya": 0.04860867415209219,
    "Byakuya Kuchiki": 0.05601425204803015,
    "Shikai": 0.0,
    "Grimmjow Jaegerjaquez": 0.029552061547009175,
    "Tier Harribel": 0.04338096942532341,
    "Hollow": 0.04004830994430128,
    "S\u014dsuke Aizen": 0.06672769733351529
  },
  "hitsAuths": {
    "Bleach Wiki": 0.0,
    "Races": 0.0,
    "List of Arrancar": 0.0,
    "Gin Ichimaru": 0.04492983376191478,
    "Kisuke Urahara": 0.037252572707465174,
    "Bleach: Memories of Nobody": 0.010649707269170538,
    "Hueco Mundo": 0.0768729231415005,
    "Arturo Plateado": 0.0023646075098898915,
    "Sora Inoue": 0.009474106234846794,
    "Ulquiorra Cifer": 0.041629553470009205,
    "Cirucci Sanderwicci": 0.0,
    "Dordoni Alessandro Del Socaccio": 0.0,
    "Nelliel Tu Odelschwanck": 0.0,
    "Soul Society": 0.07713654423504153,
    "Isshin Kurosaki": 0.022767801561271506,
    "Bleach": 0.01573167473429998,
    "Rangiku Matsumoto": 0.0691898572453436,
    "Gotei 13": 0.04733954495186683,
    "Zanpaktou": 0.0,
    "Bankai": 0.03910549569536441,
    "Zanpakut\u014d": 0.0792167006843239,
    "Renji Abarai": 0.05687517342797614,
    "T\u014dshir\u014d Hitsugaya": 0.061487935536666635,
    "Byakuya Kuchiki": 0.059769871733063404,
    "Shikai": 0.04922567347449765,
    "Grimmjow Jaegerjaquez": 0.05612429664322485,
    "Tier Harribel": 0.0,
    "Hollow": 0.06138719438162673,
    "S\u014dsuke Aizen": 0.08146893160063608
  },
  "averagePathLength": 1.082512315270936
}