{
  "numNodes": 29,
  "numEdges": 180,
  "selfLinks": 0,
  "numStrongComponents": 14,
  "numWeakComponents": 1,
  "sizeLargestStrong": 16,
  "sizeLargestWeak": 29,
  "radius": 2,
  "diameter": 3,
  "averageInDegree": 6.206896551724138,
  "averageOutDegree": 6.206896551724138,
  "maxOutDegree": 13,
  "maxInDegree": 20,
  "pageRank": {
    "Bleach Wiki": 0.005830214998293335,
    "Races": 0.005830214998293335,
    "List of Arrancar": 0.005830214998293335,
    "Gin Ichimaru": 0.05057068518545411,
    "Kisuke Urahara": 0.033211348904919044,
    "Bleach: Memories of Nobody": 0.013182440242068029,
    "Hueco Mundo": 0.08200438350348513,
    "Arturo Plateado": 0.00757931559178723,
    "Sora Inoue": 0.04107680141659193,
    "Ulquiorra Cifer": 0.005830214998293335,
    "Cirucci Sanderwicci": 0.005830214998293335,
    "Dordoni Alessandro Del Socaccio": 0.005830214998293335,
    "Nelliel Tu Odelschwanck": 0.005830214998293335,
    "Soul Society": 0.09724579706514253,
    "Isshin Kurosaki": 0.02041195254836328,
    "Bleach": 0.0190850040684873,
    "Rangiku Matsumoto": 0.05773265999480307,
    "Gotei 13": 0.05817948042133869,
    "Zanpaktou": 0.005830214998293335,
    "Bankai": 0.035639967651807755,
    "Zanpakut\u014d": 0.07592146987224183,
    "Renji Abarai": 0.040323350097336605,
    "T\u014dshir\u014d Hitsugaya": 0.054722385599682476,
    "Byakuya Kuchiki": 0.06049657864358757,
    "Shikai": 0.041112221783350916,
    "Grimmjow Jaegerjaquez": 0.005830214998293335,
    "Tier Harribel": 0.005830214998293335,
    "Hollow": 0.0694448553273444,
    "S\u014dsuke Aizen": 0.08375715209927484
  },
  "hitsHubs": {
    "Bleach Wiki": 0.0009175634178632395,
    "Races": 0.029089671586624677,
    "List of Arrancar": 0.015023714249308104,
    "Gin Ichimaru": 0.06450250919499839,
    "Kisuke Urahara": 0.05539576336839394,
    "Bleach: Memories of Nobody": 0.019510806512735696,
    "Hueco Mundo": 0.012841164842369244,
    "Arturo Plateado": 0.030230769147330472,
    "Sora Inoue": 0.026972145505391506,
    "Ulquiorra Cifer": 0.027669937591375,
    "Cirucci Sanderwicci": 0.01575746622368537,
    "Dordoni Alessandro Del Socaccio": 0.024919220521813917,
    "Nelliel Tu Odelschwanck": 0.022916988436545566,
    "Soul Society": 0.02988443026281265,
    "Isshin Kurosaki": 0.040609185320645655,
    "Bleach": 0.049757259608374536,
    "Rangiku Matsumoto": 0.06395704176470901,
    "Gotei 13": 0.04577653418222353,
    "Zanpaktou": 0.007969042517076863,
    "Bankai": 0.0,
    "Zanpakut\u014d": 0.048411957255819794,
    "Renji Abarai": 0.07213213900478231,
    "T\u014dshir\u014d Hitsugaya": 0.05414352740511622,
    "Byakuya Kuchiki": 0.06357112436151563,
    "Shikai": 0.0,
    "Grimmjow Jaegerjaquez": 0.03508156902745726,
    "Tier Harribel": 0.03835830756339257,
    "Hollow": 0.04100678527740808,
    "S\u014dsuke Aizen": 0.06359337585023088
  },
  "hitsAuths": {
    "Bleach Wiki": 0.0,
    "Races": 0.0,
    "List of Arrancar": 0.0,
    "Gin Ichimaru": 0.05365476751644203,
    "Kisuke Urahara": 0.04028219985294559,
    "Bleach: Memories of Nobody": 0.014774092107184082,
    "Hueco Mundo": 0.0881489431672572,
    "Arturo Plateado": 0.0017810589479957816,
    "Sora Inoue": 0.012282381226652133,
    "Ulquiorra Cifer": 0.0,
    "Cirucci Sanderwicci": 0.0,
    "Dordoni Alessandro Del Socaccio": 0.0,
    "Nelliel Tu Odelschwanck": 0.0,
    "Soul Society": 0.08730075348096926,
    "Isshin Kurosaki": 0.017733189743172943,
    "Bleach": 0.011297156872884248,
    "Rangiku Matsumoto": 0.05588382120552471,
    "Gotei 13": 0.06474568837005314,
    "Zanpaktou": 0.0,
    "Bankai": 0.05319098563723771,
    "Zanpakut\u014d": 0.09811585955742631,
    "Renji Abarai": 0.05403210092979904,
    "T\u014dshir\u014d Hitsugaya": 0.06948596484742173,
    "Byakuya Kuchiki": 0.06327037513112299,
    "Shikai": 0.05960969224703081,
    "Grimmjow Jaegerjaquez": 0.0,
    "Tier Harribel": 0.0,
    "Hollow": 0.05851891124429489,
    "S\u014dsuke Aizen": 0.09589205791458563
  },
  "averagePathLength": 1.0024630541871922
}