{
  "numNodes": 29,
  "numEdges": 214,
  "selfLinks": 1,
  "numStrongComponents": 12,
  "numWeakComponents": 1,
  "sizeLargestStrong": 18,
  "sizeLargestWeak": 29,
  "radius": 2,
  "diameter": 3,
  "averageInDegree": 7.379310344827586,
  "averageOutDegree": 7.379310344827586,
  "maxOutDegree": 16,
  "maxInDegree": 20,
  "pageRank": {
    "Bleach Wiki": 0.005418244410500908,
    "Races": 0.005418244410500908,
    "List of Arrancar": 0.005418244410500908,
    "Gin Ichimaru": 0.04613162849284623,
    "Kisuke Urahara": 0.02788714833399932,
    "Bleach: Memories of Nobody": 0.01702913201670673,
    "Hueco Mundo": 0.07121675624867553,
    "Arturo Plateado": 0.006230995231814917,
    "Sora Inoue": 0.037317904882630315,
    "Ulquiorra Cifer": 0.025188755800178837,
    "Cirucci Sanderwicci": 0.005418244410500908,
    "Dordoni Alessandro Del Socaccio": 0.005418244410500908,
    "Nelliel Tu Odelschwanck": 0.005418244410500908,
    "Soul Society": 0.09680001582012407,
    "Isshin Kurosaki": 0.0207893674610924,
    "Bleach": 0.021309564684083324,
    "Rangiku Matsumoto": 0.06343048770043179,
    "Gotei 13": 0.0438122737716377,
    "Zanpaktou": 0.005418244410500908,
    "Bankai": 0.02892797358000067,
    "Zanpakut\u014d": 0.07347869267460201,
    "Renji Abarai": 0.03993828620811356,
    "T\u014dshir\u014d Hitsugaya": 0.05679482264385543,
    "Byakuya Kuchiki": 0.05044776016190116,
    "Shikai": 0.03454935972947341,
    "Grimmjow Jaegerjaquez": 0.038449346931361886,
    "Tier Harribel": 0.005418244410500908,
    "Hollow": 0.07814776467116978,
    "S\u014dsuke Aizen": 0.07877600767129349
  },
  "hitsHubs": {
    "Bleach Wiki": 0.0011217944017126945,
    "Races": 0.02613479701098856,
    "List of Arrancar": 0.025095959426310807,
    "Gin Ichimaru": 0.059700714700575995,
    "Kisuke Urahara": 0.05945371086966296,
    "Bleach: Memories of Nobody": 0.01764640318231772,
    "Hueco Mundo": 0.01187311409892468,
    "Arturo Plateado": 0.056831482941988656,
    "Sora Inoue": 0.023772753965626545,
    "Ulquiorra Cifer": 0.038834295402540395,
    "Cirucci Sanderwicci": 0.018235993759361545,
    "Dordoni Alessandro Del Socaccio": 0.013062530339169442,
    "Nelliel Tu Odelschwanck": 0.035729744247808684,
    "Soul Society": 0.03722929217900295,
    "Isshin Kurosaki": 0.033412661692106674,
    "Bleach": 0.04656260779379484,
    "Rangiku Matsumoto": 0.05639500735159219,
    "Gotei 13": 0.03884697231442051,
    "Zanpaktou": 0.006448928601542705,
    "Bankai": 0.0,
    "Zanpakut\u014d": 0.04352269205034038,
    "Renji Abarai": 0.06814222991970195,
    "T\u014dshir\u014d Hitsugaya": 0.047053769690840706,
    "Byakuya Kuchiki": 0.05343833030008375,
    "Shikai": 0.0,
    "Grimmjow Jaegerjaquez": 0.03021659958528493,
    "Tier Harribel": 0.04547928699481788,
    "Hollow": 0.03847764757686464,
    "S\u014dsuke Aizen": 0.06728067960261713
  },
  "hitsAuths": {
    "Bleach Wiki": 0.0,
    "Races": 0.0,
    "List of Arrancar": 0.0,
    "Gin Ichimaru": 0.046451882183907514,
    "Kisuke Urahara": 0.025044338343357977,
    "Bleach: Memories of Nobody": 0.01606322342940373,
    "Hueco Mundo": 0.08041114834293053,
    "Arturo Plateado": 0.0025417825604603646,
    "Sora Inoue": 0.009815632395584946,
    "Ulquiorra Cifer": 0.039611493236677196,
    "Cirucci Sanderwicci": 0.0,
    "Dordoni Alessandro Del Socaccio": 0.0,
    "Nelliel Tu Odelschwanck": 0.0,
    "Soul Society": 0.07695566649072645,
    "Isshin Kurosaki": 0.024145688310018322,
    "Bleach": 0.014529049645677585,
    "Rangiku Matsumoto": 0.07083763805096811,
    "Gotei 13": 0.045444841904620885,
    "Zanpaktou": 0.0,
    "Bankai": 0.04029255847501228,
    "Zanpakut\u014d": 0.08352404297096948,
    "Renji Abarai": 0.049454019400227596,
    "T\u014dshir\u014d Hitsugaya": 0.062269756684180916,
    "Byakuya Kuchiki": 0.0558686444365338,
    "Shikai": 0.05081432091412764,
    "Grimmjow Jaegerjaquez": 0.05326273763920072,
    "Tier Harribel": 0.0,
    "Hollow": 0.06700470848963899,
    "S\u014dsuke Aizen": 0.08565682609577516
  },
  "averagePathLength": 1.0849753694581281
}