{
  "numNodes": 29,
  "numEdges": 218,
  "selfLinks": 1,
  "numStrongComponents": 12,
  "numWeakComponents": 1,
  "sizeLargestStrong": 18,
  "sizeLargestWeak": 29,
  "radius": 2,
  "diameter": 3,
  "averageInDegree": 7.517241379310345,
  "averageOutDegree": 7.517241379310345,
  "maxOutDegree": 16,
  "maxInDegree": 20,
  "pageRank": {
    "Bleach Wiki": 0.005382691813365167,
    "Races": 0.005382691813365167,
    "List of Arrancar": 0.005382691813365167,
    "Gin Ichimaru": 0.045308686090373244,
    "Kisuke Urahara": 0.03019474305333826,
    "Bleach: Memories of Nobody": 0.016329326718278917,
    "Hueco Mundo": 0.0698128375476574,
    "Arturo Plateado": 0.006190085013120238,
    "Sora Inoue": 0.03667028861511813,
    "Ulquiorra Cifer": 0.025465243770159456,
    "Cirucci Sanderwicci": 0.005382691813365167,
    "Dordoni Alessandro Del Socaccio": 0.005382691813365167,
    "Nelliel Tu Odelschwanck": 0.005382691813365167,
    "Soul Society": 0.09475850223521441,
    "Isshin Kurosaki": 0.020979537717696534,
    "Bleach": 0.020535676093394753,
    "Rangiku Matsumoto": 0.06263361253648185,
    "Gotei 13": 0.042704515631487756,
    "Zanpaktou": 0.005382691813365167,
    "Bankai": 0.028603333959024445,
    "Zanpakut\u014d": 0.07279241981353918,
    "Renji Abarai": 0.04288796856151709,
    "T\u014dshir\u014d Hitsugaya": 0.05641274099890376,
    "Byakuya Kuchiki": 0.054163421594474605,
    "Shikai": 0.03372531970542794,
    "Grimmjow Jaegerjaquez": 0.041873812345158155,
    "Tier Harribel": 0.005382691813365167,
    "Hollow": 0.07700177728764694,
    "S\u014dsuke Aizen": 0.07789461620506545
  },
  "hitsHubs": {
    "Bleach Wiki": 0.0011182069024730042,
    "Races": 0.025292465527887182,
    "List of Arrancar": 0.02462733157900078,
    "Gin Ichimaru": 0.06479785800288071,
    "Kisuke Urahara": 0.05844651115388548,
    "Bleach: Memories of Nobody": 0.01799796784723885,
    "Hueco Mundo": 0.011441589441118342,
    "Arturo Plateado": 0.05627261408728196,
    "Sora Inoue": 0.0229544904660158,
    "Ulquiorra Cifer": 0.03793925211696026,
    "Cirucci Sanderwicci": 0.017581715632000536,
    "Dordoni Alessandro Del Socaccio": 0.012626947551623566,
    "Nelliel Tu Odelschwanck": 0.035451411650941296,
    "Soul Society": 0.03643604557407745,
    "Isshin Kurosaki": 0.03281686157742829,
    "Bleach": 0.04674827681440445,
    "Rangiku Matsumoto": 0.055962029803826537,
    "Gotei 13": 0.03903503448749134,
    "Zanpaktou": 0.006229993941420107,
    "Bankai": 0.0,
    "Zanpakut\u014d": 0.04342882710904543,
    "Renji Abarai": 0.06678652036376896,
    "T\u014dshir\u014d Hitsugaya": 0.050629808334440536,
    "Byakuya Kuchiki": 0.05672771548745642,
    "Shikai": 0.0,
    "Grimmjow Jaegerjaquez": 0.02972879247507831,
    "Tier Harribel": 0.044370663625056476,
    "Hollow": 0.03763474894785609,
    "S\u014dsuke Aizen": 0.06691631949934194
  },
  "hitsAuths": {
    "Bleach Wiki": 0.0,
    "Races": 0.0,
    "List of Arrancar": 0.0,
    "Gin Ichimaru": 0.0454689736774509,
    "Kisuke Urahara": 0.030714638904711298,
    "Bleach: Memories of Nobody": 0.01593222047511779,
    "Hueco Mundo": 0.07844486342602378,
    "Arturo Plateado": 0.0024264349079913578,
    "Sora Inoue": 0.009441225517458789,
    "Ulquiorra Cifer": 0.0385360606593511,
    "Cirucci Sanderwicci": 0.0,
    "Dordoni Alessandro Del Socaccio": 0.0,
    "Nelliel Tu Odelschwanck": 0.0,
    "Soul Society": 0.0752875545426878,
    "Isshin Kurosaki": 0.02321059886817312,
    "Bleach": 0.014605659911458495,
    "Rangiku Matsumoto": 0.06945748497156833,
    "Gotei 13": 0.04499714603836071,
    "Zanpaktou": 0.0,
    "Bankai": 0.039652204456558905,
    "Zanpakut\u014d": 0.08137418268264153,
    "Renji Abarai": 0.05453571209935087,
    "T\u014dshir\u014d Hitsugaya": 0.06084955549120613,
    "Byakuya Kuchiki": 0.05945634415457108,
    "Shikai": 0.05018488309981388,
    "Grimmjow Jaegerjaquez": 0.05715170829321321,
    "Tier Harribel": 0.0,
    "Hollow": 0.06471759149589328,
    "S\u014dsuke Aizen": 0.08355495632639774
  },
  "averagePathLength": 1.0800492610837438
}