{
  "numNodes": 28,
  "numEdges": 220,
  "selfLinks": 1,
  "numStrongComponents": 11,
  "numWeakComponents": 1,
  "sizeLargestStrong": 18,
  "sizeLargestWeak": 28,
  "radius": 2,
  "diameter": 3,
  "averageInDegree": 7.857142857142857,
  "averageOutDegree": 7.857142857142857,
  "maxOutDegree": 16,
  "maxInDegree": 20,
  "pageRank": {
    "Races": 0.005683011832832582,
    "List of Arrancar": 0.005683011832832582,
    "Gin Ichimaru": 0.04506667352938158,
    "Kisuke Urahara": 0.03256466771547488,
    "Bleach: Memories of Nobody": 0.011730471271481961,
    "Hueco Mundo": 0.06988955518551197,
    "Arturo Plateado": 0.006535484513605486,
    "Sora Inoue": 0.035481595825505426,
    "Ulquiorra Cifer": 0.034166649201005456,
    "Cirucci Sanderwicci": 0.005683011832832582,
    "Dordoni Alessandro Del Socaccio": 0.005683011832832582,
    "Nelliel Tu Odelschwanck": 0.005683011832832582,
    "Soul Society": 0.09524577451653467,
    "Isshin Kurosaki": 0.01896648000097618,
    "Bleach": 0.014427143441011155,
    "Rangiku Matsumoto": 0.06271708416696231,
    "Gotei 13": 0.044607029486845966,
    "Zanpaktou": 0.005683011832832582,
    "Bankai": 0.028655133957492737,
    "Zanpakut\u014d": 0.07336021723921526,
    "Renji Abarai": 0.04407958765132664,
    "T\u014dshir\u014d Hitsugaya": 0.05523910363789343,
    "Byakuya Kuchiki": 0.05296648445472493,
    "Shikai": 0.03703945919174117,
    "Grimmjow Jaegerjaquez": 0.04226280087920046,
    "Tier Harribel": 0.005683011832832582,
    "Hollow": 0.0765198531392725,
    "S\u014dsuke Aizen": 0.07869766816500773
  },
  "hitsHubs": {
    "Races": 0.02437421230475008,
    "List of Arrancar": 0.02421740325618184,
    "Gin Ichimaru": 0.06501872217760236,
    "Kisuke Urahara": 0.05747709263916145,
    "Bleach: Memories of Nobody": 0.03630929719368158,
    "Hueco Mundo": 0.011257531821916973,
    "Arturo Plateado": 0.05545105780632496,
    "Sora Inoue": 0.022344059477600244,
    "Ulquiorra Cifer": 0.03655432212522767,
    "Cirucci Sanderwicci": 0.012182036773043577,
    "Dordoni Alessandro Del Socaccio": 0.016313822941090517,
    "Nelliel Tu Odelschwanck": 0.02962354995644081,
    "Soul Society": 0.03570965612708924,
    "Isshin Kurosaki": 0.03259942816398691,
    "Bleach": 0.04601335524054195,
    "Rangiku Matsumoto": 0.05864981328299984,
    "Gotei 13": 0.038941794235032724,
    "Zanpaktou": 0.006007809053973304,
    "Bankai": 0.0,
    "Zanpakut\u014d": 0.04279786829374801,
    "Renji Abarai": 0.06423945192493515,
    "T\u014dshir\u014d Hitsugaya": 0.048820640949314216,
    "Byakuya Kuchiki": 0.05623180100631761,
    "Shikai": 0.0,
    "Grimmjow Jaegerjaquez": 0.02930820912848568,
    "Tier Harribel": 0.04306537253538078,
    "Hollow": 0.040009598896620105,
    "S\u014dsuke Aizen": 0.0664820926885523
  },
  "hitsAuths": {
    "Races": 0.0,
    "List of Arrancar": 0.0,
    "Gin Ichimaru": 0.04502075271963617,
    "Kisuke Urahara": 0.037920572042575,
    "Bleach: Memories of Nobody": 0.01071794039684347,
    "Hueco Mundo": 0.07672731646206275,
    "Arturo Plateado": 0.002374116893496972,
    "Sora Inoue": 0.009536746886016117,
    "Ulquiorra Cifer": 0.04111931919717426,
    "Cirucci Sanderwicci": 0.0,
    "Dordoni Alessandro Del Socaccio": 0.0,
    "Nelliel Tu Odelschwanck": 0.0,
    "Soul Society": 0.07787246757757334,
    "Isshin Kurosaki": 0.01634777823862483,
    "Bleach": 0.01614063072711909,
    "Rangiku Matsumoto": 0.06631058530187363,
    "Gotei 13": 0.04793236093196945,
    "Zanpaktou": 0.0,
    "Bankai": 0.039281868280046046,
    "Zanpakut\u014d": 0.07948227572692926,
    "Renji Abarai": 0.05708536543914602,
    "T\u014dshir\u014d Hitsugaya": 0.06206103118474305,
    "Byakuya Kuchiki": 0.060379897884418575,
    "Shikai": 0.054662817094066514,
    "Grimmjow Jaegerjaquez": 0.055816204692348256,
    "Tier Harribel": 0.0,
    "Hollow": 0.06152598641176464,
    "S\u014dsuke Aizen": 0.08168396591157265
  },
  "averagePathLength": 1.0992063492063493
}