{
  "numNodes": 29,
  "numEdges": 183,
  "selfLinks": 1,
  "numStrongComponents": 14,
  "numWeakComponents": 1,
  "sizeLargestStrong": 16,
  "sizeLargestWeak": 29,
  "radius": 2,
  "diameter": 3,
  "averageInDegree": 6.310344827586207,
  "averageOutDegree": 6.310344827586207,
  "maxOutDegree": 13,
  "maxInDegree": 20,
  "pageRank": {
    "Bleach Wiki": 0.005771014232180851,
    "Races": 0.005771014232180851,
    "List of Arrancar": 0.005771014232180851,
    "Gin Ichimaru": 0.04991862733794493,
    "Kisuke Urahara": 0.03224675594365459,
    "Bleach: Memories of Nobody": 0.012961941807800706,
    "Hueco Mundo": 0.08022315161940652,
    "Arturo Plateado": 0.007502354707578811,
    "Sora Inoue": 0.04043414172200993,
    "Ulquiorra Cifer": 0.005771014232180851,
    "Cirucci Sanderwicci": 0.005771014232180851,
    "Dordoni Alessandro Del Socaccio": 0.005771014232180851,
    "Nelliel Tu Odelschwanck": 0.005771014232180851,
    "Soul Society": 0.11233348049652624,
    "Isshin Kurosaki": 0.02000736646347482,
    "Bleach": 0.01879740684937318,
    "Rangiku Matsumoto": 0.05655552843458615,
    "Gotei 13": 0.0566324668365011,
    "Zanpaktou": 0.005771014232180851,
    "Bankai": 0.03462944467135725,
    "Zanpakut\u014d": 0.07445363832406701,
    "Renji Abarai": 0.03929228641003363,
    "T\u014dshir\u014d Hitsugaya": 0.05585798393484542,
    "Byakuya Kuchiki": 0.05902546743223825,
    "Shikai": 0.04021521639463983,
    "Grimmjow Jaegerjaquez": 0.005771014232180851,
    "Tier Harribel": 0.005771014232180851,
    "Hollow": 0.06926202527028658,
    "S\u014dsuke Aizen": 0.08194057302186661
  },
  "hitsHubs": {
    "Bleach Wiki": 0.0008811147812098368,
    "Races": 0.028750590889345194,
    "List of Arrancar": 0.01486465715356425,
    "Gin Ichimaru": 0.06356596769236855,
    "Kisuke Urahara": 0.054013821165151854,
    "Bleach: Memories of Nobody": 0.019378410107811467,
    "Hueco Mundo": 0.013017833654637677,
    "Arturo Plateado": 0.03491544562545318,
    "Sora Inoue": 0.02672067801950992,
    "Ulquiorra Cifer": 0.027097749459282297,
    "Cirucci Sanderwicci": 0.015258235561866777,
    "Dordoni Alessandro Del Socaccio": 0.024103239407409344,
    "Nelliel Tu Odelschwanck": 0.022211902555936275,
    "Soul Society": 0.036249533694363005,
    "Isshin Kurosaki": 0.04525609554227945,
    "Bleach": 0.04883281072575001,
    "Rangiku Matsumoto": 0.06268326683350549,
    "Gotei 13": 0.04504260947966428,
    "Zanpaktou": 0.007706999599236847,
    "Bankai": 0.0,
    "Zanpakut\u014d": 0.04789854351317504,
    "Renji Abarai": 0.07091797446344039,
    "T\u014dshir\u014d Hitsugaya": 0.05279391128869229,
    "Byakuya Kuchiki": 0.06254496301362458,
    "Shikai": 0.0,
    "Grimmjow Jaegerjaquez": 0.03467850181907525,
    "Tier Harribel": 0.03763680169739551,
    "Hollow": 0.04039005425176189,
    "S\u014dsuke Aizen": 0.06258828800448928
  },
  "hitsAuths": {
    "Bleach Wiki": 0.0,
    "Races": 0.0,
    "List of Arrancar": 0.0,
    "Gin Ichimaru": 0.052312263749031356,
    "Kisuke Urahara": 0.039971507124577636,
    "Bleach: Memories of Nobody": 0.014419929536503097,
    "Hueco Mundo": 0.08728373512073534,
    "Arturo Plateado": 0.0017479758723814183,
    "Sora Inoue": 0.012022764643560793,
    "Ulquiorra Cifer": 0.0,
    "Cirucci Sanderwicci": 0.0,
    "Dordoni Alessandro Del Socaccio": 0.0,
    "Nelliel Tu Odelschwanck": 0.0,
    "Soul Society": 0.09005146154679623,
    "Isshin Kurosaki": 0.01728083912275609,
    "Bleach": 0.01105991834807087,
    "Rangiku Matsumoto": 0.055356849437283494,
    "Gotei 13": 0.06447029693837678,
    "Zanpaktou": 0.0,
    "Bankai": 0.052407984857236196,
    "Zanpakut\u014d": 0.0967397075771844,
    "Renji Abarai": 0.053292827269890576,
    "T\u014dshir\u014d Hitsugaya": 0.07378908691181617,
    "Byakuya Kuchiki": 0.0630640842172612,
    "Shikai": 0.058616165918843756,
    "Grimmjow Jaegerjaquez": 0.0,
    "Tier Harribel": 0.0,
    "Hollow": 0.06132806867453175,
    "S\u014dsuke Aizen": 0.09478453313316289
  },
  "averagePathLength": 0.9987684729064039
}