{
  "numNodes": 29,
  "numEdges": 215,
  "selfLinks": 1,
  "numStrongComponents": 12,
  "numWeakComponents": 1,
  "sizeLargestStrong": 18,
  "sizeLargestWeak": 29,
  "radius": 2,
  "diameter": 3,
  "averageInDegree": 7.413793103448276,
  "averageOutDegree": 7.413793103448276,
  "maxOutDegree": 16,
  "maxInDegree": 20,
  "pageRank": {
    "Bleach Wiki": 0.005387041016026603,
    "Races": 0.005387041016026603,
    "List of Arrancar": 0.005387041016026603,
    "Gin Ichimaru": 0.04575004919646627,
    "Kisuke Urahara": 0.02753441263382471,
    "Bleach: Memories of Nobody": 0.01642828608571955,
    "Hueco Mundo": 0.07084593510921328,
    "Arturo Plateado": 0.006195088724862353,
    "Sora Inoue": 0.0375737371133386,
    "Ulquiorra Cifer": 0.02497478164614107,
    "Cirucci Sanderwicci": 0.005387041016026603,
    "Dordoni Alessandro Del Socaccio": 0.005387041016026603,
    "Nelliel Tu Odelschwanck": 0.005387041016026603,
    "Soul Society": 0.09626416497504031,
    "Isshin Kurosaki": 0.02061664915755792,
    "Bleach": 0.02103798033847572,
    "Rangiku Matsumoto": 0.0624535191805131,
    "Gotei 13": 0.04300206823322703,
    "Zanpaktou": 0.005387041016026603,
    "Bankai": 0.02863463808928695,
    "Zanpakut\u014d": 0.07308777536317977,
    "Renji Abarai": 0.03959119602778915,
    "T\u014dshir\u014d Hitsugaya": 0.05673129591842407,
    "Byakuya Kuchiki": 0.05459221515426864,
    "Shikai": 0.0338337909927304,
    "Grimmjow Jaegerjaquez": 0.038197814222346395,
    "Tier Harribel": 0.005387041016026603,
    "Hollow": 0.08187426306069238,
    "S\u014dsuke Aizen": 0.0776840106486895
  },
  "hitsHubs": {
    "Bleach Wiki": 0.001115001162743311,
    "Races": 0.026404679425854404,
    "List of Arrancar": 0.02488183247914656,
    "Gin Ichimaru": 0.05973214593584141,
    "Kisuke Urahara": 0.05949236593672044,
    "Bleach: Memories of Nobody": 0.01784950883331781,
    "Hueco Mundo": 0.012208447404252126,
    "Arturo Plateado": 0.050568556835205815,
    "Sora Inoue": 0.024027396009043862,
    "Ulquiorra Cifer": 0.038498833157592595,
    "Cirucci Sanderwicci": 0.018098364770531426,
    "Dordoni Alessandro Del Socaccio": 0.012557377362717656,
    "Nelliel Tu Odelschwanck": 0.03500252653429619,
    "Soul Society": 0.03741229250458127,
    "Isshin Kurosaki": 0.03322852932702569,
    "Bleach": 0.04656405767960333,
    "Rangiku Matsumoto": 0.0560484306352653,
    "Gotei 13": 0.03857625316893924,
    "Zanpaktou": 0.00639741747445003,
    "Bankai": 0.0,
    "Zanpakut\u014d": 0.04359383336017225,
    "Renji Abarai": 0.068137223136553,
    "T\u014dshir\u014d Hitsugaya": 0.051111046606999826,
    "Byakuya Kuchiki": 0.05834931025840756,
    "Shikai": 0.0,
    "Grimmjow Jaegerjaquez": 0.029530490474184996,
    "Tier Harribel": 0.045141871917504545,
    "Hollow": 0.03780757255234638,
    "S\u014dsuke Aizen": 0.06766463505670302
  },
  "hitsAuths": {
    "Bleach Wiki": 0.0,
    "Races": 0.0,
    "List of Arrancar": 0.0,
    "Gin Ichimaru": 0.04692109041908651,
    "Kisuke Urahara": 0.024895220562459065,
    "Bleach: Memories of Nobody": 0.016362574713753197,
    "Hueco Mundo": 0.07999321849299927,
    "Arturo Plateado": 0.0025030171087262834,
    "Sora Inoue": 0.009715586135165004,
    "Ulquiorra Cifer": 0.03919056779775177,
    "Cirucci Sanderwicci": 0.0,
    "Dordoni Alessandro Del Socaccio": 0.0,
    "Nelliel Tu Odelschwanck": 0.0,
    "Soul Society": 0.07671263702265874,
    "Isshin Kurosaki": 0.024031224188225765,
    "Bleach": 0.014453415448505086,
    "Rangiku Matsumoto": 0.07048380398694776,
    "Gotei 13": 0.04606776058993836,
    "Zanpaktou": 0.0,
    "Bankai": 0.040505314378434576,
    "Zanpakut\u014d": 0.08292774540992932,
    "Renji Abarai": 0.048828422339337284,
    "T\u014dshir\u014d Hitsugaya": 0.0615144250965518,
    "Byakuya Kuchiki": 0.06003080099241529,
    "Shikai": 0.050733893286420105,
    "Grimmjow Jaegerjaquez": 0.05245351875594415,
    "Tier Harribel": 0.0,
    "Hollow": 0.07182610716120359,
    "S\u014dsuke Aizen": 0.07984965611354745
  },
  "averagePathLength": 1.083743842364532
}