{
  "numNodes": 28,
  "numEdges": 220,
  "selfLinks": 1,
  "numStrongComponents": 9,
  "numWeakComponents": 1,
  "sizeLargestStrong": 20,
  "sizeLargestWeak": 28,
  "radius": 2,
  "diameter": 4,
  "averageInDegree": 7.857142857142857,
  "averageOutDegree": 7.857142857142857,
  "maxOutDegree": 17,
  "maxInDegree": 20,
  "pageRank": {
    "Races": 0.004981338114941839,
    "List of Arrancar": 0.004981338114941839,
    "Gin Ichimaru": 0.03551123659912535,
    "Kisuke Urahara": 0.04586121537387978,
    "Bleach: Memories of Nobody": 0.006759644464351695,
    "Hueco Mundo": 0.08507464961080215,
    "Arturo Plateado": 0.005728543192114106,
    "Sora Inoue": 0.03288172743825475,
    "Ulquiorra Cifer": 0.028611365255041845,
    "Cirucci Sanderwicci": 0.005728543192114106,
    "Dordoni Alessandro Del Socaccio": 0.020146843728630907,
    "Nelliel Tu Odelschwanck": 0.01808678666595551,
    "Soul Society": 0.09823918310405806,
    "Isshin Kurosaki": 0.020574852658783095,
    "Bleach": 0.012602801750874203,
    "Rangiku Matsumoto": 0.06302406700337652,
    "Gotei 13": 0.048209454718346464,
    "Zanpaktou": 0.004981338114941839,
    "Bankai": 0.020366780556976823,
    "Zanpakut\u014d": 0.056011771627313994,
    "Renji Abarai": 0.04700476067283571,
    "T\u014dshir\u014d Hitsugaya": 0.056511013064999394,
    "Byakuya Kuchiki": 0.042361312521527084,
    "Shikai": 0.023496803039155,
    "Grimmjow Jaegerjaquez": 0.04565785697285175,
    "Tier Harribel": 0.004981338114941839,
    "Hollow": 0.06868701148376483,
    "S\u014dsuke Aizen": 0.09293642284509945
  },
  "hitsHubs": {
    "Races": 0.02405613723902573,
    "List of Arrancar": 0.010760890493167608,
    "Gin Ichimaru": 0.0732507510612872,
    "Kisuke Urahara": 0.051836425080970396,
    "Bleach: Memories of Nobody": 0.037716997112044674,
    "Hueco Mundo": 0.017752151520345295,
    "Arturo Plateado": 0.0597393879448541,
    "Sora Inoue": 0.02276845360848893,
    "Ulquiorra Cifer": 0.042927753299799844,
    "Cirucci Sanderwicci": 0.014684820600355602,
    "Dordoni Alessandro Del Socaccio": 0.020862632082247864,
    "Nelliel Tu Odelschwanck": 0.020887311535210347,
    "Soul Society": 0.03184250663181953,
    "Isshin Kurosaki": 0.0371787344114887,
    "Bleach": 0.04894199195677164,
    "Rangiku Matsumoto": 0.05591600759397888,
    "Gotei 13": 0.030880682220300357,
    "Zanpaktou": 0.005267798141436497,
    "Bankai": 0.0,
    "Zanpakut\u014d": 0.04632324196771103,
    "Renji Abarai": 0.07056088567577316,
    "T\u014dshir\u014d Hitsugaya": 0.04349787173035624,
    "Byakuya Kuchiki": 0.05107722176218367,
    "Shikai": 0.0,
    "Grimmjow Jaegerjaquez": 0.030807551796299567,
    "Tier Harribel": 0.039362925661497086,
    "Hollow": 0.0401972655004679,
    "S\u014dsuke Aizen": 0.07090160337211812
  },
  "hitsAuths": {
    "Races": 0.0,
    "List of Arrancar": 0.0,
    "Gin Ichimaru": 0.04608608913519408,
    "Kisuke Urahara": 0.05967981967039877,
    "Bleach: Memories of Nobody": 0.007089121118017527,
    "Hueco Mundo": 0.08267275320802962,
    "Arturo Plateado": 0.0010450302891748375,
    "Sora Inoue": 0.010380624175779705,
    "Ulquiorra Cifer": 0.035773626524272545,
    "Cirucci Sanderwicci": 0.0010450302891748375,
    "Dordoni Alessandro Del Socaccio": 0.025351178090436504,
    "Nelliel Tu Odelschwanck": 0.010231789478546976,
    "Soul Society": 0.07909314841390448,
    "Isshin Kurosaki": 0.0235318259095172,
    "Bleach": 0.008997958366244545,
    "Rangiku Matsumoto": 0.05648363076904075,
    "Gotei 13": 0.04725557061584808,
    "Zanpaktou": 0.0,
    "Bankai": 0.02648821911690105,
    "Zanpakut\u014d": 0.0658107980863356,
    "Renji Abarai": 0.0561588515209327,
    "T\u014dshir\u014d Hitsugaya": 0.06812516022056918,
    "Byakuya Kuchiki": 0.05725494244599041,
    "Shikai": 0.03815076556401709,
    "Grimmjow Jaegerjaquez": 0.06098955044879485,
    "Tier Harribel": 0.0,
    "Hollow": 0.05687043796389569,
    "S\u014dsuke Aizen": 0.0754340785789828
  },
  "averagePathLength": 1.2857142857142858
}