{
  "numNodes": 28,
  "numEdges": 216,
  "selfLinks": 1,
  "numStrongComponents": 10,
  "numWeakComponents": 1,
  "sizeLargestStrong": 19,
  "sizeLargestWeak": 28,
  "radius": 2,
  "diameter": 3,
  "averageInDegree": 7.714285714285714,
  "averageOutDegree": 7.714285714285714,
  "maxOutDegree": 15,
  "maxInDegree": 20,
  "pageRank": {
    "Races": 0.004938719205546867,
    "List of Arrancar": 0.004938719205546867,
    "Gin Ichimaru": 0.047444942215858724,
    "Kisuke Urahara": 0.047439299220299956,
    "Bleach: Memories of Nobody": 0.011192922906834145,
    "Hueco Mundo": 0.08489632564956433,
    "Arturo Plateado": 0.005827670995028562,
    "Sora Inoue": 0.038788264993007346,
    "Ulquiorra Cifer": 0.026084091461254677,
    "Cirucci Sanderwicci": 0.005827670995028562,
    "Dordoni Alessandro Del Socaccio": 0.004938719205546867,
    "Nelliel Tu Odelschwanck": 0.014482397326946242,
    "Soul Society": 0.10724850169755126,
    "Isshin Kurosaki": 0.016334853752396346,
    "Bleach": 0.011381031809661078,
    "Rangiku Matsumoto": 0.06417177658552617,
    "Gotei 13": 0.05091325872060589,
    "Zanpaktou": 0.004938719205546867,
    "Bankai": 0.018407913282410777,
    "Zanpakut\u014d": 0.05716068152760952,
    "Renji Abarai": 0.04662585509254857,
    "T\u014dshir\u014d Hitsugaya": 0.056165561087425486,
    "Byakuya Kuchiki": 0.042653968605615135,
    "Shikai": 0.024130128679388657,
    "Grimmjow Jaegerjaquez": 0.04584223466175591,
    "Tier Harribel": 0.004938719205546867,
    "Hollow": 0.07448644554832771,
    "S\u014dsuke Aizen": 0.0778006071576204
  },
  "hitsHubs": {
    "Races": 0.023767249054737098,
    "List of Arrancar": 0.008032693168460574,
    "Gin Ichimaru": 0.06603525893742813,
    "Kisuke Urahara": 0.051717962532377953,
    "Bleach: Memories of Nobody": 0.038034717899986505,
    "Hueco Mundo": 0.010779690472804318,
    "Arturo Plateado": 0.05958979503074529,
    "Sora Inoue": 0.02206117571504288,
    "Ulquiorra Cifer": 0.04232703239857846,
    "Cirucci Sanderwicci": 0.012864871189167544,
    "Dordoni Alessandro Del Socaccio": 0.02113229685588382,
    "Nelliel Tu Odelschwanck": 0.018156845130883913,
    "Soul Society": 0.03136137270592234,
    "Isshin Kurosaki": 0.03889601159395608,
    "Bleach": 0.04848449446781825,
    "Rangiku Matsumoto": 0.05700105891039742,
    "Gotei 13": 0.043012579030132794,
    "Zanpaktou": 0.005501612842881646,
    "Bankai": 0.0,
    "Zanpakut\u014d": 0.044626454089380846,
    "Renji Abarai": 0.06096003448430686,
    "T\u014dshir\u014d Hitsugaya": 0.04931525707532655,
    "Byakuya Kuchiki": 0.05272982819271891,
    "Shikai": 0.0,
    "Grimmjow Jaegerjaquez": 0.03412227142802691,
    "Tier Harribel": 0.05018483714579136,
    "Hollow": 0.04516008595199908,
    "S\u014dsuke Aizen": 0.06414451369524443
  },
  "hitsAuths": {
    "Races": 0.0,
    "List of Arrancar": 0.0,
    "Gin Ichimaru": 0.056798107909262985,
    "Kisuke Urahara": 0.05991172902323879,
    "Bleach: Memories of Nobody": 0.011574537962165106,
    "Hueco Mundo": 0.08535597891092876,
    "Arturo Plateado": 0.0008066217714964213,
    "Sora Inoue": 0.010486008688504552,
    "Ulquiorra Cifer": 0.02936146935746186,
    "Cirucci Sanderwicci": 0.0008066217714964213,
    "Dordoni Alessandro Del Socaccio": 0.0,
    "Nelliel Tu Odelschwanck": 0.010605507642921737,
    "Soul Society": 0.08614426761295113,
    "Isshin Kurosaki": 0.01826568875719912,
    "Bleach": 0.01052519907604187,
    "Rangiku Matsumoto": 0.06311954730343734,
    "Gotei 13": 0.04732669807419025,
    "Zanpaktou": 0.0,
    "Bankai": 0.02522163687748977,
    "Zanpakut\u014d": 0.07126551613279306,
    "Renji Abarai": 0.058006663278231764,
    "T\u014dshir\u014d Hitsugaya": 0.07126081477796202,
    "Byakuya Kuchiki": 0.058535495874132024,
    "Shikai": 0.03785489009262894,
    "Grimmjow Jaegerjaquez": 0.062471816729181354,
    "Tier Harribel": 0.0,
    "Hollow": 0.04300517738011813,
    "S\u014dsuke Aizen": 0.08129000499616665
  },
  "averagePathLength": 1.2063492063492063
}