{
  "numNodes": 28,
  "numEdges": 213,
  "selfLinks": 1,
  "numStrongComponents": 10,
  "numWeakComponents": 1,
  "sizeLargestStrong": 19,
  "sizeLargestWeak": 28,
  "radius": 2,
  "diameter": 4,
  "averageInDegree": 7.607142857142857,
  "averageOutDegree": 7.607142857142857,
  "maxOutDegree": 16,
  "maxInDegree": 20,
  "pageRank": {
    "Races": 0.0049533070347198595,
    "List of Arrancar": 0.0049533070347198595,
    "Gin Ichimaru": 0.036695041840461504,
    "Kisuke Urahara": 0.04099529245636279,
    "Bleach: Memories of Nobody": 0.006829567838663023,
    "Hueco Mundo": 0.08598811556208416,
    "Arturo Plateado": 0.0058448832919037194,
    "Sora Inoue": 0.03335317848675428,
    "Ulquiorra Cifer": 0.029777500718735302,
    "Cirucci Sanderwicci": 0.0058448832919037194,
    "Dordoni Alessandro Del Socaccio": 0.0049533070347198595,
    "Nelliel Tu Odelschwanck": 0.015889944666366097,
    "Soul Society": 0.10159841734632735,
    "Isshin Kurosaki": 0.020527838640224037,
    "Bleach": 0.013851795968529703,
    "Rangiku Matsumoto": 0.06596048181290919,
    "Gotei 13": 0.049816561175778686,
    "Zanpaktou": 0.0049533070347198595,
    "Bankai": 0.018424541412454275,
    "Zanpakut\u014d": 0.05460402749413775,
    "Renji Abarai": 0.04941000189570981,
    "T\u014dshir\u014d Hitsugaya": 0.059119872748557324,
    "Byakuya Kuchiki": 0.04452809779468918,
    "Shikai": 0.024566173986809787,
    "Grimmjow Jaegerjaquez": 0.048031787170934585,
    "Tier Harribel": 0.0049533070347198595,
    "Hollow": 0.0703889360110431,
    "S\u014dsuke Aizen": 0.09318652321506098
  },
  "hitsHubs": {
    "Races": 0.024575982362512436,
    "List of Arrancar": 0.008814180037906494,
    "Gin Ichimaru": 0.07231979999984132,
    "Kisuke Urahara": 0.05281521436711052,
    "Bleach: Memories of Nobody": 0.03810255728408398,
    "Hueco Mundo": 0.018175376259241906,
    "Arturo Plateado": 0.06072059674815444,
    "Sora Inoue": 0.023283781606611518,
    "Ulquiorra Cifer": 0.043588342124899426,
    "Cirucci Sanderwicci": 0.012964574091140898,
    "Dordoni Alessandro Del Socaccio": 0.021337369865181827,
    "Nelliel Tu Odelschwanck": 0.019167066003395673,
    "Soul Society": 0.032529930175211906,
    "Isshin Kurosaki": 0.03774453775073554,
    "Bleach": 0.04973304549815941,
    "Rangiku Matsumoto": 0.05681951967525838,
    "Gotei 13": 0.026501308394327475,
    "Zanpaktou": 0.005400598895759791,
    "Bankai": 0.0,
    "Zanpakut\u014d": 0.046983112978787274,
    "Renji Abarai": 0.06963183015720621,
    "T\u014dshir\u014d Hitsugaya": 0.04437014959575955,
    "Byakuya Kuchiki": 0.0521242559952806,
    "Shikai": 0.0,
    "Grimmjow Jaegerjaquez": 0.031364955430099394,
    "Tier Harribel": 0.04019749600319616,
    "Hollow": 0.04083129157891897,
    "S\u014dsuke Aizen": 0.06990312712121893
  },
  "hitsAuths": {
    "Races": 0.0,
    "List of Arrancar": 0.0,
    "Gin Ichimaru": 0.0477380555321257,
    "Kisuke Urahara": 0.05850125077857297,
    "Bleach: Memories of Nobody": 0.0074136015464435715,
    "Hueco Mundo": 0.08540298030952752,
    "Arturo Plateado": 0.0008793658140385705,
    "Sora Inoue": 0.010848653658404445,
    "Ulquiorra Cifer": 0.03633656767759073,
    "Cirucci Sanderwicci": 0.0008793658140385705,
    "Dordoni Alessandro Del Socaccio": 0.0,
    "Nelliel Tu Odelschwanck": 0.010486013370186483,
    "Soul Society": 0.08152628255221843,
    "Isshin Kurosaki": 0.024145776056143924,
    "Bleach": 0.0088972212124792,
    "Rangiku Matsumoto": 0.05788836334865548,
    "Gotei 13": 0.04874787473065987,
    "Zanpaktou": 0.0,
    "Bankai": 0.027030584778270462,
    "Zanpakut\u014d": 0.06816913778955108,
    "Renji Abarai": 0.05752121774996037,
    "T\u014dshir\u014d Hitsugaya": 0.07002691783463888,
    "Byakuya Kuchiki": 0.058653146381625096,
    "Shikai": 0.03918780664612696,
    "Grimmjow Jaegerjaquez": 0.06267580252625994,
    "Tier Harribel": 0.0,
    "Hollow": 0.05880146994437196,
    "S\u014dsuke Aizen": 0.07824254394810971
  },
  "averagePathLength": 1.2288359788359788
}