{
  "numNodes": 28,
  "numEdges": 214,
  "selfLinks": 1,
  "numStrongComponents": 10,
  "numWeakComponents": 1,
  "sizeLargestStrong": 19,
  "sizeLargestWeak": 28,
  "radius": 2,
  "diameter": 4,
  "averageInDegree": 7.642857142857143,
  "averageOutDegree": 7.642857142857143,
  "maxOutDegree": 16,
  "maxInDegree": 20,
  "pageRank": {
    "Races": 0.004960842093785252,
    "List of Arrancar": 0.004960842093785252,
    "Gin Ichimaru": 0.03674517180480087,
    "Kisuke Urahara": 0.04132508927516581,
    "Bleach: Memories of Nobody": 0.006841914831439274,
    "Hueco Mundo": 0.08541867316031859,
    "Arturo Plateado": 0.005853774609565123,
    "Sora Inoue": 0.0338230961371,
    "Ulquiorra Cifer": 0.02572003095846631,
    "Cirucci Sanderwicci": 0.005853774609565123,
    "Dordoni Alessandro Del Socaccio": 0.004960842093785252,
    "Nelliel Tu Odelschwanck": 0.01471516475219851,
    "Soul Society": 0.10247687601742161,
    "Isshin Kurosaki": 0.020572881522890652,
    "Bleach": 0.013896745605592738,
    "Rangiku Matsumoto": 0.06560412781572958,
    "Gotei 13": 0.05005035806145086,
    "Zanpaktou": 0.004960842093785252,
    "Bankai": 0.018563617443818188,
    "Zanpakut\u014d": 0.05498834544923611,
    "Renji Abarai": 0.04843748650845851,
    "T\u014dshir\u014d Hitsugaya": 0.05867709372772469,
    "Byakuya Kuchiki": 0.0446896006183987,
    "Shikai": 0.02466154566960805,
    "Grimmjow Jaegerjaquez": 0.0479668592170552,
    "Tier Harribel": 0.004960842093785252,
    "Hollow": 0.0756056902932161,
    "S\u014dsuke Aizen": 0.09270787144185298
  },
  "hitsHubs": {
    "Races": 0.024580978473660295,
    "List of Arrancar": 0.008236025741616524,
    "Gin Ichimaru": 0.07154152449351858,
    "Kisuke Urahara": 0.05207472640291693,
    "Bleach: Memories of Nobody": 0.0379014947285074,
    "Hueco Mundo": 0.018265432076390167,
    "Arturo Plateado": 0.0602912733631279,
    "Sora Inoue": 0.023302443393218835,
    "Ulquiorra Cifer": 0.043836582347512205,
    "Cirucci Sanderwicci": 0.012886854951154438,
    "Dordoni Alessandro Del Socaccio": 0.021162844240827258,
    "Nelliel Tu Odelschwanck": 0.018490127127995762,
    "Soul Society": 0.03281163829558904,
    "Isshin Kurosaki": 0.03754802882344545,
    "Bleach": 0.04942019970320296,
    "Rangiku Matsumoto": 0.05613718915396895,
    "Gotei 13": 0.026536932166583913,
    "Zanpaktou": 0.005334435380288375,
    "Bankai": 0.0,
    "Zanpakut\u014d": 0.04707848299077332,
    "Renji Abarai": 0.06653099435231954,
    "T\u014dshir\u014d Hitsugaya": 0.04414410799489943,
    "Byakuya Kuchiki": 0.05192875691710727,
    "Shikai": 0.0,
    "Grimmjow Jaegerjaquez": 0.035929652749742774,
    "Tier Harribel": 0.044528868495355665,
    "Hollow": 0.04038384409865105,
    "S\u014dsuke Aizen": 0.06911656153762587
  },
  "hitsAuths": {
    "Races": 0.0,
    "List of Arrancar": 0.0,
    "Gin Ichimaru": 0.047749584778236855,
    "Kisuke Urahara": 0.05800188947462676,
    "Bleach: Memories of Nobody": 0.007403088136806451,
    "Hueco Mundo": 0.08569910447972592,
    "Arturo Plateado": 0.0008239331586364714,
    "Sora Inoue": 0.01081128536786099,
    "Ulquiorra Cifer": 0.03000378698026232,
    "Cirucci Sanderwicci": 0.0008239331586364714,
    "Dordoni Alessandro Del Socaccio": 0.0,
    "Nelliel Tu Odelschwanck": 0.010920892266025283,
    "Soul Society": 0.08099195704364372,
    "Isshin Kurosaki": 0.023990755275465913,
    "Bleach": 0.008905513666052073,
    "Rangiku Matsumoto": 0.06242107735703557,
    "Gotei 13": 0.04823805378706536,
    "Zanpaktou": 0.0,
    "Bankai": 0.02660066824776874,
    "Zanpakut\u014d": 0.0680444234898619,
    "Renji Abarai": 0.05766783001193804,
    "T\u014dshir\u014d Hitsugaya": 0.07040993873611015,
    "Byakuya Kuchiki": 0.05810066022933268,
    "Shikai": 0.03872293520863411,
    "Grimmjow Jaegerjaquez": 0.062483675664048194,
    "Tier Harribel": 0.0,
    "Hollow": 0.06250334413366887,
    "S\u014dsuke Aizen": 0.07868166934855743
  },
  "averagePathLength": 1.2288359788359788
}