{
  "numNodes": 28,
  "numEdges": 215,
  "selfLinks": 1,
  "numStrongComponents": 10,
  "numWeakComponents": 1,
  "sizeLargestStrong": 19,
  "sizeLargestWeak": 28,
  "radius": 2,
  "diameter": 3,
  "averageInDegree": 7.678571428571429,
  "averageOutDegree": 7.678571428571429,
  "maxOutDegree": 15,
  "maxInDegree": 20,
  "pageRank": {
    "Races": 0.004979637550489844,
    "List of Arrancar": 0.004979637550489844,
    "Gin Ichimaru": 0.04763117488511442,
    "Kisuke Urahara": 0.047792547573676444,
    "Bleach: Memories of Nobody": 0.011778818134595399,
    "Hueco Mundo": 0.0855662048238171,
    "Arturo Plateado": 0.005875947964469379,
    "Sora Inoue": 0.039040513490582324,
    "Ulquiorra Cifer": 0.025863502137259985,
    "Cirucci Sanderwicci": 0.005875947964469379,
    "Dordoni Alessandro Del Socaccio": 0.004979637550489844,
    "Nelliel Tu Odelschwanck": 0.014472920132077169,
    "Soul Society": 0.10795159154740352,
    "Isshin Kurosaki": 0.021109913947758553,
    "Bleach": 0.011976774156147162,
    "Rangiku Matsumoto": 0.06369475212257592,
    "Gotei 13": 0.05072328473705886,
    "Zanpaktou": 0.004979637550489844,
    "Bankai": 0.01904383424227994,
    "Zanpakut\u014d": 0.055125507186090814,
    "Renji Abarai": 0.04615953040639626,
    "T\u014dshir\u014d Hitsugaya": 0.05556328372931075,
    "Byakuya Kuchiki": 0.04218818189621852,
    "Shikai": 0.024766690359982864,
    "Grimmjow Jaegerjaquez": 0.045459929526890736,
    "Tier Harribel": 0.004979637550489844,
    "Hollow": 0.07410062520573099,
    "S\u014dsuke Aizen": 0.07334033607764417
  },
  "hitsHubs": {
    "Races": 0.023861466191879243,
    "List of Arrancar": 0.008257815384893405,
    "Gin Ichimaru": 0.06710176474004093,
    "Kisuke Urahara": 0.052558977509485204,
    "Bleach: Memories of Nobody": 0.038709308897384595,
    "Hueco Mundo": 0.010992882938957303,
    "Arturo Plateado": 0.060075564976173335,
    "Sora Inoue": 0.022209687205273256,
    "Ulquiorra Cifer": 0.04257143332832916,
    "Cirucci Sanderwicci": 0.01277252806858978,
    "Dordoni Alessandro Del Socaccio": 0.02089717817225315,
    "Nelliel Tu Odelschwanck": 0.018577046194768743,
    "Soul Society": 0.031674928151263715,
    "Isshin Kurosaki": 0.03353293897883122,
    "Bleach": 0.04876886906381955,
    "Rangiku Matsumoto": 0.05745725118714079,
    "Gotei 13": 0.03727033531370505,
    "Zanpaktou": 0.005330667036975847,
    "Bankai": 0.0,
    "Zanpakut\u014d": 0.046920210749733834,
    "Renji Abarai": 0.06152696921181936,
    "T\u014dshir\u014d Hitsugaya": 0.04987727321638863,
    "Byakuya Kuchiki": 0.05315033655150598,
    "Shikai": 0.0,
    "Grimmjow Jaegerjaquez": 0.03453022947054103,
    "Tier Harribel": 0.05057246591086571,
    "Hollow": 0.04533929489337551,
    "S\u014dsuke Aizen": 0.06546257665600559
  },
  "hitsAuths": {
    "Races": 0.0,
    "List of Arrancar": 0.0,
    "Gin Ichimaru": 0.05638328730484281,
    "Kisuke Urahara": 0.05958849882095565,
    "Bleach: Memories of Nobody": 0.011041917871842577,
    "Hueco Mundo": 0.0856540938423008,
    "Arturo Plateado": 0.000829677552225174,
    "Sora Inoue": 0.010559691058585605,
    "Ulquiorra Cifer": 0.02984624003878789,
    "Cirucci Sanderwicci": 0.000829677552225174,
    "Dordoni Alessandro Del Socaccio": 0.0,
    "Nelliel Tu Odelschwanck": 0.010675797220121479,
    "Soul Society": 0.08611067009568611,
    "Isshin Kurosaki": 0.02331383041918416,
    "Bleach": 0.010031215780492079,
    "Rangiku Matsumoto": 0.06349082218554546,
    "Gotei 13": 0.047977230855206596,
    "Zanpaktou": 0.0,
    "Bankai": 0.024969394457517155,
    "Zanpakut\u014d": 0.06800780239801102,
    "Renji Abarai": 0.058332164234995376,
    "T\u014dshir\u014d Hitsugaya": 0.07166117965060244,
    "Byakuya Kuchiki": 0.05884925541899183,
    "Shikai": 0.03780617048267697,
    "Grimmjow Jaegerjaquez": 0.06317050319485287,
    "Tier Harribel": 0.0,
    "Hollow": 0.04357509134001848,
    "S\u014dsuke Aizen": 0.07729578822433233
  },
  "averagePathLength": 1.2037037037037037
}