{
  "numNodes": 28,
  "numEdges": 211,
  "selfLinks": 1,
  "numStrongComponents": 10,
  "numWeakComponents": 1,
  "sizeLargestStrong": 19,
  "sizeLargestWeak": 28,
  "radius": 2,
  "diameter": 3,
  "averageInDegree": 7.535714285714286,
  "averageOutDegree": 7.535714285714286,
  "maxOutDegree": 16,
  "maxInDegree": 18,
  "pageRank": {
    "Races": 0.004945564033657491,
    "List of Arrancar": 0.004945564033657491,
    "Gin Ichimaru": 0.04877147723695544,
    "Kisuke Urahara": 0.03488745947651168,
    "Bleach: Memories of Nobody": 0.011416322023489335,
    "Hueco Mundo": 0.08278989976721722,
    "Arturo Plateado": 0.005835779645815194,
    "Sora Inoue": 0.04069741200019128,
    "Ulquiorra Cifer": 0.024278465941879872,
    "Cirucci Sanderwicci": 0.005835779645815194,
    "Dordoni Alessandro Del Socaccio": 0.004945564033657491,
    "Nelliel Tu Odelschwanck": 0.012114473275858852,
    "Soul Society": 0.10850127971422559,
    "Isshin Kurosaki": 0.012075679121736545,
    "Bleach": 0.014313166205696639,
    "Rangiku Matsumoto": 0.06415786048483182,
    "Gotei 13": 0.05064252477342459,
    "Zanpaktou": 0.004945564033657491,
    "Bankai": 0.0182419769226984,
    "Zanpakut\u014d": 0.05814628041916641,
    "Renji Abarai": 0.045136038561524386,
    "T\u014dshir\u014d Hitsugaya": 0.05759385970751661,
    "Byakuya Kuchiki": 0.042558678192803984,
    "Shikai": 0.02450772833727756,
    "Grimmjow Jaegerjaquez": 0.04591732319836381,
    "Tier Harribel": 0.004945564033657491,
    "Hollow": 0.08661132963617371,
    "S\u014dsuke Aizen": 0.08024138554253825
  },
  "hitsHubs": {
    "Races": 0.025950961083504354,
    "List of Arrancar": 0.0074174818137106935,
    "Gin Ichimaru": 0.06757250525296041,
    "Kisuke Urahara": 0.05797324409000836,
    "Bleach: Memories of Nobody": 0.03974014851472747,
    "Hueco Mundo": 0.012861160951752944,
    "Arturo Plateado": 0.05493876205464485,
    "Sora Inoue": 0.023534583059362617,
    "Ulquiorra Cifer": 0.042872328979305256,
    "Cirucci Sanderwicci": 0.011799569230634886,
    "Dordoni Alessandro Del Socaccio": 0.014286053630190124,
    "Nelliel Tu Odelschwanck": 0.01782634363637658,
    "Soul Society": 0.033765931931417185,
    "Isshin Kurosaki": 0.03919569592362634,
    "Bleach": 0.049951275900085225,
    "Rangiku Matsumoto": 0.05658940443143523,
    "Gotei 13": 0.04442625270421306,
    "Zanpaktou": 0.00532833259599688,
    "Bankai": 0.0,
    "Zanpakut\u014d": 0.04740389797560294,
    "Renji Abarai": 0.05791084490876031,
    "T\u014dshir\u014d Hitsugaya": 0.04472040090173644,
    "Byakuya Kuchiki": 0.05284497456354127,
    "Shikai": 0.0,
    "Grimmjow Jaegerjaquez": 0.03677004269537247,
    "Tier Harribel": 0.04533198273845252,
    "Hollow": 0.039761734514182884,
    "S\u014dsuke Aizen": 0.06922608591839859
  },
  "hitsAuths": {
    "Races": 0.0,
    "List of Arrancar": 0.0,
    "Gin Ichimaru": 0.05231008901294109,
    "Kisuke Urahara": 0.05218389110431115,
    "Bleach: Memories of Nobody": 0.01226608352929021,
    "Hueco Mundo": 0.07765643948691948,
    "Arturo Plateado": 0.0007561256007642525,
    "Sora Inoue": 0.010456238230792121,
    "Ulquiorra Cifer": 0.030797367969168304,
    "Cirucci Sanderwicci": 0.0007561256007642525,
    "Dordoni Alessandro Del Socaccio": 0.0,
    "Nelliel Tu Odelschwanck": 0.005960698050382703,
    "Soul Society": 0.08342304147351957,
    "Isshin Kurosaki": 0.012966485416362031,
    "Bleach": 0.018113405753427587,
    "Rangiku Matsumoto": 0.06529746877152462,
    "Gotei 13": 0.048965411313772925,
    "Zanpaktou": 0.0,
    "Bankai": 0.025300191352368488,
    "Zanpakut\u014d": 0.06698952787088756,
    "Renji Abarai": 0.060680101068874746,
    "T\u014dshir\u014d Hitsugaya": 0.07271894186353783,
    "Byakuya Kuchiki": 0.06018976603884738,
    "Shikai": 0.0380540260835102,
    "Grimmjow Jaegerjaquez": 0.05498467310454037,
    "Tier Harribel": 0.0,
    "Hollow": 0.06781541267970125,
    "S\u014dsuke Aizen": 0.08135848862379184
  },
  "averagePathLength": 1.2116402116402116
}