{
  "numNodes": 28,
  "numEdges": 212,
  "selfLinks": 1,
  "numStrongComponents": 10,
  "numWeakComponents": 1,
  "sizeLargestStrong": 19,
  "sizeLargestWeak": 28,
  "radius": 2,
  "diameter": 3,
  "averageInDegree": 7.571428571428571,
  "averageOutDegree": 7.571428571428571,
  "maxOutDegree": 15,
  "maxInDegree": 18,
  "pageRank": {
    "Races": 0.004995126605676368,
    "List of Arrancar": 0.004995126605676368,
    "Gin Ichimaru": 0.04872632941713429,
    "Kisuke Urahara": 0.04317795280260751,
    "Bleach: Memories of Nobody": 0.01134429823669304,
    "Hueco Mundo": 0.08175872504026037,
    "Arturo Plateado": 0.005894249670835082,
    "Sora Inoue": 0.03781686131710501,
    "Ulquiorra Cifer": 0.02601417627619501,
    "Cirucci Sanderwicci": 0.005894249670835082,
    "Dordoni Alessandro Del Socaccio": 0.004995126605676368,
    "Nelliel Tu Odelschwanck": 0.014562257839081421,
    "Soul Society": 0.10677146875392438,
    "Isshin Kurosaki": 0.016396343119596233,
    "Bleach": 0.01153495218604808,
    "Rangiku Matsumoto": 0.06512098664134552,
    "Gotei 13": 0.051735084282077036,
    "Zanpaktou": 0.004995126605676368,
    "Bankai": 0.019091392782327073,
    "Zanpakut\u014d": 0.060139179055473994,
    "Renji Abarai": 0.04707880459034634,
    "T\u014dshir\u014d Hitsugaya": 0.05656852808752532,
    "Byakuya Kuchiki": 0.043830993951619525,
    "Shikai": 0.025200802227229976,
    "Grimmjow Jaegerjaquez": 0.04393236174714799,
    "Tier Harribel": 0.004995126605676368,
    "Hollow": 0.07349937046306351,
    "S\u014dsuke Aizen": 0.0789349988131462
  },
  "hitsHubs": {
    "Races": 0.02434762733475018,
    "List of Arrancar": 0.00775910294427713,
    "Gin Ichimaru": 0.06304644566629583,
    "Kisuke Urahara": 0.05353505337888131,
    "Bleach: Memories of Nobody": 0.03919482307395283,
    "Hueco Mundo": 0.010948731121122969,
    "Arturo Plateado": 0.06090967967839149,
    "Sora Inoue": 0.022522725427636378,
    "Ulquiorra Cifer": 0.04308381912812986,
    "Cirucci Sanderwicci": 0.012326806709508288,
    "Dordoni Alessandro Del Socaccio": 0.015132260244556947,
    "Nelliel Tu Odelschwanck": 0.01817326693447264,
    "Soul Society": 0.03211885428111712,
    "Isshin Kurosaki": 0.03963478978655255,
    "Bleach": 0.04930981610321797,
    "Rangiku Matsumoto": 0.05820763877592359,
    "Gotei 13": 0.04436950442053206,
    "Zanpaktou": 0.00581979925820856,
    "Bankai": 0.0,
    "Zanpakut\u014d": 0.04603310738850941,
    "Renji Abarai": 0.0625739603551261,
    "T\u014dshir\u014d Hitsugaya": 0.04549229423337104,
    "Byakuya Kuchiki": 0.05405407831918562,
    "Shikai": 0.0,
    "Grimmjow Jaegerjaquez": 0.03536799332727535,
    "Tier Harribel": 0.0446912641522049,
    "Hollow": 0.04573737335767124,
    "S\u014dsuke Aizen": 0.06560918459912882
  },
  "hitsAuths": {
    "Races": 0.0,
    "List of Arrancar": 0.0,
    "Gin Ichimaru": 0.05783405285398323,
    "Kisuke Urahara": 0.05659271400252003,
    "Bleach: Memories of Nobody": 0.012032120265722613,
    "Hueco Mundo": 0.08343245582280698,
    "Arturo Plateado": 0.000790992748064379,
    "Sora Inoue": 0.010805631149988103,
    "Ulquiorra Cifer": 0.029378411346556752,
    "Cirucci Sanderwicci": 0.000790992748064379,
    "Dordoni Alessandro Del Socaccio": 0.0,
    "Nelliel Tu Odelschwanck": 0.010331312466128222,
    "Soul Society": 0.08335394096075012,
    "Isshin Kurosaki": 0.018573217864155448,
    "Bleach": 0.011000959033890586,
    "Rangiku Matsumoto": 0.06414004466138264,
    "Gotei 13": 0.0483042874119241,
    "Zanpaktou": 0.0,
    "Bankai": 0.02507784212583208,
    "Zanpakut\u014d": 0.07345485107972342,
    "Renji Abarai": 0.059923668786893765,
    "T\u014dshir\u014d Hitsugaya": 0.0730339864643743,
    "Byakuya Kuchiki": 0.059971675771795324,
    "Shikai": 0.038377897956630075,
    "Grimmjow Jaegerjaquez": 0.05664014813115563,
    "Tier Harribel": 0.0,
    "Hollow": 0.04403031697859438,
    "S\u014dsuke Aizen": 0.08212847936906341
  },
  "averagePathLength": 1.2142857142857142
}