{
  "numNodes": 28,
  "numEdges": 214,
  "selfLinks": 1,
  "numStrongComponents": 10,
  "numWeakComponents": 1,
  "sizeLargestStrong": 19,
  "sizeLargestWeak": 28,
  "radius": 2,
  "diameter": 3,
  "averageInDegree": 7.642857142857143,
  "averageOutDegree": 7.642857142857143,
  "maxOutDegree": 16,
  "maxInDegree": 18,
  "pageRank": {
    "Races": 0.005244574037357742,
    "List of Arrancar": 0.005244574037357742,
    "Gin Ichimaru": 0.048584052470038615,
    "Kisuke Urahara": 0.03406360383213658,
    "Bleach: Memories of Nobody": 0.011520217372281137,
    "Hueco Mundo": 0.07842104318886076,
    "Arturo Plateado": 0.006188602360176013,
    "Sora Inoue": 0.039203436742285394,
    "Ulquiorra Cifer": 0.023642288365853963,
    "Cirucci Sanderwicci": 0.006188602360176013,
    "Dordoni Alessandro Del Socaccio": 0.005244574037357742,
    "Nelliel Tu Odelschwanck": 0.011254478726426025,
    "Soul Society": 0.10369462748052698,
    "Isshin Kurosaki": 0.012167109962101949,
    "Bleach": 0.014408404649334555,
    "Rangiku Matsumoto": 0.062197887980264474,
    "Gotei 13": 0.047889332076500285,
    "Zanpaktou": 0.005244574037357742,
    "Bankai": 0.02154947312504627,
    "Zanpakut\u014d": 0.06053979769946551,
    "Renji Abarai": 0.04463037903522809,
    "T\u014dshir\u014d Hitsugaya": 0.05721048741868998,
    "Byakuya Kuchiki": 0.054989836942964346,
    "Shikai": 0.03050226137493849,
    "Grimmjow Jaegerjaquez": 0.04502818649951662,
    "Tier Harribel": 0.005244574037357742,
    "Hollow": 0.08225343343214879,
    "S\u014dsuke Aizen": 0.07764958671825026
  },
  "hitsHubs": {
    "Races": 0.025350892329784817,
    "List of Arrancar": 0.007113675030677727,
    "Gin Ichimaru": 0.06705803152139563,
    "Kisuke Urahara": 0.05677717451703579,
    "Bleach: Memories of Nobody": 0.03947744523968739,
    "Hueco Mundo": 0.012446952537970513,
    "Arturo Plateado": 0.054396570914798076,
    "Sora Inoue": 0.02303668224645278,
    "Ulquiorra Cifer": 0.04177785613934065,
    "Cirucci Sanderwicci": 0.011626309715215407,
    "Dordoni Alessandro Del Socaccio": 0.015159428020136768,
    "Nelliel Tu Odelschwanck": 0.02275592352281075,
    "Soul Society": 0.037766479044066575,
    "Isshin Kurosaki": 0.039210169533694224,
    "Bleach": 0.049011126647871876,
    "Rangiku Matsumoto": 0.06138146841867211,
    "Gotei 13": 0.04336473001892636,
    "Zanpaktou": 0.005340435050739638,
    "Bankai": 0.0,
    "Zanpakut\u014d": 0.04625602681891611,
    "Renji Abarai": 0.05751397039381171,
    "T\u014dshir\u014d Hitsugaya": 0.04440455900319493,
    "Byakuya Kuchiki": 0.05155918901895589,
    "Shikai": 0.0,
    "Grimmjow Jaegerjaquez": 0.03555973484852961,
    "Tier Harribel": 0.04416353956574762,
    "Hollow": 0.03880224888871266,
    "S\u014dsuke Aizen": 0.06868938101285448
  },
  "hitsAuths": {
    "Races": 0.0,
    "List of Arrancar": 0.0,
    "Gin Ichimaru": 0.05135116384431886,
    "Kisuke Urahara": 0.051360329251753885,
    "Bleach: Memories of Nobody": 0.011841391564261205,
    "Hueco Mundo": 0.07692826433464964,
    "Arturo Plateado": 0.0007155197291583504,
    "Sora Inoue": 0.010084554388942622,
    "Ulquiorra Cifer": 0.03038809083921923,
    "Cirucci Sanderwicci": 0.0007155197291583504,
    "Dordoni Alessandro Del Socaccio": 0.0,
    "Nelliel Tu Odelschwanck": 0.004292249299034416,
    "Soul Society": 0.08212689962287988,
    "Isshin Kurosaki": 0.012619889913474808,
    "Bleach": 0.017627403321449932,
    "Rangiku Matsumoto": 0.06380709001595095,
    "Gotei 13": 0.04874564519394772,
    "Zanpaktou": 0.0,
    "Bankai": 0.029556822999761798,
    "Zanpakut\u014d": 0.0680042776773819,
    "Renji Abarai": 0.05997673063071433,
    "T\u014dshir\u014d Hitsugaya": 0.0710902800438672,
    "Byakuya Kuchiki": 0.06297514681289705,
    "Shikai": 0.04499018450596767,
    "Grimmjow Jaegerjaquez": 0.05447306296225576,
    "Tier Harribel": 0.0,
    "Hollow": 0.06628612316816943,
    "S\u014dsuke Aizen": 0.08004336015078523
  },
  "averagePathLength": 1.2076719576719577
}