{
  "numNodes": 28,
  "numEdges": 212,
  "selfLinks": 1,
  "numStrongComponents": 10,
  "numWeakComponents": 1,
  "sizeLargestStrong": 19,
  "sizeLargestWeak": 28,
  "radius": 2,
  "diameter": 4,
  "averageInDegree": 7.571428571428571,
  "averageOutDegree": 7.571428571428571,
  "maxOutDegree": 16,
  "maxInDegree": 20,
  "pageRank": {
    "Races": 0.004891681170981901,
    "List of Arrancar": 0.004891681170981901,
    "Gin Ichimaru": 0.03548068079446031,
    "Kisuke Urahara": 0.04308739928650309,
    "Bleach: Memories of Nobody": 0.00675728835961154,
    "Hueco Mundo": 0.08738486305045126,
    "Arturo Plateado": 0.005772166399943598,
    "Sora Inoue": 0.04127807876582688,
    "Ulquiorra Cifer": 0.024787316425221702,
    "Cirucci Sanderwicci": 0.005772166399943598,
    "Dordoni Alessandro Del Socaccio": 0.004891681170981901,
    "Nelliel Tu Odelschwanck": 0.014410938658660919,
    "Soul Society": 0.11191648221255027,
    "Isshin Kurosaki": 0.01996921410015974,
    "Bleach": 0.013834639206346366,
    "Rangiku Matsumoto": 0.06570191308614066,
    "Gotei 13": 0.050222920650098826,
    "Zanpaktou": 0.004891681170981901,
    "Bankai": 0.01779045821627165,
    "Zanpakut\u014d": 0.05636946593824636,
    "Renji Abarai": 0.04757151621936754,
    "T\u014dshir\u014d Hitsugaya": 0.05849625566325949,
    "Byakuya Kuchiki": 0.04367660548644959,
    "Shikai": 0.023283196382254904,
    "Grimmjow Jaegerjaquez": 0.04692786153967614,
    "Tier Harribel": 0.004891681170981901,
    "Hollow": 0.08033777026096112,
    "S\u014dsuke Aizen": 0.07471239704268494
  },
  "hitsHubs": {
    "Races": 0.024492755916866712,
    "List of Arrancar": 0.00843847337665124,
    "Gin Ichimaru": 0.07225887244032139,
    "Kisuke Urahara": 0.05316583320521285,
    "Bleach: Memories of Nobody": 0.038648728698357476,
    "Hueco Mundo": 0.01166587515772083,
    "Arturo Plateado": 0.06080772414494975,
    "Sora Inoue": 0.02317619720148639,
    "Ulquiorra Cifer": 0.04399877584483679,
    "Cirucci Sanderwicci": 0.013112655241126255,
    "Dordoni Alessandro Del Socaccio": 0.02150330219078254,
    "Nelliel Tu Odelschwanck": 0.018959958807947482,
    "Soul Society": 0.03286168783067511,
    "Isshin Kurosaki": 0.037474201900561215,
    "Bleach": 0.04966012321069558,
    "Rangiku Matsumoto": 0.057211522181820476,
    "Gotei 13": 0.02715786368119309,
    "Zanpaktou": 0.005433603816842437,
    "Bankai": 0.0,
    "Zanpakut\u014d": 0.04728019339798484,
    "Renji Abarai": 0.06263427600552939,
    "T\u014dshir\u014d Hitsugaya": 0.049621549807050615,
    "Byakuya Kuchiki": 0.05304588894057304,
    "Shikai": 0.0,
    "Grimmjow Jaegerjaquez": 0.03606373464079238,
    "Tier Harribel": 0.044832574577825156,
    "Hollow": 0.04100233605347007,
    "S\u014dsuke Aizen": 0.06549129172872689
  },
  "hitsAuths": {
    "Races": 0.0,
    "List of Arrancar": 0.0,
    "Gin Ichimaru": 0.04833308904841121,
    "Kisuke Urahara": 0.05692638038728372,
    "Bleach: Memories of Nobody": 0.0074917297964366865,
    "Hueco Mundo": 0.08702549098546382,
    "Arturo Plateado": 0.0008525462961982193,
    "Sora Inoue": 0.010338320521048749,
    "Ulquiorra Cifer": 0.03022952086081217,
    "Cirucci Sanderwicci": 0.0008525462961982193,
    "Dordoni Alessandro Del Socaccio": 0.0,
    "Nelliel Tu Odelschwanck": 0.011113828584144654,
    "Soul Society": 0.08159828038218908,
    "Isshin Kurosaki": 0.024065168068942062,
    "Bleach": 0.00912302159773872,
    "Rangiku Matsumoto": 0.06335254490762442,
    "Gotei 13": 0.04899387418197794,
    "Zanpaktou": 0.0,
    "Bankai": 0.026203562535296012,
    "Zanpakut\u014d": 0.06857117387673867,
    "Renji Abarai": 0.058572821414754485,
    "T\u014dshir\u014d Hitsugaya": 0.07108528036635375,
    "Byakuya Kuchiki": 0.05899576122279084,
    "Shikai": 0.039092545341498225,
    "Grimmjow Jaegerjaquez": 0.06344368449034744,
    "Tier Harribel": 0.0,
    "Hollow": 0.05528479779072547,
    "S\u014dsuke Aizen": 0.07845403104702568
  },
  "averagePathLength": 1.2407407407407407
}