{
  "numNodes": 28,
  "numEdges": 213,
  "selfLinks": 1,
  "numStrongComponents": 10,
  "numWeakComponents": 1,
  "sizeLargestStrong": 19,
  "sizeLargestWeak": 28,
  "radius": 2,
  "diameter": 3,
  "averageInDegree": 7.607142857142857,
  "averageOutDegree": 7.607142857142857,
  "maxOutDegree": 16,
  "maxInDegree": 18,
  "pageRank": {
    "Races": 0.005198775237491977,
    "List of Arrancar": 0.005198775237491977,
    "Gin Ichimaru": 0.04791783757143559,
    "Kisuke Urahara": 0.03475148621070256,
    "Bleach: Memories of Nobody": 0.011332656207757169,
    "Hueco Mundo": 0.07869015214184716,
    "Arturo Plateado": 0.006134556482322832,
    "Sora Inoue": 0.03937876535372513,
    "Ulquiorra Cifer": 0.027470074921691272,
    "Cirucci Sanderwicci": 0.006134556482322832,
    "Dordoni Alessandro Del Socaccio": 0.005198775237491977,
    "Nelliel Tu Odelschwanck": 0.011845779392428354,
    "Soul Society": 0.10173705384483325,
    "Isshin Kurosaki": 0.012134529903570553,
    "Bleach": 0.014180744693556924,
    "Rangiku Matsumoto": 0.062416166306870434,
    "Gotei 13": 0.04659760836722409,
    "Zanpaktou": 0.005198775237491977,
    "Bankai": 0.02120901029109419,
    "Zanpakut\u014d": 0.06623840550188859,
    "Renji Abarai": 0.045665410955626914,
    "T\u014dshir\u014d Hitsugaya": 0.055713656176849966,
    "Byakuya Kuchiki": 0.05419984156267793,
    "Shikai": 0.029417999515218625,
    "Grimmjow Jaegerjaquez": 0.04441845905975614,
    "Tier Harribel": 0.005198775237491977,
    "Hollow": 0.08366643690561408,
    "S\u014dsuke Aizen": 0.07275493596352532
  },
  "hitsHubs": {
    "Races": 0.025743614030850577,
    "List of Arrancar": 0.007727923405040064,
    "Gin Ichimaru": 0.06780029366941129,
    "Kisuke Urahara": 0.05212541554721206,
    "Bleach: Memories of Nobody": 0.03939762911556084,
    "Hueco Mundo": 0.012288821897128046,
    "Arturo Plateado": 0.054693447596919624,
    "Sora Inoue": 0.023387933301261796,
    "Ulquiorra Cifer": 0.04200874091384934,
    "Cirucci Sanderwicci": 0.011894724911326988,
    "Dordoni Alessandro Del Socaccio": 0.015524500246147618,
    "Nelliel Tu Odelschwanck": 0.023930610508426268,
    "Soul Society": 0.037784663084664584,
    "Isshin Kurosaki": 0.033241330370529565,
    "Bleach": 0.049544157255761195,
    "Rangiku Matsumoto": 0.061892642877778174,
    "Gotei 13": 0.04305999011140482,
    "Zanpaktou": 0.005793539232021038,
    "Bankai": 0.0,
    "Zanpakut\u014d": 0.045900836505668584,
    "Renji Abarai": 0.06045337577963802,
    "T\u014dshir\u014d Hitsugaya": 0.050646132350497204,
    "Byakuya Kuchiki": 0.051872201336233145,
    "Shikai": 0.0,
    "Grimmjow Jaegerjaquez": 0.029466863813045016,
    "Tier Harribel": 0.044980137349039995,
    "Hollow": 0.03893864174584599,
    "S\u014dsuke Aizen": 0.06990183304473806
  },
  "hitsAuths": {
    "Races": 0.0,
    "List of Arrancar": 0.0,
    "Gin Ichimaru": 0.05252504936503001,
    "Kisuke Urahara": 0.05102691205841237,
    "Bleach: Memories of Nobody": 0.011900737201303404,
    "Hueco Mundo": 0.07679751685132384,
    "Arturo Plateado": 0.0007770994949851491,
    "Sora Inoue": 0.010133327100763648,
    "Ulquiorra Cifer": 0.03583727711312611,
    "Cirucci Sanderwicci": 0.0007770994949851491,
    "Dordoni Alessandro Del Socaccio": 0.0,
    "Nelliel Tu Odelschwanck": 0.003740209217223152,
    "Soul Society": 0.0789809228226847,
    "Isshin Kurosaki": 0.01227073668102007,
    "Bleach": 0.017698247046706656,
    "Rangiku Matsumoto": 0.06389395005853321,
    "Gotei 13": 0.04946156449372846,
    "Zanpaktou": 0.0,
    "Bankai": 0.02949241230654979,
    "Zanpakut\u014d": 0.0727954660047475,
    "Renji Abarai": 0.0592871975335358,
    "T\u014dshir\u014d Hitsugaya": 0.06539914487988902,
    "Byakuya Kuchiki": 0.06367295560356082,
    "Shikai": 0.04560790501432935,
    "Grimmjow Jaegerjaquez": 0.05596919947383447,
    "Tier Harribel": 0.0,
    "Hollow": 0.06529404539048814,
    "S\u014dsuke Aizen": 0.07666102479323915
  },
  "averagePathLength": 1.2103174603174602
}