{
  "numNodes": 28,
  "numEdges": 212,
  "selfLinks": 1,
  "numStrongComponents": 10,
  "numWeakComponents": 1,
  "sizeLargestStrong": 19,
  "sizeLargestWeak": 28,
  "radius": 2,
  "diameter": 3,
  "averageInDegree": 7.571428571428571,
  "averageOutDegree": 7.571428571428571,
  "maxOutDegree": 16,
  "maxInDegree": 18,
  "pageRank": {
    "Races": 0.00496859303228693,
    "List of Arrancar": 0.00496859303228693,
    "Gin Ichimaru": 0.048957305183585646,
    "Kisuke Urahara": 0.0437304861171622,
    "Bleach: Memories of Nobody": 0.011237506371096658,
    "Hueco Mundo": 0.08097680373142523,
    "Arturo Plateado": 0.005862947329438465,
    "Sora Inoue": 0.03831804266672983,
    "Ulquiorra Cifer": 0.024863531892769103,
    "Cirucci Sanderwicci": 0.005862947329438465,
    "Dordoni Alessandro Del Socaccio": 0.00496859303228693,
    "Nelliel Tu Odelschwanck": 0.011914373382186278,
    "Soul Society": 0.10659478947538245,
    "Isshin Kurosaki": 0.015858092455243503,
    "Bleach": 0.011426367449186488,
    "Rangiku Matsumoto": 0.06456061816928914,
    "Gotei 13": 0.05098588740515555,
    "Zanpaktou": 0.00496859303228693,
    "Bankai": 0.018651508787275634,
    "Zanpakut\u014d": 0.06040380755232431,
    "Renji Abarai": 0.04580625858897153,
    "T\u014dshir\u014d Hitsugaya": 0.056777017639522954,
    "Byakuya Kuchiki": 0.0431568461932033,
    "Shikai": 0.024814713921200965,
    "Grimmjow Jaegerjaquez": 0.043851088511868246,
    "Tier Harribel": 0.00496859303228693,
    "Hollow": 0.08121347265813388,
    "S\u014dsuke Aizen": 0.07933262202797528
  },
  "hitsHubs": {
    "Races": 0.024822646884383633,
    "List of Arrancar": 0.007384380422036246,
    "Gin Ichimaru": 0.06250983576659959,
    "Kisuke Urahara": 0.057562697634781314,
    "Bleach: Memories of Nobody": 0.0391077822528222,
    "Hueco Mundo": 0.01192588972104972,
    "Arturo Plateado": 0.05492590971891809,
    "Sora Inoue": 0.022998933917800626,
    "Ulquiorra Cifer": 0.042594694090327415,
    "Cirucci Sanderwicci": 0.012234290874482164,
    "Dordoni Alessandro Del Socaccio": 0.01469700641463503,
    "Nelliel Tu Odelschwanck": 0.017672477480861235,
    "Soul Society": 0.032632310324471975,
    "Isshin Kurosaki": 0.038917744071911196,
    "Bleach": 0.04958254569781297,
    "Rangiku Matsumoto": 0.057446241106622296,
    "Gotei 13": 0.044174214694811774,
    "Zanpaktou": 0.005791773845896974,
    "Bankai": 0.0,
    "Zanpakut\u014d": 0.04683046217142873,
    "Renji Abarai": 0.06288398420625331,
    "T\u014dshir\u014d Hitsugaya": 0.04484862781693057,
    "Byakuya Kuchiki": 0.053397067362798124,
    "Shikai": 0.0,
    "Grimmjow Jaegerjaquez": 0.03551738823985952,
    "Tier Harribel": 0.045069585411586864,
    "Hollow": 0.04496800048901088,
    "S\u014dsuke Aizen": 0.06950350938190762
  },
  "hitsAuths": {
    "Races": 0.0,
    "List of Arrancar": 0.0,
    "Gin Ichimaru": 0.05718011276359851,
    "Kisuke Urahara": 0.055920203258222334,
    "Bleach: Memories of Nobody": 0.012044051951988126,
    "Hueco Mundo": 0.07749025037588876,
    "Arturo Plateado": 0.0007500278801370424,
    "Sora Inoue": 0.010814759116159839,
    "Ulquiorra Cifer": 0.02998533712978846,
    "Cirucci Sanderwicci": 0.0007500278801370424,
    "Dordoni Alessandro Del Socaccio": 0.0,
    "Nelliel Tu Odelschwanck": 0.005850279196207647,
    "Soul Society": 0.08318932692831968,
    "Isshin Kurosaki": 0.019255145226989012,
    "Bleach": 0.010980135390361906,
    "Rangiku Matsumoto": 0.06466241464251184,
    "Gotei 13": 0.04874239958333031,
    "Zanpaktou": 0.0,
    "Bankai": 0.025241249463390507,
    "Zanpakut\u014d": 0.07312054501773241,
    "Renji Abarai": 0.05974624452959362,
    "T\u014dshir\u014d Hitsugaya": 0.07277367556383278,
    "Byakuya Kuchiki": 0.059862610574196215,
    "Shikai": 0.03785469053293553,
    "Grimmjow Jaegerjaquez": 0.055891366027463495,
    "Tier Harribel": 0.0,
    "Hollow": 0.05655903665795345,
    "S\u014dsuke Aizen": 0.08133611030926133
  },
  "averagePathLength": 1.216931216931217
}