{
  "numNodes": 28,
  "numEdges": 219,
  "selfLinks": 1,
  "numStrongComponents": 8,
  "numWeakComponents": 1,
  "sizeLargestStrong": 21,
  "sizeLargestWeak": 28,
  "radius": 2,
  "diameter": 4,
  "averageInDegree": 7.821428571428571,
  "averageOutDegree": 7.821428571428571,
  "maxOutDegree": 18,
  "maxInDegree": 18,
  "pageRank": {
    "Races": 0.004972741644490356,
    "List of Arrancar": 0.004972741644490356,
    "Gin Ichimaru": 0.03766474595591056,
    "Kisuke Urahara": 0.051436877970269405,
    "Bleach: Memories of Nobody": 0.00808202178756576,
    "Hueco Mundo": 0.06785066780589366,
    "Arturo Plateado": 0.0056120906745146856,
    "Sora Inoue": 0.02125636588407976,
    "Ulquiorra Cifer": 0.03055300948348431,
    "Cirucci Sanderwicci": 0.0056120906745146856,
    "Dordoni Alessandro Del Socaccio": 0.020108337015071066,
    "Nelliel Tu Odelschwanck": 0.01791382910209209,
    "Soul Society": 0.09354816189048903,
    "Isshin Kurosaki": 0.020923206601199236,
    "Bleach": 0.012429904730497312,
    "Rangiku Matsumoto": 0.06690989775552524,
    "Gotei 13": 0.05171369543879702,
    "Zanpaktou": 0.004972741644490356,
    "Bankai": 0.020272942061560602,
    "Zanpakut\u014d": 0.05425801797083016,
    "Renji Abarai": 0.04852585481542823,
    "T\u014dshir\u014d Hitsugaya": 0.060455892077000216,
    "Byakuya Kuchiki": 0.04300692219564444,
    "Shikai": 0.023323406625856087,
    "Grimmjow Jaegerjaquez": 0.04376350303131241,
    "Tier Harribel": 0.022929961490493204,
    "Hollow": 0.06294836265706362,
    "S\u014dsuke Aizen": 0.09398200937143603
  },
  "hitsHubs": {
    "Races": 0.022021679869957567,
    "List of Arrancar": 0.013129397722351326,
    "Gin Ichimaru": 0.0766950439006316,
    "Kisuke Urahara": 0.05280998058725346,
    "Bleach: Memories of Nobody": 0.03943075420070736,
    "Hueco Mundo": 0.017540081516021502,
    "Arturo Plateado": 0.06057331191772195,
    "Sora Inoue": 0.015347354080022373,
    "Ulquiorra Cifer": 0.04283520548349273,
    "Cirucci Sanderwicci": 0.01457942429213539,
    "Dordoni Alessandro Del Socaccio": 0.020565112879703796,
    "Nelliel Tu Odelschwanck": 0.0207879550660672,
    "Soul Society": 0.02547439750741467,
    "Isshin Kurosaki": 0.03853566811335597,
    "Bleach": 0.04906654788031419,
    "Rangiku Matsumoto": 0.05922865670207193,
    "Gotei 13": 0.032357080044063256,
    "Zanpaktou": 0.005040745298741824,
    "Bankai": 0.0,
    "Zanpakut\u014d": 0.04793345911226953,
    "Renji Abarai": 0.07180034164213124,
    "T\u014dshir\u014d Hitsugaya": 0.04636312467480175,
    "Byakuya Kuchiki": 0.04087452969933585,
    "Shikai": 0.0,
    "Grimmjow Jaegerjaquez": 0.031286786695048065,
    "Tier Harribel": 0.0455838985089405,
    "Hollow": 0.03993977611261457,
    "S\u014dsuke Aizen": 0.0701996864928302
  },
  "hitsAuths": {
    "Races": 0.0,
    "List of Arrancar": 0.0,
    "Gin Ichimaru": 0.0460261036221248,
    "Kisuke Urahara": 0.06404815515339385,
    "Bleach: Memories of Nobody": 0.008380898042377133,
    "Hueco Mundo": 0.07445221183156972,
    "Arturo Plateado": 0.0012560885870030137,
    "Sora Inoue": 0.006372251702092916,
    "Ulquiorra Cifer": 0.0365739539400005,
    "Cirucci Sanderwicci": 0.0012560885870030137,
    "Dordoni Alessandro Del Socaccio": 0.025562226006265825,
    "Nelliel Tu Odelschwanck": 0.010314797485306258,
    "Soul Society": 0.08002101154657605,
    "Isshin Kurosaki": 0.023691526855655464,
    "Bleach": 0.006867937201021051,
    "Rangiku Matsumoto": 0.05530299811796704,
    "Gotei 13": 0.04619676331985011,
    "Zanpaktou": 0.0,
    "Bankai": 0.026576710339967932,
    "Zanpakut\u014d": 0.060435398338247,
    "Renji Abarai": 0.05560755399785352,
    "T\u014dshir\u014d Hitsugaya": 0.06807379757590937,
    "Byakuya Kuchiki": 0.05801979430441128,
    "Shikai": 0.03861218655477553,
    "Grimmjow Jaegerjaquez": 0.05703869525426527,
    "Tier Harribel": 0.025411455964124002,
    "Hollow": 0.049117611735718415,
    "S\u014dsuke Aizen": 0.0747837839365207
  },
  "averagePathLength": 1.3452380952380953
}