{
  "numNodes": 28,
  "numEdges": 223,
  "selfLinks": 1,
  "numStrongComponents": 8,
  "numWeakComponents": 1,
  "sizeLargestStrong": 21,
  "sizeLargestWeak": 28,
  "radius": 2,
  "diameter": 4,
  "averageInDegree": 7.964285714285714,
  "averageOutDegree": 7.964285714285714,
  "maxOutDegree": 18,
  "maxInDegree": 20,
  "pageRank": {
    "Races": 0.004951735747476406,
    "List of Arrancar": 0.004951735747476406,
    "Gin Ichimaru": 0.03633602975162221,
    "Kisuke Urahara": 0.04577924615459324,
    "Bleach: Memories of Nobody": 0.008781494914908254,
    "Hueco Mundo": 0.0852542002167188,
    "Arturo Plateado": 0.005588383881988804,
    "Sora Inoue": 0.02515479281086364,
    "Ulquiorra Cifer": 0.030559238743587805,
    "Cirucci Sanderwicci": 0.005588383881988804,
    "Dordoni Alessandro Del Socaccio": 0.019925629768355033,
    "Nelliel Tu Odelschwanck": 0.018294332277642607,
    "Soul Society": 0.08871254049353937,
    "Isshin Kurosaki": 0.020667138181318614,
    "Bleach": 0.012470871070296576,
    "Rangiku Matsumoto": 0.06150080076243905,
    "Gotei 13": 0.04587406912852416,
    "Zanpaktou": 0.004951735747476406,
    "Bankai": 0.0199731919705066,
    "Zanpakut\u014d": 0.0580193926185649,
    "Renji Abarai": 0.04657746965066806,
    "T\u014dshir\u014d Hitsugaya": 0.05872841975087332,
    "Byakuya Kuchiki": 0.041400846911848824,
    "Shikai": 0.022969103716768698,
    "Grimmjow Jaegerjaquez": 0.047156622054397135,
    "Tier Harribel": 0.022234293330925407,
    "Hollow": 0.064452165794665,
    "S\u014dsuke Aizen": 0.09314613491996582
  },
  "hitsHubs": {
    "Races": 0.023701280562430736,
    "List of Arrancar": 0.013040726091836059,
    "Gin Ichimaru": 0.07536431339564119,
    "Kisuke Urahara": 0.05223917001564213,
    "Bleach: Memories of Nobody": 0.03804526515572985,
    "Hueco Mundo": 0.01683903549504177,
    "Arturo Plateado": 0.05960535496577037,
    "Sora Inoue": 0.01588678749058562,
    "Ulquiorra Cifer": 0.04274746050800255,
    "Cirucci Sanderwicci": 0.014841585452263975,
    "Dordoni Alessandro Del Socaccio": 0.02102681934027137,
    "Nelliel Tu Odelschwanck": 0.021149009170736404,
    "Soul Society": 0.03141041007951908,
    "Isshin Kurosaki": 0.037646943312934,
    "Bleach": 0.048622455144425536,
    "Rangiku Matsumoto": 0.05843489452752197,
    "Gotei 13": 0.03108985767620401,
    "Zanpaktou": 0.005264586890323248,
    "Bankai": 0.0,
    "Zanpakut\u014d": 0.04610284438597663,
    "Renji Abarai": 0.07059936493585257,
    "T\u014dshir\u014d Hitsugaya": 0.04595201132487693,
    "Byakuya Kuchiki": 0.051481609516427634,
    "Shikai": 0.0,
    "Grimmjow Jaegerjaquez": 0.03118142233998036,
    "Tier Harribel": 0.03914466962789254,
    "Hollow": 0.03957658466761963,
    "S\u014dsuke Aizen": 0.06900553792649405
  },
  "hitsAuths": {
    "Races": 0.0,
    "List of Arrancar": 0.0,
    "Gin Ichimaru": 0.04547683656506743,
    "Kisuke Urahara": 0.05868942011479504,
    "Bleach: Memories of Nobody": 0.010463177183081535,
    "Hueco Mundo": 0.08083700532125428,
    "Arturo Plateado": 0.0012407618906464758,
    "Sora Inoue": 0.006228343603246116,
    "Ulquiorra Cifer": 0.035367757489846566,
    "Cirucci Sanderwicci": 0.0012407618906464758,
    "Dordoni Alessandro Del Socaccio": 0.02511837171040979,
    "Nelliel Tu Odelschwanck": 0.010275336791583843,
    "Soul Society": 0.07570861003338647,
    "Isshin Kurosaki": 0.023092857803746387,
    "Bleach": 0.008832933880966362,
    "Rangiku Matsumoto": 0.05568077722108341,
    "Gotei 13": 0.04686208780449103,
    "Zanpaktou": 0.0,
    "Bankai": 0.02603580333515531,
    "Zanpakut\u014d": 0.06400422965507534,
    "Renji Abarai": 0.055405090994318694,
    "T\u014dshir\u014d Hitsugaya": 0.06704102129166323,
    "Byakuya Kuchiki": 0.05661717700396812,
    "Shikai": 0.037698297832313654,
    "Grimmjow Jaegerjaquez": 0.06039091187160462,
    "Tier Harribel": 0.024908761823308725,
    "Hollow": 0.04830242780523133,
    "S\u014dsuke Aizen": 0.07448123908311005
  },
  "averagePathLength": 1.332010582010582
}