{
  "numNodes": 28,
  "numEdges": 219,
  "selfLinks": 1,
  "numStrongComponents": 9,
  "numWeakComponents": 1,
  "sizeLargestStrong": 20,
  "sizeLargestWeak": 28,
  "radius": 2,
  "diameter": 4,
  "averageInDegree": 7.821428571428571,
  "averageOutDegree": 7.821428571428571,
  "maxOutDegree": 17,
  "maxInDegree": 20,
  "pageRank": {
    "Races": 0.005014527223967924,
    "List of Arrancar": 0.005014527223967924,
    "Gin Ichimaru": 0.03609003190855657,
    "Kisuke Urahara": 0.046895183896945136,
    "Bleach: Memories of Nobody": 0.00893306068627299,
    "Hueco Mundo": 0.08466395248016403,
    "Arturo Plateado": 0.005766707345209435,
    "Sora Inoue": 0.025127360426196513,
    "Ulquiorra Cifer": 0.029425860094642556,
    "Cirucci Sanderwicci": 0.005766707345209435,
    "Dordoni Alessandro Del Socaccio": 0.020720326925274035,
    "Nelliel Tu Odelschwanck": 0.018473718744640162,
    "Soul Society": 0.09761403127346326,
    "Isshin Kurosaki": 0.02103129864547859,
    "Bleach": 0.012995368296008766,
    "Rangiku Matsumoto": 0.0643230359344067,
    "Gotei 13": 0.04927509876695097,
    "Zanpaktou": 0.005014527223967924,
    "Bankai": 0.020745960490265065,
    "Zanpakut\u014d": 0.05553385903713888,
    "Renji Abarai": 0.048296929410837866,
    "T\u014dshir\u014d Hitsugaya": 0.05808325849962835,
    "Byakuya Kuchiki": 0.04354332862723486,
    "Shikai": 0.024150187596201966,
    "Grimmjow Jaegerjaquez": 0.046933863044311804,
    "Tier Harribel": 0.005014527223967924,
    "Hollow": 0.061843084503130856,
    "S\u014dsuke Aizen": 0.0937096771259593
  },
  "hitsHubs": {
    "Races": 0.024081911868904023,
    "List of Arrancar": 0.01084656425970699,
    "Gin Ichimaru": 0.07345753136263333,
    "Kisuke Urahara": 0.05241499054690893,
    "Bleach: Memories of Nobody": 0.0381335664389676,
    "Hueco Mundo": 0.017113851450538203,
    "Arturo Plateado": 0.05986693318404786,
    "Sora Inoue": 0.022472955289381265,
    "Ulquiorra Cifer": 0.04288237554581785,
    "Cirucci Sanderwicci": 0.014869201163673258,
    "Dordoni Alessandro Del Socaccio": 0.021118612165921712,
    "Nelliel Tu Odelschwanck": 0.021089250417959626,
    "Soul Society": 0.03168778551536585,
    "Isshin Kurosaki": 0.037923268201280017,
    "Bleach": 0.04894086769252107,
    "Rangiku Matsumoto": 0.0565592524113842,
    "Gotei 13": 0.031231475591778413,
    "Zanpaktou": 0.005318380879619568,
    "Bankai": 0.0,
    "Zanpakut\u014d": 0.0462951380930113,
    "Renji Abarai": 0.07075213459384555,
    "T\u014dshir\u014d Hitsugaya": 0.04400348609981719,
    "Byakuya Kuchiki": 0.051672399199307294,
    "Shikai": 0.0,
    "Grimmjow Jaegerjaquez": 0.03118853364469069,
    "Tier Harribel": 0.03925906099674618,
    "Hollow": 0.039827661323846,
    "S\u014dsuke Aizen": 0.0669928120623259
  },
  "hitsAuths": {
    "Races": 0.0,
    "List of Arrancar": 0.0,
    "Gin Ichimaru": 0.04639006897696608,
    "Kisuke Urahara": 0.06006610373544316,
    "Bleach: Memories of Nobody": 0.010873713436805515,
    "Hueco Mundo": 0.08341165700026437,
    "Arturo Plateado": 0.0010630611355915034,
    "Sora Inoue": 0.006473958303011707,
    "Ulquiorra Cifer": 0.03587138741761707,
    "Cirucci Sanderwicci": 0.0010630611355915034,
    "Dordoni Alessandro Del Socaccio": 0.025287061665914864,
    "Nelliel Tu Odelschwanck": 0.010392492856964027,
    "Soul Society": 0.07972328329947465,
    "Isshin Kurosaki": 0.023439883522194387,
    "Bleach": 0.00915864438433529,
    "Rangiku Matsumoto": 0.05691503651926206,
    "Gotei 13": 0.04760042875571468,
    "Zanpaktou": 0.0,
    "Bankai": 0.026486384769761062,
    "Zanpakut\u014d": 0.06621664634433708,
    "Renji Abarai": 0.05663380178740761,
    "T\u014dshir\u014d Hitsugaya": 0.06865863769059732,
    "Byakuya Kuchiki": 0.05769283212183148,
    "Shikai": 0.038334241778356835,
    "Grimmjow Jaegerjaquez": 0.06136838023710594,
    "Tier Harribel": 0.0,
    "Hollow": 0.05044855674383098,
    "S\u014dsuke Aizen": 0.07643067638162085
  },
  "averagePathLength": 1.2632275132275133
}