{
  "numNodes": 28,
  "numEdges": 224,
  "selfLinks": 1,
  "numStrongComponents": 8,
  "numWeakComponents": 1,
  "sizeLargestStrong": 21,
  "sizeLargestWeak": 28,
  "radius": 2,
  "diameter": 4,
  "averageInDegree": 8,
  "averageOutDegree": 8,
  "maxOutDegree": 18,
  "maxInDegree": 20,
  "pageRank": {
    "Races": 0.004947746715071118,
    "List of Arrancar": 0.004947746715071118,
    "Gin Ichimaru": 0.03611646027253388,
    "Kisuke Urahara": 0.04548206730982695,
    "Bleach: Memories of Nobody": 0.008761826913406393,
    "Hueco Mundo": 0.08385027186064278,
    "Arturo Plateado": 0.005583886044482193,
    "Sora Inoue": 0.024842680556002333,
    "Ulquiorra Cifer": 0.03047746510611616,
    "Cirucci Sanderwicci": 0.005583886044482193,
    "Dordoni Alessandro Del Socaccio": 0.019896046043702095,
    "Nelliel Tu Odelschwanck": 0.018246419354375095,
    "Soul Society": 0.0944993134425958,
    "Isshin Kurosaki": 0.020433949243797947,
    "Bleach": 0.01257102714721579,
    "Rangiku Matsumoto": 0.06215498409388718,
    "Gotei 13": 0.04670508990573418,
    "Zanpaktou": 0.004947746715071118,
    "Bankai": 0.019925316363349804,
    "Zanpakut\u014d": 0.0558377461519052,
    "Renji Abarai": 0.046457775391148586,
    "T\u014dshir\u014d Hitsugaya": 0.05838297734264538,
    "Byakuya Kuchiki": 0.041291602939801345,
    "Shikai": 0.022893277705496214,
    "Grimmjow Jaegerjaquez": 0.046925125019593304,
    "Tier Harribel": 0.022239353707312313,
    "Hollow": 0.06280574630338778,
    "S\u014dsuke Aizen": 0.09319246559134561
  },
  "hitsHubs": {
    "Races": 0.023763673477638515,
    "List of Arrancar": 0.012875342000936126,
    "Gin Ichimaru": 0.07480259668535272,
    "Kisuke Urahara": 0.05190049780925736,
    "Bleach: Memories of Nobody": 0.03777419099712418,
    "Hueco Mundo": 0.01687789676328091,
    "Arturo Plateado": 0.05923921417128943,
    "Sora Inoue": 0.02219007589234554,
    "Ulquiorra Cifer": 0.042399618674045854,
    "Cirucci Sanderwicci": 0.014718775532365821,
    "Dordoni Alessandro Del Socaccio": 0.02088310539256554,
    "Nelliel Tu Odelschwanck": 0.02094385506106158,
    "Soul Society": 0.03132637075502818,
    "Isshin Kurosaki": 0.037494349340221875,
    "Bleach": 0.04839265530943536,
    "Rangiku Matsumoto": 0.05802657783287921,
    "Gotei 13": 0.030900985347286775,
    "Zanpaktou": 0.005254405379627336,
    "Bankai": 0.0,
    "Zanpakut\u014d": 0.045791445865998294,
    "Renji Abarai": 0.07009738674833979,
    "T\u014dshir\u014d Hitsugaya": 0.04563926342370652,
    "Byakuya Kuchiki": 0.05115489027917241,
    "Shikai": 0.0,
    "Grimmjow Jaegerjaquez": 0.030859652374638703,
    "Tier Harribel": 0.03883818338454119,
    "Hollow": 0.03939309795928097,
    "S\u014dsuke Aizen": 0.0684618935425799
  },
  "hitsAuths": {
    "Races": 0.0,
    "List of Arrancar": 0.0,
    "Gin Ichimaru": 0.0452938412658961,
    "Kisuke Urahara": 0.05846295130304022,
    "Bleach: Memories of Nobody": 0.010461446029388392,
    "Hueco Mundo": 0.0811461379665467,
    "Arturo Plateado": 0.00122839819730088,
    "Sora Inoue": 0.006227269812418754,
    "Ulquiorra Cifer": 0.035184149635608376,
    "Cirucci Sanderwicci": 0.00122839819730088,
    "Dordoni Alessandro Del Socaccio": 0.02498708796231358,
    "Nelliel Tu Odelschwanck": 0.010210243151776568,
    "Soul Society": 0.0775875823228073,
    "Isshin Kurosaki": 0.022988938779311786,
    "Bleach": 0.008819316524022914,
    "Rangiku Matsumoto": 0.05544186656426456,
    "Gotei 13": 0.04667156305432709,
    "Zanpaktou": 0.0,
    "Bankai": 0.025925843776613795,
    "Zanpakut\u014d": 0.06438046386878511,
    "Renji Abarai": 0.05516897027222386,
    "T\u014dshir\u014d Hitsugaya": 0.06675059966615275,
    "Byakuya Kuchiki": 0.056388105443564554,
    "Shikai": 0.03754351668005602,
    "Grimmjow Jaegerjaquez": 0.060131674017607196,
    "Tier Harribel": 0.024787288830167533,
    "Hollow": 0.04877336086680798,
    "S\u014dsuke Aizen": 0.07421098581169706
  },
  "averagePathLength": 1.3280423280423281
}