{
  "numNodes": 28,
  "numEdges": 224,
  "selfLinks": 1,
  "numStrongComponents": 8,
  "numWeakComponents": 1,
  "sizeLargestStrong": 21,
  "sizeLargestWeak": 28,
  "radius": 2,
  "diameter": 4,
  "averageInDegree": 8,
  "averageOutDegree": 8,
  "maxOutDegree": 18,
  "maxInDegree": 20,
  "pageRank": {
    "Races": 0.004947388856274107,
    "List of Arrancar": 0.004947388856274107,
    "Gin Ichimaru": 0.03596564202936518,
    "Kisuke Urahara": 0.04570966226859527,
    "Bleach: Memories of Nobody": 0.00877207538295681,
    "Hueco Mundo": 0.08512860119351978,
    "Arturo Plateado": 0.005583478642729206,
    "Sora Inoue": 0.02512491771749148,
    "Ulquiorra Cifer": 0.03016121152755328,
    "Cirucci Sanderwicci": 0.005583478642729206,
    "Dordoni Alessandro Del Socaccio": 0.019868041168659277,
    "Nelliel Tu Odelschwanck": 0.018186367391701954,
    "Soul Society": 0.09119646884987256,
    "Isshin Kurosaki": 0.020596008179237707,
    "Bleach": 0.012503807762564493,
    "Rangiku Matsumoto": 0.06169981342416082,
    "Gotei 13": 0.046176386512114746,
    "Zanpaktou": 0.004947388856274107,
    "Bankai": 0.019919583564315967,
    "Zanpakut\u014d": 0.05763537535574913,
    "Renji Abarai": 0.04648394247879709,
    "T\u014dshir\u014d Hitsugaya": 0.05831609512653297,
    "Byakuya Kuchiki": 0.04134252805146934,
    "Shikai": 0.02288743483809346,
    "Grimmjow Jaegerjaquez": 0.04674511911888513,
    "Tier Harribel": 0.022180676910997687,
    "Hollow": 0.06439628257119438,
    "S\u014dsuke Aizen": 0.09299483472189066
  },
  "hitsHubs": {
    "Races": 0.023795708983316906,
    "List of Arrancar": 0.012888202547283553,
    "Gin Ichimaru": 0.07470353539018353,
    "Kisuke Urahara": 0.05189999887552767,
    "Bleach: Memories of Nobody": 0.03776601940188663,
    "Hueco Mundo": 0.017005895926660363,
    "Arturo Plateado": 0.05924644229383361,
    "Sora Inoue": 0.015756726747809827,
    "Ulquiorra Cifer": 0.0422781662650584,
    "Cirucci Sanderwicci": 0.014674162135821652,
    "Dordoni Alessandro Del Socaccio": 0.02079688478978891,
    "Nelliel Tu Odelschwanck": 0.020906580733604335,
    "Soul Society": 0.03136093821715391,
    "Isshin Kurosaki": 0.03754037519345621,
    "Bleach": 0.04836885220797752,
    "Rangiku Matsumoto": 0.05804048736730099,
    "Gotei 13": 0.030936511183901116,
    "Zanpaktou": 0.005220128904793815,
    "Bankai": 0.0,
    "Zanpakut\u014d": 0.045834964204960714,
    "Renji Abarai": 0.07008129105562028,
    "T\u014dshir\u014d Hitsugaya": 0.04568255980930045,
    "Byakuya Kuchiki": 0.05121243151591373,
    "Shikai": 0.0,
    "Grimmjow Jaegerjaquez": 0.030810019094110005,
    "Tier Harribel": 0.04531632690031847,
    "Hollow": 0.039474139911768055,
    "S\u014dsuke Aizen": 0.06840265034264939
  },
  "hitsAuths": {
    "Races": 0.0,
    "List of Arrancar": 0.0,
    "Gin Ichimaru": 0.045689651763883114,
    "Kisuke Urahara": 0.05815393800317838,
    "Bleach: Memories of Nobody": 0.01041300913402396,
    "Hueco Mundo": 0.08071363670986778,
    "Arturo Plateado": 0.0012233266356422646,
    "Sora Inoue": 0.0062052617857548875,
    "Ulquiorra Cifer": 0.03559518974075018,
    "Cirucci Sanderwicci": 0.0012233266356422646,
    "Dordoni Alessandro Del Socaccio": 0.02483599008750619,
    "Nelliel Tu Odelschwanck": 0.010134740516351824,
    "Soul Society": 0.07941523474288012,
    "Isshin Kurosaki": 0.022860239138512917,
    "Bleach": 0.008779778233907016,
    "Rangiku Matsumoto": 0.055144614157460324,
    "Gotei 13": 0.046429291748759795,
    "Zanpaktou": 0.0,
    "Bankai": 0.025772674008748057,
    "Zanpakut\u014d": 0.0640313128435124,
    "Renji Abarai": 0.05487498984399963,
    "T\u014dshir\u014d Hitsugaya": 0.06701262273748682,
    "Byakuya Kuchiki": 0.05609324945166252,
    "Shikai": 0.0373430413197935,
    "Grimmjow Jaegerjaquez": 0.06042516573575211,
    "Tier Harribel": 0.02465194470535498,
    "Hollow": 0.04853071818965638,
    "S\u014dsuke Aizen": 0.0744470521299126
  },
  "averagePathLength": 1.3306878306878307
}