{
  "numNodes": 28,
  "numEdges": 219,
  "selfLinks": 1,
  "numStrongComponents": 9,
  "numWeakComponents": 1,
  "sizeLargestStrong": 20,
  "sizeLargestWeak": 28,
  "radius": 2,
  "diameter": 4,
  "averageInDegree": 7.821428571428571,
  "averageOutDegree": 7.821428571428571,
  "maxOutDegree": 17,
  "maxInDegree": 20,
  "pageRank": {
    "Races": 0.005011797021253524,
    "List of Arrancar": 0.005011797021253524,
    "Gin Ichimaru": 0.03601725138294447,
    "Kisuke Urahara": 0.045912929896847206,
    "Bleach: Memories of Nobody": 0.006803051101572171,
    "Hueco Mundo": 0.08513050020409725,
    "Arturo Plateado": 0.005763570203821468,
    "Sora Inoue": 0.03238954775978148,
    "Ulquiorra Cifer": 0.02904472582326625,
    "Cirucci Sanderwicci": 0.005763570203821468,
    "Dordoni Alessandro Del Socaccio": 0.020578639763122745,
    "Nelliel Tu Odelschwanck": 0.018247264952394322,
    "Soul Society": 0.09820650345129175,
    "Isshin Kurosaki": 0.02093501661707343,
    "Bleach": 0.012705194580365977,
    "Rangiku Matsumoto": 0.06357933413752584,
    "Gotei 13": 0.048699608093331376,
    "Zanpaktou": 0.005011797021253524,
    "Bankai": 0.020872883231966823,
    "Zanpakut\u014d": 0.056009445678031955,
    "Renji Abarai": 0.047568952015977974,
    "T\u014dshir\u014d Hitsugaya": 0.056572876365320594,
    "Byakuya Kuchiki": 0.04288319933695814,
    "Shikai": 0.023938336919519198,
    "Grimmjow Jaegerjaquez": 0.04569191790830961,
    "Tier Harribel": 0.005011797021253524,
    "Hollow": 0.06385546030872992,
    "S\u014dsuke Aizen": 0.09278303197891426
  },
  "hitsHubs": {
    "Races": 0.023773168426153422,
    "List of Arrancar": 0.010853699501956136,
    "Gin Ichimaru": 0.07345272117581898,
    "Kisuke Urahara": 0.05242559835724582,
    "Bleach: Memories of Nobody": 0.0381297590084371,
    "Hueco Mundo": 0.017431684415110543,
    "Arturo Plateado": 0.05986269798357905,
    "Sora Inoue": 0.022467414668736578,
    "Ulquiorra Cifer": 0.04289302897110229,
    "Cirucci Sanderwicci": 0.0148687360628101,
    "Dordoni Alessandro Del Socaccio": 0.021115650579348614,
    "Nelliel Tu Odelschwanck": 0.021093770034425568,
    "Soul Society": 0.031679688406179254,
    "Isshin Kurosaki": 0.03701968235029603,
    "Bleach": 0.048966783698549496,
    "Rangiku Matsumoto": 0.056569439373529574,
    "Gotei 13": 0.031235315968124098,
    "Zanpaktou": 0.005322951533590893,
    "Bankai": 0.0,
    "Zanpakut\u014d": 0.04628926377269225,
    "Renji Abarai": 0.07073983242229938,
    "T\u014dshir\u014d Hitsugaya": 0.04399466810336977,
    "Byakuya Kuchiki": 0.051682806272392134,
    "Shikai": 0.0,
    "Grimmjow Jaegerjaquez": 0.031195381401810225,
    "Tier Harribel": 0.039262749611775415,
    "Hollow": 0.04068799433332163,
    "S\u014dsuke Aizen": 0.0669855135673458
  },
  "hitsAuths": {
    "Races": 0.0,
    "List of Arrancar": 0.0,
    "Gin Ichimaru": 0.04629485088670038,
    "Kisuke Urahara": 0.060056240443796094,
    "Bleach: Memories of Nobody": 0.00712836115676465,
    "Hueco Mundo": 0.08337045500819706,
    "Arturo Plateado": 0.001063639549856881,
    "Sora Inoue": 0.010494246380590091,
    "Ulquiorra Cifer": 0.03586813240569008,
    "Cirucci Sanderwicci": 0.001063639549856881,
    "Dordoni Alessandro Del Socaccio": 0.025282891973302083,
    "Nelliel Tu Odelschwanck": 0.010393435765096163,
    "Soul Society": 0.07971089137153403,
    "Isshin Kurosaki": 0.023436496660546483,
    "Bleach": 0.009127350465025243,
    "Rangiku Matsumoto": 0.0569077199171234,
    "Gotei 13": 0.04759365336866193,
    "Zanpaktou": 0.0,
    "Bankai": 0.026392142464854003,
    "Zanpakut\u014d": 0.06626698534492168,
    "Renji Abarai": 0.05663190225442431,
    "T\u014dshir\u014d Hitsugaya": 0.06873689953831918,
    "Byakuya Kuchiki": 0.05768660864096611,
    "Shikai": 0.03823729080407396,
    "Grimmjow Jaegerjaquez": 0.06144915022804061,
    "Tier Harribel": 0.0,
    "Hollow": 0.05035510521178314,
    "S\u014dsuke Aizen": 0.07645191060987555
  },
  "averagePathLength": 1.287037037037037
}