{
  "numNodes": 28,
  "numEdges": 210,
  "selfLinks": 2,
  "numStrongComponents": 8,
  "numWeakComponents": 1,
  "sizeLargestStrong": 21,
  "sizeLargestWeak": 28,
  "radius": 2,
  "diameter": 4,
  "averageInDegree": 7.5,
  "averageOutDegree": 7.5,
  "maxOutDegree": 18,
  "maxInDegree": 18,
  "pageRank": {
    "Races": 0.004899090360195646,
    "List of Arrancar": 0.004899090360195646,
    "Gin Ichimaru": 0.02864558274653059,
    "Kisuke Urahara": 0.06243322781467309,
    "Bleach: Memories of Nobody": 0.007714746582146067,
    "Hueco Mundo": 0.06500277247693953,
    "Arturo Plateado": 0.005528969532227183,
    "Sora Inoue": 0.005940783644024937,
    "Ulquiorra Cifer": 0.03167641138858525,
    "Cirucci Sanderwicci": 0.005528969532227183,
    "Dordoni Alessandro Del Socaccio": 0.018926979126232424,
    "Nelliel Tu Odelschwanck": 0.017761474902709712,
    "Soul Society": 0.11118278983989166,
    "Isshin Kurosaki": 0.017739732301696065,
    "Bleach": 0.012731415009398488,
    "Rangiku Matsumoto": 0.06586359877457162,
    "Gotei 13": 0.054916892917169405,
    "Zanpaktou": 0.004899090360195646,
    "Bankai": 0.01915506269991272,
    "Zanpakut\u014d": 0.05961036982144316,
    "Renji Abarai": 0.04405013609666256,
    "T\u014dshir\u014d Hitsugaya": 0.05794945399907285,
    "Byakuya Kuchiki": 0.03341828129381531,
    "Shikai": 0.02214988287039753,
    "Grimmjow Jaegerjaquez": 0.044007279703651675,
    "Tier Harribel": 0.022281625420496002,
    "Hollow": 0.07352404966370744,
    "S\u014dsuke Aizen": 0.09756224076123036
  },
  "hitsHubs": {
    "Races": 0.02321029628700349,
    "List of Arrancar": 0.01449056672060611,
    "Gin Ichimaru": 0.0796358305701035,
    "Kisuke Urahara": 0.04391259069654628,
    "Bleach: Memories of Nobody": 0.040305102716773115,
    "Hueco Mundo": 0.017498682112484704,
    "Arturo Plateado": 0.062234675938107456,
    "Sora Inoue": 0.016257609367977065,
    "Ulquiorra Cifer": 0.04484601178072441,
    "Cirucci Sanderwicci": 0.015481260423301677,
    "Dordoni Alessandro Del Socaccio": 0.02171694988347652,
    "Nelliel Tu Odelschwanck": 0.028199113521206354,
    "Soul Society": 0.02615001848740024,
    "Isshin Kurosaki": 0.040247125432041356,
    "Bleach": 0.05085314230022851,
    "Rangiku Matsumoto": 0.06091133260370715,
    "Gotei 13": 0.03265785648681504,
    "Zanpaktou": 0.0052457362061243615,
    "Bankai": 0.0,
    "Zanpakut\u014d": 0.022301974986652484,
    "Renji Abarai": 0.07441840607322733,
    "T\u014dshir\u014d Hitsugaya": 0.04757864160939352,
    "Byakuya Kuchiki": 0.04143259259369344,
    "Shikai": 0.0,
    "Grimmjow Jaegerjaquez": 0.032139556195395116,
    "Tier Harribel": 0.04374010962008334,
    "Hollow": 0.04206612345143771,
    "S\u014dsuke Aizen": 0.07246869393548981
  },
  "hitsAuths": {
    "Races": 0.0,
    "List of Arrancar": 0.0,
    "Gin Ichimaru": 0.039272413329377635,
    "Kisuke Urahara": 0.06811868260475178,
    "Bleach: Memories of Nobody": 0.008960189873297868,
    "Hueco Mundo": 0.07867608502986555,
    "Arturo Plateado": 0.0014252233542225538,
    "Sora Inoue": 0.0050016736724256715,
    "Ulquiorra Cifer": 0.0382606721009915,
    "Cirucci Sanderwicci": 0.0014252233542225538,
    "Dordoni Alessandro Del Socaccio": 0.02800113770158422,
    "Nelliel Tu Odelschwanck": 0.011133134461216528,
    "Soul Society": 0.08081095721483315,
    "Isshin Kurosaki": 0.019279312934362892,
    "Bleach": 0.0071762903013444495,
    "Rangiku Matsumoto": 0.05267369352312266,
    "Gotei 13": 0.04788063630456445,
    "Zanpaktou": 0.0,
    "Bankai": 0.028374212420999204,
    "Zanpakut\u014d": 0.06097109923839009,
    "Renji Abarai": 0.05357907196156161,
    "T\u014dshir\u014d Hitsugaya": 0.06597364308313183,
    "Byakuya Kuchiki": 0.05124935023530021,
    "Shikai": 0.04100317150926014,
    "Grimmjow Jaegerjaquez": 0.061122148816259214,
    "Tier Harribel": 0.027056061175482635,
    "Hollow": 0.04931472216475158,
    "S\u014dsuke Aizen": 0.07326119363468003
  },
  "averagePathLength": 1.439153439153439
}