{
  "numNodes": 28,
  "numEdges": 210,
  "selfLinks": 2,
  "numStrongComponents": 8,
  "numWeakComponents": 1,
  "sizeLargestStrong": 21,
  "sizeLargestWeak": 28,
  "radius": 2,
  "diameter": 4,
  "averageInDegree": 7.5,
  "averageOutDegree": 7.5,
  "maxOutDegree": 18,
  "maxInDegree": 18,
  "pageRank": {
    "Races": 0.004854748258720154,
    "List of Arrancar": 0.004854748258720154,
    "Gin Ichimaru": 0.02820880380187873,
    "Kisuke Urahara": 0.06270454612522697,
    "Bleach: Memories of Nobody": 0.007725159715065977,
    "Hueco Mundo": 0.06584177812208687,
    "Arturo Plateado": 0.005478904218201943,
    "Sora Inoue": 0.005977051937577319,
    "Ulquiorra Cifer": 0.032787409853549526,
    "Cirucci Sanderwicci": 0.005478904218201943,
    "Dordoni Alessandro Del Socaccio": 0.018230841106068308,
    "Nelliel Tu Odelschwanck": 0.01780754094312845,
    "Soul Society": 0.10789649828997327,
    "Isshin Kurosaki": 0.017480575916040936,
    "Bleach": 0.013716434807463838,
    "Rangiku Matsumoto": 0.06610351108669188,
    "Gotei 13": 0.05392494144987665,
    "Zanpaktou": 0.004854748258720154,
    "Bankai": 0.018321475618862527,
    "Zanpakut\u014d": 0.06029240995729771,
    "Renji Abarai": 0.03701206615330362,
    "T\u014dshir\u014d Hitsugaya": 0.05979805012838992,
    "Byakuya Kuchiki": 0.03402701049168721,
    "Shikai": 0.021605611098842757,
    "Grimmjow Jaegerjaquez": 0.04486859345671285,
    "Tier Harribel": 0.03698843560267759,
    "Hollow": 0.06975471578276306,
    "S\u014dsuke Aizen": 0.0934044853422695
  },
  "hitsHubs": {
    "Races": 0.023361136716806768,
    "List of Arrancar": 0.014761594127038993,
    "Gin Ichimaru": 0.0798462807024538,
    "Kisuke Urahara": 0.04378585218306188,
    "Bleach: Memories of Nobody": 0.040001405110469075,
    "Hueco Mundo": 0.020149388043515758,
    "Arturo Plateado": 0.06221404053472715,
    "Sora Inoue": 0.016387349424900083,
    "Ulquiorra Cifer": 0.0450340248822079,
    "Cirucci Sanderwicci": 0.015600203200519858,
    "Dordoni Alessandro Del Socaccio": 0.02188026015367692,
    "Nelliel Tu Odelschwanck": 0.02803328777020319,
    "Soul Society": 0.02628628850642048,
    "Isshin Kurosaki": 0.040474707132083454,
    "Bleach": 0.05081088202846001,
    "Rangiku Matsumoto": 0.061027565324809574,
    "Gotei 13": 0.0279677713835514,
    "Zanpaktou": 0.005281142218883544,
    "Bankai": 0.0,
    "Zanpakut\u014d": 0.022398674967111412,
    "Renji Abarai": 0.074717371152689,
    "T\u014dshir\u014d Hitsugaya": 0.047953016638221525,
    "Byakuya Kuchiki": 0.041246180141859975,
    "Shikai": 0.0,
    "Grimmjow Jaegerjaquez": 0.031970440798164156,
    "Tier Harribel": 0.04399021984834324,
    "Hollow": 0.04223397878909828,
    "S\u014dsuke Aizen": 0.07258693822072272
  },
  "hitsAuths": {
    "Races": 0.0,
    "List of Arrancar": 0.0,
    "Gin Ichimaru": 0.039414700014469325,
    "Kisuke Urahara": 0.067814459684073,
    "Bleach: Memories of Nobody": 0.008990044822775748,
    "Hueco Mundo": 0.07897396438178501,
    "Arturo Plateado": 0.0014537605995575734,
    "Sora Inoue": 0.005003989250968849,
    "Ulquiorra Cifer": 0.038377891209490235,
    "Cirucci Sanderwicci": 0.0014537605995575734,
    "Dordoni Alessandro Del Socaccio": 0.02812128882417379,
    "Nelliel Tu Odelschwanck": 0.01119218838090952,
    "Soul Society": 0.0808593298066239,
    "Isshin Kurosaki": 0.01932417000444307,
    "Bleach": 0.006693783198538532,
    "Rangiku Matsumoto": 0.0523332328049856,
    "Gotei 13": 0.048005445996204245,
    "Zanpaktou": 0.0,
    "Bankai": 0.028511268434114292,
    "Zanpakut\u014d": 0.061233531015202035,
    "Renji Abarai": 0.05037611736768438,
    "T\u014dshir\u014d Hitsugaya": 0.06565069399028182,
    "Byakuya Kuchiki": 0.050927856280095,
    "Shikai": 0.04114542786312868,
    "Grimmjow Jaegerjaquez": 0.061375280511746684,
    "Tier Harribel": 0.029182843707635686,
    "Hollow": 0.049799746914829926,
    "S\u014dsuke Aizen": 0.07378522433672548
  },
  "averagePathLength": 1.437830687830688
}