{
  "numNodes": 28,
  "numEdges": 220,
  "selfLinks": 1,
  "numStrongComponents": 8,
  "numWeakComponents": 1,
  "sizeLargestStrong": 21,
  "sizeLargestWeak": 28,
  "radius": 2,
  "diameter": 4,
  "averageInDegree": 7.857142857142857,
  "averageOutDegree": 7.857142857142857,
  "maxOutDegree": 18,
  "maxInDegree": 19,
  "pageRank": {
    "Races": 0.004994446388821109,
    "List of Arrancar": 0.004994446388821109,
    "Gin Ichimaru": 0.04033132496210186,
    "Kisuke Urahara": 0.04993862014964268,
    "Bleach: Memories of Nobody": 0.008012744106079162,
    "Hueco Mundo": 0.06828103507762917,
    "Arturo Plateado": 0.005636583946209726,
    "Sora Inoue": 0.021250788038116024,
    "Ulquiorra Cifer": 0.03115337684626192,
    "Cirucci Sanderwicci": 0.005636583946209726,
    "Dordoni Alessandro Del Socaccio": 0.020481219678632125,
    "Nelliel Tu Odelschwanck": 0.01811617960366083,
    "Soul Society": 0.09186763271407251,
    "Isshin Kurosaki": 0.02125334878720957,
    "Bleach": 0.010914095810739675,
    "Rangiku Matsumoto": 0.06513117690499994,
    "Gotei 13": 0.05118296460836546,
    "Zanpaktou": 0.004994446388821109,
    "Bankai": 0.020699457487037314,
    "Zanpakut\u014d": 0.054685968106329884,
    "Renji Abarai": 0.04696374074568123,
    "T\u014dshir\u014d Hitsugaya": 0.05928344329056964,
    "Byakuya Kuchiki": 0.04135066540893054,
    "Shikai": 0.02357220626753448,
    "Grimmjow Jaegerjaquez": 0.044157894461585044,
    "Tier Harribel": 0.023108103999489447,
    "Hollow": 0.06312900994063779,
    "S\u014dsuke Aizen": 0.0988784959458109
  },
  "hitsHubs": {
    "Races": 0.021627379846531937,
    "List of Arrancar": 0.01283381090100063,
    "Gin Ichimaru": 0.07606752077601063,
    "Kisuke Urahara": 0.05256016118592487,
    "Bleach: Memories of Nobody": 0.03935185700733431,
    "Hueco Mundo": 0.0176093945569655,
    "Arturo Plateado": 0.060141669346761656,
    "Sora Inoue": 0.015001355326788856,
    "Ulquiorra Cifer": 0.042567786734468364,
    "Cirucci Sanderwicci": 0.014624636098201657,
    "Dordoni Alessandro Del Socaccio": 0.020481636765095766,
    "Nelliel Tu Odelschwanck": 0.02043026393520788,
    "Soul Society": 0.02550802355865997,
    "Isshin Kurosaki": 0.03829627416950855,
    "Bleach": 0.04878484494928446,
    "Rangiku Matsumoto": 0.0588493824062566,
    "Gotei 13": 0.04260584660632275,
    "Zanpaktou": 0.0049234779432191424,
    "Bankai": 0.0,
    "Zanpakut\u014d": 0.04790386499824854,
    "Renji Abarai": 0.07114828500150919,
    "T\u014dshir\u014d Hitsugaya": 0.04608133834182869,
    "Byakuya Kuchiki": 0.04090573502228027,
    "Shikai": 0.0,
    "Grimmjow Jaegerjaquez": 0.03127209649946681,
    "Tier Harribel": 0.04133949539388622,
    "Hollow": 0.03971586882510727,
    "S\u014dsuke Aizen": 0.06936799380412952
  },
  "hitsAuths": {
    "Races": 0.0,
    "List of Arrancar": 0.0,
    "Gin Ichimaru": 0.045429636597456885,
    "Kisuke Urahara": 0.06458467304359773,
    "Bleach: Memories of Nobody": 0.008323291302905272,
    "Hueco Mundo": 0.07344034429278092,
    "Arturo Plateado": 0.001226667133666319,
    "Sora Inoue": 0.006346020835800632,
    "Ulquiorra Cifer": 0.03584471162376254,
    "Cirucci Sanderwicci": 0.001226667133666319,
    "Dordoni Alessandro Del Socaccio": 0.025278519248043634,
    "Nelliel Tu Odelschwanck": 0.010242002435977934,
    "Soul Society": 0.08008388039566276,
    "Isshin Kurosaki": 0.02350329816418467,
    "Bleach": 0.007833590646799877,
    "Rangiku Matsumoto": 0.05594736972480449,
    "Gotei 13": 0.04586356500870987,
    "Zanpaktou": 0.0,
    "Bankai": 0.026319318728457913,
    "Zanpakut\u014d": 0.059506453313084594,
    "Renji Abarai": 0.0562246238112389,
    "T\u014dshir\u014d Hitsugaya": 0.06822540992525616,
    "Byakuya Kuchiki": 0.05857797148296779,
    "Shikai": 0.038275841393767676,
    "Grimmjow Jaegerjaquez": 0.0561373607717932,
    "Tier Harribel": 0.025156895964844772,
    "Hollow": 0.04836354046846132,
    "S\u014dsuke Aizen": 0.07803834655230772
  },
  "averagePathLength": 1.343915343915344
}