{
  "numNodes": 28,
  "numEdges": 220,
  "selfLinks": 1,
  "numStrongComponents": 8,
  "numWeakComponents": 1,
  "sizeLargestStrong": 21,
  "sizeLargestWeak": 28,
  "radius": 2,
  "diameter": 4,
  "averageInDegree": 7.857142857142857,
  "averageOutDegree": 7.857142857142857,
  "maxOutDegree": 18,
  "maxInDegree": 19,
  "pageRank": {
    "Races": 0.005021021499623348,
    "List of Arrancar": 0.005021021499623348,
    "Gin Ichimaru": 0.040844406033213154,
    "Kisuke Urahara": 0.053194639012033695,
    "Bleach: Memories of Nobody": 0.008086183046389528,
    "Hueco Mundo": 0.06413818247289142,
    "Arturo Plateado": 0.005666583358543139,
    "Sora Inoue": 0.005932911762646035,
    "Ulquiorra Cifer": 0.031326124624633474,
    "Cirucci Sanderwicci": 0.005666583358543139,
    "Dordoni Alessandro Del Socaccio": 0.020314259967738585,
    "Nelliel Tu Odelschwanck": 0.01815313587779245,
    "Soul Society": 0.09772588195095562,
    "Isshin Kurosaki": 0.021532446532391884,
    "Bleach": 0.011145284894331902,
    "Rangiku Matsumoto": 0.06687426898836184,
    "Gotei 13": 0.05315651926559086,
    "Zanpaktou": 0.005021021499623348,
    "Bankai": 0.021055295056356522,
    "Zanpakut\u014d": 0.05097257261229245,
    "Renji Abarai": 0.047162943512758654,
    "T\u014dshir\u014d Hitsugaya": 0.06011818564057895,
    "Byakuya Kuchiki": 0.042072842830666694,
    "Shikai": 0.024043177903090806,
    "Grimmjow Jaegerjaquez": 0.04431484120577744,
    "Tier Harribel": 0.023664567221287996,
    "Hollow": 0.06333051117769366,
    "S\u014dsuke Aizen": 0.10444458719456982
  },
  "hitsHubs": {
    "Races": 0.02144593335525123,
    "List of Arrancar": 0.012846885040682359,
    "Gin Ichimaru": 0.07574058234515603,
    "Kisuke Urahara": 0.05216587411567226,
    "Bleach: Memories of Nobody": 0.039217212803959484,
    "Hueco Mundo": 0.01689842356731939,
    "Arturo Plateado": 0.05988124678465546,
    "Sora Inoue": 0.014890700015499846,
    "Ulquiorra Cifer": 0.04243732710872024,
    "Cirucci Sanderwicci": 0.014564170283891703,
    "Dordoni Alessandro Del Socaccio": 0.020318734793083753,
    "Nelliel Tu Odelschwanck": 0.025954594301057357,
    "Soul Society": 0.025238053491569636,
    "Isshin Kurosaki": 0.03815792271045682,
    "Bleach": 0.04849229023562197,
    "Rangiku Matsumoto": 0.05860652301981668,
    "Gotei 13": 0.04243402941669143,
    "Zanpaktou": 0.004874717958281244,
    "Bankai": 0.0,
    "Zanpakut\u014d": 0.047673223351749346,
    "Renji Abarai": 0.07082468161325375,
    "T\u014dshir\u014d Hitsugaya": 0.045708414500973876,
    "Byakuya Kuchiki": 0.04074886768780124,
    "Shikai": 0.0,
    "Grimmjow Jaegerjaquez": 0.031094207971085978,
    "Tier Harribel": 0.04105087296279719,
    "Hollow": 0.03961373739710281,
    "S\u014dsuke Aizen": 0.06912077316784888
  },
  "hitsAuths": {
    "Races": 0.0,
    "List of Arrancar": 0.0,
    "Gin Ichimaru": 0.04529011300603731,
    "Kisuke Urahara": 0.0668984809530344,
    "Bleach: Memories of Nobody": 0.008294094495113863,
    "Hueco Mundo": 0.07371039732330874,
    "Arturo Plateado": 0.0012296943649792033,
    "Sora Inoue": 0.004641646267872689,
    "Ulquiorra Cifer": 0.03625831038715056,
    "Cirucci Sanderwicci": 0.0012296943649792033,
    "Dordoni Alessandro Del Socaccio": 0.025753429071319844,
    "Nelliel Tu Odelschwanck": 0.010212973002873911,
    "Soul Society": 0.07973593213552067,
    "Isshin Kurosaki": 0.023422546920060527,
    "Bleach": 0.0078155966891189,
    "Rangiku Matsumoto": 0.05574720939797067,
    "Gotei 13": 0.04569359845900709,
    "Zanpaktou": 0.0,
    "Bankai": 0.026242650977003793,
    "Zanpakut\u014d": 0.059294636842943976,
    "Renji Abarai": 0.05658247268874357,
    "T\u014dshir\u014d Hitsugaya": 0.06801898478629052,
    "Byakuya Kuchiki": 0.05837581386718566,
    "Shikai": 0.03815856386831639,
    "Grimmjow Jaegerjaquez": 0.05650096807950292,
    "Tier Harribel": 0.02508066539723506,
    "Hollow": 0.04812106529481132,
    "S\u014dsuke Aizen": 0.07769046135961921
  },
  "averagePathLength": 1.3822751322751323
}