{
  "numNodes": 28,
  "numEdges": 217,
  "selfLinks": 2,
  "numStrongComponents": 8,
  "numWeakComponents": 1,
  "sizeLargestStrong": 21,
  "sizeLargestWeak": 28,
  "radius": 2,
  "diameter": 4,
  "averageInDegree": 7.75,
  "averageOutDegree": 7.75,
  "maxOutDegree": 18,
  "maxInDegree": 18,
  "pageRank": {
    "Races": 0.004996715664957412,
    "List of Arrancar": 0.004996715664957412,
    "Gin Ichimaru": 0.03493741602735108,
    "Kisuke Urahara": 0.05406546671332818,
    "Bleach: Memories of Nobody": 0.008205291002915045,
    "Hueco Mundo": 0.06526919409301177,
    "Arturo Plateado": 0.005639157165880468,
    "Sora Inoue": 0.006043709087145808,
    "Ulquiorra Cifer": 0.03193289562953455,
    "Cirucci Sanderwicci": 0.005639157165880468,
    "Dordoni Alessandro Del Socaccio": 0.01986686946389249,
    "Nelliel Tu Odelschwanck": 0.018120360063923466,
    "Soul Society": 0.10058015800377812,
    "Isshin Kurosaki": 0.021615206170916106,
    "Bleach": 0.012796900774865463,
    "Rangiku Matsumoto": 0.06913117254798859,
    "Gotei 13": 0.054286999372787324,
    "Zanpaktou": 0.004996715664957412,
    "Bankai": 0.020552019893208155,
    "Zanpakut\u014d": 0.050649783158236227,
    "Renji Abarai": 0.048885833771606345,
    "T\u014dshir\u014d Hitsugaya": 0.06189646092838333,
    "Byakuya Kuchiki": 0.03898424799589361,
    "Shikai": 0.02379021489980473,
    "Grimmjow Jaegerjaquez": 0.0444266080185274,
    "Tier Harribel": 0.023462615819598243,
    "Hollow": 0.06372451676351858,
    "S\u014dsuke Aizen": 0.10050759847315208
  },
  "hitsHubs": {
    "Races": 0.02216630265405729,
    "List of Arrancar": 0.013312881614789187,
    "Gin Ichimaru": 0.0771287432932524,
    "Kisuke Urahara": 0.043001527582828804,
    "Bleach: Memories of Nobody": 0.039550630745506944,
    "Hueco Mundo": 0.017097869797227085,
    "Arturo Plateado": 0.06063994702452835,
    "Sora Inoue": 0.015480171677528137,
    "Ulquiorra Cifer": 0.04343902070767842,
    "Cirucci Sanderwicci": 0.014691133508141153,
    "Dordoni Alessandro Del Socaccio": 0.02069150500587548,
    "Nelliel Tu Odelschwanck": 0.026688822282119,
    "Soul Society": 0.025548252970879544,
    "Isshin Kurosaki": 0.03877313145839408,
    "Bleach": 0.04924850597696596,
    "Rangiku Matsumoto": 0.05917938484515734,
    "Gotei 13": 0.03247400285655909,
    "Zanpaktou": 0.00508414181846728,
    "Bankai": 0.0,
    "Zanpakut\u014d": 0.05290336438777527,
    "Renji Abarai": 0.07187098637185756,
    "T\u014dshir\u014d Hitsugaya": 0.045921082128844604,
    "Byakuya Kuchiki": 0.041003404724521596,
    "Shikai": 0.0,
    "Grimmjow Jaegerjaquez": 0.03141352073522203,
    "Tier Harribel": 0.04197030181412295,
    "Hollow": 0.040451958629984845,
    "S\u014dsuke Aizen": 0.07026940538771556
  },
  "hitsAuths": {
    "Races": 0.0,
    "List of Arrancar": 0.0,
    "Gin Ichimaru": 0.042563496392574514,
    "Kisuke Urahara": 0.06797833443972896,
    "Bleach: Memories of Nobody": 0.00850395551972483,
    "Hueco Mundo": 0.07468361463011886,
    "Arturo Plateado": 0.0012861854922915673,
    "Sora Inoue": 0.004758001741978986,
    "Ulquiorra Cifer": 0.036292934483174194,
    "Cirucci Sanderwicci": 0.0012861854922915673,
    "Dordoni Alessandro Del Socaccio": 0.02646804233840781,
    "Nelliel Tu Odelschwanck": 0.010516896768866473,
    "Soul Society": 0.08011064023917325,
    "Isshin Kurosaki": 0.02350601844962891,
    "Bleach": 0.006958451320217683,
    "Rangiku Matsumoto": 0.05550596631042321,
    "Gotei 13": 0.045743262680758734,
    "Zanpaktou": 0.0,
    "Bankai": 0.02692905588417264,
    "Zanpakut\u014d": 0.06091622458099066,
    "Renji Abarai": 0.05637328388042865,
    "T\u014dshir\u014d Hitsugaya": 0.06814014912103293,
    "Byakuya Kuchiki": 0.05402414061532599,
    "Shikai": 0.03904616081514375,
    "Grimmjow Jaegerjaquez": 0.057978955829213336,
    "Tier Harribel": 0.02568060778421424,
    "Hollow": 0.049877601845969406,
    "S\u014dsuke Aizen": 0.07487183334414883
  },
  "averagePathLength": 1.3875661375661377
}