{
  "numNodes": 28,
  "numEdges": 211,
  "selfLinks": 2,
  "numStrongComponents": 8,
  "numWeakComponents": 1,
  "sizeLargestStrong": 21,
  "sizeLargestWeak": 28,
  "radius": 2,
  "diameter": 4,
  "averageInDegree": 7.535714285714286,
  "averageOutDegree": 7.535714285714286,
  "maxOutDegree": 18,
  "maxInDegree": 18,
  "pageRank": {
    "Races": 0.004844954557916172,
    "List of Arrancar": 0.004844954557916172,
    "Gin Ichimaru": 0.027971724514160388,
    "Kisuke Urahara": 0.061285731257612594,
    "Bleach: Memories of Nobody": 0.007685700345497406,
    "Hueco Mundo": 0.0652266640957666,
    "Arturo Plateado": 0.005467844396016891,
    "Sora Inoue": 0.00595892576868834,
    "Ulquiorra Cifer": 0.03335416331891043,
    "Cirucci Sanderwicci": 0.005467844396016891,
    "Dordoni Alessandro Del Socaccio": 0.018131840542667373,
    "Nelliel Tu Odelschwanck": 0.017787161648678475,
    "Soul Society": 0.10672782496777887,
    "Isshin Kurosaki": 0.017267452779556006,
    "Bleach": 0.013615112886530846,
    "Rangiku Matsumoto": 0.06548774909450296,
    "Gotei 13": 0.05334199581312852,
    "Zanpaktou": 0.004844954557916172,
    "Bankai": 0.018190970468574368,
    "Zanpakut\u014d": 0.05984084314059454,
    "Renji Abarai": 0.03665508096057706,
    "T\u014dshir\u014d Hitsugaya": 0.059175781396962855,
    "Byakuya Kuchiki": 0.03373272556656377,
    "Shikai": 0.02143212007352907,
    "Grimmjow Jaegerjaquez": 0.04449253020683806,
    "Tier Harribel": 0.04456548582987368,
    "Hollow": 0.07013397511490922,
    "S\u014dsuke Aizen": 0.09246788774231605
  },
  "hitsHubs": {
    "Races": 0.023246296066206425,
    "List of Arrancar": 0.015083145608121457,
    "Gin Ichimaru": 0.07979142994886701,
    "Kisuke Urahara": 0.04354029709924799,
    "Bleach: Memories of Nobody": 0.0397577436398077,
    "Hueco Mundo": 0.02043081639020542,
    "Arturo Plateado": 0.0618954458759886,
    "Sora Inoue": 0.01630229965635879,
    "Ulquiorra Cifer": 0.044820288870376604,
    "Cirucci Sanderwicci": 0.015528533901520813,
    "Dordoni Alessandro Del Socaccio": 0.021780700513000247,
    "Nelliel Tu Odelschwanck": 0.027892866126322552,
    "Soul Society": 0.02612681462151777,
    "Isshin Kurosaki": 0.040248458074202756,
    "Bleach": 0.050554831115146706,
    "Rangiku Matsumoto": 0.06111682967912376,
    "Gotei 13": 0.027815472426171904,
    "Zanpaktou": 0.005263251999297381,
    "Bankai": 0.0,
    "Zanpakut\u014d": 0.02228967641502506,
    "Renji Abarai": 0.07430898781907508,
    "T\u014dshir\u014d Hitsugaya": 0.048078428426398145,
    "Byakuya Kuchiki": 0.04101631371740087,
    "Shikai": 0.0,
    "Grimmjow Jaegerjaquez": 0.03178911120578685,
    "Tier Harribel": 0.04379060204130159,
    "Hollow": 0.04496125511003633,
    "S\u014dsuke Aizen": 0.07257010365349227
  },
  "hitsAuths": {
    "Races": 0.0,
    "List of Arrancar": 0.0,
    "Gin Ichimaru": 0.03917183226797188,
    "Kisuke Urahara": 0.0676067401716952,
    "Bleach: Memories of Nobody": 0.008909376865396383,
    "Hueco Mundo": 0.07871137211421196,
    "Arturo Plateado": 0.0014799180691771263,
    "Sora Inoue": 0.004960305368151314,
    "Ulquiorra Cifer": 0.03814473766321725,
    "Cirucci Sanderwicci": 0.0014799180691771263,
    "Dordoni Alessandro Del Socaccio": 0.027980617938082306,
    "Nelliel Tu Odelschwanck": 0.011133692659336352,
    "Soul Society": 0.08060729700282598,
    "Isshin Kurosaki": 0.019221365784109164,
    "Bleach": 0.0066301039512570515,
    "Rangiku Matsumoto": 0.05196441216962557,
    "Gotei 13": 0.047715142369914025,
    "Zanpaktou": 0.0,
    "Bankai": 0.02832644357768216,
    "Zanpakut\u014d": 0.06109688024988347,
    "Renji Abarai": 0.05003247992815229,
    "T\u014dshir\u014d Hitsugaya": 0.06546132401217573,
    "Byakuya Kuchiki": 0.0506176812099734,
    "Shikai": 0.04088064675470557,
    "Grimmjow Jaegerjaquez": 0.061310012228632395,
    "Tier Harribel": 0.03355926961141986,
    "Hollow": 0.049432097525142854,
    "S\u014dsuke Aizen": 0.0735663324380835
  },
  "averagePathLength": 1.433862433862434
}