{
  "numNodes": 28,
  "numEdges": 222,
  "selfLinks": 2,
  "numStrongComponents": 8,
  "numWeakComponents": 1,
  "sizeLargestStrong": 21,
  "sizeLargestWeak": 28,
  "radius": 2,
  "diameter": 4,
  "averageInDegree": 7.928571428571429,
  "averageOutDegree": 7.928571428571429,
  "maxOutDegree": 18,
  "maxInDegree": 18,
  "pageRank": {
    "Races": 0.005270369897976293,
    "List of Arrancar": 0.005270369897976293,
    "Gin Ichimaru": 0.026747180925937416,
    "Kisuke Urahara": 0.055403621722253216,
    "Bleach: Memories of Nobody": 0.008276437189765406,
    "Hueco Mundo": 0.0634653815496002,
    "Arturo Plateado": 0.005947995979843745,
    "Sora Inoue": 0.006277187305222672,
    "Ulquiorra Cifer": 0.032804070616016,
    "Cirucci Sanderwicci": 0.005947995979843745,
    "Dordoni Alessandro Del Socaccio": 0.018744724056889803,
    "Nelliel Tu Odelschwanck": 0.018113524438510706,
    "Soul Society": 0.09739862239805784,
    "Isshin Kurosaki": 0.028877103046001808,
    "Bleach": 0.012305301340449073,
    "Rangiku Matsumoto": 0.06222857090747413,
    "Gotei 13": 0.06207268619131943,
    "Zanpaktou": 0.005270369897976293,
    "Bankai": 0.025146134540331006,
    "Zanpakut\u014d": 0.05852785897984671,
    "Renji Abarai": 0.04093032612966968,
    "T\u014dshir\u014d Hitsugaya": 0.05698880970053752,
    "Byakuya Kuchiki": 0.03102454928180027,
    "Shikai": 0.027708762571436875,
    "Grimmjow Jaegerjaquez": 0.04286496091977633,
    "Tier Harribel": 0.042599508326845545,
    "Hollow": 0.06585004161826723,
    "S\u014dsuke Aizen": 0.08793753459037473
  },
  "hitsHubs": {
    "Races": 0.021930166606477328,
    "List of Arrancar": 0.013490927861456963,
    "Gin Ichimaru": 0.07765683185414313,
    "Kisuke Urahara": 0.04317189531127676,
    "Bleach: Memories of Nobody": 0.03922722382574563,
    "Hueco Mundo": 0.01898636851878025,
    "Arturo Plateado": 0.05877262769212386,
    "Sora Inoue": 0.015386745861798857,
    "Ulquiorra Cifer": 0.042587164975951795,
    "Cirucci Sanderwicci": 0.014232660963220015,
    "Dordoni Alessandro Del Socaccio": 0.020764462157244194,
    "Nelliel Tu Odelschwanck": 0.02576010832193613,
    "Soul Society": 0.02542707596116565,
    "Isshin Kurosaki": 0.05835162750928862,
    "Bleach": 0.047465095776650944,
    "Rangiku Matsumoto": 0.0609298646240383,
    "Gotei 13": 0.03743769800633094,
    "Zanpaktou": 0.005193321497209897,
    "Bankai": 0.0,
    "Zanpakut\u014d": 0.025655240495502187,
    "Renji Abarai": 0.07136694435008922,
    "T\u014dshir\u014d Hitsugaya": 0.048641231009009106,
    "Byakuya Kuchiki": 0.042759040296682566,
    "Shikai": 0.0,
    "Grimmjow Jaegerjaquez": 0.030328304657812815,
    "Tier Harribel": 0.04109050065128513,
    "Hollow": 0.04231571991347732,
    "S\u014dsuke Aizen": 0.0710711513013024
  },
  "hitsAuths": {
    "Races": 0.0,
    "List of Arrancar": 0.0,
    "Gin Ichimaru": 0.038663922326263096,
    "Kisuke Urahara": 0.06583559516796922,
    "Bleach: Memories of Nobody": 0.009932906527000534,
    "Hueco Mundo": 0.07432761692998137,
    "Arturo Plateado": 0.0012663794649757293,
    "Sora Inoue": 0.004455499518753526,
    "Ulquiorra Cifer": 0.035101048473228064,
    "Cirucci Sanderwicci": 0.0012663794649757293,
    "Dordoni Alessandro Del Socaccio": 0.025680542941267953,
    "Nelliel Tu Odelschwanck": 0.01006001790995176,
    "Soul Society": 0.07812303966537082,
    "Isshin Kurosaki": 0.03231251592492393,
    "Bleach": 0.007196457030250677,
    "Rangiku Matsumoto": 0.055197411044470436,
    "Gotei 13": 0.05296632756382046,
    "Zanpaktou": 0.0,
    "Bankai": 0.03160086719876051,
    "Zanpakut\u014d": 0.06200396965937242,
    "Renji Abarai": 0.050180457615295625,
    "T\u014dshir\u014d Hitsugaya": 0.06731030067495286,
    "Byakuya Kuchiki": 0.04811429151824288,
    "Shikai": 0.04341677554454789,
    "Grimmjow Jaegerjaquez": 0.056429157691424495,
    "Tier Harribel": 0.03126701094428851,
    "Hollow": 0.04737345152238386,
    "S\u014dsuke Aizen": 0.06991805767752746
  },
  "averagePathLength": 1.3955026455026456
}