{
  "numNodes": 28,
  "numEdges": 218,
  "selfLinks": 2,
  "numStrongComponents": 8,
  "numWeakComponents": 1,
  "sizeLargestStrong": 21,
  "sizeLargestWeak": 28,
  "radius": 2,
  "diameter": 4,
  "averageInDegree": 7.785714285714286,
  "averageOutDegree": 7.785714285714286,
  "maxOutDegree": 18,
  "maxInDegree": 18,
  "pageRank": {
    "Races": 0.004863995067921251,
    "List of Arrancar": 0.004863995067921251,
    "Gin Ichimaru": 0.027623996261826426,
    "Kisuke Urahara": 0.05747198742524368,
    "Bleach: Memories of Nobody": 0.007954984142322402,
    "Hueco Mundo": 0.06363367605387674,
    "Arturo Plateado": 0.0054893467453920155,
    "Sora Inoue": 0.005992228782339892,
    "Ulquiorra Cifer": 0.03281502204685449,
    "Cirucci Sanderwicci": 0.0054893467453920155,
    "Dordoni Alessandro Del Socaccio": 0.018357234995629152,
    "Nelliel Tu Odelschwanck": 0.01762366171594111,
    "Soul Society": 0.10049719225841462,
    "Isshin Kurosaki": 0.02616919739333147,
    "Bleach": 0.013788985852136691,
    "Rangiku Matsumoto": 0.06564093376634818,
    "Gotei 13": 0.06322811267327165,
    "Zanpaktou": 0.004863995067921251,
    "Bankai": 0.018708582161562085,
    "Zanpakut\u014d": 0.05557161502441209,
    "Renji Abarai": 0.04368460260895765,
    "T\u014dshir\u014d Hitsugaya": 0.05980253589635112,
    "Byakuya Kuchiki": 0.033344322599749815,
    "Shikai": 0.021504795776632883,
    "Grimmjow Jaegerjaquez": 0.04315756561919846,
    "Tier Harribel": 0.042744139133724414,
    "Hollow": 0.06559658123663022,
    "S\u014dsuke Aizen": 0.0895173678806969
  },
  "hitsHubs": {
    "Races": 0.022098410846465442,
    "List of Arrancar": 0.014036136837391681,
    "Gin Ichimaru": 0.07834610015890639,
    "Kisuke Urahara": 0.043934709412613585,
    "Bleach: Memories of Nobody": 0.0397001796460245,
    "Hueco Mundo": 0.019516505765924546,
    "Arturo Plateado": 0.059550113699917605,
    "Sora Inoue": 0.015413352530247915,
    "Ulquiorra Cifer": 0.04328676299526512,
    "Cirucci Sanderwicci": 0.014693445339433599,
    "Dordoni Alessandro Del Socaccio": 0.020633294205097685,
    "Nelliel Tu Odelschwanck": 0.02655052011009137,
    "Soul Society": 0.02602552322291948,
    "Isshin Kurosaki": 0.053739980207264434,
    "Bleach": 0.04830021639484753,
    "Rangiku Matsumoto": 0.06176874604647456,
    "Gotei 13": 0.03173953401554707,
    "Zanpaktou": 0.004906635295069675,
    "Bankai": 0.0,
    "Zanpakut\u014d": 0.025825242278925343,
    "Renji Abarai": 0.07216411346696079,
    "T\u014dshir\u014d Hitsugaya": 0.04931392624328616,
    "Byakuya Kuchiki": 0.04090094093467743,
    "Shikai": 0.0,
    "Grimmjow Jaegerjaquez": 0.031131164035749514,
    "Tier Harribel": 0.04184827246794519,
    "Hollow": 0.0430440520652638,
    "S\u014dsuke Aizen": 0.07153212177768965
  },
  "hitsAuths": {
    "Races": 0.0,
    "List of Arrancar": 0.0,
    "Gin Ichimaru": 0.03899582666060018,
    "Kisuke Urahara": 0.06640730039275652,
    "Bleach: Memories of Nobody": 0.00972966814507706,
    "Hueco Mundo": 0.07602831396627222,
    "Arturo Plateado": 0.0013383642731801708,
    "Sora Inoue": 0.004605489725708853,
    "Ulquiorra Cifer": 0.03618994185081368,
    "Cirucci Sanderwicci": 0.0013383642731801708,
    "Dordoni Alessandro Del Socaccio": 0.02644306241383992,
    "Nelliel Tu Odelschwanck": 0.010401624347915788,
    "Soul Society": 0.07907949792159077,
    "Isshin Kurosaki": 0.02907220036600122,
    "Bleach": 0.006811871482729508,
    "Rangiku Matsumoto": 0.05547683759536071,
    "Gotei 13": 0.053706785840059675,
    "Zanpaktou": 0.0,
    "Bankai": 0.028263621709433445,
    "Zanpakut\u014d": 0.05804201508267599,
    "Renji Abarai": 0.05086557974223695,
    "T\u014dshir\u014d Hitsugaya": 0.067955631172736,
    "Byakuya Kuchiki": 0.0488594550704259,
    "Shikai": 0.04046200518793704,
    "Grimmjow Jaegerjaquez": 0.058139621269972915,
    "Tier Harribel": 0.03218656400613653,
    "Hollow": 0.04825869812252163,
    "S\u014dsuke Aizen": 0.07134165938083695
  },
  "averagePathLength": 1.4074074074074074
}