{
  "numNodes": 28,
  "numEdges": 212,
  "selfLinks": 2,
  "numStrongComponents": 8,
  "numWeakComponents": 1,
  "sizeLargestStrong": 21,
  "sizeLargestWeak": 28,
  "radius": 2,
  "diameter": 4,
  "averageInDegree": 7.571428571428571,
  "averageOutDegree": 7.571428571428571,
  "maxOutDegree": 18,
  "maxInDegree": 18,
  "pageRank": {
    "Races": 0.004866678615812221,
    "List of Arrancar": 0.004866678615812221,
    "Gin Ichimaru": 0.027993362338934395,
    "Kisuke Urahara": 0.060246602696344145,
    "Bleach: Memories of Nobody": 0.007601332397174667,
    "Hueco Mundo": 0.06528779897226525,
    "Arturo Plateado": 0.0054923611688363514,
    "Sora Inoue": 0.005884387558183671,
    "Ulquiorra Cifer": 0.03363312744886674,
    "Cirucci Sanderwicci": 0.0054923611688363514,
    "Dordoni Alessandro Del Socaccio": 0.018528898145104993,
    "Nelliel Tu Odelschwanck": 0.017924226698276823,
    "Soul Society": 0.10514799307380705,
    "Isshin Kurosaki": 0.017169220359409217,
    "Bleach": 0.012438322332961535,
    "Rangiku Matsumoto": 0.06407834080459567,
    "Gotei 13": 0.05297590393306601,
    "Zanpaktou": 0.004866678615812221,
    "Bankai": 0.018618968890406363,
    "Zanpakut\u014d": 0.060170595715218454,
    "Renji Abarai": 0.04306608414344537,
    "T\u014dshir\u014d Hitsugaya": 0.058037479754821805,
    "Byakuya Kuchiki": 0.03259809116030735,
    "Shikai": 0.021679665414082113,
    "Grimmjow Jaegerjaquez": 0.04459565840672508,
    "Tier Harribel": 0.044387670329526834,
    "Hollow": 0.0702068019902885,
    "S\u014dsuke Aizen": 0.0921447092510784
  },
  "hitsHubs": {
    "Races": 0.023038416886889446,
    "List of Arrancar": 0.014926831723835582,
    "Gin Ichimaru": 0.07947686624581117,
    "Kisuke Urahara": 0.043520916698798706,
    "Bleach: Memories of Nobody": 0.03990657932697166,
    "Hueco Mundo": 0.02025486472708195,
    "Arturo Plateado": 0.06171258131308031,
    "Sora Inoue": 0.016123985744529425,
    "Ulquiorra Cifer": 0.04448172019443154,
    "Cirucci Sanderwicci": 0.015366465329152772,
    "Dordoni Alessandro Del Socaccio": 0.021547165937650086,
    "Nelliel Tu Odelschwanck": 0.027938314006735684,
    "Soul Society": 0.0259438976308715,
    "Isshin Kurosaki": 0.03991372352511303,
    "Bleach": 0.05044080351763447,
    "Rangiku Matsumoto": 0.0609513419546405,
    "Gotei 13": 0.03234536474498665,
    "Zanpaktou": 0.005205422474410345,
    "Bankai": 0.0,
    "Zanpakut\u014d": 0.02213798919412204,
    "Renji Abarai": 0.07376341278074522,
    "T\u014dshir\u014d Hitsugaya": 0.04771964364667462,
    "Byakuya Kuchiki": 0.0410646163270717,
    "Shikai": 0.0,
    "Grimmjow Jaegerjaquez": 0.03183845107168362,
    "Tier Harribel": 0.04341840842003034,
    "Hollow": 0.044624310620586284,
    "S\u014dsuke Aizen": 0.07233790595646142
  },
  "hitsAuths": {
    "Races": 0.0,
    "List of Arrancar": 0.0,
    "Gin Ichimaru": 0.03893613292762322,
    "Kisuke Urahara": 0.0677008228292176,
    "Bleach: Memories of Nobody": 0.008851273905308231,
    "Hueco Mundo": 0.07819436191742739,
    "Arturo Plateado": 0.0014622562967714198,
    "Sora Inoue": 0.0049412617447517435,
    "Ulquiorra Cifer": 0.03793279861741517,
    "Cirucci Sanderwicci": 0.0014622562967714198,
    "Dordoni Alessandro Del Socaccio": 0.027802461299251912,
    "Nelliel Tu Odelschwanck": 0.011049497094902747,
    "Soul Society": 0.08058043310739517,
    "Isshin Kurosaki": 0.019135396333713334,
    "Bleach": 0.007077915936147249,
    "Rangiku Matsumoto": 0.052154693791912184,
    "Gotei 13": 0.047480535069684304,
    "Zanpaktou": 0.0,
    "Bankai": 0.028118806574727696,
    "Zanpakut\u014d": 0.06066373196274054,
    "Renji Abarai": 0.05304951094041192,
    "T\u014dshir\u014d Hitsugaya": 0.06557965503913753,
    "Byakuya Kuchiki": 0.050808223853867004,
    "Shikai": 0.04063747974452408,
    "Grimmjow Jaegerjaquez": 0.060911752029474214,
    "Tier Harribel": 0.03333552525458145,
    "Hollow": 0.04905002581341817,
    "S\u014dsuke Aizen": 0.07308319161882441
  },
  "averagePathLength": 1.42989417989418
}