{
  "numNodes": 28,
  "numEdges": 235,
  "selfLinks": 2,
  "numStrongComponents": 8,
  "numWeakComponents": 1,
  "sizeLargestStrong": 21,
  "sizeLargestWeak": 28,
  "radius": 3,
  "diameter": 4,
  "averageInDegree": 8.392857142857142,
  "averageOutDegree": 8.392857142857142,
  "maxOutDegree": 18,
  "maxInDegree": 18,
  "pageRank": {
    "Races": 0.005777730442937499,
    "List of Arrancar": 0.005777730442937499,
    "Gin Ichimaru": 0.025746993849097156,
    "Kisuke Urahara": 0.058577353476670584,
    "Bleach: Memories of Nobody": 0.008652640611503797,
    "Hueco Mundo": 0.059238371486545725,
    "Arturo Plateado": 0.006520601537607668,
    "Sora Inoue": 0.006833556589444919,
    "Ulquiorra Cifer": 0.02891181249988655,
    "Cirucci Sanderwicci": 0.006520601537607668,
    "Dordoni Alessandro Del Socaccio": 0.01845608131807697,
    "Nelliel Tu Odelschwanck": 0.016517117650711018,
    "Soul Society": 0.09841316847731649,
    "Isshin Kurosaki": 0.02829560926268629,
    "Bleach": 0.01173082896921377,
    "Rangiku Matsumoto": 0.05735693151909099,
    "Gotei 13": 0.05353933190218795,
    "Zanpaktou": 0.005777730442937499,
    "Bankai": 0.0360656290464149,
    "Zanpakut\u014d": 0.06700489210579769,
    "Renji Abarai": 0.040913884688341125,
    "T\u014dshir\u014d Hitsugaya": 0.05189113321926572,
    "Byakuya Kuchiki": 0.03094833227140248,
    "Shikai": 0.03257274602225673,
    "Grimmjow Jaegerjaquez": 0.039622697126119676,
    "Tier Harribel": 0.041671769478977536,
    "Hollow": 0.07351852049678051,
    "S\u014dsuke Aizen": 0.08314620352818355
  },
  "hitsHubs": {
    "Races": 0.021111980880159413,
    "List of Arrancar": 0.011775542576758363,
    "Gin Ichimaru": 0.07481490285088051,
    "Kisuke Urahara": 0.044288931144057,
    "Bleach: Memories of Nobody": 0.05374359557805839,
    "Hueco Mundo": 0.017790717057046067,
    "Arturo Plateado": 0.05551653704966121,
    "Sora Inoue": 0.0152502982583047,
    "Ulquiorra Cifer": 0.0436557237077057,
    "Cirucci Sanderwicci": 0.017194264971143177,
    "Dordoni Alessandro Del Socaccio": 0.017057864424502658,
    "Nelliel Tu Odelschwanck": 0.02320929856108797,
    "Soul Society": 0.02409985900725612,
    "Isshin Kurosaki": 0.06065597061532147,
    "Bleach": 0.040536367193210396,
    "Rangiku Matsumoto": 0.05636621592941326,
    "Gotei 13": 0.037164852431007846,
    "Zanpaktou": 0.005252837555595745,
    "Bankai": 0.0,
    "Zanpakut\u014d": 0.020327988942263946,
    "Renji Abarai": 0.06843457422884024,
    "T\u014dshir\u014d Hitsugaya": 0.04937417258882824,
    "Byakuya Kuchiki": 0.03967620719854847,
    "Shikai": 0.0,
    "Grimmjow Jaegerjaquez": 0.04593635672205168,
    "Tier Harribel": 0.0504619592465264,
    "Hollow": 0.0383141919583469,
    "S\u014dsuke Aizen": 0.06798878932342435
  },
  "hitsAuths": {
    "Races": 0.0,
    "List of Arrancar": 0.0,
    "Gin Ichimaru": 0.035387932165762075,
    "Kisuke Urahara": 0.060495928184116914,
    "Bleach: Memories of Nobody": 0.008997174421900123,
    "Hueco Mundo": 0.0702551504178024,
    "Arturo Plateado": 0.0010469825360374923,
    "Sora Inoue": 0.0036041539708060585,
    "Ulquiorra Cifer": 0.034400825410177006,
    "Cirucci Sanderwicci": 0.0010469825360374923,
    "Dordoni Alessandro Del Socaccio": 0.023420864633886887,
    "Nelliel Tu Odelschwanck": 0.010529401629795099,
    "Soul Society": 0.07296690259796976,
    "Isshin Kurosaki": 0.03434236245440971,
    "Bleach": 0.008082817142712447,
    "Rangiku Matsumoto": 0.05422132151985231,
    "Gotei 13": 0.0524494234411454,
    "Zanpaktou": 0.0,
    "Bankai": 0.04864760519874954,
    "Zanpakut\u014d": 0.06538792886074683,
    "Renji Abarai": 0.0523348207100509,
    "T\u014dshir\u014d Hitsugaya": 0.065529534250126,
    "Byakuya Kuchiki": 0.050199141543215996,
    "Shikai": 0.050154306336519384,
    "Grimmjow Jaegerjaquez": 0.04800444098146912,
    "Tier Harribel": 0.028133816939453236,
    "Hollow": 0.054194395622405404,
    "S\u014dsuke Aizen": 0.0661657864948525
  },
  "averagePathLength": 1.3875661375661377
}