{
  "numNodes": 28,
  "numEdges": 213,
  "selfLinks": 2,
  "numStrongComponents": 8,
  "numWeakComponents": 1,
  "sizeLargestStrong": 21,
  "sizeLargestWeak": 28,
  "radius": 2,
  "diameter": 4,
  "averageInDegree": 7.607142857142857,
  "averageOutDegree": 7.607142857142857,
  "maxOutDegree": 18,
  "maxInDegree": 18,
  "pageRank": {
    "Races": 0.0048699623708394375,
    "List of Arrancar": 0.0048699623708394375,
    "Gin Ichimaru": 0.028277452265946842,
    "Kisuke Urahara": 0.057995679875482424,
    "Bleach: Memories of Nobody": 0.007681750778127762,
    "Hueco Mundo": 0.06476579794960076,
    "Arturo Plateado": 0.005496083800660296,
    "Sora Inoue": 0.005990862842712558,
    "Ulquiorra Cifer": 0.033347838299746274,
    "Cirucci Sanderwicci": 0.005496083800660296,
    "Dordoni Alessandro Del Socaccio": 0.018558882235462613,
    "Nelliel Tu Odelschwanck": 0.017869579607788857,
    "Soul Society": 0.10204546104895766,
    "Isshin Kurosaki": 0.01690873641891398,
    "Bleach": 0.013699246706838862,
    "Rangiku Matsumoto": 0.06476121642333255,
    "Gotei 13": 0.06269623817289924,
    "Zanpaktou": 0.0048699623708394375,
    "Bankai": 0.018634990731784755,
    "Zanpakut\u014d": 0.05651341673909322,
    "Renji Abarai": 0.04434492717311609,
    "T\u014dshir\u014d Hitsugaya": 0.0587693724011886,
    "Byakuya Kuchiki": 0.034112803810361525,
    "Shikai": 0.021764381635525555,
    "Grimmjow Jaegerjaquez": 0.04432106423305574,
    "Tier Harribel": 0.04391063847766485,
    "Hollow": 0.06628221100225926,
    "S\u014dsuke Aizen": 0.09114539645630092
  },
  "hitsHubs": {
    "Races": 0.022949891757820202,
    "List of Arrancar": 0.014793527581080303,
    "Gin Ichimaru": 0.07918369183701414,
    "Kisuke Urahara": 0.04342369378738243,
    "Bleach: Memories of Nobody": 0.039884045444721974,
    "Hueco Mundo": 0.02015934467419855,
    "Arturo Plateado": 0.061337906860103285,
    "Sora Inoue": 0.01605398485013507,
    "Ulquiorra Cifer": 0.044207753579889666,
    "Cirucci Sanderwicci": 0.015232084070495895,
    "Dordoni Alessandro Del Socaccio": 0.02139282270729239,
    "Nelliel Tu Odelschwanck": 0.027731815267319503,
    "Soul Society": 0.026032237873187605,
    "Isshin Kurosaki": 0.039687023324191426,
    "Bleach": 0.05015525338949308,
    "Rangiku Matsumoto": 0.06077474329042376,
    "Gotei 13": 0.032156787755951426,
    "Zanpaktou": 0.005195742663414953,
    "Bankai": 0.0,
    "Zanpakut\u014d": 0.02636461179006573,
    "Renji Abarai": 0.0735175179351351,
    "T\u014dshir\u014d Hitsugaya": 0.047589271788311516,
    "Byakuya Kuchiki": 0.04102932500853311,
    "Shikai": 0.0,
    "Grimmjow Jaegerjaquez": 0.031567461047055594,
    "Tier Harribel": 0.0431546359925708,
    "Hollow": 0.044352740071729416,
    "S\u014dsuke Aizen": 0.07207208565248296
  },
  "hitsAuths": {
    "Races": 0.0,
    "List of Arrancar": 0.0,
    "Gin Ichimaru": 0.038788800701450195,
    "Kisuke Urahara": 0.06782569854822595,
    "Bleach: Memories of Nobody": 0.008800012321162424,
    "Hueco Mundo": 0.07780960767698739,
    "Arturo Plateado": 0.001449019656445096,
    "Sora Inoue": 0.004912685474557536,
    "Ulquiorra Cifer": 0.03775411583852183,
    "Cirucci Sanderwicci": 0.001449019656445096,
    "Dordoni Alessandro Del Socaccio": 0.027673762581750687,
    "Nelliel Tu Odelschwanck": 0.010966587076268464,
    "Soul Society": 0.08069328519046183,
    "Isshin Kurosaki": 0.01906877036624414,
    "Bleach": 0.007056368576140046,
    "Rangiku Matsumoto": 0.05197829768496739,
    "Gotei 13": 0.04994166683869957,
    "Zanpaktou": 0.0,
    "Bankai": 0.027999192107525293,
    "Zanpakut\u014d": 0.060798608526450276,
    "Renji Abarai": 0.052825849202630996,
    "T\u014dshir\u014d Hitsugaya": 0.06529929382557662,
    "Byakuya Kuchiki": 0.050607731708624364,
    "Shikai": 0.04047976964056186,
    "Grimmjow Jaegerjaquez": 0.06061814239017261,
    "Tier Harribel": 0.03319759745241092,
    "Hollow": 0.04924942098589162,
    "S\u014dsuke Aizen": 0.07275669597182802
  },
  "averagePathLength": 1.4166666666666667
}