{
  "numNodes": 28,
  "numEdges": 236,
  "selfLinks": 2,
  "numStrongComponents": 8,
  "numWeakComponents": 1,
  "sizeLargestStrong": 21,
  "sizeLargestWeak": 28,
  "radius": 3,
  "diameter": 4,
  "averageInDegree": 8.428571428571429,
  "averageOutDegree": 8.428571428571429,
  "maxOutDegree": 18,
  "maxInDegree": 18,
  "pageRank": {
    "Races": 0.005729812239438727,
    "List of Arrancar": 0.005729812239438727,
    "Gin Ichimaru": 0.025422942905492525,
    "Kisuke Urahara": 0.059067280222245624,
    "Bleach: Memories of Nobody": 0.008534505894283386,
    "Hueco Mundo": 0.05894721121588703,
    "Arturo Plateado": 0.006466515752412798,
    "Sora Inoue": 0.006730591455712346,
    "Ulquiorra Cifer": 0.028779078998483712,
    "Cirucci Sanderwicci": 0.006466515752412798,
    "Dordoni Alessandro Del Socaccio": 0.018291890516466167,
    "Nelliel Tu Odelschwanck": 0.016400531717081078,
    "Soul Society": 0.09892761013728624,
    "Isshin Kurosaki": 0.02806012860716045,
    "Bleach": 0.011119565053257483,
    "Rangiku Matsumoto": 0.056619838213877054,
    "Gotei 13": 0.053320613439941836,
    "Zanpaktou": 0.005729812239438727,
    "Bankai": 0.03536606200736152,
    "Zanpakut\u014d": 0.07280679703999747,
    "Renji Abarai": 0.04003305700748972,
    "T\u014dshir\u014d Hitsugaya": 0.051167046707254665,
    "Byakuya Kuchiki": 0.0300768918556657,
    "Shikai": 0.03178252569887792,
    "Grimmjow Jaegerjaquez": 0.03945587338098077,
    "Tier Harribel": 0.04153380150257495,
    "Hollow": 0.07456470547963912,
    "S\u014dsuke Aizen": 0.08286898271984147
  },
  "hitsHubs": {
    "Races": 0.021159769775300312,
    "List of Arrancar": 0.011591098940190748,
    "Gin Ichimaru": 0.07432661486200798,
    "Kisuke Urahara": 0.04381854928131558,
    "Bleach: Memories of Nobody": 0.053618145508052564,
    "Hueco Mundo": 0.017567082758103345,
    "Arturo Plateado": 0.05524975495080736,
    "Sora Inoue": 0.015345453673376593,
    "Ulquiorra Cifer": 0.04348895869453482,
    "Cirucci Sanderwicci": 0.016942198074521797,
    "Dordoni Alessandro Del Socaccio": 0.017119971958833347,
    "Nelliel Tu Odelschwanck": 0.02294049052013594,
    "Soul Society": 0.023818775459983937,
    "Isshin Kurosaki": 0.06035293253597066,
    "Bleach": 0.04041638296975818,
    "Rangiku Matsumoto": 0.05603120693953442,
    "Gotei 13": 0.04246105078387361,
    "Zanpaktou": 0.005488034453420646,
    "Bankai": 0.0,
    "Zanpakut\u014d": 0.020427885327173254,
    "Renji Abarai": 0.06800770506998287,
    "T\u014dshir\u014d Hitsugaya": 0.04882303546378556,
    "Byakuya Kuchiki": 0.03927426917345193,
    "Shikai": 0.0,
    "Grimmjow Jaegerjaquez": 0.045769654076465084,
    "Tier Harribel": 0.05018668230021814,
    "Hollow": 0.0381780609585383,
    "S\u014dsuke Aizen": 0.06759623549066313
  },
  "hitsAuths": {
    "Races": 0.0,
    "List of Arrancar": 0.0,
    "Gin Ichimaru": 0.03506944366797457,
    "Kisuke Urahara": 0.060531744183941014,
    "Bleach: Memories of Nobody": 0.008939058232125978,
    "Hueco Mundo": 0.06970274299973643,
    "Arturo Plateado": 0.0010282247911134143,
    "Sora Inoue": 0.0035852620326311873,
    "Ulquiorra Cifer": 0.03408495109088152,
    "Cirucci Sanderwicci": 0.0010282247911134143,
    "Dordoni Alessandro Del Socaccio": 0.02318869223006619,
    "Nelliel Tu Odelschwanck": 0.010464870846806867,
    "Soul Society": 0.072857247099402,
    "Isshin Kurosaki": 0.034018511013773775,
    "Bleach": 0.008523006492683036,
    "Rangiku Matsumoto": 0.05423224518546973,
    "Gotei 13": 0.0519700302983191,
    "Zanpaktou": 0.0,
    "Bankai": 0.048756345320052116,
    "Zanpakut\u014d": 0.06876872107634596,
    "Renji Abarai": 0.05236666548506588,
    "T\u014dshir\u014d Hitsugaya": 0.06549852401787094,
    "Byakuya Kuchiki": 0.05028714047254388,
    "Shikai": 0.050243562288083646,
    "Grimmjow Jaegerjaquez": 0.04758480495186099,
    "Tier Harribel": 0.02786440874487136,
    "Hollow": 0.05381727470846946,
    "S\u014dsuke Aizen": 0.0655882979787978
  },
  "averagePathLength": 1.3862433862433863
}