{
  "numNodes": 28,
  "numEdges": 222,
  "selfLinks": 2,
  "numStrongComponents": 8,
  "numWeakComponents": 1,
  "sizeLargestStrong": 21,
  "sizeLargestWeak": 28,
  "radius": 3,
  "diameter": 4,
  "averageInDegree": 7.928571428571429,
  "averageOutDegree": 7.928571428571429,
  "maxOutDegree": 18,
  "maxInDegree": 18,
  "pageRank": {
    "Races": 0.005172324135083071,
    "List of Arrancar": 0.005172324135083071,
    "Gin Ichimaru": 0.026209386936802494,
    "Kisuke Urahara": 0.058006755729096866,
    "Bleach: Memories of Nobody": 0.008012727697882685,
    "Hueco Mundo": 0.06389020348138266,
    "Arturo Plateado": 0.005837347961707464,
    "Sora Inoue": 0.0061763167184766266,
    "Ulquiorra Cifer": 0.03302733395791259,
    "Cirucci Sanderwicci": 0.005837347961707464,
    "Dordoni Alessandro Del Socaccio": 0.018852694556677797,
    "Nelliel Tu Odelschwanck": 0.018395228330945562,
    "Soul Society": 0.10073017099705237,
    "Isshin Kurosaki": 0.02856601471847508,
    "Bleach": 0.011155144167538841,
    "Rangiku Matsumoto": 0.061083767692825856,
    "Gotei 13": 0.05181517170946942,
    "Zanpaktou": 0.005172324135083071,
    "Bankai": 0.023667523343578117,
    "Zanpakut\u014d": 0.06282314537002665,
    "Renji Abarai": 0.04409343442290651,
    "T\u014dshir\u014d Hitsugaya": 0.05603434541730511,
    "Byakuya Kuchiki": 0.031369644381916965,
    "Shikai": 0.026136770391075752,
    "Grimmjow Jaegerjaquez": 0.04156077721827134,
    "Tier Harribel": 0.04250448171512854,
    "Hollow": 0.06965365956637307,
    "S\u014dsuke Aizen": 0.08904363315021491
  },
  "hitsHubs": {
    "Races": 0.02167767642343115,
    "List of Arrancar": 0.013054033244473046,
    "Gin Ichimaru": 0.0779393370825624,
    "Kisuke Urahara": 0.04332230354118665,
    "Bleach: Memories of Nobody": 0.03993192485599512,
    "Hueco Mundo": 0.018842199564367574,
    "Arturo Plateado": 0.05901577858765924,
    "Sora Inoue": 0.01518987980456762,
    "Ulquiorra Cifer": 0.04485433180106742,
    "Cirucci Sanderwicci": 0.01414831585199783,
    "Dordoni Alessandro Del Socaccio": 0.01794327725006483,
    "Nelliel Tu Odelschwanck": 0.025615954489289213,
    "Soul Society": 0.02517837756612805,
    "Isshin Kurosaki": 0.06273229308018423,
    "Bleach": 0.04319506181094109,
    "Rangiku Matsumoto": 0.06104722504281156,
    "Gotei 13": 0.03851286276556538,
    "Zanpaktou": 0.0050952616148262075,
    "Bankai": 0.0,
    "Zanpakut\u014d": 0.02094409576792285,
    "Renji Abarai": 0.07130373129181979,
    "T\u014dshir\u014d Hitsugaya": 0.053220641927387374,
    "Byakuya Kuchiki": 0.042962066341670886,
    "Shikai": 0.0,
    "Grimmjow Jaegerjaquez": 0.030664574896178257,
    "Tier Harribel": 0.040421409802224036,
    "Hollow": 0.04169356594335485,
    "S\u014dsuke Aizen": 0.07149381965232332
  },
  "hitsAuths": {
    "Races": 0.0,
    "List of Arrancar": 0.0,
    "Gin Ichimaru": 0.03907428142287338,
    "Kisuke Urahara": 0.06496471586700181,
    "Bleach: Memories of Nobody": 0.00981335977822443,
    "Hueco Mundo": 0.07369506564574994,
    "Arturo Plateado": 0.0012093564020638067,
    "Sora Inoue": 0.004001692317059563,
    "Ulquiorra Cifer": 0.03463111769718468,
    "Cirucci Sanderwicci": 0.0012093564020638067,
    "Dordoni Alessandro Del Socaccio": 0.025342797590044503,
    "Nelliel Tu Odelschwanck": 0.00986791337049805,
    "Soul Society": 0.07721132414105404,
    "Isshin Kurosaki": 0.032423471607617216,
    "Bleach": 0.007267309980066222,
    "Rangiku Matsumoto": 0.05578146966832928,
    "Gotei 13": 0.050872856613898634,
    "Zanpaktou": 0.0,
    "Bankai": 0.033984586300078924,
    "Zanpakut\u014d": 0.06063875291373281,
    "Renji Abarai": 0.05437379557430391,
    "T\u014dshir\u014d Hitsugaya": 0.06724864420252179,
    "Byakuya Kuchiki": 0.05358366050685881,
    "Shikai": 0.043926409402771364,
    "Grimmjow Jaegerjaquez": 0.05184820539903051,
    "Tier Harribel": 0.031247416625580587,
    "Hollow": 0.046441073465348676,
    "S\u014dsuke Aizen": 0.06934136710604318
  },
  "averagePathLength": 1.414021164021164
}