{
  "numNodes": 28,
  "numEdges": 223,
  "selfLinks": 2,
  "numStrongComponents": 8,
  "numWeakComponents": 1,
  "sizeLargestStrong": 21,
  "sizeLargestWeak": 28,
  "radius": 2,
  "diameter": 4,
  "averageInDegree": 7.964285714285714,
  "averageOutDegree": 7.964285714285714,
  "maxOutDegree": 18,
  "maxInDegree": 18,
  "pageRank": {
    "Races": 0.0052896323917132285,
    "List of Arrancar": 0.0052896323917132285,
    "Gin Ichimaru": 0.026563937277827968,
    "Kisuke Urahara": 0.05754865437749812,
    "Bleach: Memories of Nobody": 0.00808436603405644,
    "Hueco Mundo": 0.0633527277858239,
    "Arturo Plateado": 0.005969731105726173,
    "Sora Inoue": 0.006215056530484043,
    "Ulquiorra Cifer": 0.0329726926260016,
    "Cirucci Sanderwicci": 0.005969731105726173,
    "Dordoni Alessandro Del Socaccio": 0.018694326876388764,
    "Nelliel Tu Odelschwanck": 0.017793162420160887,
    "Soul Society": 0.10064427956072292,
    "Isshin Kurosaki": 0.02907777888137922,
    "Bleach": 0.01131046880972923,
    "Rangiku Matsumoto": 0.06153424061586353,
    "Gotei 13": 0.052123503875298835,
    "Zanpaktou": 0.0052896323917132285,
    "Bankai": 0.026968549481871922,
    "Zanpakut\u014d": 0.06169558600854774,
    "Renji Abarai": 0.04003817436905152,
    "T\u014dshir\u014d Hitsugaya": 0.056142301125103766,
    "Byakuya Kuchiki": 0.031671218209542676,
    "Shikai": 0.02648570090103208,
    "Grimmjow Jaegerjaquez": 0.04270715006407459,
    "Tier Harribel": 0.042876094301403114,
    "Hollow": 0.06920962523518918,
    "S\u014dsuke Aizen": 0.08848204524635574
  },
  "hitsHubs": {
    "Races": 0.021727027094224444,
    "List of Arrancar": 0.013350329276067685,
    "Gin Ichimaru": 0.0776840894910349,
    "Kisuke Urahara": 0.042623926319516614,
    "Bleach: Memories of Nobody": 0.0392173566081776,
    "Hueco Mundo": 0.018791358328388717,
    "Arturo Plateado": 0.05880940491678074,
    "Sora Inoue": 0.015276561678273244,
    "Ulquiorra Cifer": 0.04535465654655773,
    "Cirucci Sanderwicci": 0.014145378850384019,
    "Dordoni Alessandro Del Socaccio": 0.021033260051416213,
    "Nelliel Tu Odelschwanck": 0.0255161615922084,
    "Soul Society": 0.02503505252610564,
    "Isshin Kurosaki": 0.06266949067134006,
    "Bleach": 0.04755345043100494,
    "Rangiku Matsumoto": 0.06069596127076091,
    "Gotei 13": 0.038020855426076285,
    "Zanpaktou": 0.005147393236309706,
    "Bankai": 0.0,
    "Zanpakut\u014d": 0.02099791947769361,
    "Renji Abarai": 0.07151989489795163,
    "T\u014dshir\u014d Hitsugaya": 0.04856958016788231,
    "Byakuya Kuchiki": 0.04222814154941411,
    "Shikai": 0.0,
    "Grimmjow Jaegerjaquez": 0.0301547687303243,
    "Tier Harribel": 0.04075258001259491,
    "Hollow": 0.04197021825969696,
    "S\u014dsuke Aizen": 0.07115518258981424
  },
  "hitsAuths": {
    "Races": 0.0,
    "List of Arrancar": 0.0,
    "Gin Ichimaru": 0.038545315534804586,
    "Kisuke Urahara": 0.0652295192896086,
    "Bleach: Memories of Nobody": 0.010221585481763825,
    "Hueco Mundo": 0.07392985859985753,
    "Arturo Plateado": 0.0012380501793455446,
    "Sora Inoue": 0.00440989556203714,
    "Ulquiorra Cifer": 0.03456782058339653,
    "Cirucci Sanderwicci": 0.0012380501793455446,
    "Dordoni Alessandro Del Socaccio": 0.025351214464048415,
    "Nelliel Tu Odelschwanck": 0.01019098957122861,
    "Soul Society": 0.0769725024884965,
    "Isshin Kurosaki": 0.03180429628794664,
    "Bleach": 0.007162728350828326,
    "Rangiku Matsumoto": 0.05510652586675556,
    "Gotei 13": 0.05020690599796093,
    "Zanpaktou": 0.0,
    "Bankai": 0.03592922457840988,
    "Zanpakut\u014d": 0.06142312424640652,
    "Renji Abarai": 0.04948919057515995,
    "T\u014dshir\u014d Hitsugaya": 0.06703450032143264,
    "Byakuya Kuchiki": 0.05340596641719552,
    "Shikai": 0.04336739727788468,
    "Grimmjow Jaegerjaquez": 0.05591318740827179,
    "Tier Harribel": 0.030808301431379,
    "Hollow": 0.04694009307485696,
    "S\u014dsuke Aizen": 0.06951375623157861
  },
  "averagePathLength": 1.4113756613756614
}