{
  "numNodes": 27,
  "numEdges": 233,
  "selfLinks": 2,
  "numStrongComponents": 6,
  "numWeakComponents": 1,
  "sizeLargestStrong": 22,
  "sizeLargestWeak": 27,
  "radius": 3,
  "diameter": 4,
  "averageInDegree": 8.62962962962963,
  "averageOutDegree": 8.62962962962963,
  "maxOutDegree": 18,
  "maxInDegree": 18,
  "pageRank": {
    "Races": 0.0062312718529071165,
    "Gin Ichimaru": 0.02671818723681418,
    "Kisuke Urahara": 0.053612582539049235,
    "Bleach: Memories of Nobody": 0.009217257615643642,
    "Hueco Mundo": 0.05760632157095582,
    "Arturo Plateado": 0.0062312718529071165,
    "Sora Inoue": 0.007360470436361107,
    "Ulquiorra Cifer": 0.027733185267072216,
    "Cirucci Sanderwicci": 0.009000571637422208,
    "Dordoni Alessandro Del Socaccio": 0.01846231898415574,
    "Nelliel Tu Odelschwanck": 0.011857661262353339,
    "Soul Society": 0.09239343498447453,
    "Isshin Kurosaki": 0.028883204398055813,
    "Bleach": 0.012546668354643615,
    "Rangiku Matsumoto": 0.057035734291435485,
    "Gotei 13": 0.06308109739113776,
    "Zanpaktou": 0.0062312718529071165,
    "Bankai": 0.039392045129447925,
    "Zanpakut\u014d": 0.06706509034312089,
    "Renji Abarai": 0.04106603317068413,
    "T\u014dshir\u014d Hitsugaya": 0.05194090301612082,
    "Byakuya Kuchiki": 0.0322715271922322,
    "Shikai": 0.03643386985038513,
    "Grimmjow Jaegerjaquez": 0.03826031486704675,
    "Tier Harribel": 0.040829345085053106,
    "Hollow": 0.06822287106862567,
    "S\u014dsuke Aizen": 0.09031548874898737
  },
  "hitsHubs": {
    "Races": 0.021064175763536454,
    "Gin Ichimaru": 0.07372332049282354,
    "Kisuke Urahara": 0.04364288346789258,
    "Bleach: Memories of Nobody": 0.05345208164381938,
    "Hueco Mundo": 0.01755268057633503,
    "Arturo Plateado": 0.054892354254411684,
    "Sora Inoue": 0.015291607673857892,
    "Ulquiorra Cifer": 0.04310015196191321,
    "Cirucci Sanderwicci": 0.016916559902324386,
    "Dordoni Alessandro Del Socaccio": 0.02466994755165047,
    "Nelliel Tu Odelschwanck": 0.02233541442707243,
    "Soul Society": 0.023983101665147,
    "Isshin Kurosaki": 0.0603831827743159,
    "Bleach": 0.040271038443259355,
    "Rangiku Matsumoto": 0.05553287537462312,
    "Gotei 13": 0.042227891285788015,
    "Zanpaktou": 0.005502080905136547,
    "Bankai": 0.0,
    "Zanpakut\u014d": 0.030039391662388684,
    "Renji Abarai": 0.06762312751371348,
    "T\u014dshir\u014d Hitsugaya": 0.04845654241579928,
    "Byakuya Kuchiki": 0.03911136373507336,
    "Shikai": 0.0,
    "Grimmjow Jaegerjaquez": 0.04544393230960447,
    "Tier Harribel": 0.0501762129293858,
    "Hollow": 0.03782854973586504,
    "S\u014dsuke Aizen": 0.06677953153426291
  },
  "hitsAuths": {
    "Races": 0.0,
    "Gin Ichimaru": 0.03475562103460613,
    "Kisuke Urahara": 0.060816767832765135,
    "Bleach: Memories of Nobody": 0.008906535655276781,
    "Hueco Mundo": 0.06973895784850322,
    "Arturo Plateado": 0.0,
    "Sora Inoue": 0.0035634416068245967,
    "Ulquiorra Cifer": 0.032715605098760626,
    "Cirucci Sanderwicci": 0.002182956311797907,
    "Dordoni Alessandro Del Socaccio": 0.02188959925973445,
    "Nelliel Tu Odelschwanck": 0.007834952515018187,
    "Soul Society": 0.0731553224175718,
    "Isshin Kurosaki": 0.03368667107318018,
    "Bleach": 0.008466382034872945,
    "Rangiku Matsumoto": 0.053793317578069474,
    "Gotei 13": 0.054233670832859654,
    "Zanpaktou": 0.0,
    "Bankai": 0.05054543559849541,
    "Zanpakut\u014d": 0.06972745861629889,
    "Renji Abarai": 0.051841493749698916,
    "T\u014dshir\u014d Hitsugaya": 0.06494175740523045,
    "Byakuya Kuchiki": 0.04984813418155975,
    "Shikai": 0.05201482946344618,
    "Grimmjow Jaegerjaquez": 0.046052607932745314,
    "Tier Harribel": 0.02653474427890929,
    "Hollow": 0.05432298060862087,
    "S\u014dsuke Aizen": 0.06843075706515388
  },
  "averagePathLength": 1.497150997150997
}