{
  "numNodes": 27,
  "numEdges": 231,
  "selfLinks": 2,
  "numStrongComponents": 7,
  "numWeakComponents": 1,
  "sizeLargestStrong": 21,
  "sizeLargestWeak": 27,
  "radius": 3,
  "diameter": 4,
  "averageInDegree": 8.555555555555555,
  "averageOutDegree": 8.555555555555555,
  "maxOutDegree": 18,
  "maxInDegree": 18,
  "pageRank": {
    "Races": 0.0062411161843125415,
    "Gin Ichimaru": 0.02624691936677699,
    "Kisuke Urahara": 0.05615131487358848,
    "Bleach: Memories of Nobody": 0.009235102673750604,
    "Hueco Mundo": 0.05731580561009666,
    "Arturo Plateado": 0.0062411161843125415,
    "Sora Inoue": 0.007394365197394987,
    "Ulquiorra Cifer": 0.027406007542154436,
    "Cirucci Sanderwicci": 0.0062411161843125415,
    "Dordoni Alessandro Del Socaccio": 0.01732718432944741,
    "Nelliel Tu Odelschwanck": 0.011817767449544693,
    "Soul Society": 0.0957243096180334,
    "Isshin Kurosaki": 0.028633124675037105,
    "Bleach": 0.012813818704114795,
    "Rangiku Matsumoto": 0.05754065538033417,
    "Gotei 13": 0.06592617031925663,
    "Zanpaktou": 0.0062411161843125415,
    "Bankai": 0.039632247251691025,
    "Zanpakut\u014d": 0.06995871418559413,
    "Renji Abarai": 0.04107054141867711,
    "T\u014dshir\u014d Hitsugaya": 0.052116016765499325,
    "Byakuya Kuchiki": 0.03207743868354915,
    "Shikai": 0.036488954953310275,
    "Grimmjow Jaegerjaquez": 0.03801252658446595,
    "Tier Harribel": 0.04057165198220279,
    "Hollow": 0.07060673528753048,
    "S\u014dsuke Aizen": 0.08096816241069928
  },
  "hitsHubs": {
    "Races": 0.02119766984517611,
    "Gin Ichimaru": 0.07422924326498352,
    "Kisuke Urahara": 0.04388947877455743,
    "Bleach: Memories of Nobody": 0.053929970027712396,
    "Hueco Mundo": 0.017463857781127357,
    "Arturo Plateado": 0.055195227425714255,
    "Sora Inoue": 0.015394064196101074,
    "Ulquiorra Cifer": 0.043291315275932975,
    "Cirucci Sanderwicci": 0.016858492308751038,
    "Dordoni Alessandro Del Socaccio": 0.02453764187780679,
    "Nelliel Tu Odelschwanck": 0.02257933119803719,
    "Soul Society": 0.023937064941151852,
    "Isshin Kurosaki": 0.06071297892060509,
    "Bleach": 0.04038682756431227,
    "Rangiku Matsumoto": 0.05585007954606078,
    "Gotei 13": 0.04264619114615127,
    "Zanpaktou": 0.005530597496938198,
    "Bankai": 0.0,
    "Zanpakut\u014d": 0.02474600533143524,
    "Renji Abarai": 0.06804888291332441,
    "T\u014dshir\u014d Hitsugaya": 0.04876431320652262,
    "Byakuya Kuchiki": 0.03926626264734211,
    "Shikai": 0.0,
    "Grimmjow Jaegerjaquez": 0.045706590674926884,
    "Tier Harribel": 0.05041605719410372,
    "Hollow": 0.03795600693570436,
    "S\u014dsuke Aizen": 0.067465849505521
  },
  "hitsAuths": {
    "Races": 0.0,
    "Gin Ichimaru": 0.035018663769649544,
    "Kisuke Urahara": 0.0607974614657688,
    "Bleach: Memories of Nobody": 0.008956104075815992,
    "Hueco Mundo": 0.07020323834394002,
    "Arturo Plateado": 0.0,
    "Sora Inoue": 0.0035777381139456155,
    "Ulquiorra Cifer": 0.032983988886554204,
    "Cirucci Sanderwicci": 0.0,
    "Dordoni Alessandro Del Socaccio": 0.02207420770392587,
    "Nelliel Tu Odelschwanck": 0.007884035944166748,
    "Soul Society": 0.07318169490225304,
    "Isshin Kurosaki": 0.03396373746991936,
    "Bleach": 0.008555369002890643,
    "Rangiku Matsumoto": 0.05420518659974686,
    "Gotei 13": 0.05414920375240061,
    "Zanpaktou": 0.0,
    "Bankai": 0.05092624150946953,
    "Zanpakut\u014d": 0.06973914547633021,
    "Renji Abarai": 0.052258158063530125,
    "T\u014dshir\u014d Hitsugaya": 0.06543054558350868,
    "Byakuya Kuchiki": 0.050249027984441946,
    "Shikai": 0.05241261626917278,
    "Grimmjow Jaegerjaquez": 0.04640141656041694,
    "Tier Harribel": 0.02672922488290288,
    "Hollow": 0.05417206458032286,
    "S\u014dsuke Aizen": 0.06613092905892674
  },
  "averagePathLength": 1.4074074074074074
}