{
  "numNodes": 27,
  "numEdges": 232,
  "selfLinks": 2,
  "numStrongComponents": 6,
  "numWeakComponents": 1,
  "sizeLargestStrong": 22,
  "sizeLargestWeak": 27,
  "radius": 3,
  "diameter": 4,
  "averageInDegree": 8.592592592592593,
  "averageOutDegree": 8.592592592592593,
  "maxOutDegree": 18,
  "maxInDegree": 18,
  "pageRank": {
    "Races": 0.00620515161940109,
    "Gin Ichimaru": 0.02616713394426685,
    "Kisuke Urahara": 0.05594192085491145,
    "Bleach: Memories of Nobody": 0.009187602809114338,
    "Hueco Mundo": 0.0573746710247941,
    "Arturo Plateado": 0.00620515161940109,
    "Sora Inoue": 0.007352648913496456,
    "Ulquiorra Cifer": 0.027330879905603643,
    "Cirucci Sanderwicci": 0.008885569204758019,
    "Dordoni Alessandro Del Socaccio": 0.01786984635300441,
    "Nelliel Tu Odelschwanck": 0.01177150442473437,
    "Soul Society": 0.09545968507175714,
    "Isshin Kurosaki": 0.028543238189391508,
    "Bleach": 0.01274983202537557,
    "Rangiku Matsumoto": 0.05736689366484968,
    "Gotei 13": 0.06565133655817859,
    "Zanpaktou": 0.00620515161940109,
    "Bankai": 0.039084998918237926,
    "Zanpakut\u014d": 0.06927147350788755,
    "Renji Abarai": 0.04093701084757853,
    "T\u014dshir\u014d Hitsugaya": 0.05202013986884352,
    "Byakuya Kuchiki": 0.03197057015840203,
    "Shikai": 0.03595740030216002,
    "Grimmjow Jaegerjaquez": 0.03796935643676523,
    "Tier Harribel": 0.040566034205177154,
    "Hollow": 0.07094735903950027,
    "S\u014dsuke Aizen": 0.08100743891300831
  },
  "hitsHubs": {
    "Races": 0.021194597446574103,
    "Gin Ichimaru": 0.07421559390052504,
    "Kisuke Urahara": 0.04388142676226461,
    "Bleach: Memories of Nobody": 0.053919194152538936,
    "Hueco Mundo": 0.017460445705232187,
    "Arturo Plateado": 0.05518547955461761,
    "Sora Inoue": 0.015392577240004405,
    "Ulquiorra Cifer": 0.04328489826510802,
    "Cirucci Sanderwicci": 0.01685658733103946,
    "Dordoni Alessandro Del Socaccio": 0.024711059957607598,
    "Nelliel Tu Odelschwanck": 0.02257452532982293,
    "Soul Society": 0.023931890703518553,
    "Isshin Kurosaki": 0.060703024757148005,
    "Bleach": 0.04037980813528526,
    "Rangiku Matsumoto": 0.055838727025310134,
    "Gotei 13": 0.04263847731241645,
    "Zanpaktou": 0.005530406716933787,
    "Bankai": 0.0,
    "Zanpakut\u014d": 0.02474061528154569,
    "Renji Abarai": 0.06803696814917191,
    "T\u014dshir\u014d Hitsugaya": 0.048754847063601454,
    "Byakuya Kuchiki": 0.03925679635382591,
    "Shikai": 0.0,
    "Grimmjow Jaegerjaquez": 0.045700806580414796,
    "Tier Harribel": 0.05040896171538191,
    "Hollow": 0.03794962073041045,
    "S\u014dsuke Aizen": 0.06745266382970075
  },
  "hitsAuths": {
    "Races": 0.0,
    "Gin Ichimaru": 0.034939058925926934,
    "Kisuke Urahara": 0.060659484357459936,
    "Bleach: Memories of Nobody": 0.008935942107118997,
    "Hueco Mundo": 0.07006068251710049,
    "Arturo Plateado": 0.0,
    "Sora Inoue": 0.003569662795197022,
    "Ulquiorra Cifer": 0.03290956068976284,
    "Cirucci Sanderwicci": 0.0021845114041698045,
    "Dordoni Alessandro Del Socaccio": 0.022024193763600226,
    "Nelliel Tu Odelschwanck": 0.007866529698063753,
    "Soul Society": 0.07301569884800535,
    "Isshin Kurosaki": 0.03388625466683546,
    "Bleach": 0.008535908001393215,
    "Rangiku Matsumoto": 0.0540823799094883,
    "Gotei 13": 0.0540261668997991,
    "Zanpaktou": 0.0,
    "Bankai": 0.05082710138430582,
    "Zanpakut\u014d": 0.06959757066915906,
    "Renji Abarai": 0.05213945556644871,
    "T\u014dshir\u014d Hitsugaya": 0.06528258618456831,
    "Byakuya Kuchiki": 0.050135063400512825,
    "Shikai": 0.052309959578435455,
    "Grimmjow Jaegerjaquez": 0.04629642018227975,
    "Tier Harribel": 0.026668451414364282,
    "Hollow": 0.05405010084156988,
    "S\u014dsuke Aizen": 0.06599725619443429
  },
  "averagePathLength": 1.5085470085470085
}