{
  "numNodes": 27,
  "numEdges": 230,
  "selfLinks": 2,
  "numStrongComponents": 7,
  "numWeakComponents": 1,
  "sizeLargestStrong": 21,
  "sizeLargestWeak": 27,
  "radius": 3,
  "diameter": 4,
  "averageInDegree": 8.518518518518519,
  "averageOutDegree": 8.518518518518519,
  "maxOutDegree": 18,
  "maxInDegree": 18,
  "pageRank": {
    "Races": 0.006025648611881083,
    "Gin Ichimaru": 0.02603861930369719,
    "Kisuke Urahara": 0.05661395279086773,
    "Bleach: Memories of Nobody": 0.008986136133494079,
    "Hueco Mundo": 0.05850801233096452,
    "Arturo Plateado": 0.006025648611881083,
    "Sora Inoue": 0.007157473922657879,
    "Ulquiorra Cifer": 0.027914944826926004,
    "Cirucci Sanderwicci": 0.006025648611881083,
    "Dordoni Alessandro Del Socaccio": 0.01770229644428426,
    "Nelliel Tu Odelschwanck": 0.015667897262999095,
    "Soul Society": 0.09584650109036878,
    "Isshin Kurosaki": 0.028445475057685722,
    "Bleach": 0.01257585678325122,
    "Rangiku Matsumoto": 0.057467039123653085,
    "Gotei 13": 0.06586773212654097,
    "Zanpaktou": 0.006025648611881083,
    "Bankai": 0.03645590576203697,
    "Zanpakut\u014d": 0.07046205886532943,
    "Renji Abarai": 0.04145449979326856,
    "T\u014dshir\u014d Hitsugaya": 0.05201701236417775,
    "Byakuya Kuchiki": 0.031838707379895824,
    "Shikai": 0.03320160238943345,
    "Grimmjow Jaegerjaquez": 0.03846366015965696,
    "Tier Harribel": 0.04065545012236223,
    "Hollow": 0.07063817918071945,
    "S\u014dsuke Aizen": 0.08191839233820458
  },
  "hitsHubs": {
    "Races": 0.021379803624234008,
    "Gin Ichimaru": 0.07472865029572696,
    "Kisuke Urahara": 0.04420575128358029,
    "Bleach: Memories of Nobody": 0.05425464519540414,
    "Hueco Mundo": 0.017654354086759624,
    "Arturo Plateado": 0.05561551691780833,
    "Sora Inoue": 0.015495014217212978,
    "Ulquiorra Cifer": 0.04366391209295685,
    "Cirucci Sanderwicci": 0.01698285934684054,
    "Dordoni Alessandro Del Socaccio": 0.017161084088053037,
    "Nelliel Tu Odelschwanck": 0.022837280944084104,
    "Soul Society": 0.02421297419651011,
    "Isshin Kurosaki": 0.06102470465628858,
    "Bleach": 0.04078433287430446,
    "Rangiku Matsumoto": 0.0564657959571392,
    "Gotei 13": 0.04281490520485517,
    "Zanpaktou": 0.005551167669542737,
    "Bankai": 0.0,
    "Zanpakut\u014d": 0.02503336107138986,
    "Renji Abarai": 0.06845899419729452,
    "T\u014dshir\u014d Hitsugaya": 0.04915553297662561,
    "Byakuya Kuchiki": 0.039759678975956496,
    "Shikai": 0.0,
    "Grimmjow Jaegerjaquez": 0.045927586644556095,
    "Tier Harribel": 0.05058367692938567,
    "Hollow": 0.03832164891501199,
    "S\u014dsuke Aizen": 0.06792676763847827
  },
  "hitsAuths": {
    "Races": 0.0,
    "Gin Ichimaru": 0.03521080859085387,
    "Kisuke Urahara": 0.06113088271556884,
    "Bleach: Memories of Nobody": 0.008997780189621317,
    "Hueco Mundo": 0.0698829411277995,
    "Arturo Plateado": 0.0,
    "Sora Inoue": 0.003604478259633162,
    "Ulquiorra Cifer": 0.03311284301780958,
    "Cirucci Sanderwicci": 0.0,
    "Dordoni Alessandro Del Socaccio": 0.02217734298627016,
    "Nelliel Tu Odelschwanck": 0.009434685744693255,
    "Soul Society": 0.07356500275023727,
    "Isshin Kurosaki": 0.034158199849575605,
    "Bleach": 0.008578909088974252,
    "Rangiku Matsumoto": 0.05445331144489463,
    "Gotei 13": 0.05442471465503548,
    "Zanpaktou": 0.0,
    "Bankai": 0.04892569072076069,
    "Zanpakut\u014d": 0.0693944399080313,
    "Renji Abarai": 0.05253922940506367,
    "T\u014dshir\u014d Hitsugaya": 0.06573207336771686,
    "Byakuya Kuchiki": 0.05048471840241051,
    "Shikai": 0.050419418236218504,
    "Grimmjow Jaegerjaquez": 0.04664270072948395,
    "Tier Harribel": 0.026889551569998282,
    "Hollow": 0.05442381787950462,
    "S\u014dsuke Aizen": 0.06581645935984466
  },
  "averagePathLength": 1.4059829059829059
}