{
  "numNodes": 27,
  "numEdges": 245,
  "selfLinks": 2,
  "numStrongComponents": 6,
  "numWeakComponents": 1,
  "sizeLargestStrong": 22,
  "sizeLargestWeak": 27,
  "radius": 2,
  "diameter": 4,
  "averageInDegree": 9.074074074074074,
  "averageOutDegree": 9.074074074074074,
  "maxOutDegree": 20,
  "maxInDegree": 18,
  "pageRank": {
    "Races": 0.006256361132707651,
    "Gin Ichimaru": 0.027859141140459,
    "Kisuke Urahara": 0.053728920070536215,
    "Bleach: Memories of Nobody": 0.008744617014867517,
    "Hueco Mundo": 0.05730726678702276,
    "Arturo Plateado": 0.006256361132707651,
    "Sora Inoue": 0.006815995938720103,
    "Ulquiorra Cifer": 0.027552895121170196,
    "Cirucci Sanderwicci": 0.009691625812575941,
    "Dordoni Alessandro Del Socaccio": 0.0191697116662379,
    "Nelliel Tu Odelschwanck": 0.012228454621466055,
    "Soul Society": 0.08961059305123081,
    "Isshin Kurosaki": 0.029999839794698356,
    "Bleach": 0.012436056158562078,
    "Rangiku Matsumoto": 0.057369080215974956,
    "Gotei 13": 0.06193535610349362,
    "Zanpaktou": 0.006256361132707651,
    "Bankai": 0.03974194921737863,
    "Zanpakut\u014d": 0.06398776444850135,
    "Renji Abarai": 0.04081036468614136,
    "T\u014dshir\u014d Hitsugaya": 0.06008516398954135,
    "Byakuya Kuchiki": 0.03221071088291589,
    "Shikai": 0.03684247082550527,
    "Grimmjow Jaegerjaquez": 0.03910137865707498,
    "Tier Harribel": 0.04100177050000112,
    "Hollow": 0.06515854622955206,
    "S\u014dsuke Aizen": 0.0878412436682495
  },
  "hitsHubs": {
    "Races": 0.019553854232866943,
    "Gin Ichimaru": 0.07089196009925956,
    "Kisuke Urahara": 0.04214234868018643,
    "Bleach: Memories of Nobody": 0.051576058002675576,
    "Hueco Mundo": 0.01623119430624313,
    "Arturo Plateado": 0.05231230032131435,
    "Sora Inoue": 0.014231010354008224,
    "Ulquiorra Cifer": 0.042207656304364814,
    "Cirucci Sanderwicci": 0.016118533107668656,
    "Dordoni Alessandro Del Socaccio": 0.023478280263631402,
    "Nelliel Tu Odelschwanck": 0.021673367637928882,
    "Soul Society": 0.022888527994172785,
    "Isshin Kurosaki": 0.05813323313228568,
    "Bleach": 0.06881896003889801,
    "Rangiku Matsumoto": 0.05353866320837362,
    "Gotei 13": 0.040474262076826084,
    "Zanpaktou": 0.005113733041445651,
    "Bankai": 0.0,
    "Zanpakut\u014d": 0.033785351575182636,
    "Renji Abarai": 0.06526704159969317,
    "T\u014dshir\u014d Hitsugaya": 0.046297539181891126,
    "Byakuya Kuchiki": 0.03840223726685468,
    "Shikai": 0.0,
    "Grimmjow Jaegerjaquez": 0.048371055356881326,
    "Tier Harribel": 0.04771248637779958,
    "Hollow": 0.03607496381104907,
    "S\u014dsuke Aizen": 0.06470538202849857
  },
  "hitsAuths": {
    "Races": 0.0,
    "Gin Ichimaru": 0.0372108594813831,
    "Kisuke Urahara": 0.062054707595124436,
    "Bleach: Memories of Nobody": 0.010557006436667727,
    "Hueco Mundo": 0.06582141429755083,
    "Arturo Plateado": 0.0,
    "Sora Inoue": 0.005722801519929429,
    "Ulquiorra Cifer": 0.03000014409484499,
    "Cirucci Sanderwicci": 0.007675192808589349,
    "Dordoni Alessandro Del Socaccio": 0.02556882283117056,
    "Nelliel Tu Odelschwanck": 0.013255086063526362,
    "Soul Society": 0.06892133093251906,
    "Isshin Kurosaki": 0.0362876293920869,
    "Bleach": 0.0076546595775558906,
    "Rangiku Matsumoto": 0.05489850052981527,
    "Gotei 13": 0.055229760064783785,
    "Zanpaktou": 0.0,
    "Bankai": 0.05187177818277285,
    "Zanpakut\u014d": 0.0662137186946016,
    "Renji Abarai": 0.04982822068082318,
    "T\u014dshir\u014d Hitsugaya": 0.06772449692698695,
    "Byakuya Kuchiki": 0.04756727792301909,
    "Shikai": 0.04733478653923338,
    "Grimmjow Jaegerjaquez": 0.047358130646373967,
    "Tier Harribel": 0.02392766770169106,
    "Hollow": 0.05223105937323524,
    "S\u014dsuke Aizen": 0.0650849477057149
  },
  "averagePathLength": 1.4700854700854702
}