{
  "numNodes": 27,
  "numEdges": 242,
  "selfLinks": 2,
  "numStrongComponents": 6,
  "numWeakComponents": 1,
  "sizeLargestStrong": 22,
  "sizeLargestWeak": 27,
  "radius": 3,
  "diameter": 4,
  "averageInDegree": 8.962962962962964,
  "averageOutDegree": 8.962962962962964,
  "maxOutDegree": 18,
  "maxInDegree": 18,
  "pageRank": {
    "Races": 0.006247581061410576,
    "Gin Ichimaru": 0.02737296865313686,
    "Kisuke Urahara": 0.05582045533403367,
    "Bleach: Memories of Nobody": 0.008786420066979035,
    "Hueco Mundo": 0.05695486350756465,
    "Arturo Plateado": 0.006247581061410576,
    "Sora Inoue": 0.006876585554383785,
    "Ulquiorra Cifer": 0.027731737518768805,
    "Cirucci Sanderwicci": 0.009023048045595212,
    "Dordoni Alessandro Del Socaccio": 0.018503443771225835,
    "Nelliel Tu Odelschwanck": 0.012285032306542251,
    "Soul Society": 0.09154599822872826,
    "Isshin Kurosaki": 0.029708385137376954,
    "Bleach": 0.01258005383450084,
    "Rangiku Matsumoto": 0.057532905035188715,
    "Gotei 13": 0.06360221632134279,
    "Zanpaktou": 0.006247581061410576,
    "Bankai": 0.040031641749456545,
    "Zanpakut\u014d": 0.06597798907733192,
    "Renji Abarai": 0.040656449981731874,
    "T\u014dshir\u014d Hitsugaya": 0.052426850556369184,
    "Byakuya Kuchiki": 0.031885517771003326,
    "Shikai": 0.0362835529831895,
    "Grimmjow Jaegerjaquez": 0.038834376502577636,
    "Tier Harribel": 0.040604063792666414,
    "Hollow": 0.06693807257814584,
    "S\u014dsuke Aizen": 0.08929462850792831
  },
  "hitsHubs": {
    "Races": 0.019792370047441072,
    "Gin Ichimaru": 0.07124716952504073,
    "Kisuke Urahara": 0.042547136538921025,
    "Bleach: Memories of Nobody": 0.052084013895002085,
    "Hueco Mundo": 0.016421440818824695,
    "Arturo Plateado": 0.0528276736778896,
    "Sora Inoue": 0.014405531840906654,
    "Ulquiorra Cifer": 0.04255614178263756,
    "Cirucci Sanderwicci": 0.015872712482514165,
    "Dordoni Alessandro Del Socaccio": 0.02337209987343726,
    "Nelliel Tu Odelschwanck": 0.02155351246995833,
    "Soul Society": 0.023153334103089056,
    "Isshin Kurosaki": 0.05870536709452204,
    "Bleach": 0.06691390026673988,
    "Rangiku Matsumoto": 0.05406777979672092,
    "Gotei 13": 0.040865100331299,
    "Zanpaktou": 0.005169077353195898,
    "Bankai": 0.0,
    "Zanpakut\u014d": 0.0288488842899532,
    "Renji Abarai": 0.06551963099147437,
    "T\u014dshir\u014d Hitsugaya": 0.04700138968763327,
    "Byakuya Kuchiki": 0.038705802329998505,
    "Shikai": 0.0,
    "Grimmjow Jaegerjaquez": 0.04884556221240396,
    "Tier Harribel": 0.04815706161050288,
    "Hollow": 0.036349109294462625,
    "S\u014dsuke Aizen": 0.06501819768543106
  },
  "hitsAuths": {
    "Races": 0.0,
    "Gin Ichimaru": 0.03780567526686478,
    "Kisuke Urahara": 0.06268721762791954,
    "Bleach: Memories of Nobody": 0.010582770223196496,
    "Hueco Mundo": 0.06695375358123451,
    "Arturo Plateado": 0.0,
    "Sora Inoue": 0.005637148234246312,
    "Ulquiorra Cifer": 0.03057145030088336,
    "Cirucci Sanderwicci": 0.001968977912274437,
    "Dordoni Alessandro Del Socaccio": 0.020152301971709363,
    "Nelliel Tu Odelschwanck": 0.01333726663275161,
    "Soul Society": 0.06977368107878017,
    "Isshin Kurosaki": 0.036864294214586625,
    "Bleach": 0.00783047966036158,
    "Rangiku Matsumoto": 0.05586801382327389,
    "Gotei 13": 0.05576750314977681,
    "Zanpaktou": 0.0,
    "Bankai": 0.052723040432957016,
    "Zanpakut\u014d": 0.06695310697765829,
    "Renji Abarai": 0.05068817940950575,
    "T\u014dshir\u014d Hitsugaya": 0.06608243487927533,
    "Byakuya Kuchiki": 0.04837759594337853,
    "Shikai": 0.048326463031585914,
    "Grimmjow Jaegerjaquez": 0.048121604964235155,
    "Tier Harribel": 0.024439845400277185,
    "Hollow": 0.052682553472213775,
    "S\u014dsuke Aizen": 0.06580464181105351
  },
  "averagePathLength": 1.48005698005698
}