{
  "numNodes": 27,
  "numEdges": 243,
  "selfLinks": 2,
  "numStrongComponents": 6,
  "numWeakComponents": 1,
  "sizeLargestStrong": 22,
  "sizeLargestWeak": 27,
  "radius": 3,
  "diameter": 4,
  "averageInDegree": 9,
  "averageOutDegree": 9,
  "maxOutDegree": 18,
  "maxInDegree": 18,
  "pageRank": {
    "Races": 0.006255125483944348,
    "Gin Ichimaru": 0.027964966643373345,
    "Kisuke Urahara": 0.053871741441424176,
    "Bleach: Memories of Nobody": 0.008813735197351284,
    "Hueco Mundo": 0.05720313670687404,
    "Arturo Plateado": 0.006255125483944348,
    "Sora Inoue": 0.006877831919878037,
    "Ulquiorra Cifer": 0.027590495845485678,
    "Cirucci Sanderwicci": 0.009027014506985096,
    "Dordoni Alessandro Del Socaccio": 0.018478019748568025,
    "Nelliel Tu Odelschwanck": 0.01230140340138317,
    "Soul Society": 0.08975733652554582,
    "Isshin Kurosaki": 0.03011317929961445,
    "Bleach": 0.012453914403819525,
    "Rangiku Matsumoto": 0.05753806427713535,
    "Gotei 13": 0.06209443724010803,
    "Zanpaktou": 0.006255125483944348,
    "Bankai": 0.03975770433617673,
    "Zanpakut\u014d": 0.0640208388120291,
    "Renji Abarai": 0.04095658579399808,
    "T\u014dshir\u014d Hitsugaya": 0.06022945247536068,
    "Byakuya Kuchiki": 0.03232909477071175,
    "Shikai": 0.03678964880276745,
    "Grimmjow Jaegerjaquez": 0.03920437346962829,
    "Tier Harribel": 0.04099630169652937,
    "Hollow": 0.06513259700829854,
    "S\u014dsuke Aizen": 0.08773274922512081
  },
  "hitsHubs": {
    "Races": 0.019660562790439907,
    "Gin Ichimaru": 0.07082185769009904,
    "Kisuke Urahara": 0.042363580430250125,
    "Bleach: Memories of Nobody": 0.05185907072306793,
    "Hueco Mundo": 0.01632915076510434,
    "Arturo Plateado": 0.05259132528614818,
    "Sora Inoue": 0.014302995999428445,
    "Ulquiorra Cifer": 0.042412343766562915,
    "Cirucci Sanderwicci": 0.015750102213227552,
    "Dordoni Alessandro Del Socaccio": 0.023161939418071324,
    "Nelliel Tu Odelschwanck": 0.02132692348282698,
    "Soul Society": 0.02301596366190754,
    "Isshin Kurosaki": 0.05843549271546841,
    "Bleach": 0.06654505115903672,
    "Rangiku Matsumoto": 0.053814200516497414,
    "Gotei 13": 0.040706103194189984,
    "Zanpaktou": 0.005143049454452017,
    "Bankai": 0.0,
    "Zanpakut\u014d": 0.0339789378502665,
    "Renji Abarai": 0.06516489904247544,
    "T\u014dshir\u014d Hitsugaya": 0.04653680236489025,
    "Byakuya Kuchiki": 0.0386044553715877,
    "Shikai": 0.0,
    "Grimmjow Jaegerjaquez": 0.04862530295831032,
    "Tier Harribel": 0.047976885826995996,
    "Hollow": 0.036276415760637636,
    "S\u014dsuke Aizen": 0.06459658755805742
  },
  "hitsAuths": {
    "Races": 0.0,
    "Gin Ichimaru": 0.037587376452872245,
    "Kisuke Urahara": 0.06280937850582513,
    "Bleach: Memories of Nobody": 0.010526122558330435,
    "Hueco Mundo": 0.06656604602190896,
    "Arturo Plateado": 0.0,
    "Sora Inoue": 0.005604563257402158,
    "Ulquiorra Cifer": 0.030393733903590268,
    "Cirucci Sanderwicci": 0.0019507469372227828,
    "Dordoni Alessandro Del Socaccio": 0.020016252962763995,
    "Nelliel Tu Odelschwanck": 0.013271944095513334,
    "Soul Society": 0.0698434706149731,
    "Isshin Kurosaki": 0.03664853528167734,
    "Bleach": 0.007796032365050505,
    "Rangiku Matsumoto": 0.05556026059086225,
    "Gotei 13": 0.05589936182189982,
    "Zanpaktou": 0.0,
    "Bankai": 0.052442493921583545,
    "Zanpakut\u014d": 0.06704693332914241,
    "Renji Abarai": 0.050397762338241725,
    "T\u014dshir\u014d Hitsugaya": 0.06862184328629617,
    "Byakuya Kuchiki": 0.04809682576240748,
    "Shikai": 0.048046703226172216,
    "Grimmjow Jaegerjaquez": 0.04784347748546889,
    "Tier Harribel": 0.024287546303650983,
    "Hollow": 0.05284682969288994,
    "S\u014dsuke Aizen": 0.06589575928425442
  },
  "averagePathLength": 1.4772079772079771
}