{
  "numNodes": 27,
  "numEdges": 241,
  "selfLinks": 2,
  "numStrongComponents": 6,
  "numWeakComponents": 1,
  "sizeLargestStrong": 22,
  "sizeLargestWeak": 27,
  "radius": 3,
  "diameter": 4,
  "averageInDegree": 8.925925925925926,
  "averageOutDegree": 8.925925925925926,
  "maxOutDegree": 18,
  "maxInDegree": 18,
  "pageRank": {
    "Races": 0.006261174483459798,
    "Gin Ichimaru": 0.02741194717050982,
    "Kisuke Urahara": 0.053104757374563674,
    "Bleach: Memories of Nobody": 0.008787375741813631,
    "Hueco Mundo": 0.0571714632515377,
    "Arturo Plateado": 0.006261174483459798,
    "Sora Inoue": 0.006890280104789666,
    "Ulquiorra Cifer": 0.027859095737152312,
    "Cirucci Sanderwicci": 0.009049787060159489,
    "Dordoni Alessandro Del Socaccio": 0.01859108565125502,
    "Nelliel Tu Odelschwanck": 0.012588787257866054,
    "Soul Society": 0.09150730253773191,
    "Isshin Kurosaki": 0.029510183307137977,
    "Bleach": 0.012582091441977469,
    "Rangiku Matsumoto": 0.05759559027167432,
    "Gotei 13": 0.06347307297290551,
    "Zanpaktou": 0.006261174483459798,
    "Bankai": 0.04011385868133314,
    "Zanpakut\u014d": 0.06644933347219055,
    "Renji Abarai": 0.04077180015625701,
    "T\u014dshir\u014d Hitsugaya": 0.052553188932742606,
    "Byakuya Kuchiki": 0.031912223041089066,
    "Shikai": 0.03660911963899324,
    "Grimmjow Jaegerjaquez": 0.03900321436007547,
    "Tier Harribel": 0.04074544377338723,
    "Hollow": 0.06737584872101099,
    "S\u014dsuke Aizen": 0.08955962589146683
  },
  "hitsHubs": {
    "Races": 0.019974247009560582,
    "Gin Ichimaru": 0.07160119719053734,
    "Kisuke Urahara": 0.04292673883272472,
    "Bleach: Memories of Nobody": 0.052259720651950954,
    "Hueco Mundo": 0.016592843788718864,
    "Arturo Plateado": 0.05301368325788153,
    "Sora Inoue": 0.014510666334820966,
    "Ulquiorra Cifer": 0.04256356846440269,
    "Cirucci Sanderwicci": 0.016001848370833772,
    "Dordoni Alessandro Del Socaccio": 0.023542240424680397,
    "Nelliel Tu Odelschwanck": 0.02142953100407124,
    "Soul Society": 0.023388018945623236,
    "Isshin Kurosaki": 0.058945782510661016,
    "Bleach": 0.06723490939438566,
    "Rangiku Matsumoto": 0.05433938323638072,
    "Gotei 13": 0.0409109637097725,
    "Zanpaktou": 0.005206835387848746,
    "Bankai": 0.0,
    "Zanpakut\u014d": 0.02883058823097946,
    "Renji Abarai": 0.06582283769042024,
    "T\u014dshir\u014d Hitsugaya": 0.04751064305865159,
    "Byakuya Kuchiki": 0.038795335065899855,
    "Shikai": 0.0,
    "Grimmjow Jaegerjaquez": 0.04427050567286662,
    "Tier Harribel": 0.04857990642954552,
    "Hollow": 0.03640102084879308,
    "S\u014dsuke Aizen": 0.06534698448798876
  },
  "hitsAuths": {
    "Races": 0.0,
    "Gin Ichimaru": 0.03814054465527602,
    "Kisuke Urahara": 0.05898513229667101,
    "Bleach: Memories of Nobody": 0.010670727975675599,
    "Hueco Mundo": 0.06714755922092662,
    "Arturo Plateado": 0.0,
    "Sora Inoue": 0.005685857461258914,
    "Ulquiorra Cifer": 0.03044224968150957,
    "Cirucci Sanderwicci": 0.0019908976560938057,
    "Dordoni Alessandro Del Socaccio": 0.02031320653946901,
    "Nelliel Tu Odelschwanck": 0.013029158331560561,
    "Soul Society": 0.0703999324207157,
    "Isshin Kurosaki": 0.03721075988495945,
    "Bleach": 0.007879169251449504,
    "Rangiku Matsumoto": 0.05594762787571015,
    "Gotei 13": 0.056286305353784975,
    "Zanpaktou": 0.0,
    "Bankai": 0.052770287618326396,
    "Zanpakut\u014d": 0.06709168972741714,
    "Renji Abarai": 0.050709747342959,
    "T\u014dshir\u014d Hitsugaya": 0.06621705478067587,
    "Byakuya Kuchiki": 0.04879400865575769,
    "Shikai": 0.04835581268393199,
    "Grimmjow Jaegerjaquez": 0.04852826179380838,
    "Tier Harribel": 0.024675992693402878,
    "Hollow": 0.05273518964171792,
    "S\u014dsuke Aizen": 0.06599282645694175
  },
  "averagePathLength": 1.4814814814814814
}