{
  "numNodes": 27,
  "numEdges": 244,
  "selfLinks": 2,
  "numStrongComponents": 6,
  "numWeakComponents": 1,
  "sizeLargestStrong": 22,
  "sizeLargestWeak": 27,
  "radius": 2,
  "diameter": 4,
  "averageInDegree": 9.037037037037036,
  "averageOutDegree": 9.037037037037036,
  "maxOutDegree": 20,
  "maxInDegree": 18,
  "pageRank": {
    "Races": 0.006173072401575692,
    "Gin Ichimaru": 0.027839296784831456,
    "Kisuke Urahara": 0.054074201710555346,
    "Bleach: Memories of Nobody": 0.008658009029845148,
    "Hueco Mundo": 0.05761985796683357,
    "Arturo Plateado": 0.006173072401575692,
    "Sora Inoue": 0.006728971857320123,
    "Ulquiorra Cifer": 0.02759017728138305,
    "Cirucci Sanderwicci": 0.009596993403468616,
    "Dordoni Alessandro Del Socaccio": 0.019118921283151256,
    "Nelliel Tu Odelschwanck": 0.012445463558507093,
    "Soul Society": 0.08976296776839697,
    "Isshin Kurosaki": 0.030006306521084325,
    "Bleach": 0.012353075661839637,
    "Rangiku Matsumoto": 0.05769477594318185,
    "Gotei 13": 0.062005470426740046,
    "Zanpaktou": 0.006173072401575692,
    "Bankai": 0.03725631390744133,
    "Zanpakut\u014d": 0.06418205077908597,
    "Renji Abarai": 0.04087419338120176,
    "T\u014dshir\u014d Hitsugaya": 0.06043616765924672,
    "Byakuya Kuchiki": 0.03219204485990983,
    "Shikai": 0.03682933871603526,
    "Grimmjow Jaegerjaquez": 0.039431519775811434,
    "Tier Harribel": 0.0410897317591727,
    "Hollow": 0.06543016719540852,
    "S\u014dsuke Aizen": 0.08826476556482091
  },
  "hitsHubs": {
    "Races": 0.019678240783297357,
    "Gin Ichimaru": 0.07114321538791482,
    "Kisuke Urahara": 0.04219772334386947,
    "Bleach: Memories of Nobody": 0.05169919785568549,
    "Hueco Mundo": 0.016354463800011602,
    "Arturo Plateado": 0.05267951882479336,
    "Sora Inoue": 0.014297422200537495,
    "Ulquiorra Cifer": 0.03836201192412707,
    "Cirucci Sanderwicci": 0.01620776899419888,
    "Dordoni Alessandro Del Socaccio": 0.02335694151004126,
    "Nelliel Tu Odelschwanck": 0.021822148003494496,
    "Soul Society": 0.023050819914866204,
    "Isshin Kurosaki": 0.05827405978779872,
    "Bleach": 0.06902437206391818,
    "Rangiku Matsumoto": 0.05395550058833632,
    "Gotei 13": 0.04050589589664023,
    "Zanpaktou": 0.005138622462498842,
    "Bankai": 0.0,
    "Zanpakut\u014d": 0.03400848457580605,
    "Renji Abarai": 0.06545650143568023,
    "T\u014dshir\u014d Hitsugaya": 0.04668803731718945,
    "Byakuya Kuchiki": 0.038707218684667116,
    "Shikai": 0.0,
    "Grimmjow Jaegerjaquez": 0.048374255994226914,
    "Tier Harribel": 0.04776867870491041,
    "Hollow": 0.03630171193293445,
    "S\u014dsuke Aizen": 0.06494718801255535
  },
  "hitsAuths": {
    "Races": 0.0,
    "Gin Ichimaru": 0.0375007300418547,
    "Kisuke Urahara": 0.062143270789049646,
    "Bleach: Memories of Nobody": 0.010614721472757018,
    "Hueco Mundo": 0.06591842388404563,
    "Arturo Plateado": 0.0,
    "Sora Inoue": 0.005755565670174549,
    "Ulquiorra Cifer": 0.030160998678674875,
    "Cirucci Sanderwicci": 0.007703173548246693,
    "Dordoni Alessandro Del Socaccio": 0.025732569298254238,
    "Nelliel Tu Odelschwanck": 0.012988029672462145,
    "Soul Society": 0.06941269748834647,
    "Isshin Kurosaki": 0.03655265250634823,
    "Bleach": 0.007688479536010041,
    "Rangiku Matsumoto": 0.054902925660197166,
    "Gotei 13": 0.055610902120177816,
    "Zanpaktou": 0.0,
    "Bankai": 0.04859217774294745,
    "Zanpakut\u014d": 0.06628836133577791,
    "Renji Abarai": 0.05017617067731839,
    "T\u014dshir\u014d Hitsugaya": 0.06782544822207967,
    "Byakuya Kuchiki": 0.04789387031746001,
    "Shikai": 0.04760369241242735,
    "Grimmjow Jaegerjaquez": 0.047374834653089413,
    "Tier Harribel": 0.024130662444918523,
    "Hollow": 0.052230327239012955,
    "S\u014dsuke Aizen": 0.06519931458836903
  },
  "averagePathLength": 1.4715099715099715
}