{
  "numNodes": 27,
  "numEdges": 243,
  "selfLinks": 2,
  "numStrongComponents": 6,
  "numWeakComponents": 1,
  "sizeLargestStrong": 22,
  "sizeLargestWeak": 27,
  "radius": 2,
  "diameter": 4,
  "averageInDegree": 9,
  "averageOutDegree": 9,
  "maxOutDegree": 20,
  "maxInDegree": 18,
  "pageRank": {
    "Races": 0.006150520378926259,
    "Gin Ichimaru": 0.02803291563242103,
    "Kisuke Urahara": 0.05535678160339509,
    "Bleach: Memories of Nobody": 0.008652807900464134,
    "Hueco Mundo": 0.058387977655049175,
    "Arturo Plateado": 0.006150520378926259,
    "Sora Inoue": 0.006705613494868849,
    "Ulquiorra Cifer": 0.027242532135889147,
    "Cirucci Sanderwicci": 0.009583104581103292,
    "Dordoni Alessandro Del Socaccio": 0.019183654029339414,
    "Nelliel Tu Odelschwanck": 0.012431906395407574,
    "Soul Society": 0.09103588765102426,
    "Isshin Kurosaki": 0.03028950118310987,
    "Bleach": 0.012335357412660907,
    "Rangiku Matsumoto": 0.05822206826766567,
    "Gotei 13": 0.06206453549011522,
    "Zanpaktou": 0.006150520378926259,
    "Bankai": 0.03694235134856856,
    "Zanpakut\u014d": 0.06484824917704385,
    "Renji Abarai": 0.041203405005818955,
    "T\u014dshir\u014d Hitsugaya": 0.061260145620710846,
    "Byakuya Kuchiki": 0.032381253756960424,
    "Shikai": 0.036460955677449315,
    "Grimmjow Jaegerjaquez": 0.04002746822272448,
    "Tier Harribel": 0.034052458857004045,
    "Hollow": 0.06535794879713942,
    "S\u014dsuke Aizen": 0.08948955896728758
  },
  "hitsHubs": {
    "Races": 0.019731146642007744,
    "Gin Ichimaru": 0.07113247022385441,
    "Kisuke Urahara": 0.0423355219596356,
    "Bleach: Memories of Nobody": 0.0518843299662997,
    "Hueco Mundo": 0.016161787284853603,
    "Arturo Plateado": 0.05282749451281679,
    "Sora Inoue": 0.014339780370461089,
    "Ulquiorra Cifer": 0.0384655247674404,
    "Cirucci Sanderwicci": 0.016256313029479552,
    "Dordoni Alessandro Del Socaccio": 0.023428291871070133,
    "Nelliel Tu Odelschwanck": 0.021879554155833376,
    "Soul Society": 0.023129952546459193,
    "Isshin Kurosaki": 0.05846624052440664,
    "Bleach": 0.06924822961843055,
    "Rangiku Matsumoto": 0.05386234498499114,
    "Gotei 13": 0.0406423891751377,
    "Zanpaktou": 0.00515075228358339,
    "Bankai": 0.0,
    "Zanpakut\u014d": 0.034102984447061856,
    "Renji Abarai": 0.06566453367335912,
    "T\u014dshir\u014d Hitsugaya": 0.04659619360171464,
    "Byakuya Kuchiki": 0.03882779479332533,
    "Shikai": 0.0,
    "Grimmjow Jaegerjaquez": 0.048537742357120175,
    "Tier Harribel": 0.04791091575484012,
    "Hollow": 0.034499366121528006,
    "S\u014dsuke Aizen": 0.0649183453342895
  },
  "hitsAuths": {
    "Races": 0.0,
    "Gin Ichimaru": 0.037643165774424746,
    "Kisuke Urahara": 0.06226006267071521,
    "Bleach: Memories of Nobody": 0.01067375149053176,
    "Hueco Mundo": 0.06603269892048029,
    "Arturo Plateado": 0.0,
    "Sora Inoue": 0.005787428732331968,
    "Ulquiorra Cifer": 0.03028587346209199,
    "Cirucci Sanderwicci": 0.007745450913997396,
    "Dordoni Alessandro Del Socaccio": 0.025833021652803094,
    "Nelliel Tu Odelschwanck": 0.013058736764639357,
    "Soul Society": 0.06952965150546729,
    "Isshin Kurosaki": 0.03667319745440147,
    "Bleach": 0.007732931162117225,
    "Rangiku Matsumoto": 0.05514697829312816,
    "Gotei 13": 0.055834850702384003,
    "Zanpaktou": 0.0,
    "Bankai": 0.04882199204861752,
    "Zanpakut\u014d": 0.06642657783400864,
    "Renji Abarai": 0.050370087337445454,
    "T\u014dshir\u014d Hitsugaya": 0.06797383280613492,
    "Byakuya Kuchiki": 0.04807596389206125,
    "Shikai": 0.04780571334994021,
    "Grimmjow Jaegerjaquez": 0.047387505628620694,
    "Tier Harribel": 0.021117019618917942,
    "Hollow": 0.052473425199940305,
    "S\u014dsuke Aizen": 0.06531008278479919
  },
  "averagePathLength": 1.4729344729344729
}