{
  "numNodes": 18,
  "numEdges": 10,
  "selfLinks": 0,
  "numStrongComponents": 18,
  "numWeakComponents": 8,
  "sizeLargestStrong": 1,
  "sizeLargestWeak": 3,
  "radius": 0,
  "diameter": 0,
  "averageInDegree": 0.5555555555555556,
  "averageOutDegree": 0.5555555555555556,
  "maxOutDegree": 2,
  "maxInDegree": 2,
  "pageRank": {
    "Morty": 0.05555555555555556,
    "Rick": 0.05555555555555556,
    "Butt dimension": 0.038314416984624865,
    "Unnamed containment box": 0.038314416984624865,
    "Cronenberg": 0.07279669412648626,
    "Pocket Mortys:Time-Stabilizing Collar": 0.038314416984624865,
    "Simon": 0.038314416984624865,
    "The Ricks Must Be Crazy/Transcript": 0.038314416984624865,
    "Interdimensional Cable 2: Tempting Fate/Transcript": 0.038314416984624865,
    "Replacement Dimension": 0.07279669412648626,
    "Rick and Morty": 0.10727897126834765,
    "Demonic alien containment box": 0.07279669412648626,
    "Ass Dimension": 0.07279669412648626,
    "Shady Garage": 0.038314416984624865,
    "Time Crystal": 0.07279669412648626,
    "Rick and Morty: Pocket Like You Stole It": 0.07279669412648626,
    "Creature (Auto Erotic Assimilation)": 0.038314416984624865,
    "Pocket Like You Stole It 4": 0.038314416984624865
  },
  "hitsHubs": {
    "Morty": 0.0,
    "Rick": 0.0,
    "Butt dimension": 3.1044085762691836e-10,
    "Unnamed containment box": 3.1044085762691836e-10,
    "Cronenberg": 0.0,
    "Pocket Mortys:Time-Stabilizing Collar": 3.1044085762691836e-10,
    "Simon": 0.33333333271245164,
    "The Ricks Must Be Crazy/Transcript": 0.33333333271245164,
    "Interdimensional Cable 2: Tempting Fate/Transcript": 0.33333333271245164,
    "Replacement Dimension": 0.0,
    "Rick and Morty": 0.0,
    "Demonic alien containment box": 0.0,
    "Ass Dimension": 0.0,
    "Shady Garage": 3.1044085762691836e-10,
    "Time Crystal": 0.0,
    "Rick and Morty: Pocket Like You Stole It": 0.0,
    "Creature (Auto Erotic Assimilation)": 3.1044085762691836e-10,
    "Pocket Like You Stole It 4": 3.1044085762691836e-10
  },
  "hitsAuths": {
    "Morty": 0.24999999930150807,
    "Rick": 0.24999999930150807,
    "Butt dimension": 0.0,
    "Unnamed containment box": 0.0,
    "Cronenberg": 4.6566128600669665e-10,
    "Pocket Mortys:Time-Stabilizing Collar": 0.0,
    "Simon": 0.0,
    "The Ricks Must Be Crazy/Transcript": 0.0,
    "Interdimensional Cable 2: Tempting Fate/Transcript": 0.0,
    "Replacement Dimension": 4.6566128600669665e-10,
    "Rick and Morty": 0.49999999860301614,
    "Demonic alien containment box": 4.6566128600669665e-10,
    "Ass Dimension": 4.6566128600669665e-10,
    "Shady Garage": 0.0,
    "Time Crystal": 4.6566128600669665e-10,
    "Rick and Morty: Pocket Like You Stole It": 4.6566128600669665e-10,
    "Creature (Auto Erotic Assimilation)": 0.0,
    "Pocket Like You Stole It 4": 0.0
  },
  "averagePathLength": 0
}