{
  "numNodes": 54,
  "numEdges": 119,
  "selfLinks": 0,
  "numStrongComponents": 37,
  "numWeakComponents": 6,
  "sizeLargestStrong": 18,
  "sizeLargestWeak": 44,
  "radius": 6,
  "diameter": 14,
  "averageInDegree": 2.2037037037037037,
  "averageOutDegree": 2.2037037037037037,
  "maxOutDegree": 10,
  "maxInDegree": 17,
  "pageRank": {
    "Rick and Morty Wiki": 0.011777691018839,
    "Main Page": 0.006198769078135052,
    "Rick Sanchez": 0.06470827266408245,
    "Morty Smith": 0.07659983961133106,
    "Summer Smith": 0.014567151989190973,
    "Rick and Morty (TV series)": 0.05859759595158676,
    "Anatomy Park (episode)": 0.03470588842203946,
    "Season 1": 0.043076616520622904,
    "Anatomy Park (location)": 0.014587492808874336,
    "Lawnmower Dog": 0.020130253227139093,
    "Pilot": 0.016972010713567635,
    "M. Night Shaym-Aliens!": 0.010819647673825261,
    "Meeseeks and Destroy": 0.00998767760881249,
    "Rick Potion 9": 0.01444028305680218,
    "Raising Gazorpazorp": 0.009733742343052012,
    "Rixty Minutes": 0.009126107966069026,
    "Something Ricked This Way Comes": 0.0097816384865325,
    "Close Rick-counters of the Rick Kind": 0.014759262657925036,
    "Ricksy Business": 0.008412705860750273,
    "Joyce Smith (C-137)": 0.011777691018839,
    "Jerry Smith (C-137)": 0.006198769078135052,
    "Mr. Goldenfold": 0.02561135486623143,
    "Jacob": 0.007314553466275841,
    "Ethan": 0.00932142088114676,
    "Morty": 0.07512468729382889,
    "Rick": 0.055712101505732504,
    "Butt dimension": 0.006198769078135052,
    "Anatomy Park (Episode)": 0.03167151680430324,
    "C-137 Rick": 0.006198769078135052,
    "Unnamed containment box": 0.006198769078135052,
    "Cronenberg": 0.008988230048487027,
    "Rick and Morty: Season 1": 0.006198769078135052,
    "Pocket Mortys:Time-Stabilizing Collar": 0.006198769078135052,
    "Simon": 0.006198769078135052,
    "The Ricks Must Be Crazy/Transcript": 0.006198769078135052,
    "Interdimensional Cable 2: Tempting Fate/Transcript": 0.006198769078135052,
    "Rick Potion No. 9": 0.009157068817620455,
    "Anatomy Park (Location)": 0.00932142088114676,
    "Joyce Smith": 0.006198769078135052,
    "Replacement Dimension": 0.011777691018839,
    "Summer Smith (replacement dimension)": 0.006198769078135052,
    "Summer": 0.045912843883737134,
    "Beth": 0.016104666950030558,
    "Rick and Morty": 0.0582193538668922,
    "Jerry": 0.02871168171219466,
    "Steven Phillips": 0.006198769078135052,
    "Demonic alien containment box": 0.011777691018839,
    "Close Rick-Counters of the Rick Kind": 0.006198769078135052,
    "Ass Dimension": 0.011777691018839,
    "Shady Garage": 0.006198769078135052,
    "Time Crystal": 0.011777691018839,
    "Rick and Morty: Pocket Like You Stole It": 0.011777691018839,
    "Creature (Auto Erotic Assimilation)": 0.006198769078135052,
    "Pocket Like You Stole It 4": 0.006198769078135052
  },
  "hitsHubs": {
    "Rick and Morty Wiki": 0.013933624716371365,
    "Main Page": 2.4430185435865293e-21,
    "Rick Sanchez": 0.019067914191515413,
    "Morty Smith": 0.0,
    "Summer Smith": 0.03207356803251032,
    "Rick and Morty (TV series)": 0.051802638823816825,
    "Anatomy Park (episode)": 0.07231233646880338,
    "Season 1": 0.051258386249407546,
    "Anatomy Park (location)": 0.0029981974702215724,
    "Lawnmower Dog": 0.06446780229380389,
    "Pilot": 0.06269619916528972,
    "M. Night Shaym-Aliens!": 0.06469178975373206,
    "Meeseeks and Destroy": 0.06405349073718448,
    "Rick Potion 9": 0.06391578846693113,
    "Raising Gazorpazorp": 0.06390465965075803,
    "Rixty Minutes": 0.06388143275899374,
    "Something Ricked This Way Comes": 0.06390197760971682,
    "Close Rick-counters of the Rick Kind": 0.0627503685116028,
    "Ricksy Business": 0.0616796176960221,
    "Joyce Smith (C-137)": 0.00219635890499307,
    "Jerry Smith (C-137)": 0.03726862078201745,
    "Mr. Goldenfold": 0.0,
    "Jacob": 0.0029981974702215724,
    "Ethan": 0.0025337878336863483,
    "Morty": 2.885156039604818e-16,
    "Rick": 1.5323394071308662e-15,
    "Butt dimension": 2.4430185435865293e-21,
    "Anatomy Park (Episode)": 2.4430185435865293e-21,
    "C-137 Rick": 1.5323394071308662e-15,
    "Unnamed containment box": 2.4430185435865293e-21,
    "Cronenberg": 0.0,
    "Rick and Morty: Season 1": 0.013450112495291407,
    "Pocket Mortys:Time-Stabilizing Collar": 2.4430185435865293e-21,
    "Simon": 0.03207356803251032,
    "The Ricks Must Be Crazy/Transcript": 0.013933624716371365,
    "Interdimensional Cable 2: Tempting Fate/Transcript": 0.013933624716371365,
    "Rick Potion No. 9": 2.4430185435865293e-21,
    "Anatomy Park (Location)": 2.4430185435865293e-21,
    "Joyce Smith": 2.4430185435865293e-21,
    "Replacement Dimension": 0.0,
    "Summer Smith (replacement dimension)": 2.885156039604818e-16,
    "Summer": 0.0,
    "Beth": 0.0,
    "Rick and Morty": 2.4430185435865293e-21,
    "Jerry": 0.0,
    "Steven Phillips": 5.770312079209636e-16,
    "Demonic alien containment box": 0.0,
    "Close Rick-Counters of the Rick Kind": 0.0022223124518490132,
    "Ass Dimension": 0.0,
    "Shady Garage": 2.4430185435865293e-21,
    "Time Crystal": 0.0,
    "Rick and Morty: Pocket Like You Stole It": 0.0,
    "Creature (Auto Erotic Assimilation)": 2.1670551689029953e-15,
    "Pocket Like You Stole It 4": 2.4430185435865293e-21
  },
  "hitsAuths": {
    "Rick and Morty Wiki": 2.5914444658720975e-20,
    "Main Page": 0.0,
    "Rick Sanchez": 1.625436895217888e-14,
    "Morty Smith": 3.060444085305628e-15,
    "Summer Smith": 3.060444085305628e-15,
    "Rick and Morty (TV series)": 2.5914444658720975e-20,
    "Anatomy Park (episode)": 2.5914444658720975e-20,
    "Season 1": 0.1426727590045635,
    "Anatomy Park (location)": 2.5914444658720975e-20,
    "Lawnmower Dog": 0.03435673359688193,
    "Pilot": 0.021345571127270896,
    "M. Night Shaym-Aliens!": 0.025152530302814127,
    "Meeseeks and Destroy": 0.023721529611005775,
    "Rick Potion 9": 2.5914444658720975e-20,
    "Raising Gazorpazorp": 0.02357206013325364,
    "Rixty Minutes": 0.023573796910543874,
    "Something Ricked This Way Comes": 0.02335709967477307,
    "Close Rick-counters of the Rick Kind": 0.023573293456578298,
    "Ricksy Business": 0.011574238044911988,
    "Joyce Smith (C-137)": 2.5914444658720975e-20,
    "Jerry Smith (C-137)": 0.0,
    "Mr. Goldenfold": 0.0035170562856868194,
    "Jacob": 0.006874157059916214,
    "Ethan": 0.013337932763264771,
    "Morty": 0.1718695381407443,
    "Rick": 0.16835248185505747,
    "Butt dimension": 0.0,
    "Anatomy Park (Episode)": 0.03180353363340004,
    "C-137 Rick": 0.0,
    "Unnamed containment box": 0.0,
    "Cronenberg": 6.732780037892981e-15,
    "Rick and Morty: Season 1": 0.0,
    "Pocket Mortys:Time-Stabilizing Collar": 0.0,
    "Simon": 0.0,
    "The Ricks Must Be Crazy/Transcript": 0.0,
    "Interdimensional Cable 2: Tempting Fate/Transcript": 0.0,
    "Rick Potion No. 9": 0.023601743344655285,
    "Anatomy Park (Location)": 0.013337932763264771,
    "Joyce Smith": 0.0,
    "Replacement Dimension": 2.5914444658720975e-20,
    "Summer Smith (replacement dimension)": 0.0,
    "Summer": 0.02687728456477829,
    "Beth": 0.016429098131379542,
    "Rick and Morty": 0.14780163971972868,
    "Jerry": 0.023297989875497624,
    "Steven Phillips": 0.0,
    "Demonic alien containment box": 2.5914444658720975e-20,
    "Close Rick-Counters of the Rick Kind": 0.0,
    "Ass Dimension": 2.5914444658720975e-20,
    "Shady Garage": 0.0,
    "Time Crystal": 2.5914444658720975e-20,
    "Rick and Morty: Pocket Like You Stole It": 2.5914444658720975e-20,
    "Creature (Auto Erotic Assimilation)": 0.0,
    "Pocket Like You Stole It 4": 0.0
  },
  "averagePathLength": 4.140522875816994
}