{
  "numNodes": 102,
  "numEdges": 346,
  "selfLinks": 0,
  "numStrongComponents": 42,
  "numWeakComponents": 8,
  "sizeLargestStrong": 59,
  "sizeLargestWeak": 87,
  "radius": 4,
  "diameter": 9,
  "averageInDegree": 3.392156862745098,
  "averageOutDegree": 3.392156862745098,
  "maxOutDegree": 17,
  "maxInDegree": 34,
  "pageRank": {
    "Rick and Morty Wiki": 0.002941619078945394,
    "Main Page": 0.0015482288818188875,
    "Rick Sanchez": 0.0602240863069834,
    "Morty Smith": 0.06638150511603229,
    "Summer Smith": 0.02995351173835947,
    "Rick and Morty (TV series)": 0.032475635265102706,
    "Anatomy Park (episode)": 0.024027893158166055,
    "Season 1": 0.014968530162986772,
    "Anatomy Park (location)": 0.01380606953424633,
    "Lawnmower Dog": 0.021564324436388716,
    "Pilot": 0.02511749472237339,
    "M. Night Shaym-Aliens!": 0.010401825339589622,
    "Meeseeks and Destroy": 0.022571840872815184,
    "Rick Potion 9": 0.010892557520582291,
    "Raising Gazorpazorp": 0.0026074529656409376,
    "Rixty Minutes": 0.0022533024601848126,
    "Something Ricked This Way Comes": 0.0020930331607946218,
    "Close Rick-counters of the Rick Kind": 0.0036323039368876264,
    "Ricksy Business": 0.0020930331607946218,
    "Joyce Smith (C-137)": 0.015132505436994691,
    "Jerry Smith (C-137)": 0.0015482288818188875,
    "Mr. Goldenfold": 0.013134622227343632,
    "Jacob": 0.003415661337651885,
    "Ethan": 0.0058677788904441,
    "Beth Smith": 0.02483227642687444,
    "Ruben": 0.007966702541746713,
    "Zigerions": 0.009654791642239202,
    "Kevin": 0.004105068180501615,
    "Prince Nebulon": 0.0035696333280563035,
    "Morty": 0.06124763742342428,
    "Rick": 0.05602078877482722,
    "Jerry (disambiguation)": 0.022801119511335836,
    "Summer (disambiguation)": 0.017102319331714445,
    "Beth (disambiguation)": 0.009902325963739432,
    "Season 2": 0.0043350092760719005,
    "Jessica": 0.009888594686368494,
    "Snuffles": 0.006508460076311578,
    "Dr. Xenon Bloom": 0.009483129706162928,
    "Dr. Xeonon Bloom": 0.0015482288818188875,
    "Interdimensional Customs": 0.008128515851676149,
    "Mr. Meeseeks": 0.00695882307433442,
    "Mr. Jellybean": 0.009249633267502732,
    "Thirsty Step": 0.004824724199375751,
    "Giant Court": 0.0027433503786808465,
    "Fancy Eats": 0.0027433503786808465,
    "Smith House": 0.0030411929454815696,
    "Smith residence": 0.0070691892285604605,
    "Joyce": 0.008208207399078972,
    "Mr. Meeseeks Box": 0.007395234059111792,
    "Harry Herpson High School": 0.014122638230141295,
    "Frank Palicky": 0.0029605931330297453,
    "Gene Vagina": 0.0040789393975377425,
    "Concentrated Dark Matter": 0.002941619078945394,
    "Time travel": 0.002941619078945394,
    "Demonic Alien Containment Box": 0.0041955156918373916,
    "Cure for Tuberculosis": 0.002941619078945394,
    "Poncho": 0.004860659011696065,
    "Brad": 0.003614233609025663,
    "Leonard Smith (C-137)": 0.012573486698355662,
    "Scary Terry": 0.0030411929454815696,
    "Annie": 0.007949317024400859,
    "Roger": 0.003966376199919502,
    "Concentrated dark matter": 0.0015482288818188875,
    "Cure for tuberculosis": 0.0015482288818188875,
    "Butt dimension": 0.0015482288818188875,
    "Anatomy Park (Episode)": 0.024979527313244466,
    "Zigerion": 0.0015482288818188875,
    "C-137 Rick": 0.0015482288818188875,
    "Unnamed containment box": 0.0015482288818188875,
    "Cronenberg": 0.0022449239803821407,
    "Rick and Morty: Season 1": 0.0015482288818188875,
    "Pocket Mortys:Time-Stabilizing Collar": 0.0015482288818188875,
    "Simon": 0.0015482288818188875,
    "The Ricks Must Be Crazy/Transcript": 0.0015482288818188875,
    "Interdimensional Cable 2: Tempting Fate/Transcript": 0.0015482288818188875,
    "Intergalactic Customs": 0.007311210383252346,
    "Rick Potion No. 9": 0.010381777759650448,
    "Anatomy Park (Location)": 0.013620356917287564,
    "Time Travel": 0.0015482288818188875,
    "Meeseeks Box": 0.006495538634250678,
    "Smith Residence": 0.0061341671221856325,
    "Leonard Smith": 0.012252095034898929,
    "Joyce Smith": 0.015098385432873828,
    "Replacement Dimension": 0.002941619078945394,
    "Beth Smith (replacement dimension)": 0.0015482288818188875,
    "Summer Smith (replacement dimension)": 0.0015482288818188875,
    "Summer": 0.017281691534391994,
    "Beth": 0.009281726230718653,
    "Rick and Morty": 0.034363347303045085,
    "Beth Smith (replacement dimension": 0.0015482288818188875,
    "Jerry": 0.02361696125419095,
    "Steven Phillips": 0.0015482288818188875,
    "Snowball": 0.0015482288818188875,
    "Demonic alien containment box": 0.002941619078945394,
    "Close Rick-Counters of the Rick Kind": 0.0015482288818188875,
    "Ass Dimension": 0.002941619078945394,
    "Shady Garage": 0.0015482288818188875,
    "Glem": 0.0015482288818188875,
    "Time Crystal": 0.002941619078945394,
    "Rick and Morty: Pocket Like You Stole It": 0.002941619078945394,
    "Creature (Auto Erotic Assimilation)": 0.0015482288818188875,
    "Pocket Like You Stole It 4": 0.0015482288818188875
  },
  "hitsHubs": {
    "Rick and Morty Wiki": 0.005040885284605602,
    "Main Page": 5.271035562429505e-33,
    "Rick Sanchez": 0.020716811251025587,
    "Morty Smith": 0.031177405000994758,
    "Summer Smith": 0.03143909986931348,
    "Rick and Morty (TV series)": 0.04329152409019006,
    "Anatomy Park (episode)": 0.04020272158843004,
    "Season 1": 0.02437836175666547,
    "Anatomy Park (location)": 0.011483627915007259,
    "Lawnmower Dog": 0.040549578450205355,
    "Pilot": 0.025122147641642313,
    "M. Night Shaym-Aliens!": 0.03852930174797882,
    "Meeseeks and Destroy": 0.042084601025101975,
    "Rick Potion 9": 0.042732133060477934,
    "Raising Gazorpazorp": 0.025168627100439805,
    "Rixty Minutes": 0.024143784197936564,
    "Something Ricked This Way Comes": 0.024427628692578612,
    "Close Rick-counters of the Rick Kind": 0.023973590682159825,
    "Ricksy Business": 0.023981694997490723,
    "Joyce Smith (C-137)": 0.012154454207210107,
    "Jerry Smith (C-137)": 0.029586278831690113,
    "Mr. Goldenfold": 0.0,
    "Jacob": 0.002796797753205334,
    "Ethan": 0.004899509826951164,
    "Beth Smith": 0.01531779109464596,
    "Ruben": 0.002304906908286328,
    "Zigerions": 0.027171373447530355,
    "Kevin": 0.0157864528919672,
    "Prince Nebulon": 0.024196122439666876,
    "Morty": 0.0009161572071603474,
    "Rick": 0.0008520740189248163,
    "Jerry (disambiguation)": 0.0,
    "Summer (disambiguation)": 0.0009221494148263191,
    "Beth (disambiguation)": 0.001043436897256004,
    "Season 2": 0.0,
    "Jessica": 0.020133096343706754,
    "Snuffles": 0.02039719519885702,
    "Dr. Xenon Bloom": 0.022166679258643802,
    "Dr. Xeonon Bloom": 0.0007125998904711141,
    "Interdimensional Customs": 0.007480907293132954,
    "Mr. Meeseeks": 0.010541761396763435,
    "Mr. Jellybean": 0.018221417453203614,
    "Thirsty Step": 0.0184093780565327,
    "Giant Court": 0.017679189310601615,
    "Fancy Eats": 0.009565961669735746,
    "Smith House": 0.000769529842843194,
    "Smith residence": 0.029411336189210217,
    "Joyce": 0.0008365423927055936,
    "Mr. Meeseeks Box": 0.011767232935461268,
    "Harry Herpson High School": 0.017397344530958106,
    "Frank Palicky": 0.02262350492309743,
    "Gene Vagina": 0.0017921239250477219,
    "Concentrated Dark Matter": 0.001115222725210017,
    "Time travel": 0.0,
    "Demonic Alien Containment Box": 0.0,
    "Cure for Tuberculosis": 0.0,
    "Poncho": 0.00734579219289193,
    "Brad": 0.02746918678764742,
    "Leonard Smith (C-137)": 0.011708040174414564,
    "Scary Terry": 0.0015796633688865578,
    "Annie": 0.022322250316892764,
    "Roger": 0.004533377437644951,
    "Concentrated dark matter": 5.271035562429505e-33,
    "Cure for tuberculosis": 5.271035562429505e-33,
    "Butt dimension": 5.271035562429505e-33,
    "Anatomy Park (Episode)": 5.271035562429505e-33,
    "Zigerion": 0.001115222725210017,