{
  "numNodes": 106,
  "numEdges": 364,
  "selfLinks": 0,
  "numStrongComponents": 42,
  "numWeakComponents": 8,
  "sizeLargestStrong": 65,
  "sizeLargestWeak": 91,
  "radius": 5,
  "diameter": 12,
  "averageInDegree": 3.4339622641509435,
  "averageOutDegree": 3.4339622641509435,
  "maxOutDegree": 18,
  "maxInDegree": 36,
  "pageRank": {
    "Rick and Morty Wiki": 0.002841982041429955,
    "Main Page": 0.0014958645017666842,
    "Rick Sanchez": 0.05990441947395725,
    "Morty Smith": 0.06442521582900275,
    "Summer Smith": 0.028407568708025487,
    "Rick and Morty (TV series)": 0.033851525549333635,
    "Anatomy Park (episode)": 0.021872046745781346,
    "Season 1": 0.014119652019598243,
    "Anatomy Park (location)": 0.013027988707536776,
    "Lawnmower Dog": 0.02179964474374663,
    "Pilot": 0.021673193969804667,
    "M. Night Shaym-Aliens!": 0.008325206840515206,
    "Meeseeks and Destroy": 0.021815927636965587,
    "Rick Potion 9": 0.013127169645718608,
    "Raising Gazorpazorp": 0.002569738442421828,
    "Rixty Minutes": 0.0022361169821359943,
    "Something Ricked This Way Comes": 0.0023655580202826985,
    "Close Rick-counters of the Rick Kind": 0.003562164213888926,
    "Ricksy Business": 0.0020301653439258965,
    "Joyce Smith (C-137)": 0.014294453182040583,
    "Jerry Smith (C-137)": 0.0014958645017666842,
    "Mr. Goldenfold": 0.01254129260856466,
    "Jacob": 0.0032735256966058114,
    "Ethan": 0.005605214864252186,
    "Beth Smith": 0.023503083175150243,
    "Ruben": 0.00693479721006296,
    "Zigerions": 0.009164432472744571,
    "Kevin": 0.0037932758337780037,
    "Prince Nebulon": 0.0032985378797382447,
    "Morty": 0.059930206023515724,
    "Rick": 0.05453975947319657,
    "Jerry (disambiguation)": 0.023395143944651656,
    "Summer (disambiguation)": 0.01657257383026919,
    "Beth (disambiguation)": 0.009694797953948682,
    "Season 2": 0.0041880995810932254,
    "Jessica": 0.009465463456699868,
    "Snuffles": 0.01349549596571449,
    "Dr. Xenon Bloom": 0.00845717262313729,
    "Dr. Xeonon Bloom": 0.0014958645017666842,
    "Interdimensional Customs": 0.00738124453688629,
    "Mr. Meeseeks": 0.006643173200011194,
    "Mr. Jellybean": 0.008501130254224587,
    "Thirsty Step": 0.004499894650188896,
    "Giant Court": 0.0025868109741257065,
    "Fancy Eats": 0.0025868109741257065,
    "Smith House": 0.0031309709232735104,
    "Smith residence": 0.007025293393147589,
    "Joyce": 0.007824896372424226,
    "Mr. Meeseeks Box": 0.007046654955614941,
    "Harry Herpson High School": 0.013534892735641032,
    "Frank Palicky": 0.0028494036442609783,
    "Gene Vagina": 0.004049215166930469,
    "Concentrated Dark Matter": 0.002841982041429955,
    "Time travel": 0.002841982041429955,
    "Demonic Alien Containment Box": 0.004053537348222183,
    "Cure for Tuberculosis": 0.002841982041429955,
    "Poncho": 0.004589768225780928,
    "Brad": 0.00358788490855932,
    "Leonard Smith (C-137)": 0.01181691612812142,
    "Scary Terry": 0.0031309709232735104,
    "Annie": 0.007383347399314945,
    "Roger": 0.003759287939754102,
    "Cronenbergs": 0.004080466327492129,
    "Dale": 0.0025868109741257065,
    "Justin Roiland": 0.012262506548564327,
    "Bone Train": 0.0038408934860487158,
    "Concentrated dark matter": 0.0014958645017666842,
    "Cure for tuberculosis": 0.0014958645017666842,
    "Butt dimension": 0.0014958645017666842,
    "Anatomy Park (Episode)": 0.022643026814824913,
    "Zigerion": 0.0014958645017666842,
    "C-137 Rick": 0.0014958645017666842,
    "Unnamed containment box": 0.0014958645017666842,
    "Cronenberg": 0.0019445703483211077,
    "Rick and Morty: Season 1": 0.0014958645017666842,
    "Pocket Mortys:Time-Stabilizing Collar": 0.0014958645017666842,
    "Simon": 0.0014958645017666842,
    "The Ricks Must Be Crazy/Transcript": 0.0014958645017666842,
    "Interdimensional Cable 2: Tempting Fate/Transcript": 0.0014958645017666842,
    "Intergalactic Customs": 0.006539717940518624,
    "Rick Potion No. 9": 0.012922111588916235,
    "Anatomy Park (Location)": 0.012815083014802036,
    "Time Travel": 0.0014958645017666842,
    "Meeseeks Box": 0.0061660633848621155,
    "Smith Residence": 0.00614319968569632,
    "Leonard Smith": 0.011468949523360174,
    "Joyce Smith": 0.01422044997485485,
    "Replacement Dimension": 0.002841982041429955,
    "Beth Smith (replacement dimension)": 0.0014958645017666842,
    "Summer Smith (replacement dimension)": 0.0014958645017666842,
    "Summer": 0.016751936088788676,
    "Beth": 0.009109108366468884,
    "Rick and Morty": 0.035950776364544454,
    "Beth Smith (replacement dimension": 0.0014958645017666842,
    "Jerry": 0.02433714534908694,
    "Steven Phillips": 0.0014958645017666842,
    "Snowball": 0.0014958645017666842,
    "Demonic alien containment box": 0.002841982041429955,
    "Close Rick-Counters of the Rick Kind": 0.0014958645017666842,
    "Ass Dimension": 0.002841982041429955,
    "Shady Garage": 0.0014958645017666842,
    "Glem": 0.0014958645017666842,
    "Time Crystal": 0.002841982041429955,
    "Rick and Morty: Pocket Like You Stole It": 0.002841982041429955,
    "Creature (Auto Erotic Assimilation)": 0.0014958645017666842,
    "Pocket Like You Stole It 4": 0.0014958645017666842
  },
  "hitsHubs": {
    "Rick and Morty Wiki": 0.004858698549493892,
    "Main Page": 3.376317797685923e-33,
    "Rick Sanchez": 0.020573737668289134,
    "Morty Smith": 0.030292746500450364,
    "Summer Smith": 0.0297858765059223,
    "Rick and Morty (TV series)": 0.041497207931836776,
    "Anatomy Park (episode)": 0.0363253744991629,
    "Season 1": 0.023256539034652014,
    "Anatomy Park (location)": 0.011100736455970385,
    "Lawnmower Dog": 0.036335584124177485,
    "Pilot": 0.024260787761006698,
    "M. Night Shaym-Aliens!": 0.03686669875370837,
    "Meeseeks and Destroy": 0.04026440762468307,
    "Rick Potion 9": 0.0414426754394839,
    "Raising Gazorpazorp": 0.024525724062285394,
    "Rixty Minutes": 0.023782075088537385,
    "Something Ricked This Way Comes": 0.02363305799469538,
    "Close Rick-counters of the Rick Kind": 0.023415708207128072,
    "Ricksy Business": 0.02321104921831837,
    "Joyce Smith (C-137)": 0.011648554247618681,
    "Jerry Smith (C-137)": 0.028620690657570714,
    "Mr. Goldenfold": 0.0,
    "Jacob": 0.002565976591512048,
    "Ethan": 0.004521396512230011,
    "Beth Smith": 0.01570840825360873,
    "Ruben": 0.002126960812364163,
    "Zigerions": 0.025822518962868284,
    "Kevin": 0.014891660729383227,
    "Prince Nebulon": 0.02308495869762428,
    "Morty": 0.0008599705575055108,
    "Rick": 0.0008249754966332969,
    "Jerry (disambiguation)": 0.0,
    "Summer (disambiguation)": 0.0008721616508484939,
    "Beth (disambiguation)": 0.000983396816815023,
    "Season 2": 0.0,
    "Jessica": 0.020134621860620892,
    "Snuffles": 0.019674746224685628,
    "Dr. Xenon Bloom": 0.021265923554631704,
    "Dr. Xeonon Bloom": 0.0006453372209263294,
    "Interdimensional Customs": 0.006807677878532397,
    "Mr. Meeseeks": 0.010372556571879498,
    "Mr. Jellybean": 0.017880734883572547,
    "Thirsty Step": 0.01806261349136704,
    "Giant Court": 0.01737121700546147,
    "Fancy Eats": 0.009058069066939466,
    "Smith House": 0.0007223174877850016,
    "Smith residence": 0.02820148494406047,
    "Joyce": 0.0007841311063877314,
    "Mr. Meeseeks Box": 0.011520145585228625,
    "Harry Herpson High School": 0.016565680865749378,
    "Frank Palicky": 0.021444453414366637,
    "Gene Vagina": 0.00167695603758846,
    "Concentrated Dark Matter": 0.001037661786805706,
    "Time travel": 0.0,
    "Demonic Alien Containment Box": 0.0,
    "Cure for Tuberculosis": 0.0,
    "Poncho": 0.006985659361858056,
    "Brad": 0.02646369197870017,
    "Leonard Smith (C-137)": 0.011208235476256538,
    "Scary Terry": 0.00146385585742158,
    "Annie": 0.021403358854753602,
    "Roger": 0.004169762249624663,
    "Cronenbergs": 0.0021317588789565656,
    "Dale": 0.01737121700546147,