{
  "numNodes": 124,
  "numEdges": 475,
  "selfLinks": 0,
  "numStrongComponents": 50,
  "numWeakComponents": 9,
  "sizeLargestStrong": 75,
  "sizeLargestWeak": 107,
  "radius": 3,
  "diameter": 8,
  "averageInDegree": 3.8306451612903225,
  "averageOutDegree": 3.8306451612903225,
  "maxOutDegree": 29,
  "maxInDegree": 40,
  "pageRank": {
    "Rick and Morty Wiki": 0.002357725445797353,
    "Main Page": 0.0012409527419539887,
    "Rick Sanchez": 0.05180612873935834,
    "Morty Smith": 0.05174404770395983,
    "Summer Smith": 0.03671000999083164,
    "Rick and Morty (TV series)": 0.028067318833735738,
    "Anatomy Park (episode)": 0.016162719426343657,
    "Season 1": 0.011368989360462708,
    "Anatomy Park (location)": 0.00978805246958226,
    "Lawnmower Dog": 0.013249088441722824,
    "Pilot": 0.018062742911932526,
    "M. Night Shaym-Aliens!": 0.007348701324184154,
    "Meeseeks and Destroy": 0.01678537023076984,
    "Rick Potion 9": 0.012263259642027544,
    "Raising Gazorpazorp": 0.010636340016210492,
    "Rixty Minutes": 0.008670972128755372,
    "Something Ricked This Way Comes": 0.01632469003643265,
    "Close Rick-counters of the Rick Kind": 0.003659422486174337,
    "Ricksy Business": 0.0017898530067479185,
    "Joyce Smith (C-137)": 0.012989761775751257,
    "Jerry Smith (C-137)": 0.0012409527419539887,
    "Mr. Goldenfold": 0.008187414623525043,
    "Jacob": 0.0038935364738061267,
    "Ethan": 0.0057315781668868596,
    "Beth Smith": 0.024852270576701377,
    "Ruben": 0.005057141940388532,
    "Zigerions": 0.007333033564413567,
    "Kevin": 0.00332567958966751,
    "Prince Nebulon": 0.002891931487427815,
    "Morty": 0.04678011447026542,
    "Rick": 0.04544572621402415,
    "Jerry (disambiguation)": 0.028890339295430518,
    "Summer (disambiguation)": 0.02699169882909665,
    "Beth (disambiguation)": 0.015616944312647329,
    "Season 2": 0.0034744981496407177,
    "Jessica": 0.006737107862147856,
    "Snuffles": 0.008009725393763665,
    "Dr. Xenon Bloom": 0.0070547595190891205,
    "Dr. Xeonon Bloom": 0.0012409527419539887,
    "Interdimensional Customs": 0.005472650972214113,
    "Mr. Meeseeks": 0.004720249211085599,
    "Mr. Jellybean": 0.006123243927960247,
    "Thirsty Step": 0.0032958496542761662,
    "Giant Court": 0.0020803129132727564,
    "Fancy Eats": 0.0020803129132727564,
    "Smith House": 0.002092714575404032,
    "Smith residence": 0.010116831074302841,
    "Joyce": 0.007078182511130517,
    "Mr. Meeseeks Box": 0.005503852683864833,
    "Harry Herpson High School": 0.009500719956017074,
    "Frank Palicky": 0.0021910339506625506,
    "Gene Vagina": 0.004286174630251872,
    "Concentrated Dark Matter": 0.002357725445797353,
    "Time travel": 0.002357725445797353,
    "Laser gun": 0.0012409527419539887,
    "Demonic Alien Containment Box": 0.0033627436034308427,
    "Cure for Tuberculosis": 0.002357725445797353,
    "Poncho": 0.0035889868201468035,
    "Brad": 0.003797881232496744,
    "Leonard Smith (C-137)": 0.010768626420646191,
    "Scary Terry": 0.002092714575404032,
    "Annie": 0.0062121676457328875,
    "Roger": 0.0028901923893964354,
    "Cronenbergs": 0.003490579683726873,
    "Dale": 0.0020803129132727564,
    "Justin Roiland": 0.010159284207425632,
    "Bone Train": 0.0027091078621957164,
    "Diseases": 0.0027091078621957164,
    "Morty Jr.": 0.01189739086243953,
    "Concentrated dark matter": 0.0012409527419539887,
    "Inter-Dimensional Goggles": 0.001891328124487513,
    "Morty, Jr.": 0.009591804239229614,
    "Mr. Needful": 0.006606830858529457,
    "Needful Things": 0.005517137137921315,
    "Curse Purge Plus!": 0.004402804684827072,
    "Portal gun and Portal technology": 0.002357725445797353,
    "Ants in my Eyes Johnson": 0.0012409527419539887,
    "Dan Harmon": 0.0027999781958963164,
    "Gwendolyn": 0.0012409527419539887,
    "Chris Parnell": 0.0021740376943857544,
    "King Jellybean": 0.006752339888397331,
    "Cure for tuberculosis": 0.0012409527419539887,
    "Butt dimension": 0.0012409527419539887,
    "Anatomy Park (Episode)": 0.01658027300194971,
    "Zigerion": 0.0012409527419539887,
    "C-137 Rick": 0.0012409527419539887,
    "Unnamed containment box": 0.0012409527419539887,
    "Cronenberg": 0.0016132103099017769,
    "King Flippynips": 0.0022204946419854695,
    "Rick and Morty: Season 1": 0.0012409527419539887,
    "Pocket Mortys:Time-Stabilizing Collar": 0.0012409527419539887,
    "Simon": 0.0012409527419539887,
    "The Ricks Must Be Crazy/Transcript": 0.0012409527419539887,
    "Interdimensional Cable 2: Tempting Fate/Transcript": 0.0012409527419539887,
    "Intergalactic Customs": 0.004702388704024761,
    "Rick Potion No. 9": 0.012247025060957505,
    "Anatomy Park (Location)": 0.009497451701108297,
    "Time Travel": 0.0012409527419539887,
    "Meeseeks Box": 0.004735380123613219,
    "Smith Residence": 0.009861693544301775,
    "Leonard Smith": 0.010586704389110243,
    "Joyce Smith": 0.013057372910163168,
    "Replacement Dimension": 0.002357725445797353,
    "Beth Smith (replacement dimension)": 0.0012409527419539887,
    "Summer Smith (replacement dimension)": 0.0012409527419539887,
    "Summer": 0.028610194114940812,
    "Beth": 0.015972022023834413,
    "Rick and Morty": 0.029807468645245482,
    "Beth Smith (replacement dimension": 0.0012409527419539887,
    "Jerry": 0.030723076500510725,
    "Steven Phillips": 0.0012409527419539887,
    "Snowball": 0.0012409527419539887,
    "Lucius Needful": 0.0012409527419539887,
    "Demonic alien containment box": 0.002357725445797353,
    "Close Rick-Counters of the Rick Kind": 0.0012409527419539887,
    "Ass Dimension": 0.002357725445797353,
    "Shady Garage": 0.0012409527419539887,
    "Glem": 0.0012409527419539887,
    "1% Visible": 0.0012409527419539887,
    "Time Crystal": 0.002357725445797353,
    "Rick and Morty: Pocket Like You Stole It": 0.002357725445797353,
    "Portal gun": 0.0012409527419539887,
    "Creature (Auto Erotic Assimilation)": 0.0012409527419539887,
    "Pocket Like You Stole It 4": 0.0012409527419539887
  },
  "hitsHubs": {
    "Rick and Morty Wiki": 0.004360932880419075,
    "Main Page": 6.147746414719235e-35,
    "Rick Sanchez": 0.0315490711547676,
    "Morty Smith": 0.02994540881361796,
    "Summer Smith": 0.02979632442817775,
    "Rick and Morty (TV series)": 0.04718560311042617,
    "Anatomy Park (episode)": 0.03203396624485134,
    "Season 1": 0.017480852137861644,
    "Anatomy Park (location)": 0.008148936488166593,
    "Lawnmower Dog": 0.032636676081337114,
    "Pilot": 0.02901750464920251,
    "M. Night Shaym-Aliens!": 0.029055857335993415,
    "Meeseeks and Destroy": 0.03443629896294537,
    "Rick Potion 9": 0.03518755134144511,
    "Raising Gazorpazorp": 0.029658928481443324,
    "Rixty Minutes": 0.03251868530569185,
    "Something Ricked This Way Comes": 0.03215350425514945,
    "Close Rick-counters of the Rick Kind": 0.018224455286534335,
    "Ricksy Business": 0.016904373286708494,
    "Joyce Smith (C-137)": 0.010166675627645299,
    "Jerry Smith (C-137)": 0.029638896167208887,
    "Mr. Goldenfold": 0.0048737000116998485,
    "Jacob": 0.0018109397005175065,
    "Ethan": 0.0048972684709001615,
    "Beth Smith": 0.027551517568848674,
    "Ruben": 0.0015189055942019976,
    "Zigerions": 0.016615357476879915,
    "Kevin": 0.0074346792695129905,
    "Prince Nebulon": 0.016641378275323283,
    "Morty": 0.0009997213306237424,
    "Rick": 0.0009080002919939281,
    "Jerry (disambiguation)": 0.0,
    "Summer (disambiguation)": 0.001141838329806661,
    "Beth (disambiguation)": 0.0008321651030000945,
    "Season 2": 0.0,
    "Jessica": 0.016047381678020736,
    "Snuffles": 0.015914020126549414,
    "Dr. Xenon Bloom": 0.01576159352170211,
    "Dr. Xeonon Bloom": 0.0004745627214691708,
    "Interdimensional Customs": 0.005143967451073691,
    "Mr. Meeseeks": 0.007792365090494621,
    "Mr. Jellybean": 6.147746414719235e-35,
    "Thirsty Step": 0.013597438377202058,
    "Giant Court": 0.013049481567012428,