{
  "numNodes": 66,
  "numEdges": 172,
  "selfLinks": 0,
  "numStrongComponents": 45,
  "numWeakComponents": 3,
  "sizeLargestStrong": 21,
  "sizeLargestWeak": 62,
  "radius": 3,
  "diameter": 6,
  "averageInDegree": 2.606060606060606,
  "averageOutDegree": 2.606060606060606,
  "maxOutDegree": 11,
  "maxInDegree": 28,
  "pageRank": {
    "Parks and Recreation Wiki": 0.0038102064288778694,
    "Main Page": 0.007239076503967201,
    "Amy Poehler": 0.08133572530004085,
    "Leslie Knope": 0.1703848253782528,
    "Pawnee, Indiana": 0.12465983910370555,
    "Ann Perkins": 0.0358724697339177,
    "Rashida Jones": 0.015429790373757898,
    "Tom Haverford": 0.03216027331680687,
    "Aziz Ansari": 0.01104638830972067,
    "Pilot": 0.05212676492599976,
    "Season 1": 0.01899962665090225,
    "Parks and Recreation": 0.0038102064288778694,
    "List of Recurring Characters": 0.0038102064288778694,
    "Mark Brendanawicz": 0.03086044028938187,
    "Canvassing": 0.03324670667984982,
    "Ron Swanson": 0.022591481816312802,
    "April Ludgate": 0.01250447487079302,
    "Andy Dwyer": 0.0319886014917312,
    "The Reporter": 0.020697955328392918,
    "Reporter": 0.0038102064288778694,
    "Greg Daniels": 0.014683244605016695,
    "Andy": 0.01883775602898658,
    "Leslie": 0.0038102064288778694,
    "Ann": 0.0038102064288778694,
    "Michael Schur": 0.014683244605016693,
    "Boys' Club": 0.01111338954513776,
    "The Banquet": 0.012788912639457785,
    "Rock Show": 0.016728109214943235,
    "Season 2": 0.006377976266001812,
    "Marlene Griggs-Knope": 0.014428485935007812,
    "Shauna Malwae-Tweep": 0.010298638515052777,
    "Pawnee Journal": 0.009598900806581857,
    "Scarecrow Boat": 0.009568834433576852,
    "Pawnee": 0.0038102064288778694,
    "Pilot (Parks and Recreation)": 0.0038102064288778694,
    "Marlene Knope": 0.007988187214979618,
    "Bluebell Cafe": 0.0038102064288778694,
    "Ron's Woodshop": 0.0038102064288778694,
    "Pawnee Summer Kick-Off": 0.0038102064288778694,
    "Doubletime Sound Studio": 0.0038102064288778694,
    "Pawnee Central High School": 0.0038102064288778694,
    "Kevin": 0.0038102064288778694,
    "Norton Construction": 0.0038102064288778694,
    "Bill Haggerty": 0.0038102064288778694,
    "North Pawnee Recreation Center": 0.0038102064288778694,
    "Artie": 0.0038102064288778694,
    "WVYS Action 8 News": 0.0038102064288778694,
    "Mezze": 0.0038102064288778694,
    "Jamm Orthodontia": 0.0038102064288778694,
    "Nathaniel Bixby Mark": 0.0038102064288778694,
    "Sweetums Stadium": 0.0038102064288778694,
    "Leslie and Ben's House": 0.0038102064288778694,
    "Police Station": 0.0038102064288778694,
    "Chez Chez La Rue": 0.0038102064288778694,
    "Gregory": 0.0038102064288778694,
    "Roz Degrandis": 0.0038102064288778694,
    "Ron": 0.0038102064288778694,
    "Tom": 0.0038102064288778694,
    "April": 0.0038102064288778694,
    "Mark": 0.0038102064288778694,
    "Moving Up (Part 1)": 0.0038102064288778694,
    "The Reporter/Trivia": 0.0038102064288778694,
    "Boys' Club/Trivia": 0.0038102064288778694,
    "Rock Show/Trivia": 0.0038102064288778694,
    "Moving Up (Parts 1 & 2)": 0.007239076503967201,
    "Parks and Recreation Department": 0.0073533721731368455
  },
  "hitsHubs": {
    "Parks and Recreation Wiki": 8.024801464704074e-42,
    "Main Page": 0.0,
    "Amy Poehler": 0.014822846526697842,
    "Leslie Knope": 0.006822318358226777,
    "Pawnee, Indiana": 0.0,
    "Ann Perkins": 0.016921400611640235,
    "Rashida Jones": 0.0,
    "Tom Haverford": 0.022435296581196158,
    "Aziz Ansari": 0.004948616207131563,
    "Pilot": 0.05297257803182022,
    "Season 1": 0.017685641649001604,
    "Parks and Recreation": 0.023055719050830755,
    "List of Recurring Characters": 0.010573192810708275,
    "Mark Brendanawicz": 0.02839958111892075,
    "Canvassing": 0.04648992718000932,
    "Ron Swanson": 0.014822846526697842,
    "April Ludgate": 0.02200677912736133,
    "Andy Dwyer": 0.016151354928296578,
    "The Reporter": 0.04115948732516026,
    "Reporter": 0.0035928431647298696,
    "Greg Daniels": 0.004458993681286003,
    "Andy": 0.004087246637984981,
    "Leslie": 0.014822846526697842,
    "Ann": 0.006898628782714634,
    "Michael Schur": 0.004458993681286003,
    "Boys' Club": 0.05609180717552226,
    "The Banquet": 0.045578439625582716,
    "Rock Show": 0.04460412747948447,
    "Season 2": 0.0,
    "Marlene Griggs-Knope": 0.027686298164203337,
    "Shauna Malwae-Tweep": 0.027310925440628294,
    "Pawnee Journal": 0.02636119077349032,
    "Scarecrow Boat": 0.01274617571881386,
    "Pawnee": 0.006251643463234945,
    "Pilot (Parks and Recreation)": 0.0033620422422828916,
    "Marlene Knope": 6.731691376522831e-35,
    "Bluebell Cafe": 0.014822846526697842,
    "Ron's Woodshop": 0.028024412108958577,
    "Pawnee Summer Kick-Off": 0.02797311877264742,
    "Doubletime Sound Studio": 0.027015065731485457,
    "Pawnee Central High School": 0.022927819093500473,
    "Kevin": 0.021074489989932787,
    "Norton Construction": 0.019064895603271362,
    "Bill Haggerty": 0.025037538876637854,
    "North Pawnee Recreation Center": 0.012998911731821612,
    "Artie": 0.021074489989932787,
    "WVYS Action 8 News": 0.006251643463234945,
    "Mezze": 0.006898628782714634,
    "Jamm Orthodontia": 0.006251643463234945,
    "Nathaniel Bixby Mark": 0.006251643463234945,
    "Sweetums Stadium": 0.015287506308351488,
    "Leslie and Ben's House": 0.02172147530941248,
    "Police Station": 0.006251643463234945,
    "Chez Chez La Rue": 0.019771462733829404,
    "Gregory": 0.006251643463234945,
    "Roz Degrandis": 0.021074489989932787,
    "Ron": 0.003963048886705066,
    "Tom": 0.004948616207131563,
    "April": 0.002123708897215825,
    "Mark": 0.007385187591987982,
    "Moving Up (Part 1)": 8.024801464704074e-42,
    "The Reporter/Trivia": 0.010589093368028239,
    "Boys' Club/Trivia": 0.007385187591987982,
    "Rock Show/Trivia": 6.731691376522831e-35,
    "Moving Up (Parts 1 & 2)": 0.0,
    "Parks and Recreation Department": 0.0
  },
  "hitsAuths": {
    "Parks and Recreation Wiki": 0.0,
    "Main Page": 9.177049163285841e-41,
    "Amy Poehler": 0.006526157177380287,
    "Leslie Knope": 0.16951197099847895,
    "Pawnee, Indiana": 0.0714929081620056,
    "Ann Perkins": 0.07889174053300464,
    "Rashida Jones": 0.00873206505360859,
    "Tom Haverford": 0.05659167323057774,
    "Aziz Ansari": 0.004900464838245427,
    "Pilot": 0.038447838344884994,
    "Season 1": 0.06266578880002702,
    "Parks and Recreation": 0.0,
    "List of Recurring Characters": 0.0,
    "Mark Brendanawicz": 0.08445595808177611,
    "Canvassing": 0.043706596194078275,
    "Ron Swanson": 0.04532086510770615,
    "April Ludgate": 0.024286433806466612,
    "Andy Dwyer": 0.04674117298009207,
    "The Reporter": 0.04108724496639915,
    "Reporter": 0.0,
    "Greg Daniels": 0.012544581108636717,
    "Andy": 0.015266701886653498,
    "Leslie": 0.0,
    "Ann": 0.0,
    "Michael Schur": 0.012544581108636717,
    "Boys' Club": 0.026973161436747262,
    "The Banquet": 0.03190510453194529,
    "Rock Show": 0.020130544598509714,
    "Season 2": 0.013907006208559147,
    "Marlene Griggs-Knope": 7.698266802753291e-34,
    "Shauna Malwae-Tweep": 0.019370715539765618,
    "Pawnee Journal": 0.017268696600932314,
    "Scarecrow Boat": 0.0035278850260855687,
    "Pawnee": 0.0,
    "Pilot (Parks and Recreation)": 0.0,
    "Marlene Knope": 0.02200773485261349,
    "Bluebell Cafe": 0.0,
    "Ron's Woodshop": 0.0,
    "Pawnee Summer Kick-Off": 0.0,
    "Doubletime Sound Studio": 0.0,
    "Pawnee Central High School": 0.0,
    "Kevin": 0.0,
    "Norton Construction": 0.0,
    "Bill Haggerty": 0.0,
    "North Pawnee Recreation Center": 0.0,
    "Artie": 0.0,
    "WVYS Action 8 News": 0.0,
    "Mezze": 0.0,
    "Jamm Orthodontia": 0.0,
    "Nathaniel Bixby Mark": 0.0,
    "Sweetums Stadium": 0.0,
    "Leslie and Ben's House": 0.0,
    "Police Station": 0.0,
    "Chez Chez La Rue": 0.0,