{
  "numNodes": 59,
  "numEdges": 127,
  "selfLinks": 0,
  "numStrongComponents": 43,
  "numWeakComponents": 3,
  "sizeLargestStrong": 16,
  "sizeLargestWeak": 55,
  "radius": 2,
  "diameter": 5,
  "averageInDegree": 2.152542372881356,
  "averageOutDegree": 2.152542372881356,
  "maxOutDegree": 11,
  "maxInDegree": 22,
  "pageRank": {
    "Parks and Recreation Wiki": 0.004081354091661345,
    "Main Page": 0.007754650567312773,
    "Amy Poehler": 0.07716001120744209,
    "Leslie Knope": 0.1603526634912497,
    "Pawnee, Indiana": 0.11752526118725291,
    "Ann Perkins": 0.03446138962540953,
    "Rashida Jones": 0.015338308070367804,
    "Tom Haverford": 0.03267731972739446,
    "Aziz Ansari": 0.011434121303180141,
    "Pilot": 0.06483529762121029,
    "Season 1": 0.04019661552949915,
    "Parks and Recreation": 0.004081354091661345,
    "List of Recurring Characters": 0.004081354091661345,
    "Mark Brendanawicz": 0.031108549911423103,
    "Canvassing": 0.03921678617112967,
    "Ron Swanson": 0.02342593494324853,
    "April Ludgate": 0.013059272847924377,
    "Andy Dwyer": 0.02902500017266782,
    "The Reporter": 0.02549791016496744,
    "Reporter": 0.004081354091661345,
    "Greg Daniels": 0.01706568586239239,
    "Andy": 0.01972460623206655,
    "Leslie": 0.004081354091661345,
    "Ann": 0.004081354091661345,
    "Michael Schur": 0.01706568586239239,
    "Boys' Club": 0.02224806768221308,
    "The Banquet": 0.024658509740810214,
    "Rock Show": 0.017505549696035204,
    "Pawnee": 0.004081354091661345,
    "Pilot (Parks and Recreation)": 0.004081354091661345,
    "Bluebell Cafe": 0.004081354091661345,
    "Ron's Woodshop": 0.004081354091661345,
    "Pawnee Summer Kick-Off": 0.004081354091661345,
    "Doubletime Sound Studio": 0.004081354091661345,
    "Pawnee Central High School": 0.004081354091661345,
    "Kevin": 0.004081354091661345,
    "Norton Construction": 0.004081354091661345,
    "Bill Haggerty": 0.004081354091661345,
    "North Pawnee Recreation Center": 0.004081354091661345,
    "Artie": 0.004081354091661345,
    "WVYS Action 8 News": 0.004081354091661345,
    "Mezze": 0.004081354091661345,
    "Jamm Orthodontia": 0.004081354091661345,
    "Nathaniel Bixby Mark": 0.004081354091661345,
    "Sweetums Stadium": 0.004081354091661345,
    "Leslie and Ben's House": 0.004081354091661345,
    "Police Station": 0.004081354091661345,
    "Chez Chez La Rue": 0.004081354091661345,
    "Gregory": 0.004081354091661345,
    "Roz Degrandis": 0.004081354091661345,
    "Ron": 0.004081354091661345,
    "Tom": 0.004081354091661345,
    "April": 0.004081354091661345,
    "Mark": 0.004081354091661345,
    "Moving Up (Part 1)": 0.004081354091661345,
    "The Reporter/Trivia": 0.004081354091661345,
    "Boys' Club/Trivia": 0.004081354091661345,
    "Moving Up (Parts 1 & 2)": 0.007754650567312773,
    "Parks and Recreation Department": 0.008060758606950392
  },
  "hitsHubs": {
    "Parks and Recreation Wiki": 3.034736383201291e-41,
    "Main Page": 0.0,
    "Amy Poehler": 0.01990650587394508,
    "Leslie Knope": 0.012315925253979456,
    "Pawnee, Indiana": 0.0,
    "Ann Perkins": 0.023721233254483127,
    "Rashida Jones": 0.0,
    "Tom Haverford": 0.03262656732879528,
    "Aziz Ansari": 0.004986863809668607,
    "Pilot": 0.061827259969484516,
    "Season 1": 0.018183578301827912,
    "Parks and Recreation": 0.029055680934232803,
    "List of Recurring Characters": 0.006154230878609145,
    "Mark Brendanawicz": 0.04262135540855533,
    "Canvassing": 0.051153708322687126,
    "Ron Swanson": 0.01990650587394508,
    "April Ludgate": 0.031726794380074544,
    "Andy Dwyer": 0.018373042956857835,
    "The Reporter": 0.04271904574744019,
    "Reporter": 0.0021924990450530864,
    "Greg Daniels": 0.008082188230174855,
    "Andy": 0.003222852451416986,
    "Leslie": 0.01990650587394508,
    "Ann": 0.006552754450728374,
    "Michael Schur": 0.008082188230174855,
    "Boys' Club": 0.00797217962366725,
    "The Banquet": 0.008189045227857869,
    "Rock Show": 0.005779680578614163,
    "Pawnee": 0.011174982299736607,
    "Pilot (Parks and Recreation)": 0.006154230878609145,
    "Bluebell Cafe": 0.01990650587394508,
    "Ron's Woodshop": 0.035391235032857765,
    "Pawnee Summer Kick-Off": 0.03763424262441006,
    "Doubletime Sound Studio": 0.03794154669097736,
    "Pawnee Central High School": 0.03471869423956036,
    "Kevin": 0.031081488173681684,
    "Norton Construction": 0.023836850632259758,
    "Bill Haggerty": 0.03646712452994618,
    "North Pawnee Recreation Center": 0.013595352617350096,
    "Artie": 0.031081488173681684,
    "WVYS Action 8 News": 0.011174982299736607,
    "Mezze": 0.006552754450728374,
    "Jamm Orthodontia": 0.011174982299736607,
    "Nathaniel Bixby Mark": 0.011174982299736607,
    "Sweetums Stadium": 0.0193846985608222,
    "Leslie and Ben's House": 0.026459260324673457,
    "Police Station": 0.011174982299736607,
    "Chez Chez La Rue": 0.024893369683613685,
    "Gregory": 0.011174982299736607,
    "Roz Degrandis": 0.031081488173681684,
    "Ron": 0.005385636356264503,
    "Tom": 0.004986863809668607,
    "April": 0.0017534231583218468,
    "Mark": 0.006461886736769503,
    "Moving Up (Part 1)": 3.034736383201291e-41,
    "The Reporter/Trivia": 0.006461886736769503,
    "Boys' Club/Trivia": 0.006461886736769503,
    "Moving Up (Parts 1 & 2)": 0.0,
    "Parks and Recreation Department": 0.0
  },
  "hitsAuths": {
    "Parks and Recreation Wiki": 0.0,
    "Main Page": 3.1652717132606963e-40,
    "Amy Poehler": 0.011900191659149588,
    "Leslie Knope": 0.20762758934002903,
    "Pawnee, Indiana": 0.11655659966165526,
    "Ann Perkins": 0.06834612858515925,
    "Rashida Jones": 0.01518083177556432,
    "Tom Haverford": 0.052013674209080464,
    "Aziz Ansari": 0.009384755389984158,
    "Pilot": 0.06418947301244046,
    "Season 1": 0.05109690392260415,
    "Parks and Recreation": 0.0,
    "List of Recurring Characters": 0.0,
    "Mark Brendanawicz": 0.06739836585283496,
    "Canvassing": 0.05909775897956631,
    "Ron Swanson": 0.056172926619773966,
    "April Ludgate": 0.018288444278503395,
    "Andy Dwyer": 0.033614793551596744,
    "The Reporter": 0.022868066060277997,
    "Reporter": 0.0,
    "Greg Daniels": 0.0201088598768059,
    "Andy": 0.024607298548562234,
    "Leslie": 0.0,
    "Ann": 0.0,
    "Michael Schur": 0.0201088598768059,
    "Boys' Club": 0.02673010063428593,
    "The Banquet": 0.009185958036797165,
    "Rock Show": 0.007585861489180999,
    "Pawnee": 0.0,
    "Pilot (Parks and Recreation)": 0.0,
    "Bluebell Cafe": 0.0,
    "Ron's Woodshop": 0.0,
    "Pawnee Summer Kick-Off": 0.0,
    "Doubletime Sound Studio": 0.0,
    "Pawnee Central High School": 0.0,
    "Kevin": 0.0,
    "Norton Construction": 0.0,
    "Bill Haggerty": 0.0,
    "North Pawnee Recreation Center": 0.0,
    "Artie": 0.0,
    "WVYS Action 8 News": 0.0,
    "Mezze": 0.0,
    "Jamm Orthodontia": 0.0,
    "Nathaniel Bixby Mark": 0.0,
    "Sweetums Stadium": 0.0,
    "Leslie and Ben's House": 0.0,
    "Police Station": 0.0,
    "Chez Chez La Rue": 0.0,
    "Gregory": 0.0,
    "Roz Degrandis": 0.0,
    "Ron": 0.0,
    "Tom": 0.0,
    "April": 0.0,
    "Mark": 0.0,
    "Moving Up (Part 1)": 0.0,
    "The Reporter/Trivia": 0.0,
    "Boys' Club/Trivia": 0.0,
    "Moving Up (Parts 1 & 2)": 3.1652717132606963e-40,
    "Parks and Recreation Department": 0.037936558639341866
  },
  "averagePathLength": 2.308333333333333
}