{
  "numNodes": 35,
  "numEdges": 47,
  "selfLinks": 0,
  "numStrongComponents": 33,
  "numWeakComponents": 3,
  "sizeLargestStrong": 2,
  "sizeLargestWeak": 31,
  "radius": 1,
  "diameter": 1,
  "averageInDegree": 1.3428571428571427,
  "averageOutDegree": 1.3428571428571427,
  "maxOutDegree": 3,
  "maxInDegree": 16,
  "pageRank": {
    "Parks and Recreation Wiki": 0.008150074046184475,
    "Main Page": 0.015485141809600683,
    "Amy Poehler": 0.06327098330932136,
    "Leslie Knope": 0.12249088029829804,
    "Pawnee, Indiana": 0.1366216609434835,
    "Ann Perkins": 0.02159769827911419,
    "Rashida Jones": 0.017869039915252998,
    "Tom Haverford": 0.19730939110785378,
    "Aziz Ansari": 0.18574302438765128,
    "Leslie": 0.008150074046184475,
    "Pawnee": 0.008150074046184475,
    "Bluebell Cafe": 0.008150074046184475,
    "Ron's Woodshop": 0.008150074046184475,
    "Pawnee Summer Kick-Off": 0.008150074046184475,
    "Doubletime Sound Studio": 0.008150074046184475,
    "Pawnee Central High School": 0.008150074046184475,
    "Kevin": 0.008150074046184475,
    "Norton Construction": 0.008150074046184475,
    "Bill Haggerty": 0.008150074046184475,
    "North Pawnee Recreation Center": 0.008150074046184475,
    "Artie": 0.008150074046184475,
    "WVYS Action 8 News": 0.008150074046184475,
    "Mezze": 0.008150074046184475,
    "Jamm Orthodontia": 0.008150074046184475,
    "Nathaniel Bixby Mark": 0.008150074046184475,
    "Sweetums Stadium": 0.008150074046184475,
    "Leslie and Ben's House": 0.008150074046184475,
    "Police Station": 0.008150074046184475,
    "Chez Chez La Rue": 0.008150074046184475,
    "Gregory": 0.008150074046184475,
    "Roz Degrandis": 0.008150074046184475,
    "Tom": 0.008150074046184475,
    "Moving Up (Part 1)": 0.008150074046184475,
    "Moving Up (Parts 1 & 2)": 0.015485141809600683,
    "Parks and Recreation Department": 0.020375186985211485
  },
  "hitsHubs": {
    "Parks and Recreation Wiki": 6.0444970762556916e-24,
    "Main Page": 0.0,
    "Amy Poehler": 0.028969446683755597,
    "Leslie Knope": 0.03416831793990403,
    "Pawnee, Indiana": 0.0,
    "Ann Perkins": 0.030265009516970035,
    "Rashida Jones": 0.0,
    "Tom Haverford": 6.0444970762556916e-24,
    "Aziz Ansari": 0.0033591174291430024,
    "Leslie": 0.028969446683755597,
    "Pawnee": 0.03270566507913499,
    "Bluebell Cafe": 0.028969446683755597,
    "Ron's Woodshop": 0.03852628830731165,
    "Pawnee Summer Kick-Off": 0.06612709037200364,
    "Doubletime Sound Studio": 0.07123195338644664,
    "Pawnee Central High School": 0.07123195338644663,
    "Kevin": 0.061675111762890575,
    "Norton Construction": 0.04226250670269105,
    "Bill Haggerty": 0.061675111762890575,
    "North Pawnee Recreation Center": 0.0033591174291430024,
    "Artie": 0.061675111762890575,
    "WVYS Action 8 News": 0.03270566507913499,
    "Mezze": 0.004451978609113044,
    "Jamm Orthodontia": 0.03270566507913499,
    "Nathaniel Bixby Mark": 0.03270566507913499,
    "Sweetums Stadium": 0.03606478250827799,
    "Leslie and Ben's House": 0.033421425292868644,
    "Police Station": 0.03270566507913499,
    "Chez Chez La Rue": 0.032328564112898604,
    "Gregory": 0.03270566507913499,
    "Roz Degrandis": 0.061675111762890575,
    "Tom": 0.0033591174291430024,
    "Moving Up (Part 1)": 6.0444970762556916e-24,
    "Moving Up (Parts 1 & 2)": 0.0,
    "Parks and Recreation Department": 0.0
  },
  "hitsAuths": {
    "Parks and Recreation Wiki": 0.0,
    "Main Page": 7.389246446843674e-23,
    "Amy Poehler": 0.017880565277894774,
    "Leslie Knope": 0.3541442377660489,
    "Pawnee, Indiana": 0.3998185728751512,
    "Ann Perkins": 0.05442432464404591,
    "Rashida Jones": 0.015837931495737763,
    "Tom Haverford": 0.04106437014475546,
    "Aziz Ansari": 7.389246446843674e-23,
    "Leslie": 0.0,
    "Pawnee": 0.0,
    "Bluebell Cafe": 0.0,
    "Ron's Woodshop": 0.0,
    "Pawnee Summer Kick-Off": 0.0,
    "Doubletime Sound Studio": 0.0,
    "Pawnee Central High School": 0.0,
    "Kevin": 0.0,
    "Norton Construction": 0.0,
    "Bill Haggerty": 0.0,
    "North Pawnee Recreation Center": 0.0,
    "Artie": 0.0,
    "WVYS Action 8 News": 0.0,
    "Mezze": 0.0,
    "Jamm Orthodontia": 0.0,
    "Nathaniel Bixby Mark": 0.0,
    "Sweetums Stadium": 0.0,
    "Leslie and Ben's House": 0.0,
    "Police Station": 0.0,
    "Chez Chez La Rue": 0.0,
    "Gregory": 0.0,
    "Roz Degrandis": 0.0,
    "Tom": 0.0,
    "Moving Up (Part 1)": 0.0,
    "Moving Up (Parts 1 & 2)": 7.389246446843674e-23,
    "Parks and Recreation Department": 0.11682999779636599
  },
  "averagePathLength": 1.0
}