{
  "numNodes": 87,
  "numEdges": 236,
  "selfLinks": 0,
  "numStrongComponents": 57,
  "numWeakComponents": 3,
  "sizeLargestStrong": 28,
  "sizeLargestWeak": 83,
  "radius": 3,
  "diameter": 7,
  "averageInDegree": 2.7126436781609193,
  "averageOutDegree": 2.7126436781609193,
  "maxOutDegree": 12,
  "maxInDegree": 30,
  "pageRank": {
    "Parks and Recreation Wiki": 0.001825904453568295,
    "Main Page": 0.0034692442512625076,
    "Amy Poehler": 0.03505385170166538,
    "Leslie Knope": 0.12061243004795258,
    "Pawnee, Indiana": 0.027036261493992714,
    "Ann Perkins": 0.07775676411950579,
    "Rashida Jones": 0.035481515204734665,
    "Tom Haverford": 0.029087713870841855,
    "Aziz Ansari": 0.007060795623615177,
    "Pilot": 0.07427425446436246,
    "Season 1": 0.01408519853194096,
    "Parks and Recreation": 0.08737205857607694,
    "List of Recurring Characters": 0.001825904453568295,
    "Mark Brendanawicz": 0.04819130427604048,
    "Canvassing": 0.015841723991701855,
    "Ron Swanson": 0.01601753112959499,
    "April Ludgate": 0.024814523260724378,
    "Andy Dwyer": 0.03264954589592847,
    "The Reporter": 0.010298970086221399,
    "Reporter": 0.001825904453568295,
    "Greg Daniels": 0.014364428787968312,
    "Andy": 0.007902467029781958,
    "Leslie": 0.001825904453568295,
    "Ann": 0.001825904453568295,
    "Michael Schur": 0.014364428787968312,
    "Boys' Club": 0.006553509814628307,
    "The Banquet": 0.010024370702463304,
    "Rock Show": 0.011287163925844477,
    "Season 2": 0.0034242525239315163,
    "Marlene Griggs-Knope": 0.0187855964357182,
    "Shauna Malwae-Tweep": 0.004701990406686142,
    "Pawnee Journal": 0.004590201817164231,
    "Scarecrow Boat": 0.001825904453568295,
    "Jerry Gergich": 0.0058248422548535335,
    "Donna Meagle": 0.005003172356006428,
    "Dave Sanderson": 0.015531892286910851,
    "Wendy Haverford": 0.008841080404450575,
    "Derek": 0.006505797272292609,
    "Ben (April's friend)": 0.001825904453568295,
    "Lawrence": 0.0019628494367094794,
    "Bill Dexhart": 0.00401179584291652,
    "Dr. Harris": 0.0027845193355565856,
    "Joan Callamezzo": 0.00682930202318061,
    "Pawnee Today": 0.007161530455163761,
    "Pawnee": 0.0073466432039088325,
    "History of Pawnee": 0.001825904453568295,
    "Department of Parks and Recreation": 0.0058153911078619395,
    "Pawnee City Hall": 0.00302797055000244,
    "Pilot (Parks and Recreation)": 0.058323562176521924,
    "Donna": 0.0026171356005788866,
    "Jerry": 0.0026171356005788866,
    "Marlene Knope": 0.017929472027947688,
    "Bluebell Cafe": 0.001825904453568295,
    "Ron's Woodshop": 0.001825904453568295,
    "Pawnee Summer Kick-Off": 0.001825904453568295,
    "Doubletime Sound Studio": 0.001825904453568295,
    "Pawnee Central High School": 0.001825904453568295,
    "Kevin": 0.001825904453568295,
    "Norton Construction": 0.001825904453568295,
    "Bill Haggerty": 0.001825904453568295,
    "North Pawnee Recreation Center": 0.001825904453568295,
    "Artie": 0.001825904453568295,
    "WVYS Action 8 News": 0.001825904453568295,
    "Mezze": 0.001825904453568295,
    "Jamm Orthodontia": 0.001825904453568295,
    "Nathaniel Bixby Mark": 0.001825904453568295,
    "Sweetums Stadium": 0.001825904453568295,
    "Leslie and Ben's House": 0.001825904453568295,
    "Police Station": 0.001825904453568295,
    "Chez Chez La Rue": 0.001825904453568295,
    "Gregory": 0.001825904453568295,
    "Roz Degrandis": 0.001825904453568295,
    "Ron": 0.001825904453568295,
    "Tom": 0.001825904453568295,
    "April": 0.001825904453568295,
    "Mark": 0.001825904453568295,
    "Joan": 0.001825904453568295,
    "Moving Up (Part 1)": 0.001825904453568295,
    "Terry": 0.001825904453568295,
    "The Reporter/Trivia": 0.001825904453568295,
    "Boys' Club/Trivia": 0.001825904453568295,
    "Rock Show/Trivia": 0.001825904453568295,
    "Pawnee Zoo/Trivia": 0.001825904453568295,
    "Moving Up (Parts 1 & 2)": 0.0034692442512625076,
    "Donnie Rotger": 0.001825904453568295,
    "Wendy": 0.001825904453568295,
    "Parks and Recreation Department": 0.004432484458678506
  },
  "hitsHubs": {
    "Parks and Recreation Wiki": 1.8679496188458677e-39,
    "Main Page": 0.0,
    "Amy Poehler": 0.012298387091505906,
    "Leslie Knope": 0.0276911628615307,
    "Pawnee, Indiana": 0.0026539645220645058,
    "Ann Perkins": 0.024990915712214186,
    "Rashida Jones": 0.0,
    "Tom Haverford": 0.018269437110710513,
    "Aziz Ansari": 0.004933430288812164,
    "Pilot": 0.04641765298186533,
    "Season 1": 0.011676968075932973,
    "Parks and Recreation": 0.02113569324264612,
    "List of Recurring Characters": 0.021732397555596403,
    "Mark Brendanawicz": 0.022165362072203182,
    "Canvassing": 0.03964467645730708,
    "Ron Swanson": 0.023574655698121227,
    "April Ludgate": 0.021118417260403168,
    "Andy Dwyer": 0.014682175893288083,
    "The Reporter": 0.034827473236935615,
    "Reporter": 0.002531092491672579,
    "Greg Daniels": 0.0022123755751339955,
    "Andy": 0.0046425694261873,
    "Leslie": 0.012298387091505906,
    "Ann": 0.007213010458632771,
    "Michael Schur": 0.0022123755751339955,
    "Boys' Club": 0.05104510912656994,
    "The Banquet": 0.04142057224852306,
    "Rock Show": 0.04076948108629536,
    "Season 2": 0.0,
    "Marlene Griggs-Knope": 0.020465614895163905,
    "Shauna Malwae-Tweep": 0.0229221760119739,
    "Pawnee Journal": 0.020143186470084895,
    "Scarecrow Boat": 0.01352959661778844,
    "Jerry Gergich": 0.002308374612463281,
    "Donna Meagle": 0.002308374612463281,
    "Dave Sanderson": 0.0,
    "Wendy Haverford": 0.006607447021780535,
    "Derek": 0.0025068263001275255,
    "Ben (April's friend)": 0.0032962281730055287,
    "Lawrence": 0.015738458376038714,
    "Bill Dexhart": 0.0,
    "Dr. Harris": 0.008887027191601142,
    "Joan Callamezzo": 0.013127215565328459,
    "Pawnee Today": 0.000862310630640898,
    "Pawnee": 0.003837926287361624,
    "History of Pawnee": 0.00046907358103112114,
    "Department of Parks and Recreation": 0.026089831072380124,
    "Pawnee City Hall": 0.013168982351278278,
    "Pilot (Parks and Recreation)": 0.001380499183275371,
    "Donna": 0.00012775833324271823,
    "Jerry": 3.917374279061849e-33,
    "Marlene Knope": 6.70134391883011e-06,
    "Bluebell Cafe": 0.012298387091505906,
    "Ron's Woodshop": 0.024335896384774194,
    "Pawnee Summer Kick-Off": 0.0233493238375003,
    "Doubletime Sound Studio": 0.022364158567669164,
    "Pawnee Central High School": 0.017721589141481867,
    "Kevin": 0.01613631337886753,
    "Norton Construction": 0.015081802191212612,
    "Bill Haggerty": 0.019647409747044837,
    "North Pawnee Recreation Center": 0.013087096083176772,
    "Artie": 0.016871214857735833,
    "WVYS Action 8 News": 0.003837926287361624,
    "Mezze": 0.007340768791875488,
    "Jamm Orthodontia": 0.003837926287361624,
    "Nathaniel Bixby Mark": 0.003837926287361624,
    "Sweetums Stadium": 0.013413926002361087,
    "Leslie and Ben's House": 0.019511397550138677,
    "Police Station": 0.003837926287361624,
    "Chez Chez La Rue": 0.01723181738031807,
    "Gregory": 0.003837926287361624,
    "Roz Degrandis": 0.01613631337886753,
    "Ron": 0.003511096368177309,
    "Tom": 0.004933430288812164,
    "April": 0.0025068263001275255,
    "Mark": 0.006941137162476643,
    "Joan": 0.00039323704960977674,
    "Moving Up (Part 1)": 1.8679496188458677e-39,
    "Terry": 3.917374279061849e-33,
    "The Reporter/Trivia": 0.009568477028340202,
    "Boys' Club/Trivia": 0.006941137162476643,
    "Rock Show/Trivia": 0.00038504741689387897,
    "Pawnee Zoo/Trivia": 0.0002325119577620808,
    "Moving Up (Parts 1 & 2)": 0.0,
    "Donnie Rotger": 0.0002325119577620808,
    "Wendy": 0.0006961897144834738,
    "Parks and Recreation Department": 1.8679496188458677e-39
  },
  "hitsAuths": {
    "Parks and Recreation Wiki": 0.0,
    "Main Page": 2.1729792310373115e-38,
    "Amy Poehler": 0.009716356774082812,
    "Leslie Knope": 0.1430667050946026,