{
  "numNodes": 99,
  "numEdges": 214,
  "selfLinks": 1,
  "numStrongComponents": 71,
  "numWeakComponents": 2,
  "sizeLargestStrong": 22,
  "sizeLargestWeak": 97,
  "radius": 4,
  "diameter": 8,
  "averageInDegree": 2.1616161616161618,
  "averageOutDegree": 2.1616161616161618,
  "maxOutDegree": 36,
  "maxInDegree": 35,
  "pageRank": {
    "Arrowverse Wiki": 0.0010914296952413453,
    "Oliver Queen": 0.12886455865970808,
    "Moira Queen": 0.09034815224705975,
    "Robert Queen": 0.08460198963744921,
    "Thea Queen": 0.08986569314533624,
    "Stephen Amell": 0.026587333608611714,
    "Susanna Thompson": 0.017417868846460426,
    "Jamey Sheridan": 0.016383593815657082,
    "Willa Holland": 0.01733102620957564,
    "Arrow": 0.061022700515438295,
    "Katie Cassidy": 0.011012864227896631,
    "Colin Donnell": 0.008282207214180068,
    "David Ramsey": 0.010510924307307287,
    "Paul Blackthorne": 0.013695102217694535,
    "Colin Salmon": 0.016227277064157667,
    "Darren Shahlavi": 0.0036058908819996747,
    "Jacqueline MacInnes Wood": 0.0014020673777331127,
    "Laurel Lance": 0.03284925210215596,
    "Sara Lance": 0.0010914296952413453,
    "Quentin Lance": 0.04178589860297129,
    "Tommy Merlyn": 0.015835232559259036,
    "Star City": 0.0010914296952413453,
    "John Diggle": 0.020787969372577094,
    "Walter Steele": 0.08373356326860135,
    "Green Arrow (character)": 0.0010914296952413453,
    "Constantine Drakon": 0.0027518614503809313,
    "Roger Cross": 0.011250615074821793,
    "Kathleen Gati": 0.004134223512507172,
    "Raisa": 0.0067033048341409865,
    "Queen Mansion": 0.004134223512507172,
    "Blake Neely": 0.0011187154376223788,
    "Lucas Hilton": 0.02250739350058708,
    "Adam Hunt": 0.0035723788770154422,
    "Greg Berlanti": 0.01144871001324908,
    "Marc Guggenheim": 0.011477771750696334,
    "Andrew Kreisberg": 0.011477771750696334,
    "Annie Ilonzeh": 0.001585301632338054,
    "Joanna de la Vega": 0.002073716420958556,
    "Brian Markinson": 0.0027262864720816243,
    "Pilot (Arrow)": 0.0010914296952413453,
    "David Nutter": 0.011477771750696334,
    "Melissa Kellner Berman": 0.0011187154376223788,
    "Simon Chin": 0.0010914296952413453,
    "Jon Wallace": 0.0010914296952413453,
    "Glen Winter": 0.0010914296952413453,
    "Paul Karasick": 0.0010914296952413453,
    "David Rapaport": 0.0010914296952413453,
    "Tish Monaghan": 0.0010914296952413453,
    "Adrien Van Viersen": 0.0010914296952413453,
    "Shivas Thilak Anthikkat": 0.0010914296952413453,
    "Curtis Braconnier": 0.0010914296952413453,
    "Isabel Bloor": 0.0010914296952413453,
    "Tom Trafalski": 0.0010914296952413453,
    "Colin House": 0.0010914296952413453,
    "Noel Johansen": 0.0010914296952413453,
    "James Bamford": 0.002073716420958556,
    "Hiro Kanagawa": 0.001609858800480984,
    "Neil Lamb": 0.0010914296952413453,
    "Jack Hardy": 0.0010914296952413453,
    "Dave Abuel": 0.002073716420958556,
    "Eric Mattson": 0.0010914296952413453,
    "J.J. Makaro": 0.003056003146675767,
    "Andrew Chin": 0.0010914296952413453,
    "Colin Decker": 0.0010914296952413453,
    "Simon Burnett": 0.0010914296952413453,
    "Jon Kralt": 0.0010914296952413453,
    "Shamus Whiting-Hewlett": 0.0010914296952413453,
    "A. J. Gillespie": 0.0010914296952413453,
    "George Manno": 0.0010914296952413453,
    "Peter Rotter": 0.0010914296952413453,
    "Ryan Doucette": 0.0010914296952413453,
    "Season 1 (Arrow)": 0.0010914296952413453,
    "Queen's Gambit": 0.002073716420958556,
    "Guy Bee": 0.002073716420958556,
    "Dave Isaac Santos Abuel": 0.0010914296952413453,
    "City Necessary Resources Initiative": 0.002540302615674231,
    "CNRI": 0.0010914296952413453,
    "Honor Thy Father": 0.0011564956963038102,
    "Queen's Game": 0.0010914296952413453,
    "Tommy": 0.0010914296952413453,
    "Thea": 0.0010914296952413453,
    "Guy Norman Bee": 0.0010914296952413453,
    "Detective Hilton": 0.023786772899487094,
    "Ollie": 0.0010914296952413453,
    "Diggle": 0.0010914296952413453,
    "Dig": 0.0010914296952413453,
    "John": 0.0010914296952413453,
    "Quentin": 0.0010914296952413453,
    "Detective Lance": 0.0010914296952413453,
    "Moira": 0.0010914296952413453,
    "Walter": 0.0010914296952413453,
    "Ollie Queen": 0.0010914296952413453,
    "The Hood": 0.0010914296952413453,
    "Digg": 0.0010914296952413453,
    "Bam-Bam": 0.0010914296952413453,
    "J. J. Makaro": 0.0010914296952413453,
    "JJ Makaro": 0.0010914296952413453,
    "The Arrow": 0.0010914296952413453,
    "Joanna De La Vega": 0.0010914296952413453
  },
  "hitsHubs": {
    "Arrowverse Wiki": 0.04120249012582259,
    "Oliver Queen": 0.033350006531825224,
    "Moira Queen": 0.026097934058781278,
    "Robert Queen": 0.02748754106938717,
    "Thea Queen": 0.02620743895962153,
    "Stephen Amell": 0.007441631628405377,
    "Susanna Thompson": 0.006040489622658103,
    "Jamey Sheridan": 0.004669399500822646,
    "Willa Holland": 0.005932443904198204,
    "Arrow": 0.04977697004925042,
    "Katie Cassidy": 0.004975687557752265,
    "Colin Donnell": 0.004365979086658602,
    "David Ramsey": 0.004552971243430877,
    "Paul Blackthorne": 0.004429493002823365,
    "Colin Salmon": 0.004669399500822646,
    "Darren Shahlavi": 0.009417536487593374,
    "Jacqueline MacInnes Wood": 0.0,
    "Laurel Lance": 0.015109763819406813,
    "Sara Lance": 0.020152649186772467,
    "Quentin Lance": 0.009940358017102666,
    "Tommy Merlyn": 0.010620449490589963,
    "Star City": 0.007441631628405377,
    "John Diggle": 0.010620449490589963,
    "Walter Steele": 0.02748754106938717,
    "Green Arrow (character)": 0.007441631628405377,
    "Constantine Drakon": 0.0014176487394572384,
    "Roger Cross": 0.0017949149997135276,
    "Kathleen Gati": 0.0017852797378921446,
    "Raisa": 0.0033668058281942762,
    "Queen Mansion": 0.009226911366297521,
    "Blake Neely": 0.0,
    "Lucas Hilton": 0.0061499824977811375,
    "Adam Hunt": 0.009660555917100425,
    "Greg Berlanti": 0.010224780903368992,
    "Marc Guggenheim": 0.008807132163911754,
    "Andrew Kreisberg": 0.008807132163911754,
    "Annie Ilonzeh": 0.0,
    "Joanna de la Vega": 0.014443381670255462,
    "Brian Markinson": 0.0016606681689642876,
    "Pilot (Arrow)": 0.12296481080171624,
    "David Nutter": 0.008807132163911754,
    "Melissa Kellner Berman": 0.007893287082719158,
    "Simon Chin": 0.007893287082719158,
    "Jon Wallace": 0.007893287082719158,
    "Glen Winter": 0.007893287082719158,
    "Paul Karasick": 0.007893287082719158,
    "David Rapaport": 0.007893287082719158,
    "Tish Monaghan": 0.007893287082719158,
    "Adrien Van Viersen": 0.007893287082719158,
    "Shivas Thilak Anthikkat": 0.007893287082719158,
    "Curtis Braconnier": 0.007893287082719158,
    "Isabel Bloor": 0.007893287082719158,
    "Tom Trafalski": 0.007893287082719158,
    "Colin House": 0.007893287082719158,
    "Noel Johansen": 0.007893287082719158,
    "James Bamford": 0.0,
    "Hiro Kanagawa": 0.0,
    "Neil Lamb": 0.007782735999045408,
    "Jack Hardy": 0.007893287082719158,
    "Dave Abuel": 0.007893287082719158,
    "Eric Mattson": 0.007893287082719158,
    "J.J. Makaro": 0.007893287082719158,
    "Andrew Chin": 0.007893287082719158,
    "Colin Decker": 0.007893287082719158,
    "Simon Burnett": 0.007893287082719158,
    "Jon Kralt": 0.007893287082719158,
    "Shamus Whiting-Hewlett": 0.007893287082719158,
    "A. J. Gillespie": 0.007893287082719158,
    "George Manno": 0.007893287082719158,
    "Peter Rotter": 0.007893287082719158,
    "Ryan Doucette": 0.007893287082719158,
    "Season 1 (Arrow)": 0.10497034403078884,
    "Queen's Gambit": 0.004669399500822646,
    "Guy Bee": 0.007893287082719158,
    "Dave Isaac Santos Abuel": 2.8609378961414656e-45,
    "City Necessary Resources Initiative": 0.004975687557752265,
    "CNRI": 0.00019506120513495867,
    "Honor Thy Father": 0.0,
    "Queen's Game": 2.8609378961414656e-45,
    "Tommy": 0.004365979086658602,