{
  "numNodes": 98,
  "numEdges": 208,
  "selfLinks": 1,
  "numStrongComponents": 70,
  "numWeakComponents": 2,
  "sizeLargestStrong": 22,
  "sizeLargestWeak": 96,
  "radius": 4,
  "diameter": 8,
  "averageInDegree": 2.122448979591837,
  "averageOutDegree": 2.122448979591837,
  "maxOutDegree": 35,
  "maxInDegree": 35,
  "pageRank": {
    "Arrowverse Wiki": 0.0010920275824326767,
    "Oliver Queen": 0.12934593082367302,
    "Moira Queen": 0.09037607271374061,
    "Robert Queen": 0.08473683758349647,
    "Thea Queen": 0.08989334931996894,
    "Stephen Amell": 0.027021760734594325,
    "Susanna Thompson": 0.017425825794669114,
    "Jamey Sheridan": 0.016410797924478568,
    "Willa Holland": 0.017338935585252097,
    "Arrow": 0.06133958339192012,
    "Katie Cassidy": 0.010973728019457262,
    "Colin Donnell": 0.00820758080990093,
    "David Ramsey": 0.010437518480826614,
    "Paul Blackthorne": 0.013697137741559439,
    "Colin Salmon": 0.016254395542290606,
    "Darren Shahlavi": 0.0036126945393338216,
    "Jacqueline MacInnes Wood": 0.0014051274907101597,
    "Laurel Lance": 0.03270906076547899,
    "Sara Lance": 0.0010920275824326767,
    "Quentin Lance": 0.04178296536977377,
    "Tommy Merlyn": 0.01566289601050476,
    "Star City": 0.0010920275824326767,
    "John Diggle": 0.02061834618945061,
    "Walter Steele": 0.08386793548932632,
    "Green Arrow (character)": 0.0010920275824326767,
    "Constantine Drakon": 0.002757053673897169,
    "Roger Cross": 0.011253488057571046,
    "Kathleen Gati": 0.004139349078042863,
    "Raisa": 0.006711665257341644,
    "Queen Mansion": 0.004139349078042863,
    "Blake Neely": 0.0011201082916952312,
    "Lucas Hilton": 0.02251074213826657,
    "Adam Hunt": 0.003576826632587928,
    "Greg Berlanti": 0.011473249791343223,
    "Marc Guggenheim": 0.011503490555164435,
    "Andrew Kreisberg": 0.011503490555164435,
    "Annie Ilonzeh": 0.0015869500831852004,
    "Joanna de la Vega": 0.0020748524066220857,
    "Brian Markinson": 0.0027296807678024214,
    "Pilot (Arrow)": 0.0010920275824326767,
    "David Nutter": 0.011503490555164435,
    "Melissa Kellner Berman": 0.0011201082916952312,
    "Simon Chin": 0.0010920275824326767,
    "Jon Wallace": 0.0010920275824326767,
    "Glen Winter": 0.0010920275824326767,
    "Paul Karasick": 0.0010920275824326767,
    "David Rapaport": 0.0010920275824326767,
    "Tish Monaghan": 0.0010920275824326767,
    "Adrien Van Viersen": 0.0010920275824326767,
    "Shivas Thilak Anthikkat": 0.0010920275824326767,
    "Curtis Braconnier": 0.0010920275824326767,
    "Isabel Bloor": 0.0010920275824326767,
    "Tom Trafalski": 0.0010920275824326767,
    "Colin House": 0.0010920275824326767,
    "Noel Johansen": 0.0010920275824326767,
    "James Bamford": 0.0020748524066220857,
    "Hiro Kanagawa": 0.0016115207037899356,
    "Neil Lamb": 0.0010920275824326767,
    "Jack Hardy": 0.0010920275824326767,
    "Dave Abuel": 0.0020748524066220857,
    "Eric Mattson": 0.0010920275824326767,
    "J.J. Makaro": 0.003057677230811495,
    "Andrew Chin": 0.0010920275824326767,
    "Colin Decker": 0.0010920275824326767,
    "Simon Burnett": 0.0010920275824326767,
    "Jon Kralt": 0.0010920275824326767,
    "Shamus Whiting-Hewlett": 0.0010920275824326767,
    "A. J. Gillespie": 0.0010920275824326767,
    "George Manno": 0.0010920275824326767,
    "Peter Rotter": 0.0010920275824326767,
    "Ryan Doucette": 0.0010920275824326767,
    "Season 1 (Arrow)": 0.0010920275824326767,
    "Queen's Gambit": 0.0020748524066220857,
    "Guy Bee": 0.0020748524066220857,
    "Dave Isaac Santos Abuel": 0.0010920275824326767,
    "City Necessary Resources Initiative": 0.002541694198112055,
    "CNRI": 0.0010920275824326767,
    "Queen's Game": 0.0010920275824326767,
    "Tommy": 0.0010920275824326767,
    "Thea": 0.0010920275824326767,
    "Guy Norman Bee": 0.0010920275824326767,
    "Detective Hilton": 0.023789860837873197,
    "Ollie": 0.0010920275824326767,
    "Diggle": 0.0010920275824326767,
    "Dig": 0.0010920275824326767,
    "John": 0.0010920275824326767,
    "Quentin": 0.0010920275824326767,
    "Detective Lance": 0.0010920275824326767,
    "Moira": 0.0010920275824326767,
    "Walter": 0.0010920275824326767,
    "Ollie Queen": 0.0010920275824326767,
    "The Hood": 0.0010920275824326767,
    "Digg": 0.0010920275824326767,
    "Bam-Bam": 0.0010920275824326767,
    "J. J. Makaro": 0.0010920275824326767,
    "JJ Makaro": 0.0010920275824326767,
    "The Arrow": 0.0010920275824326767,
    "Joanna De La Vega": 0.0010920275824326767
  },
  "hitsHubs": {
    "Arrowverse Wiki": 0.020544655737697023,
    "Oliver Queen": 0.0344430160613434,
    "Moira Queen": 0.02698498002967671,
    "Robert Queen": 0.027838610861853113,
    "Thea Queen": 0.027099265675111922,
    "Stephen Amell": 0.007661055752100057,
    "Susanna Thompson": 0.005838853608042384,
    "Jamey Sheridan": 0.004997195769488547,
    "Willa Holland": 0.00572617092872696,
    "Arrow": 0.04977597796976971,
    "Katie Cassidy": 0.004686440233320416,
    "Colin Donnell": 0.004036252119011029,
    "David Ramsey": 0.00421889799626448,
    "Paul Blackthorne": 0.004724707346707414,
    "Colin Salmon": 0.004997195769488547,
    "Darren Shahlavi": 0.009804262001329965,
    "Jacqueline MacInnes Wood": 0.0,
    "Laurel Lance": 0.0158327035018516,
    "Sara Lance": 0.02058581063522142,
    "Quentin Lance": 0.009965140841916038,
    "Tommy Merlyn": 0.011040784886726452,
    "Star City": 0.007661055752100057,
    "John Diggle": 0.011040784886726452,
    "Walter Steele": 0.027838610861853113,
    "Green Arrow (character)": 0.007661055752100057,
    "Constantine Drakon": 0.0014984474533394011,
    "Roger Cross": 0.0019140584164599752,
    "Kathleen Gati": 0.0019084300300801474,
    "Raisa": 0.0035957501479696795,
    "Queen Mansion": 0.009569485782180205,
    "Blake Neely": 0.0,
    "Lucas Hilton": 0.006564218038534643,
    "Adam Hunt": 0.010078113971400059,
    "Greg Berlanti": 0.010927991906948865,
    "Marc Guggenheim": 0.009429544453609466,
    "Andrew Kreisberg": 0.009429544453609466,
    "Annie Ilonzeh": 0.0,
    "Joanna de la Vega": 0.014504716479159921,
    "Brian Markinson": 0.0017722994234094943,
    "Pilot (Arrow)": 0.12458619368998153,
    "David Nutter": 0.009429544453609466,
    "Melissa Kellner Berman": 0.00818931750847212,
    "Simon Chin": 0.00818931750847212,
    "Jon Wallace": 0.00818931750847212,
    "Glen Winter": 0.00818931750847212,
    "Paul Karasick": 0.00818931750847212,
    "David Rapaport": 0.00818931750847212,
    "Tish Monaghan": 0.00818931750847212,
    "Adrien Van Viersen": 0.00818931750847212,
    "Shivas Thilak Anthikkat": 0.00818931750847212,
    "Curtis Braconnier": 0.00818931750847212,
    "Isabel Bloor": 0.00818931750847212,
    "Tom Trafalski": 0.00818931750847212,
    "Colin House": 0.00818931750847212,
    "Noel Johansen": 0.00818931750847212,
    "James Bamford": 0.0,
    "Hiro Kanagawa": 0.0,
    "Neil Lamb": 0.0076942135743222565,
    "Jack Hardy": 0.00818931750847212,
    "Dave Abuel": 0.00818931750847212,
    "Eric Mattson": 0.00818931750847212,
    "J.J. Makaro": 0.00818931750847212,
    "Andrew Chin": 0.00818931750847212,
    "Colin Decker": 0.00818931750847212,
    "Simon Burnett": 0.00818931750847212,
    "Jon Kralt": 0.00818931750847212,
    "Shamus Whiting-Hewlett": 0.00818931750847212,
    "A. J. Gillespie": 0.00818931750847212,
    "George Manno": 0.00818931750847212,
    "Peter Rotter": 0.00818931750847212,
    "Ryan Doucette": 0.00818931750847212,
    "Season 1 (Arrow)": 0.10533539772227432,
    "Queen's Gambit": 0.004997195769488547,
    "Guy Bee": 0.00818931750847212,
    "Dave Isaac Santos Abuel": 1.814677116560812e-48,
    "City Necessary Resources Initiative": 0.004686440233320416,
    "CNRI": 0.00020633667251309767,
    "Queen's Game": 1.814677116560812e-48,
    "Tommy": 0.004036252119011029,
    "Thea": 0.00572617092872696,
    "Guy Norman Bee": 1.814677116560812e-48,
    "Detective Hilton": 1.814677116560812e-48,