{
  "numNodes": 96,
  "numEdges": 179,
  "selfLinks": 0,
  "numStrongComponents": 71,
  "numWeakComponents": 1,
  "sizeLargestStrong": 11,
  "sizeLargestWeak": 96,
  "radius": 2,
  "diameter": 3,
  "averageInDegree": 1.8645833333333333,
  "averageOutDegree": 1.8645833333333333,
  "maxOutDegree": 35,
  "maxInDegree": 44,
  "pageRank": {
    "Arrowverse Wiki": 0.001089489924163719,
    "Oliver Queen": 0.18297540827328096,
    "Moira Queen": 0.10268892445579936,
    "Robert Queen": 0.10124411961193695,
    "Thea Queen": 0.10220732284117855,
    "Stephen Amell": 0.06138974644934552,
    "Susanna Thompson": 0.019600303431420833,
    "Jamey Sheridan": 0.0193402385243275,
    "Willa Holland": 0.01951361512905639,
    "Arrow": 0.07294684768924856,
    "Katie Cassidy": 0.0042376313986726005,
    "Colin Donnell": 0.0023930403085765167,
    "David Ramsey": 0.005689816144765109,
    "Paul Blackthorne": 0.005322857356542274,
    "Colin Salmon": 0.01951361512905639,
    "Darren Shahlavi": 0.001980890773192655,
    "Jacqueline MacInnes Wood": 0.001444352356605616,
    "Laurel Lance": 0.010396572634113263,
    "Sara Lance": 0.001089489924163719,
    "Quentin Lance": 0.01401142808639818,
    "Tommy Merlyn": 0.004251782513396999,
    "Star City": 0.0050583266366094086,
    "John Diggle": 0.010160392599463865,
    "Walter Steele": 0.10220732284117855,
    "Green Arrow (character)": 0.001089489924163719,
    "Constantine Drakon": 0.001980890773192655,
    "Roger Cross": 0.0038108071625821732,
    "Kathleen Gati": 0.004134813400078668,
    "Raisa": 0.006695632310741849,
    "Queen Mansion": 0.004134813400078668,
    "Blake Neely": 0.0011175053793565004,
    "Lucas Hilton": 0.008972333374927439,
    "Adam Hunt": 0.003568531777230551,
    "Greg Berlanti": 0.0034386133350505716,
    "Marc Guggenheim": 0.0034386133350505716,
    "Andrew Kreisberg": 0.0034386133350505716,
    "Annie Ilonzeh": 0.00204901926451648,
    "Joanna de la Vega": 0.002070030855911066,
    "Brian Markinson": 0.0027233602034419362,
    "Pilot (Arrow)": 0.001089489924163719,
    "Colleen Atwood": 0.001089489924163719,
    "David Nutter": 0.0034386133350505716,
    "Melissa Kellner Berman": 0.0011175053793565004,
    "Simon Chin": 0.001089489924163719,
    "Hugo Steele": 0.001089489924163719,
    "Jon Wallace": 0.001089489924163719,
    "Glen Winter": 0.001089489924163719,
    "Paul Karasick": 0.001089489924163719,
    "David Rapaport": 0.001089489924163719,
    "Tish Monaghan": 0.001089489924163719,
    "Adrien Van Viersen": 0.001089489924163719,
    "Shivas Thilak Anthikkat": 0.001089489924163719,
    "Curtis Braconnier": 0.001089489924163719,
    "Isabel Bloor": 0.001089489924163719,
    "Tom Trafalski": 0.001089489924163719,
    "Colin House": 0.001089489924163719,
    "Kelli Turner": 0.001089489924163719,
    "Noel Johansen": 0.001089489924163719,
    "Darryl Scheelar": 0.001089489924163719,
    "James Bamford": 0.002070030855911066,
    "Hiro Kanagawa": 0.001607775845230174,
    "Neil Lamb": 0.001089489924163719,
    "Chris Rudolph": 0.001089489924163719,
    "Jack Hardy": 0.001089489924163719,
    "Dave Abuel": 0.002070030855911066,
    "Eric Mattson": 0.001089489924163719,
    "J.J. Makaro": 0.003050571787658413,
    "Andrew Chin": 0.001089489924163719,
    "Colin Decker": 0.001089489924163719,
    "Simon Burnett": 0.001089489924163719,
    "Jon Kralt": 0.001089489924163719,
    "Shamus Whiting-Hewlett": 0.001089489924163719,
    "A. J. Gillespie": 0.001089489924163719,
    "George Manno": 0.001089489924163719,
    "Peter Rotter": 0.001089489924163719,
    "Ryan Doucette": 0.001089489924163719,
    "Dave Isaac Santos Abuel": 0.001089489924163719,
    "Tommy": 0.001089489924163719,
    "Thea": 0.001089489924163719,
    "Detective Hilton": 0.00875437286882938,
    "Ollie": 0.001089489924163719,
    "Diggle": 0.001089489924163719,
    "Dig": 0.001089489924163719,
    "John": 0.001089489924163719,
    "Quentin": 0.001089489924163719,
    "Detective Lance": 0.001089489924163719,
    "Moira": 0.001089489924163719,
    "Walter": 0.001089489924163719,
    "Ollie Queen": 0.001089489924163719,
    "The Hood": 0.001089489924163719,
    "Digg": 0.001089489924163719,
    "Bam-Bam": 0.001089489924163719,
    "J. J. Makaro": 0.001089489924163719,
    "JJ Makaro": 0.001089489924163719,
    "The Arrow": 0.001089489924163719,
    "Joanna De La Vega": 0.001089489924163719
  },
  "hitsHubs": {
    "Arrowverse Wiki": 0.014827218614184545,
    "Oliver Queen": 0.03105437503977147,
    "Moira Queen": 0.01650664883080118,
    "Robert Queen": 0.016684778339683914,
    "Thea Queen": 0.01661656130334689,
    "Stephen Amell": 0.00421186768811422,
    "Susanna Thompson": 0.003532951309068399,
    "Jamey Sheridan": 0.003358170719790151,
    "Willa Holland": 0.00342510524335441,
    "Arrow": 0.006697691598133775,
    "Katie Cassidy": 0.0021200613824089273,
    "Colin Donnell": 0.0018454580573300933,
    "David Ramsey": 0.001960344089189943,
    "Paul Blackthorne": 0.0022607756499694685,
    "Colin Salmon": 0.00342510524335441,
    "Darren Shahlavi": 0.015111318601419952,
    "Jacqueline MacInnes Wood": 0.0,
    "Laurel Lance": 0.008406761535336059,
    "Sara Lance": 0.006274874742586845,
    "Quentin Lance": 0.005931388770003982,
    "Tommy Merlyn": 0.006306230895285171,
    "Star City": 0.00421186768811422,
    "John Diggle": 0.006102667826253589,
    "Walter Steele": 0.01661656130334689,
    "Green Arrow (character)": 0.00421186768811422,
    "Constantine Drakon": 0.015111318601419952,
    "Roger Cross": 0.0019237473772618322,
    "Kathleen Gati": 0.0019277369402219743,
    "Raisa": 0.0036909161146601852,
    "Queen Mansion": 0.006139604628336194,
    "Blake Neely": 0.014827218614184545,
    "Lucas Hilton": 0.004317754554901818,
    "Adam Hunt": 0.016921416378207717,
    "Greg Berlanti": 0.02426038016303389,
    "Marc Guggenheim": 0.02426038016303389,
    "Andrew Kreisberg": 0.02426038016303389,
    "Annie Ilonzeh": 0.0,
    "Joanna de la Vega": 0.003970781033504373,
    "Brian Markinson": 0.0018100977767877653,
    "Pilot (Arrow)": 0.09446925970943451,
    "Colleen Atwood": 0.014827218614184545,
    "David Nutter": 0.02426038016303389,
    "Melissa Kellner Berman": 0.014827218614184545,
    "Simon Chin": 0.014827218614184545,
    "Hugo Steele": 0.014827218614184545,
    "Jon Wallace": 0.014827218614184545,
    "Glen Winter": 0.014827218614184545,
    "Paul Karasick": 0.014827218614184545,
    "David Rapaport": 0.014827218614184545,
    "Tish Monaghan": 0.014827218614184545,
    "Adrien Van Viersen": 0.014827218614184545,
    "Shivas Thilak Anthikkat": 0.014827218614184545,
    "Curtis Braconnier": 0.014827218614184545,
    "Isabel Bloor": 0.014827218614184545,
    "Tom Trafalski": 0.014827218614184545,
    "Colin House": 0.014827218614184545,
    "Kelli Turner": 0.014827218614184545,
    "Noel Johansen": 0.014827218614184545,
    "Darryl Scheelar": 0.014827218614184545,
    "James Bamford": 0.014827218614184545,
    "Hiro Kanagawa": 0.0,
    "Neil Lamb": 0.005410742929628347,
    "Chris Rudolph": 0.014827218614184545,
    "Jack Hardy": 0.014827218614184545,
    "Dave Abuel": 0.014827218614184545,
    "Eric Mattson": 0.014827218614184545,
    "J.J. Makaro": 0.014827218614184545,
    "Andrew Chin": 0.014827218614184545,
    "Colin Decker": 0.014827218614184545,
    "Simon Burnett": 0.014827218614184545,
    "Jon Kralt": 0.014827218614184545,
    "Shamus Whiting-Hewlett": 0.014827218614184545,
    "A. J. Gillespie": 0.014827218614184545,
    "George Manno": 0.014827218614184545,
    "Peter Rotter": 0.014827218614184545,
    "Ryan Doucette": 0.014827218614184545,
    "Dave Isaac Santos Abuel": 6.0967630610660855e-87,
    "Tommy": 0.0018454580573300933,
    "Thea": 0.00342510524335441,
    "Detective Hilton": 6.0967630610660855e-87,
    "Ollie": 0.00421186768811422,
    "Diggle": 0.001960344089189943,
    "Dig": 0.001960344089189943,
    "John": 0.001960344089189943,
    "Quentin": 0.0022607756499694685,