{
  "numNodes": 55,
  "numEdges": 145,
  "selfLinks": 0,
  "numStrongComponents": 27,
  "numWeakComponents": 1,
  "sizeLargestStrong": 25,
  "sizeLargestWeak": 55,
  "radius": 4,
  "diameter": 7,
  "averageInDegree": 2.6363636363636362,
  "averageOutDegree": 2.6363636363636362,
  "maxOutDegree": 32,
  "maxInDegree": 17,
  "pageRank": {
    "Oliver Queen": 0.16147563822557912,
    "Moira Queen": 0.09976196830564478,
    "Robert Queen": 0.07960926266481752,
    "Thea Queen": 0.09976196830564478,
    "Stephen Amell": 0.02434857913322718,
    "Susanna Thompson": 0.02154395158673021,
    "Jamey Sheridan": 0.02149889068421404,
    "Willa Holland": 0.02154395158673021,
    "Arrow": 0.037018054527873885,
    "Katie Cassidy": 0.011452057664851268,
    "Colin Donnell": 0.0071088300896604735,
    "David Ramsey": 0.014042452177922727,
    "Paul Blackthorne": 0.013655054982754796,
    "Colin Salmon": 0.021993123050272886,
    "Darren Shahlavi": 0.008609545575214532,
    "Jacqueline MacInnes Wood": 0.004171567988979128,
    "Laurel Lance": 0.026211148137542314,
    "Sara Lance": 0.0019464221511448006,
    "Quentin Lance": 0.03355286525213322,
    "Tommy Merlyn": 0.011737341903117097,
    "Star City": 0.031950512529260705,
    "John Diggle": 0.0232330271093777,
    "Walter Steele": 0.0818058513437259,
    "Green Arrow (character)": 0.0019464221511448006,
    "Constantine Drakon": 0.011281474866442147,
    "Roger Cross": 0.007723129300285473,
    "Kathleen Gati": 0.004876797620101921,
    "Raisa": 0.006390292674951297,
    "Queen Mansion": 0.004876797620101921,
    "Blake Neely": 0.002001165265114268,
    "Lucas Hilton": 0.019068750927200097,
    "Adam Hunt": 0.006390292674951297,
    "Greg Berlanti": 0.005002914281227277,
    "Marc Guggenheim": 0.005002914281227277,
    "Andrew Kreisberg": 0.005002914281227277,
    "Annie Ilonzeh": 0.003665355794406262,
    "Joanna de la Vega": 0.0036982017981677454,
    "Brian Markinson": 0.004876797620101921,
    "Pilot (Arrow)": 0.0019464221511448006,
    "Tommy": 0.0019464221511448006,
    "Thea": 0.0019464221511448006,
    "Detective Hilton": 0.01902095944861271,
    "Ollie": 0.0019464221511448006,
    "Diggle": 0.0019464221511448006,
    "Dig": 0.0019464221511448006,
    "John": 0.0019464221511448006,
    "Quentin": 0.0019464221511448006,
    "Detective Lance": 0.0019464221511448006,
    "Moira": 0.0019464221511448006,
    "Walter": 0.0019464221511448006,
    "Ollie Queen": 0.0019464221511448006,
    "The Hood": 0.0019464221511448006,
    "Digg": 0.0019464221511448006,
    "The Arrow": 0.0019464221511448006,
    "Joanna De La Vega": 0.0019464221511448006
  },
  "hitsHubs": {
    "Oliver Queen": 0.05047170894746201,
    "Moira Queen": 0.04589409091797736,
    "Robert Queen": 0.03752782595391303,
    "Thea Queen": 0.04589409091797736,
    "Stephen Amell": 0.011879260181064312,
    "Susanna Thompson": 0.00945922383485733,
    "Jamey Sheridan": 0.008756944243088989,
    "Willa Holland": 0.00945922383485733,
    "Arrow": 0.1477783849070697,
    "Katie Cassidy": 0.00705959419095199,
    "Colin Donnell": 0.006284368013161201,
    "David Ramsey": 0.006654084127309895,
    "Paul Blackthorne": 0.007527768398665337,
    "Colin Salmon": 0.00891912951864062,
    "Darren Shahlavi": 0.002687199240256892,
    "Jacqueline MacInnes Wood": 0.0,
    "Laurel Lance": 0.025930018794922974,
    "Sara Lance": 0.02102271209240341,
    "Quentin Lance": 0.017223166406327546,
    "Tommy Merlyn": 0.019772808620255357,
    "Star City": 0.011879260181064312,
    "John Diggle": 0.01826536560410105,
    "Walter Steele": 0.03752782595391303,
    "Green Arrow (character)": 0.011879260181064312,
    "Constantine Drakon": 0.008221416493663354,
    "Roger Cross": 0.003796079667027159,
    "Kathleen Gati": 0.0034828939488620405,
    "Raisa": 0.007094799593483269,
    "Queen Mansion": 0.011879260181064312,
    "Blake Neely": 0.005435380403562886,
    "Lucas Hilton": 0.012654990155838274,
    "Adam Hunt": 0.0090171112022685,
    "Greg Berlanti": 0.013221249997238735,
    "Marc Guggenheim": 0.013221249997238735,
    "Andrew Kreisberg": 0.013221249997238735,
    "Annie Ilonzeh": 0.0,
    "Joanna de la Vega": 0.010670859661324595,
    "Brian Markinson": 0.0034828939488620405,
    "Pilot (Arrow)": 0.19153639045867762,
    "Tommy": 0.006284368013161201,
    "Thea": 0.00945922383485733,
    "Detective Hilton": 7.877743159789654e-30,
    "Ollie": 0.011879260181064312,
    "Diggle": 0.006654084127309895,
    "Dig": 0.006654084127309895,
    "John": 0.006654084127309895,
    "Quentin": 0.007527768398665337,
    "Detective Lance": 0.007527768398665337,
    "Moira": 0.00945922383485733,
    "Walter": 0.00891912951864062,
    "Ollie Queen": 0.011879260181064312,
    "The Hood": 0.011879260181064312,
    "Digg": 0.006654084127309895,
    "The Arrow": 0.011879260181064312,
    "Joanna De La Vega": 7.877743159789654e-30
  },
  "hitsAuths": {
    "Oliver Queen": 0.059848110137745075,
    "Moira Queen": 0.047655886078538955,
    "Robert Queen": 0.04411777800488644,
    "Thea Queen": 0.047655886078538955,
    "Stephen Amell": 0.035071191036432525,
    "Susanna Thompson": 0.0346593180722485,
    "Jamey Sheridan": 0.03390656011713953,
    "Willa Holland": 0.0346593180722485,
    "Arrow": 0.027383628279436186,
    "Katie Cassidy": 0.03286304288954021,
    "Colin Donnell": 0.032309045502001935,
    "David Ramsey": 0.032173412728040036,
    "Paul Blackthorne": 0.03207964044278413,
    "Colin Salmon": 0.03390656011713953,
    "Darren Shahlavi": 0.014036143011148902,
    "Jacqueline MacInnes Wood": 0.032421506048966604,
    "Laurel Lance": 0.03556647166810569,
    "Sara Lance": 0.0,
    "Quentin Lance": 0.037925148986373634,
    "Tommy Merlyn": 0.031660856254105266,
    "Star City": 0.007458915563398859,
    "John Diggle": 0.033523498403701474,
    "Walter Steele": 0.04493487284799854,
    "Green Arrow (character)": 0.0,
    "Constantine Drakon": 0.013538199655675064,
    "Roger Cross": 0.01837219914802558,
    "Kathleen Gati": 0.01787191883181622,
    "Raisa": 0.01754693621256352,
    "Queen Mansion": 0.01787191883181622,
    "Blake Neely": 0.017233561470893822,
    "Lucas Hilton": 3.9688333539110887e-29,
    "Adam Hunt": 0.01754693621256352,
    "Greg Berlanti": 0.019612735719990122,
    "Marc Guggenheim": 0.019612735719990122,
    "Andrew Kreisberg": 0.019612735719990122,
    "Annie Ilonzeh": 0.018193676231791373,
    "Joanna de la Vega": 3.9688333539110887e-29,
    "Brian Markinson": 0.018044879568037357,
    "Pilot (Arrow)": 0.0,
    "Tommy": 0.0,
    "Thea": 0.0,
    "Detective Hilton": 0.019124776336327486,
    "Ollie": 0.0,
    "Diggle": 0.0,
    "Dig": 0.0,
    "John": 0.0,
    "Quentin": 0.0,
    "Detective Lance": 0.0,
    "Moira": 0.0,
    "Walter": 0.0,
    "Ollie Queen": 0.0,
    "The Hood": 0.0,
    "Digg": 0.0,
    "The Arrow": 0.0,
    "Joanna De La Vega": 0.0
  },
  "averagePathLength": 1.4410774410774412
}