{
  "numNodes": 146,
  "numEdges": 292,
  "selfLinks": 1,
  "numStrongComponents": 102,
  "numWeakComponents": 5,
  "sizeLargestStrong": 33,
  "sizeLargestWeak": 133,
  "radius": 4,
  "diameter": 9,
  "averageInDegree": 2,
  "averageOutDegree": 2,
  "maxOutDegree": 38,
  "maxInDegree": 38,
  "pageRank": {
    "Arrowverse Wiki": 0.0008670967128597621,
    "Oliver Queen": 0.08530019970386143,
    "Moira Queen": 0.047520097282648215,
    "Robert Queen": 0.04357573135504793,
    "Thea Queen": 0.04713680190949436,
    "Stephen Amell": 0.013704480238022426,
    "Susanna Thompson": 0.009441498807588714,
    "Jamey Sheridan": 0.008768667480856219,
    "Willa Holland": 0.009372505438211574,
    "Arrow": 0.042866042205246466,
    "Katie Cassidy": 0.009590677214995302,
    "Colin Donnell": 0.006079769060573267,
    "David Ramsey": 0.007850415098053815,
    "Paul Blackthorne": 0.011127911002577512,
    "Colin Salmon": 0.008594833088026827,
    "Darren Shahlavi": 0.002953143802256643,
    "Jacqueline MacInnes Wood": 0.001119891898922607,
    "Laurel Lance": 0.029009534033526935,
    "Sara Lance": 0.0008670967128597621,
    "Quentin Lance": 0.034133345368272706,
    "Tommy Merlyn": 0.011537983241857223,
    "Star City": 0.002303395131543916,
    "John Diggle": 0.015472738156307576,
    "Walter Steele": 0.04281643935460609,
    "Green Arrow (character)": 0.0008670967128597621,
    "Constantine Drakon": 0.002253713841071579,
    "Roger Cross": 0.009389011909400261,
    "Kathleen Gati": 0.003340631192684532,
    "Raisa": 0.00541412970354893,
    "Queen Mansion": 0.003340631192684532,
    "Blake Neely": 0.000904258094176544,
    "Lucas Hilton": 0.0188543311868142,
    "Adam Hunt": 0.0028875644427004024,
    "Greg Berlanti": 0.03770424270660009,
    "Marc Guggenheim": 0.03838808309204609,
    "Andrew Kreisberg": 0.03770424270660009,
    "Annie Ilonzeh": 0.0020756681601552637,
    "Joanna de la Vega": 0.005206247731152909,
    "Brian Markinson": 0.0022036664643002553,
    "Pilot (Arrow)": 0.0008670967128597621,
    "David Nutter": 0.035060715223808894,
    "Melissa Kellner Berman": 0.000904258094176544,
    "Simon Chin": 0.0008670967128597621,
    "Jon Wallace": 0.0008670967128597621,
    "Glen Winter": 0.0008670967128597621,
    "Paul Karasick": 0.0008670967128597621,
    "David Rapaport": 0.0008670967128597621,
    "Tish Monaghan": 0.0008670967128597621,
    "Adrien Van Viersen": 0.0008670967128597621,
    "Shivas Thilak Anthikkat": 0.0008670967128597621,
    "Curtis Braconnier": 0.0008670967128597621,
    "Isabel Bloor": 0.0008670967128597621,
    "Tom Trafalski": 0.0008670967128597621,
    "Colin House": 0.0008670967128597621,
    "Noel Johansen": 0.0008670967128597621,
    "James Bamford": 0.0016474857205121805,
    "Hiro Kanagawa": 0.0012572912166859713,
    "Neil Lamb": 0.0008670967128597621,
    "Jack Hardy": 0.0008670967128597621,
    "Dave Abuel": 0.0016474857205121805,
    "Eric Mattson": 0.0008670967128597621,
    "J.J. Makaro": 0.002427874728164599,
    "Andrew Chin": 0.0008670967128597621,
    "Colin Decker": 0.0008670967128597621,
    "Simon Burnett": 0.0008670967128597621,
    "Jon Kralt": 0.0008670967128597621,
    "Shamus Whiting-Hewlett": 0.0008670967128597621,
    "A. J. Gillespie": 0.0008670967128597621,
    "George Manno": 0.0008670967128597621,
    "Peter Rotter": 0.0008670967128597621,
    "Ryan Doucette": 0.0008670967128597621,
    "Season 1 (Arrow)": 0.0008670967128597621,
    "Queen's Gambit": 0.0016474857205121805,
    "Guy Bee": 0.003466293389598364,
    "Dave Isaac Santos Abuel": 0.0008670967128597621,
    "City Necessary Resources Initiative": 0.0028188957864909003,
    "CNRI": 0.0008670967128597621,
    "Honor Thy Father": 0.014362673789680805,
    "The CW": 0.0016474857205121805,
    "CW": 0.0008670967128597621,
    "Sky1": 0.0008670967128597621,
    "Kelly Hu": 0.002693589635370125,
    "Chien Na Wei": 0.0008670967128597621,
    "Test Drive": 0.0008670967128597621,
    "Star City Plaza Hotel": 0.0008670967128597621,
    "Patel": 0.0008670967128597621,
    "Unidac Industries": 0.0012572912166859713,
    "Groves": 0.0017645444069541135,
    "Joanna": 0.0008670967128597621,
    "David Barrett": 0.0023239316843768746,
    "Floyd Lawton": 0.008299675070008566,
    "Deadshot": 0.0008670967128597621,
    "Michael Rowe": 0.010337274689382956,
    "Slade Wilson": 0.0031302268468161964,
    "Lone Gunmen": 0.02444762286666946,
    "An Innocent Man": 0.012973551366744638,
    "Salvage": 0.0008670967128597621,
    "Moira Kirland": 0.0008670967128597621,
    "Lana Cho": 0.004196941763717158,
    "Vince Misiano": 0.003806747259890949,
    "Billy Wintergreen": 0.0016474857205121805,
    "CTV Two": 0.0008670967128597621,
    "Byron Mann": 0.0016474857205121805,
    "Damaged": 0.004305546968168782,
    "Wendy Mericle": 0.016618188057163533,
    "Ben Sokolowski": 0.016618188057163533,
    "Michael Schultz": 0.0016626465918953724,
    "Emily Bett Rickards": 0.008889890415835416,
    "Felicity Smoak": 0.011648859660866408,
    "Jessica De Gouw": 0.019783916304746678,
    "Helena Bertinelli": 0.020964905044760014,
    "The Huntress": 0.0008670967128597621,
    "Huntress": 0.0008670967128597621,
    "Legacies": 0.0016626465918953724,
    "John Behring": 0.001365896421137595,
    "Laurel": 0.0008670967128597621,
    "Oliver": 0.0008670967128597621,
    "Slade": 0.0008670967128597621,
    "Queen's Game": 0.0008670967128597621,
    "Tommy": 0.0008670967128597621,
    "Thea": 0.0008670967128597621,
    "Guy Norman Bee": 0.002887940476217565,
    "Detective Hilton": 0.019985151643526367,
    "Emily Rickards": 0.0008670967128597621,
    "Helena": 0.0008670967128597621,
    "Ollie": 0.0008670967128597621,
    "Diggle": 0.0008670967128597621,
    "Dig": 0.0008670967128597621,
    "John": 0.0008670967128597621,
    "Quentin": 0.0008670967128597621,
    "Detective Lance": 0.0008670967128597621,
    "Moira": 0.0008670967128597621,
    "Byron Chan": 0.0008670967128597621,
    "Felicity": 0.0008670967128597621,
    "Walter": 0.0008670967128597621,
    "Ollie Queen": 0.0008670967128597621,
    "The Hood": 0.0008670967128597621,
    "Digg": 0.0008670967128597621,
    "Officer Groves": 0.0009971615474684986,
    "Bam-Bam": 0.0008670967128597621,
    "J. J. Makaro": 0.0008670967128597621,
    "JJ Makaro": 0.0008670967128597621,
    "The Arrow": 0.0008670967128597621,
    "Lone Gunman": 0.0008670967128597621,
    "Joanna De La Vega": 0.004821262238522317,
    "Bill Wintergreen": 0.0008670967128597621
  },
  "hitsHubs": {
    "Arrowverse Wiki": 0.03320146132255724,
    "Oliver Queen": 0.0347115297774955,
    "Moira Queen": 0.02021822308083378,
    "Robert Queen": 0.021414745217137845,
    "Thea Queen": 0.02028848202392477,
    "Stephen Amell": 0.007111840942321612,
    "Susanna Thompson": 0.004335719829354969,
    "Jamey Sheridan": 0.003807630897593903,
    "Willa Holland": 0.004266515493375552,
    "Arrow": 0.038660983414641914,
    "Katie Cassidy": 0.0037826329696728236,
    "Colin Donnell": 0.0027533841304160757,
    "David Ramsey": 0.00288743189229188,
    "Paul Blackthorne": 0.00276612958484668,
    "Colin Salmon": 0.0031367045509452297,
    "Darren Shahlavi": 0.010463519390945066,
    "Jacqueline MacInnes Wood": 0.0,
    "Laurel Lance": 0.011644812342171447,
    "Sara Lance": 0.0161454746181202,
    "Quentin Lance": 0.006675415968671302,
    "Tommy Merlyn": 0.008836529619218662,
    "Star City": 0.007111840942321612,
    "John Diggle": 0.008836529619218662,
    "Walter Steele": 0.021435510191820977,
    "Green Arrow (character)": 0.007111840942321612,
    "Constantine Drakon": 0.002276696743293154,
    "Roger Cross": 0.0012005332647014417,
    "Kathleen Gati": 0.0007806597126873889,
    "Raisa": 0.0013412100233888208,
    "Queen Mansion": 0.007892500655009,
    "Blake Neely": 0.0,
    "Lucas Hilton": 0.003468668363199641,
    "Adam Hunt": 0.00884720828789877,
    "Greg Berlanti": 0.009883882984925546,
    "Marc Guggenheim": 0.00971559351277924,