{
  "numNodes": 126,
  "numEdges": 260,
  "selfLinks": 1,
  "numStrongComponents": 88,
  "numWeakComponents": 3,
  "sizeLargestStrong": 29,
  "sizeLargestWeak": 120,
  "radius": 4,
  "diameter": 8,
  "averageInDegree": 2.0634920634920637,
  "averageOutDegree": 2.0634920634920637,
  "maxOutDegree": 34,
  "maxInDegree": 37,
  "pageRank": {
    "Arrowverse Wiki": 0.001014936495002332,
    "Oliver Queen": 0.0964744115736875,
    "Moira Queen": 0.054223247828061955,
    "Robert Queen": 0.04974187907925777,
    "Thea Queen": 0.05377459658991936,
    "Stephen Amell": 0.015569534962907867,
    "Susanna Thompson": 0.010802957961829226,
    "Jamey Sheridan": 0.010039781235443702,
    "Willa Holland": 0.010722199776868752,
    "Arrow": 0.04879410579923267,
    "Katie Cassidy": 0.010611374224246205,
    "Colin Donnell": 0.0070192555694379155,
    "David Ramsey": 0.009091867485696304,
    "Paul Blackthorne": 0.012613547294585224,
    "Colin Salmon": 0.009836303357605991,
    "Darren Shahlavi": 0.0034657508871206006,
    "Jacqueline MacInnes Wood": 0.0013136634998949734,
    "Laurel Lance": 0.031896329996660464,
    "Sara Lance": 0.001014936495002332,
    "Quentin Lance": 0.03856920448571499,
    "Tommy Merlyn": 0.013282823829377248,
    "Star City": 0.0026792378623510865,
    "John Diggle": 0.017888561422251658,
    "Walter Steele": 0.0488531122617535,
    "Green Arrow (character)": 0.001014936495002332,
    "Constantine Drakon": 0.0026449096284602946,
    "Roger Cross": 0.010728249111730936,
    "Kathleen Gati": 0.003910456045127674,
    "Raisa": 0.006337619075304733,
    "Queen Mansion": 0.003910456045127674,
    "Blake Neely": 0.00105843421734216,
    "Lucas Hilton": 0.02148612810398271,
    "Adam Hunt": 0.0033799571476559806,
    "Greg Berlanti": 0.040822077519320044,
    "Marc Guggenheim": 0.040822077519320044,
    "Andrew Kreisberg": 0.040822077519320044,
    "Annie Ilonzeh": 0.002429620726344048,
    "Joanna de la Vega": 0.006094071406519988,
    "Brian Markinson": 0.0025794356136648756,
    "Pilot (Arrow)": 0.001014936495002332,
    "David Nutter": 0.037811912938252826,
    "Melissa Kellner Berman": 0.00105843421734216,
    "Simon Chin": 0.001014936495002332,
    "Jon Wallace": 0.001014936495002332,
    "Glen Winter": 0.001014936495002332,
    "Paul Karasick": 0.001014936495002332,
    "David Rapaport": 0.001014936495002332,
    "Tish Monaghan": 0.001014936495002332,
    "Adrien Van Viersen": 0.001014936495002332,
    "Shivas Thilak Anthikkat": 0.001014936495002332,
    "Curtis Braconnier": 0.001014936495002332,
    "Isabel Bloor": 0.001014936495002332,
    "Tom Trafalski": 0.001014936495002332,
    "Colin House": 0.001014936495002332,
    "Noel Johansen": 0.001014936495002332,
    "James Bamford": 0.0019283886641387167,
    "Hiro Kanagawa": 0.0014716625795705243,
    "Neil Lamb": 0.001014936495002332,
    "Jack Hardy": 0.001014936495002332,
    "Dave Abuel": 0.0019283886641387167,
    "Eric Mattson": 0.001014936495002332,
    "J.J. Makaro": 0.0028418408332751017,
    "Andrew Chin": 0.001014936495002332,
    "Colin Decker": 0.001014936495002332,
    "Simon Burnett": 0.001014936495002332,
    "Jon Kralt": 0.001014936495002332,
    "Shamus Whiting-Hewlett": 0.001014936495002332,
    "A. J. Gillespie": 0.001014936495002332,
    "George Manno": 0.001014936495002332,
    "Peter Rotter": 0.001014936495002332,
    "Ryan Doucette": 0.001014936495002332,
    "Season 1 (Arrow)": 0.001014936495002332,
    "Queen's Gambit": 0.0019283886641387167,
    "Guy Bee": 0.0040010277259901845,
    "Dave Isaac Santos Abuel": 0.001014936495002332,
    "City Necessary Resources Initiative": 0.003299575173140605,
    "CNRI": 0.001014936495002332,
    "Honor Thy Father": 0.01637313550492288,
    "The CW": 0.0019283886641387167,
    "CW": 0.001014936495002332,
    "Sky1": 0.001014936495002332,
    "Kelly Hu": 0.0031090977066505618,
    "Chien Na Wei": 0.001014936495002332,
    "Test Drive": 0.001014936495002332,
    "Star City Plaza Hotel": 0.001014936495002332,
    "Patel": 0.001014936495002332,
    "Unidac Industries": 0.0014716625795705243,
    "Groves": 0.0020654080825301367,
    "Joanna": 0.001014936495002332,
    "David Barrett": 0.0026792378623510865,
    "Floyd Lawton": 0.009555996064484637,
    "Deadshot": 0.001014936495002332,
    "Michael Rowe": 0.011891831969217163,
    "Slade Wilson": 0.0036639573436236215,
    "Lone Gunmen": 0.022756728319662193,
    "An Innocent Man": 0.01387929273813832,
    "Salvage": 0.001014936495002332,
    "Moira Kirland": 0.001014936495002332,
    "Lana Cho": 0.006119361576599873,
    "Vince Misiano": 0.005205909407463488,
    "Billy Wintergreen": 0.0019283886641387167,
    "Slade": 0.001014936495002332,
    "Queen's Game": 0.001014936495002332,
    "Tommy": 0.001014936495002332,
    "Thea": 0.001014936495002332,
    "Guy Norman Bee": 0.0033176595443183132,
    "Detective Hilton": 0.022743425699374015,
    "Ollie": 0.001014936495002332,
    "Diggle": 0.001014936495002332,
    "Dig": 0.001014936495002332,
    "John": 0.001014936495002332,
    "Quentin": 0.001014936495002332,
    "Detective Lance": 0.001014936495002332,
    "Moira": 0.001014936495002332,
    "Walter": 0.001014936495002332,
    "Ollie Queen": 0.001014936495002332,
    "The Hood": 0.001014936495002332,
    "Digg": 0.001014936495002332,
    "Officer Groves": 0.0011671785231917296,
    "Bam-Bam": 0.001014936495002332,
    "J. J. Makaro": 0.001014936495002332,
    "JJ Makaro": 0.001014936495002332,
    "The Arrow": 0.001014936495002332,
    "Lone Gunman": 0.001014936495002332,
    "Joanna De La Vega": 0.005643404441363355,
    "Bill Wintergreen": 0.001014936495002332
  },
  "hitsHubs": {
    "Arrowverse Wiki": 0.03523761126168674,
    "Oliver Queen": 0.03646534805091583,
    "Moira Queen": 0.021382869598374866,
    "Robert Queen": 0.02270122526306512,
    "Thea Queen": 0.02146076744013786,
    "Stephen Amell": 0.0075577285733308686,
    "Susanna Thompson": 0.004621395636187209,
    "Jamey Sheridan": 0.004037961893114874,
    "Willa Holland": 0.004544710524797039,
    "Arrow": 0.04094684699012952,
    "Katie Cassidy": 0.003972600537253894,
    "Colin Donnell": 0.002885242889872693,
    "David Ramsey": 0.0030313719835065264,
    "Paul Blackthorne": 0.0028947153329644546,
    "Colin Salmon": 0.003300224814770598,
    "Darren Shahlavi": 0.01112145040273281,
    "Jacqueline MacInnes Wood": 0.0,
    "Laurel Lance": 0.012252544836865373,
    "Sara Lance": 0.017013664994639324,
    "Quentin Lance": 0.007013419888604191,
    "Tommy Merlyn": 0.009312051266874026,
    "Star City": 0.0075577285733308686,
    "John Diggle": 0.009312051266874026,
    "Walter Steele": 0.02272493396685897,
    "Green Arrow (character)": 0.0075577285733308686,
    "Constantine Drakon": 0.002360496874795824,
    "Roger Cross": 0.0013222822459839053,
    "Kathleen Gati": 0.0008587977180308824,
    "Raisa": 0.001474712228554042,
    "Queen Mansion": 0.008416526291361751,
    "Blake Neely": 0.0,
    "Lucas Hilton": 0.003666188826767493,
    "Adam Hunt": 0.009486648784713135,
    "Greg Berlanti": 0.010222523078298216,
    "Marc Guggenheim": 0.010222523078298216,
    "Andrew Kreisberg": 0.010222523078298216,
    "Annie Ilonzeh": 0.0008142741638302671,
    "Joanna de la Vega": 0.0126414485255204,
    "Brian Markinson": 0.0007256952567761479,
    "Pilot (Arrow)": 0.04588820631479409,
    "David Nutter": 0.011132003409163364,
    "Melissa Kellner Berman": 0.00862456111673851,
    "Simon Chin": 0.00862456111673851,
    "Jon Wallace": 0.00862456111673851,
    "Glen Winter": 0.00862456111673851,
    "Paul Karasick": 0.00862456111673851,
    "David Rapaport": 0.00862456111673851,
    "Tish Monaghan": 0.00862456111673851,
    "Adrien Van Viersen": 0.00862456111673851,
    "Shivas Thilak Anthikkat": 0.00862456111673851,
    "Curtis Braconnier": 0.00862456111673851,
    "Isabel Bloor": 0.00862456111673851,
    "Tom Trafalski": 0.00862456111673851,
    "Colin House": 0.00862456111673851,
    "Noel Johansen": 0.00862456111673851,