{
  "numNodes": 14,
  "numEdges": 10,
  "selfLinks": 0,
  "numStrongComponents": 13,
  "numWeakComponents": 5,
  "sizeLargestStrong": 2,
  "sizeLargestWeak": 6,
  "radius": 1,
  "diameter": 1,
  "averageInDegree": 0.7142857142857143,
  "averageOutDegree": 0.7142857142857143,
  "maxOutDegree": 2,
  "maxInDegree": 2,
  "pageRank": {
    "Google Presentations": 0.0427182055800537,
    "List of devices running Chromium OS": 0.0427182055800537,
    "Series 5 550": 0.0427182055800537,
    "Series 5": 0.0427182055800537,
    "Chromebooks": 0.07766976420806007,
    "Chrome OS": 0.07766976420806007,
    "Samsung Series 5 550": 0.08116535960229561,
    "Samsung Series 5": 0.08116535960229561,
    "List of Devices Running Chromium": 0.15106847685830835,
    "HP": 0.07766976420806007,
    "Chromebox": 0.07766976420806007,
    "Moto G2": 0.0427182055800537,
    "Motorola Moto G (2014)": 0.08116535960229561,
    "Presentations": 0.08116535960229561
  },
  "hitsHubs": {
    "Google Presentations": 4.656612864403775e-10,
    "List of devices running Chromium OS": 0.2499999995343387,
    "Series 5 550": 4.656612864403775e-10,
    "Series 5": 4.656612864403775e-10,
    "Chromebooks": 0.2499999995343387,
    "Chrome OS": 0.0,
    "Samsung Series 5 550": 0.0,
    "Samsung Series 5": 0.0,
    "List of Devices Running Chromium": 0.0,
    "HP": 0.2499999995343387,
    "Chromebox": 0.2499999995343387,
    "Moto G2": 4.656612864403775e-10,
    "Motorola Moto G (2014)": 0.0,
    "Presentations": 0.0
  },
  "hitsAuths": {
    "Google Presentations": 0.0,
    "List of devices running Chromium OS": 0.0,
    "Series 5 550": 0.0,
    "Series 5": 0.0,
    "Chromebooks": 0.1666666662527455,
    "Chrome OS": 0.1666666662527455,
    "Samsung Series 5 550": 6.208817148683425e-10,
    "Samsung Series 5": 6.208817148683425e-10,
    "List of Devices Running Chromium": 0.333333332505491,
    "HP": 0.1666666662527455,
    "Chromebox": 0.1666666662527455,
    "Moto G2": 0.0,
    "Motorola Moto G (2014)": 6.208817148683425e-10,
    "Presentations": 6.208817148683425e-10
  },
  "averagePathLength": 1.0
}