{
  "numNodes": 41,
  "numEdges": 31,
  "selfLinks": 1,
  "numStrongComponents": 40,
  "numWeakComponents": 12,
  "sizeLargestStrong": 2,
  "sizeLargestWeak": 15,
  "radius": 1,
  "diameter": 1,
  "averageInDegree": 0.7560975609756098,
  "averageOutDegree": 0.7560975609756098,
  "maxOutDegree": 2,
  "maxInDegree": 10,
  "pageRank": {
    "Google Wiki:Main Page": 0.005744074874390366,
    "Gmail": 0.010655643724660881,
    "Google+ Local": 0.010913987156777771,
    "Blogger": 0.010913987156777771,
    "Google Zeitgeist": 0.010913987156777771,
    "Zeitgeist": 0.005744074874390366,
    "Google Video": 0.005744074874390366,
    "Google Wiki talk:Main Page": 0.005744074874390366,
    "Google": 0.6595750377958552,
    "Help": 0.010913987156777771,
    "Blog Search": 0.005744074874390366,
    "Google Reader": 0.010913987156777771,
    "Google Base": 0.010913987156777771,
    "Desktop Search": 0.005744074874390366,
    "Google Summer of Code": 0.010913987156777771,
    "Google Toolbar": 0.010913987156777771,
    "Google Cooking": 0.005744074874390366,
    "Google Analytics": 0.010913987156777771,
    "Analytics": 0.005744074874390366,
    "Google Talk": 0.005744074874390366,
    "Blogspot": 0.005744074874390366,
    "Google Presentations": 0.005744074874390366,
    "Google Desktop Search": 0.010913987156777771,
    "Reader": 0.005744074874390366,
    "Toolbar": 0.005744074874390366,
    "Summer of Code": 0.005744074874390366,
    "List of devices running Chromium OS": 0.005744074874390366,
    "Series 5 550": 0.005744074874390366,
    "Series 5": 0.005744074874390366,
    "Google Local": 0.005744074874390366,
    "Chromebooks": 0.010444360564798479,
    "Chrome OS": 0.010444360564798479,
    "Samsung Series 5 550": 0.010913987156777771,
    "Samsung Series 5": 0.010913987156777771,
    "List of Devices Running Chromium": 0.020314558537594,
    "HP": 0.010444360564798479,
    "Chromebox": 0.010444360564798479,
    "Moto G2": 0.005744074874390366,
    "Motorola Moto G (2014)": 0.010913987156777771,
    "Presentations": 0.010913987156777771,
    "Android 2.2 Froyo": 0.005744074874390366
  },
  "hitsHubs": {
    "Google Wiki:Main Page": 0.09891419681149116,
    "Gmail": 0.0,
    "Google+ Local": 0.0,
    "Blogger": 0.09891419681149116,
    "Google Zeitgeist": 0.0,
    "Zeitgeist": 8.591744973691525e-16,
    "Google Video": 0.09891419681149116,
    "Google Wiki talk:Main Page": 8.591744973691525e-16,
    "Google": 0.09891419681149116,
    "Help": 0.0,
    "Blog Search": 0.09891419681149116,
    "Google Reader": 0.10977222864026147,
    "Google Base": 0.0,
    "Desktop Search": 8.591744973691525e-16,
    "Google Summer of Code": 0.09891419681149116,
    "Google Toolbar": 0.09891419681149116,
    "Google Cooking": 8.591744973691525e-16,
    "Google Analytics": 0.0,
    "Analytics": 8.591744973691525e-16,
    "Google Talk": 0.09891419681149116,
    "Blogspot": 8.591744973691525e-16,
    "Google Presentations": 8.591744973691525e-16,
    "Google Desktop Search": 0.0,
    "Reader": 8.591744973691525e-16,
    "Toolbar": 8.591744973691525e-16,
    "Summer of Code": 8.591744973691525e-16,
    "List of devices running Chromium OS": 1.4076714964896195e-11,
    "Series 5 550": 8.591744973691525e-16,
    "Series 5": 8.591744973691525e-16,
    "Google Local": 8.591744973691525e-16,
    "Chromebooks": 1.4076714964896195e-11,
    "Chrome OS": 0.0,
    "Samsung Series 5 550": 0.0,
    "Samsung Series 5": 0.0,
    "List of Devices Running Chromium": 0.0,
    "HP": 1.4076714964896195e-11,
    "Chromebox": 1.4076714964896195e-11,
    "Moto G2": 8.591744973691525e-16,
    "Motorola Moto G (2014)": 0.0,
    "Presentations": 0.0,
    "Android 2.2 Froyo": 0.09891419681149116
  },
  "hitsAuths": {
    "Google Wiki:Main Page": 0.0,
    "Gmail": 0.09891419677899783,
    "Google+ Local": 7.826883973123656e-15,
    "Blogger": 7.826883973123656e-15,
    "Google Zeitgeist": 7.826883973123656e-15,
    "Zeitgeist": 0.0,
    "Google Video": 0.0,
    "Google Wiki talk:Main Page": 0.0,
    "Google": 0.9010858028361858,
    "Help": 7.826883973123656e-15,
    "Blog Search": 0.0,
    "Google Reader": 7.826883973123656e-15,
    "Google Base": 7.826883973123656e-15,
    "Desktop Search": 0.0,
    "Google Summer of Code": 7.826883973123656e-15,
    "Google Toolbar": 7.826883973123656e-15,
    "Google Cooking": 0.0,
    "Google Analytics": 7.826883973123656e-15,
    "Analytics": 0.0,
    "Google Talk": 0.0,
    "Blogspot": 0.0,
    "Google Presentations": 0.0,
    "Google Desktop Search": 7.826883973123656e-15,
    "Reader": 0.0,
    "Toolbar": 0.0,
    "Summer of Code": 0.0,
    "List of devices running Chromium OS": 0.0,
    "Series 5 550": 0.0,
    "Series 5": 0.0,
    "Google Local": 0.0,
    "Chromebooks": 6.411783350782899e-11,
    "Chrome OS": 6.411783350782899e-11,
    "Samsung Series 5 550": 7.826883973123656e-15,
    "Samsung Series 5": 7.826883973123656e-15,
    "List of Devices Running Chromium": 1.2823566701565799e-10,
    "HP": 6.411783350782899e-11,
    "Chromebox": 6.411783350782899e-11,
    "Moto G2": 0.0,
    "Motorola Moto G (2014)": 7.826883973123656e-15,
    "Presentations": 7.826883973123656e-15,
    "Android 2.2 Froyo": 0.0
  },
  "averagePathLength": 1.0
}