{
  "numNodes": 39,
  "numEdges": 30,
  "selfLinks": 1,
  "numStrongComponents": 38,
  "numWeakComponents": 11,
  "sizeLargestStrong": 2,
  "sizeLargestWeak": 15,
  "radius": 1,
  "diameter": 1,
  "averageInDegree": 0.7692307692307693,
  "averageOutDegree": 0.7692307692307693,
  "maxOutDegree": 2,
  "maxInDegree": 10,
  "pageRank": {
    "Google Wiki:Main Page": 0.005841188150834968,
    "Gmail": 0.010835711716537019,
    "Google+ Local": 0.011098452465554041,
    "Blogger": 0.011098452465554041,
    "Google Zeitgeist": 0.011098452465554041,
    "Zeitgeist": 0.005841188150834968,
    "Google Video": 0.005841188150834968,
    "Google Wiki talk:Main Page": 0.005841188150834968,
    "Google": 0.6707608429323488,
    "Help": 0.011098452465554041,
    "Blog Search": 0.005841188150834968,
    "Google Reader": 0.011098452465554041,
    "Google Base": 0.011098452465554041,
    "Desktop Search": 0.005841188150834968,
    "Google Summer of Code": 0.011098452465554041,
    "Google Toolbar": 0.011098452465554041,
    "Google Cooking": 0.005841188150834968,
    "Google Talk": 0.005841188150834968,
    "Blogspot": 0.005841188150834968,
    "Google Presentations": 0.005841188150834968,
    "Google Desktop Search": 0.011098452465554041,
    "Reader": 0.005841188150834968,
    "Toolbar": 0.005841188150834968,
    "Summer of Code": 0.005841188150834968,
    "List of devices running Chromium OS": 0.005841188150834968,
    "Series 5 550": 0.005841188150834968,
    "Series 5": 0.005841188150834968,
    "Google Local": 0.005841188150834968,
    "Chromebooks": 0.010620818711527237,
    "Chrome OS": 0.010620818711527237,
    "Samsung Series 5 550": 0.011098452465554041,
    "Samsung Series 5": 0.011098452465554041,
    "List of Devices Running Chromium": 0.020657713586938582,
    "HP": 0.010620818711527237,
    "Chromebox": 0.010620818711527237,
    "Moto G2": 0.005841188150834968,
    "Motorola Moto G (2014)": 0.011098452465554041,
    "Presentations": 0.011098452465554041,
    "Android 2.2 Froyo": 0.005841188150834968
  },
  "hitsHubs": {
    "Google Wiki:Main Page": 0.09891419681149125,
    "Gmail": 0.0,
    "Google+ Local": 0.0,
    "Blogger": 0.09891419681149125,
    "Google Zeitgeist": 0.0,
    "Zeitgeist": 8.591744973691533e-16,
    "Google Video": 0.09891419681149125,
    "Google Wiki talk:Main Page": 8.591744973691533e-16,
    "Google": 0.09891419681149125,
    "Help": 0.0,
    "Blog Search": 0.09891419681149125,
    "Google Reader": 0.10977222864026157,
    "Google Base": 0.0,
    "Desktop Search": 8.591744973691533e-16,
    "Google Summer of Code": 0.09891419681149125,
    "Google Toolbar": 0.09891419681149125,
    "Google Cooking": 8.591744973691533e-16,
    "Google Talk": 0.09891419681149125,
    "Blogspot": 8.591744973691533e-16,
    "Google Presentations": 8.591744973691533e-16,
    "Google Desktop Search": 0.0,
    "Reader": 8.591744973691533e-16,
    "Toolbar": 8.591744973691533e-16,
    "Summer of Code": 8.591744973691533e-16,
    "List of devices running Chromium OS": 1.4076714964896208e-11,
    "Series 5 550": 8.591744973691533e-16,
    "Series 5": 8.591744973691533e-16,
    "Google Local": 8.591744973691533e-16,
    "Chromebooks": 1.4076714964896208e-11,
    "Chrome OS": 0.0,
    "Samsung Series 5 550": 0.0,
    "Samsung Series 5": 0.0,
    "List of Devices Running Chromium": 0.0,
    "HP": 1.4076714964896208e-11,
    "Chromebox": 1.4076714964896208e-11,
    "Moto G2": 8.591744973691533e-16,
    "Motorola Moto G (2014)": 0.0,
    "Presentations": 0.0,
    "Android 2.2 Froyo": 0.09891419681149125
  },
  "hitsAuths": {
    "Google Wiki:Main Page": 0.0,
    "Gmail": 0.09891419677899861,
    "Google+ Local": 7.826883973123718e-15,
    "Blogger": 7.826883973123718e-15,
    "Google Zeitgeist": 7.826883973123718e-15,
    "Zeitgeist": 0.0,
    "Google Video": 0.0,
    "Google Wiki talk:Main Page": 0.0,
    "Google": 0.9010858028361929,
    "Help": 7.826883973123718e-15,
    "Blog Search": 0.0,
    "Google Reader": 7.826883973123718e-15,
    "Google Base": 7.826883973123718e-15,
    "Desktop Search": 0.0,
    "Google Summer of Code": 7.826883973123718e-15,
    "Google Toolbar": 7.826883973123718e-15,
    "Google Cooking": 0.0,
    "Google Talk": 0.0,
    "Blogspot": 0.0,
    "Google Presentations": 0.0,
    "Google Desktop Search": 7.826883973123718e-15,
    "Reader": 0.0,
    "Toolbar": 0.0,
    "Summer of Code": 0.0,
    "List of devices running Chromium OS": 0.0,
    "Series 5 550": 0.0,
    "Series 5": 0.0,
    "Google Local": 0.0,
    "Chromebooks": 6.41178335078295e-11,
    "Chrome OS": 6.41178335078295e-11,
    "Samsung Series 5 550": 7.826883973123718e-15,
    "Samsung Series 5": 7.826883973123718e-15,
    "List of Devices Running Chromium": 1.28235667015659e-10,
    "HP": 6.41178335078295e-11,
    "Chromebox": 6.41178335078295e-11,
    "Moto G2": 0.0,
    "Motorola Moto G (2014)": 7.826883973123718e-15,
    "Presentations": 7.826883973123718e-15,
    "Android 2.2 Froyo": 0.0
  },
  "averagePathLength": 1.0
}