{
  "numNodes": 24,
  "numEdges": 18,
  "selfLinks": 1,
  "numStrongComponents": 23,
  "numWeakComponents": 8,
  "sizeLargestStrong": 2,
  "sizeLargestWeak": 6,
  "radius": 1,
  "diameter": 1,
  "averageInDegree": 0.75,
  "averageOutDegree": 0.75,
  "maxOutDegree": 2,
  "maxInDegree": 5,
  "pageRank": {
    "Google Wiki:Main Page": 0.011210524496871724,
    "Google+ Local": 0.021300243343753467,
    "Blogger": 0.021300243343753467,
    "Google Zeitgeist": 0.021300243343753467,
    "Zeitgeist": 0.011210524496871724,
    "Google Video": 0.011210524496871724,
    "Google": 0.6064034470133808,
    "Blogspot": 0.011210524496871724,
    "Google Presentations": 0.011210524496871724,
    "List of devices running Chromium OS": 0.011210524496871724,
    "Series 5 550": 0.011210524496871724,
    "Series 5": 0.011210524496871724,
    "Google Local": 0.011210524496871724,
    "Chromebooks": 0.02038331429412434,
    "Chrome OS": 0.02038331429412434,
    "Samsung Series 5 550": 0.021300243343753467,
    "Samsung Series 5": 0.021300243343753467,
    "List of Devices Running Chromium": 0.0396458229382587,
    "HP": 0.02038331429412434,
    "Chromebox": 0.02038331429412434,
    "Moto G2": 0.011210524496871724,
    "Motorola Moto G (2014)": 0.021300243343753467,
    "Presentations": 0.021300243343753467,
    "Android 2.2 Froyo": 0.011210524496871724
  },
  "hitsHubs": {
    "Google Wiki:Main Page": 0.19999999988740996,
    "Google+ Local": 0.0,
    "Blogger": 0.19999999988740996,
    "Google Zeitgeist": 0.0,
    "Zeitgeist": 1.6777215990555284e-17,
    "Google Video": 0.19999999988740996,
    "Google": 0.19999999988740996,
    "Blogspot": 1.6777215990555284e-17,
    "Google Presentations": 1.6777215990555284e-17,
    "List of devices running Chromium OS": 1.4073748827609998e-10,
    "Series 5 550": 1.6777215990555284e-17,
    "Series 5": 1.6777215990555284e-17,
    "Google Local": 1.6777215990555284e-17,
    "Chromebooks": 1.4073748827609998e-10,
    "Chrome OS": 0.0,
    "Samsung Series 5 550": 0.0,
    "Samsung Series 5": 0.0,
    "List of Devices Running Chromium": 0.0,
    "HP": 1.4073748827609998e-10,
    "Chromebox": 1.4073748827609998e-10,
    "Moto G2": 1.6777215990555284e-17,
    "Motorola Moto G (2014)": 0.0,
    "Presentations": 0.0,
    "Android 2.2 Froyo": 0.19999999988740996
  },
  "hitsAuths": {
    "Google Wiki:Main Page": 0.0,
    "Google+ Local": 8.388607982291136e-17,
    "Blogger": 8.388607982291136e-17,
    "Google Zeitgeist": 8.388607982291136e-17,
    "Zeitgeist": 0.0,
    "Google Video": 0.0,
    "Google": 0.9999999978889376,
    "Blogspot": 0.0,
    "Google Presentations": 0.0,
    "List of devices running Chromium OS": 0.0,
    "Series 5 550": 0.0,
    "Series 5": 0.0,
    "Google Local": 0.0,
    "Chromebooks": 3.518437201455564e-10,
    "Chrome OS": 3.518437201455564e-10,
    "Samsung Series 5 550": 8.388607982291136e-17,
    "Samsung Series 5": 8.388607982291136e-17,
    "List of Devices Running Chromium": 7.036874402911128e-10,
    "HP": 3.518437201455564e-10,
    "Chromebox": 3.518437201455564e-10,
    "Moto G2": 0.0,
    "Motorola Moto G (2014)": 8.388607982291136e-17,
    "Presentations": 8.388607982291136e-17,
    "Android 2.2 Froyo": 0.0
  },
  "averagePathLength": 1.0
}