{
  "numNodes": 20,
  "numEdges": 13,
  "selfLinks": 0,
  "numStrongComponents": 19,
  "numWeakComponents": 8,
  "sizeLargestStrong": 2,
  "sizeLargestWeak": 6,
  "radius": 1,
  "diameter": 1,
  "averageInDegree": 0.65,
  "averageOutDegree": 0.65,
  "maxOutDegree": 2,
  "maxInDegree": 2,
  "pageRank": {
    "Google+ Local": 0.059173576029741215,
    "Blogger": 0.059173576029741215,
    "Google Zeitgeist": 0.059173576029741215,
    "Zeitgeist": 0.031143593307005217,
    "Blogspot": 0.031143593307005217,
    "Google Presentations": 0.031143593307005217,
    "List of devices running Chromium OS": 0.031143593307005217,
    "Series 5 550": 0.031143593307005217,
    "Series 5": 0.031143593307005217,
    "Google Local": 0.031143593307005217,
    "Chromebooks": 0.056624971986673205,
    "Chrome OS": 0.056624971986673205,
    "Samsung Series 5 550": 0.059173576029741215,
    "Samsung Series 5": 0.059173576029741215,
    "List of Devices Running Chromium": 0.11013633338907719,
    "HP": 0.056624971986673205,
    "Chromebox": 0.056624971986673205,
    "Moto G2": 0.031143593307005217,
    "Motorola Moto G (2014)": 0.059173576029741215,
    "Presentations": 0.059173576029741215
  },
  "hitsHubs": {
    "Google+ Local": 0.0,
    "Blogger": 0.0,
    "Google Zeitgeist": 0.0,
    "Zeitgeist": 2.3283064327439887e-10,
    "Blogspot": 2.3283064327439887e-10,
    "Google Presentations": 2.3283064327439887e-10,
    "List of devices running Chromium OS": 0.24999999959254637,
    "Series 5 550": 2.3283064327439887e-10,
    "Series 5": 2.3283064327439887e-10,
    "Google Local": 2.3283064327439887e-10,
    "Chromebooks": 0.24999999959254637,
    "Chrome OS": 0.0,
    "Samsung Series 5 550": 0.0,
    "Samsung Series 5": 0.0,
    "List of Devices Running Chromium": 0.0,
    "HP": 0.24999999959254637,
    "Chromebox": 0.24999999959254637,
    "Moto G2": 2.3283064327439887e-10,
    "Motorola Moto G (2014)": 0.0,
    "Presentations": 0.0
  },
  "hitsAuths": {
    "Google+ Local": 3.1044085753054484e-10,
    "Blogger": 3.1044085753054484e-10,
    "Google Zeitgeist": 3.1044085753054484e-10,
    "Zeitgeist": 0.0,
    "Blogspot": 0.0,
    "Google Presentations": 0.0,
    "List of devices running Chromium OS": 0.0,
    "Series 5 550": 0.0,
    "Series 5": 0.0,
    "Google Local": 0.0,
    "Chromebooks": 0.16666666630448568,
    "Chrome OS": 0.16666666630448568,
    "Samsung Series 5 550": 3.1044085753054484e-10,
    "Samsung Series 5": 3.1044085753054484e-10,
    "List of Devices Running Chromium": 0.33333333260897136,
    "HP": 0.16666666630448568,
    "Chromebox": 0.16666666630448568,
    "Moto G2": 0.0,
    "Motorola Moto G (2014)": 3.1044085753054484e-10,
    "Presentations": 3.1044085753054484e-10
  },
  "averagePathLength": 1.0
}