{
  "numNodes": 31,
  "numEdges": 24,
  "selfLinks": 1,
  "numStrongComponents": 30,
  "numWeakComponents": 9,
  "sizeLargestStrong": 2,
  "sizeLargestWeak": 11,
  "radius": 1,
  "diameter": 1,
  "averageInDegree": 0.7741935483870968,
  "averageOutDegree": 0.7741935483870968,
  "maxOutDegree": 2,
  "maxInDegree": 8,
  "pageRank": {
    "Google Wiki:Main Page": 0.007974373667852365,
    "Gmail": 0.014792843262029596,
    "Google+ Local": 0.015151554396237117,
    "Blogger": 0.015151554396237117,
    "Google Zeitgeist": 0.015151554396237117,
    "Zeitgeist": 0.007974373667852365,
    "Google Video": 0.007974373667852365,
    "Google Wiki talk:Main Page": 0.007974373667852365,
    "Google": 0.6430282116887421,
    "Help": 0.015151554396237117,
    "Blog Search": 0.007974373667852365,
    "Google Reader": 0.015151554396237117,
    "Google Talk": 0.007974373667852365,
    "Blogspot": 0.007974373667852365,
    "Google Presentations": 0.007974373667852365,
    "Reader": 0.007974373667852365,
    "List of devices running Chromium OS": 0.007974373667852365,
    "Series 5 550": 0.007974373667852365,
    "Series 5": 0.007974373667852365,
    "Google Local": 0.007974373667852365,
    "Chromebooks": 0.014499423900796053,
    "Chrome OS": 0.014499423900796053,
    "Samsung Series 5 550": 0.015151554396237117,
    "Samsung Series 5": 0.015151554396237117,
    "List of Devices Running Chromium": 0.028201654862124496,
    "HP": 0.014499423900796053,
    "Chromebox": 0.014499423900796053,
    "Moto G2": 0.007974373667852365,
    "Motorola Moto G (2014)": 0.015151554396237117,
    "Presentations": 0.015151554396237117,
    "Android 2.2 Froyo": 0.007974373667852365
  },
  "hitsHubs": {
    "Google Wiki:Main Page": 0.12284929357863143,
    "Gmail": 0.0,
    "Google+ Local": 0.0,
    "Blogger": 0.12284929357863143,
    "Google Zeitgeist": 0.0,
    "Zeitgeist": 2.74409409516834e-15,
    "Google Video": 0.12284929357863143,
    "Google Wiki talk:Main Page": 2.74409409516834e-15,
    "Google": 0.12284929357863143,
    "Help": 0.0,
    "Blog Search": 0.12284929357863143,
    "Google Reader": 0.14005494458988157,
    "Google Talk": 0.12284929357863143,
    "Blogspot": 2.74409409516834e-15,
    "Google Presentations": 2.74409409516834e-15,
    "Reader": 2.74409409516834e-15,
    "List of devices running Chromium OS": 8.991847531047617e-11,
    "Series 5 550": 2.74409409516834e-15,
    "Series 5": 2.74409409516834e-15,
    "Google Local": 2.74409409516834e-15,
    "Chromebooks": 8.991847531047617e-11,
    "Chrome OS": 0.0,
    "Samsung Series 5 550": 0.0,
    "Samsung Series 5": 0.0,
    "List of Devices Running Chromium": 0.0,
    "HP": 8.991847531047617e-11,
    "Chromebox": 8.991847531047617e-11,
    "Moto G2": 2.74409409516834e-15,
    "Motorola Moto G (2014)": 0.0,
    "Presentations": 0.0,
    "Android 2.2 Froyo": 0.12284929357863143
  },
  "hitsAuths": {
    "Google Wiki:Main Page": 0.0,
    "Gmail": 0.12284929338618203,
    "Google+ Local": 1.959298258207153e-14,
    "Blogger": 1.959298258207153e-14,
    "Google Zeitgeist": 1.959298258207153e-14,
    "Zeitgeist": 0.0,
    "Google Video": 0.0,
    "Google Wiki talk:Main Page": 0.0,
    "Google": 0.8771507046875728,
    "Help": 1.959298258207153e-14,
    "Blog Search": 0.0,
    "Google Reader": 1.959298258207153e-14,
    "Google Talk": 0.0,
    "Blogspot": 0.0,
    "Google Presentations": 0.0,
    "Reader": 0.0,
    "List of devices running Chromium OS": 0.0,
    "Series 5 550": 0.0,
    "Series 5": 0.0,
    "Google Local": 0.0,
    "Chromebooks": 3.2101142662465996e-10,
    "Chrome OS": 3.2101142662465996e-10,
    "Samsung Series 5 550": 1.959298258207153e-14,
    "Samsung Series 5": 1.959298258207153e-14,
    "List of Devices Running Chromium": 6.420228532493199e-10,
    "HP": 3.2101142662465996e-10,
    "Chromebox": 3.2101142662465996e-10,
    "Moto G2": 0.0,
    "Motorola Moto G (2014)": 1.959298258207153e-14,
    "Presentations": 1.959298258207153e-14,
    "Android 2.2 Froyo": 0.0
  },
  "averagePathLength": 1.0
}