{
  "numNodes": 62,
  "numEdges": 55,
  "selfLinks": 2,
  "numStrongComponents": 58,
  "numWeakComponents": 16,
  "sizeLargestStrong": 4,
  "sizeLargestWeak": 28,
  "radius": 2,
  "diameter": 3,
  "averageInDegree": 0.8870967741935484,
  "averageOutDegree": 0.8870967741935484,
  "maxOutDegree": 3,
  "maxInDegree": 10,
  "pageRank": {
    "Google Wiki:Main Page": 0.003626422998900103,
    "Gmail": 0.06276530208612022,
    "Google+ Local": 0.006890204950357223,
    "Blogger": 0.008522095926085783,
    "Google Zeitgeist": 0.006890204950357223,
    "Zeitgeist": 0.003626422998900103,
    "Google Video": 0.003626422998900103,
    "Google Wiki talk:Main Page": 0.003626422998900103,
    "Google": 0.45258202960460897,
    "Help": 0.006890204950357223,
    "Blog Search": 0.003626422998900103,
    "Google Reader": 0.006890204950357223,
    "Google Base": 0.006890204950357223,
    "Desktop Search": 0.003626422998900103,
    "Google Summer of Code": 0.006890204950357223,
    "Google Toolbar": 0.006890204950357223,
    "Google Cooking": 0.003626422998900103,
    "Removing pages from Google's index": 0.003626422998900103,
    "Google Analytics": 0.006890204950357223,
    "Analytics": 0.003626422998900103,
    "Google in China": 0.003626422998900103,
    "Google Talk": 0.03626418056027444,
    "Gmail for your domain": 0.03187512437305045,
    "Google Page Creator": 0.003626422998900103,
    "Google Groups": 0.011622689564868855,
    "Google Wiki:Gmail sending limit": 0.04915263746263245,
    "Google Desktop": 0.015158454653778746,
    "Google Trends": 0.006890204950357223,
    "Google Co-op": 0.006890204950357223,
    "Google errors": 0.010153986901814342,
    "Spreadsheets": 0.006890204950357223,
    "Google Project Hosting": 0.006890204950357223,
    "Gmail errors": 0.003626422998900103,
    "Errors": 0.003626422998900103,
    "Blogspot": 0.003626422998900103,
    "Google Code Hosting": 0.003626422998900103,
    "Google Spreadsheets": 0.003626422998900103,
    "Google Presentations": 0.003626422998900103,
    "Google Desktop Search": 0.006890204950357223,
    "Desktop": 0.003626422998900103,
    "Co-op": 0.003626422998900103,
    "Reader": 0.003626422998900103,
    "Toolbar": 0.003626422998900103,
    "Trends": 0.003626422998900103,
    "Summer of Code": 0.003626422998900103,
    "List of devices running Chromium OS": 0.003626422998900103,
    "Series 5 550": 0.003626422998900103,
    "Series 5": 0.003626422998900103,
    "Google Local": 0.003626422998900103,
    "Chromebooks": 0.006593499411635153,
    "Google search": 0.009827610276466246,
    "Chrome OS": 0.006593499411635153,
    "Samsung Series 5 550": 0.006890204950357223,
    "Samsung Series 5": 0.006890204950357223,
    "List of Devices Running Chromium": 0.012824357775827324,
    "Gmail sending limit": 0.05057778204375531,
    "HP": 0.006593499411635153,
    "Chromebox": 0.006593499411635153,
    "Moto G2": 0.003626422998900103,
    "Motorola Moto G (2014)": 0.006890204950357223,
    "Presentations": 0.006890204950357223,
    "Android 2.2 Froyo": 0.003626422998900103
  },
  "hitsHubs": {
    "Google Wiki:Main Page": 0.0732674173549444,
    "Gmail": 0.013728101814425079,
    "Google+ Local": 0.0,
    "Blogger": 0.0732674173549444,
    "Google Zeitgeist": 0.0,
    "Zeitgeist": 3.907830684683155e-27,
    "Google Video": 0.0732674173549444,
    "Google Wiki talk:Main Page": 3.907830684683155e-27,
    "Google": 0.0732674173549444,
    "Help": 0.0,
    "Blog Search": 0.0732674173549444,
    "Google Reader": 0.11523628169403155,
    "Google Base": 0.0,
    "Desktop Search": 3.907830684683155e-27,
    "Google Summer of Code": 0.08563653979977622,
    "Google Toolbar": 0.0732674173549444,
    "Google Cooking": 3.907830684683155e-27,
    "Removing pages from Google's index": 0.012369122444831803,
    "Google Analytics": 0.0,
    "Analytics": 3.907830684683155e-27,
    "Google in China": 0.03277689086043122,
    "Google Talk": 3.907830684683155e-27,
    "Gmail for your domain": 0.11538215053095549,
    "Google Page Creator": 0.04196886433908715,
    "Google Groups": 0.0,
    "Google Wiki:Gmail sending limit": 0.02959974189425535,
    "Google Desktop": 0.0,
    "Google Trends": 0.0,
    "Google Co-op": 3.907830684683155e-27,
    "Google errors": 0.012514991281755743,
    "Spreadsheets": 0.0,
    "Google Project Hosting": 0.0,
    "Gmail errors": 6.556251948835719e-20,
    "Errors": 6.556251948835719e-20,
    "Blogspot": 0.0031771489661758744,
    "Google Code Hosting": 3.907830684683155e-27,
    "Google Spreadsheets": 3.907830684683155e-27,
    "Google Presentations": 3.907830684683155e-27,
    "Google Desktop Search": 0.012369122444831803,
    "Desktop": 0.012369122444831803,
    "Co-op": 3.907830684683155e-27,
    "Reader": 3.907830684683155e-27,
    "Toolbar": 3.907830684683155e-27,
    "Trends": 3.907830684683155e-27,
    "Summer of Code": 3.907830684683155e-27,
    "List of devices running Chromium OS": 6.556251948835719e-20,
    "Series 5 550": 3.907830684683155e-27,
    "Series 5": 3.907830684683155e-27,
    "Google Local": 3.907830684683155e-27,
    "Chromebooks": 6.556251948835719e-20,
    "Google search": 0.0,
    "Chrome OS": 0.0,
    "Samsung Series 5 550": 0.0,
    "Samsung Series 5": 0.0,
    "List of Devices Running Chromium": 0.0,
    "Gmail sending limit": 3.907830684683155e-27,
    "HP": 6.556251948835719e-20,
    "Chromebox": 6.556251948835719e-20,
    "Moto G2": 3.907830684683155e-27,
    "Motorola Moto G (2014)": 0.0,
    "Presentations": 0.0,
    "Android 2.2 Froyo": 0.0732674173549444
  },
  "hitsAuths": {
    "Google Wiki:Main Page": 0.0,
    "Gmail": 0.20482740120962895,
    "Google+ Local": 2.7041816998621916e-26,
    "Blogger": 0.021985568939165753,
    "Google Zeitgeist": 2.7041816998621916e-26,
    "Zeitgeist": 0.0,
    "Google Video": 0.0,
    "Google Wiki talk:Main Page": 0.0,
    "Google": 0.5070035659016028,
    "Help": 2.7041816998621916e-26,
    "Blog Search": 0.0,
    "Google Reader": 2.7041816998621916e-26,
    "Google Base": 2.7041816998621916e-26,
    "Desktop Search": 0.0,
    "Google Summer of Code": 2.7041816998621916e-26,
    "Google Toolbar": 2.7041816998621916e-26,
    "Google Cooking": 0.0,
    "Removing pages from Google's index": 0.0,
    "Google Analytics": 2.7041816998621916e-26,
    "Analytics": 0.0,
    "Google in China": 0.0,
    "Google Talk": 2.7041816998621916e-26,
    "Gmail for your domain": 0.008394609610934238,
    "Google Page Creator": 0.0,
    "Google Groups": 0.08559315194941929,
    "Google Wiki:Gmail sending limit": 2.7041816998621916e-26,
    "Google Desktop": 0.08559315194941929,
    "Google Trends": 2.7041816998621916e-26,
    "Google Co-op": 2.7041816998621916e-26,
    "Google errors": 4.536864048183516e-19,
    "Spreadsheets": 2.7041816998621916e-26,
    "Google Project Hosting": 2.7041816998621916e-26,
    "Gmail errors": 0.0,
    "Errors": 0.0,
    "Blogspot": 0.0,
    "Google Code Hosting": 0.0,
    "Google Spreadsheets": 0.0,
    "Google Presentations": 0.0,
    "Google Desktop Search": 2.7041816998621916e-26,
    "Desktop": 0.0,
    "Co-op": 0.0,
    "Reader": 0.0,
    "Toolbar": 0.0,
    "Trends": 0.0,
    "Summer of Code": 0.0,
    "List of devices running Chromium OS": 0.0,
    "Series 5 550": 0.0,
    "Series 5": 0.0,
    "Google Local": 0.0,
    "Chromebooks": 2.268432024091758e-19,
    "Google search": 2.7041816998621916e-26,
    "Chrome OS": 2.268432024091758e-19,
    "Samsung Series 5 550": 2.7041816998621916e-26,
    "Samsung Series 5": 2.7041816998621916e-26,
    "List of Devices Running Chromium": 4.536864048183516e-19,
    "Gmail sending limit": 0.0866025504398298,
    "HP": 2.268432024091758e-19,
    "Chromebox": 2.268432024091758e-19,
    "Moto G2": 0.0,
    "Motorola Moto G (2014)": 2.7041816998621916e-26,
    "Presentations": 2.7041816998621916e-26,
    "Android 2.2 Froyo": 0.0
  },
  "averagePathLength": 1.5833333333333333
}