{
  "numNodes": 59,
  "numEdges": 53,
  "selfLinks": 2,
  "numStrongComponents": 55,
  "numWeakComponents": 15,
  "sizeLargestStrong": 4,
  "sizeLargestWeak": 27,
  "radius": 2,
  "diameter": 3,
  "averageInDegree": 0.8983050847457628,
  "averageOutDegree": 0.8983050847457628,
  "maxOutDegree": 3,
  "maxInDegree": 9,
  "pageRank": {
    "Google Wiki:Main Page": 0.003804394830188286,
    "Gmail": 0.065837234985263,
    "Google+ Local": 0.007228351172884293,
    "Blogger": 0.008940329344232298,
    "Google Zeitgeist": 0.007228351172884293,
    "Zeitgeist": 0.003804394830188286,
    "Google Video": 0.003804394830188286,
    "Google Wiki talk:Main Page": 0.003804394830188286,
    "Google": 0.44057907702409144,
    "Help": 0.007228351172884293,
    "Google Reader": 0.007228351172884293,
    "Google Base": 0.007228351172884293,
    "Desktop Search": 0.003804394830188286,
    "Google Summer of Code": 0.007228351172884293,
    "Google Toolbar": 0.007228351172884293,
    "Google Cooking": 0.003804394830188286,
    "Removing pages from Google's index": 0.003804394830188286,
    "Google Analytics": 0.007228351172884293,
    "Analytics": 0.003804394830188286,
    "Google in China": 0.003804394830188286,
    "Google Talk": 0.03804390871186703,
    "Gmail for your domain": 0.03343499879410456,
    "Google Page Creator": 0.003804394830188286,
    "Google Groups": 0.012193088492723828,
    "Google Wiki:Gmail sending limit": 0.05155848090237238,
    "Google Desktop": 0.01590237556886171,
    "Google Trends": 0.007228351172884293,
    "Google Co-op": 0.007228351172884293,
    "Google errors": 0.0106523075155803,
    "Spreadsheets": 0.007228351172884293,
    "Gmail errors": 0.003804394830188286,
    "Errors": 0.003804394830188286,
    "Blogspot": 0.003804394830188286,
    "Google Spreadsheets": 0.003804394830188286,
    "Google Presentations": 0.003804394830188286,
    "Google Desktop Search": 0.007228351172884293,
    "Desktop": 0.003804394830188286,
    "Co-op": 0.003804394830188286,
    "Reader": 0.003804394830188286,
    "Toolbar": 0.003804394830188286,
    "Trends": 0.003804394830188286,
    "Summer of Code": 0.003804394830188286,
    "List of devices running Chromium OS": 0.003804394830188286,
    "Series 5 550": 0.003804394830188286,
    "Series 5": 0.003804394830188286,
    "Google Local": 0.003804394830188286,
    "Chromebooks": 0.006917083927534932,
    "Google search": 0.01030991312717135,
    "Chrome OS": 0.006917083927534932,
    "Samsung Series 5 550": 0.007228351172884293,
    "Samsung Series 5": 0.007228351172884293,
    "List of Devices Running Chromium": 0.013453729367577584,
    "Gmail sending limit": 0.053053941274782294,
    "HP": 0.006917083927534932,
    "Chromebox": 0.006917083927534932,
    "Moto G2": 0.003804394830188286,
    "Motorola Moto G (2014)": 0.007228351172884293,
    "Presentations": 0.007228351172884293,
    "Android 2.2 Froyo": 0.003804394830188286
  },
  "hitsHubs": {
    "Google Wiki:Main Page": 0.07524978488402785,
    "Gmail": 0.016506714772402363,
    "Google+ Local": 0.0,
    "Blogger": 0.07524978488402785,
    "Google Zeitgeist": 0.0,
    "Zeitgeist": 2.1369006797520374e-27,
    "Google Video": 0.07524978488402785,
    "Google Wiki talk:Main Page": 2.1369006797520374e-27,
    "Google": 0.07524978488402785,
    "Help": 0.0,
    "Google Reader": 0.12589444723142135,
    "Google Base": 0.0,
    "Desktop Search": 2.1369006797520374e-27,
    "Google Summer of Code": 0.08998359173113252,
    "Google Toolbar": 0.07524978488402785,
    "Google Cooking": 2.1369006797520374e-27,
    "Removing pages from Google's index": 0.014733806847104661,
    "Google Analytics": 0.0,
    "Analytics": 2.1369006797520374e-27,
    "Google in China": 0.040113611234194164,
    "Google Talk": 2.1369006797520374e-27,
    "Gmail for your domain": 0.12610193599404879,
    "Google Page Creator": 0.050644662347393496,
    "Google Groups": 0.0,
    "Google Wiki:Gmail sending limit": 0.03591085550028884,
    "Google Desktop": 0.0,
    "Google Trends": 0.0,
    "Google Co-op": 2.1369006797520374e-27,
    "Google errors": 0.0149412956097321,
    "Spreadsheets": 0.0,
    "Gmail errors": 7.170248854949351e-20,
    "Errors": 7.170248854949351e-20,
    "Blogspot": 0.00420275573390533,
    "Google Spreadsheets": 2.1369006797520374e-27,
    "Google Presentations": 2.1369006797520374e-27,
    "Google Desktop Search": 0.01473380684710466,
    "Desktop": 0.01473380684710466,
    "Co-op": 2.1369006797520374e-27,
    "Reader": 2.1369006797520374e-27,
    "Toolbar": 2.1369006797520374e-27,
    "Trends": 2.1369006797520374e-27,
    "Summer of Code": 2.1369006797520374e-27,
    "List of devices running Chromium OS": 7.170248854949351e-20,
    "Series 5 550": 2.1369006797520374e-27,
    "Series 5": 2.1369006797520374e-27,
    "Google Local": 2.1369006797520374e-27,
    "Chromebooks": 7.170248854949351e-20,
    "Google search": 0.0,
    "Chrome OS": 0.0,
    "Samsung Series 5 550": 0.0,
    "Samsung Series 5": 0.0,
    "List of Devices Running Chromium": 0.0,
    "Gmail sending limit": 2.1369006797520374e-27,
    "HP": 7.170248854949351e-20,
    "Chromebox": 7.170248854949351e-20,
    "Moto G2": 2.1369006797520374e-27,
    "Motorola Moto G (2014)": 0.0,
    "Presentations": 0.0,
    "Android 2.2 Froyo": 0.07524978488402785
  },
  "hitsAuths": {
    "Google Wiki:Main Page": 0.0,
    "Gmail": 0.22258188897046446,
    "Google+ Local": 1.324489164112652e-26,
    "Blogger": 0.026049429820088104,
    "Google Zeitgeist": 1.324489164112652e-26,
    "Zeitgeist": 0.0,
    "Google Video": 0.0,
    "Google Wiki talk:Main Page": 0.0,
    "Google": 0.4664115914468623,
    "Help": 1.324489164112652e-26,
    "Google Reader": 1.324489164112652e-26,
    "Google Base": 1.324489164112652e-26,
    "Desktop Search": 0.0,
    "Google Summer of Code": 1.324489164112652e-26,
    "Google Toolbar": 1.324489164112652e-26,
    "Google Cooking": 0.0,
    "Removing pages from Google's index": 0.0,
    "Google Analytics": 1.324489164112652e-26,
    "Analytics": 0.0,
    "Google in China": 0.0,
    "Google Talk": 1.324489164112652e-26,
    "Gmail for your domain": 0.009702747244629342,
    "Google Page Creator": 0.0,
    "Google Groups": 0.0913227633835719,
    "Google Wiki:Gmail sending limit": 1.324489164112652e-26,
    "Google Desktop": 0.09132276338357188,
    "Google Trends": 1.324489164112652e-26,
    "Google Co-op": 1.324489164112652e-26,
    "Google errors": 4.444248159195483e-19,
    "Spreadsheets": 1.324489164112652e-26,
    "Gmail errors": 0.0,
    "Errors": 0.0,
    "Blogspot": 0.0,
    "Google Spreadsheets": 0.0,
    "Google Presentations": 0.0,
    "Google Desktop Search": 1.324489164112652e-26,
    "Desktop": 0.0,
    "Co-op": 0.0,
    "Reader": 0.0,
    "Toolbar": 0.0,
    "Trends": 0.0,
    "Summer of Code": 0.0,
    "List of devices running Chromium OS": 0.0,
    "Series 5 550": 0.0,
    "Series 5": 0.0,
    "Google Local": 0.0,
    "Chromebooks": 2.2221240795977413e-19,
    "Google search": 1.324489164112652e-26,
    "Chrome OS": 2.2221240795977413e-19,
    "Samsung Series 5 550": 1.324489164112652e-26,
    "Samsung Series 5": 1.324489164112652e-26,
    "List of Devices Running Chromium": 4.444248159195483e-19,
    "Gmail sending limit": 0.09260881575081188,
    "HP": 2.2221240795977413e-19,
    "Chromebox": 2.2221240795977413e-19,
    "Moto G2": 0.0,
    "Motorola Moto G (2014)": 1.324489164112652e-26,
    "Presentations": 1.324489164112652e-26,
    "Android 2.2 Froyo": 0.0
  },
  "averagePathLength": 1.5833333333333333
}