{
  "numNodes": 41,
  "numEdges": 32,
  "selfLinks": 1,
  "numStrongComponents": 40,
  "numWeakComponents": 12,
  "sizeLargestStrong": 2,
  "sizeLargestWeak": 15,
  "radius": 1,
  "diameter": 1,
  "averageInDegree": 0.7804878048780488,
  "averageOutDegree": 0.7804878048780488,
  "maxOutDegree": 2,
  "maxInDegree": 9,
  "pageRank": {
    "Google Wiki:Main Page": 0.005880827500929554,
    "Gmail": 0.013555779300149486,
    "Google+ Local": 0.011173800752792284,
    "Blogger": 0.013820287378723648,
    "Google Zeitgeist": 0.011173800752792284,
    "Zeitgeist": 0.005880827500929554,
    "Google Video": 0.005880827500929554,
    "Google Wiki talk:Main Page": 0.005880827500929554,
    "Google": 0.6461781065565437,
    "Help": 0.011173800752792284,
    "Google Reader": 0.011173800752792284,
    "Google Base": 0.011173800752792284,
    "Desktop Search": 0.005880827500929554,
    "Google Summer of Code": 0.011173800752792284,
    "Google Toolbar": 0.011173800752792284,
    "Google Cooking": 0.005880827500929554,
    "Google Analytics": 0.011173800752792284,
    "Analytics": 0.005880827500929554,
    "Google in China": 0.005880827500929554,
    "Google Talk": 0.005880827500929554,
    "Blogspot": 0.005880827500929554,
    "Google Presentations": 0.005880827500929554,
    "Google Desktop Search": 0.011173800752792284,
    "Reader": 0.005880827500929554,
    "Toolbar": 0.005880827500929554,
    "Summer of Code": 0.005880827500929554,
    "List of devices running Chromium OS": 0.005880827500929554,
    "Series 5 550": 0.005880827500929554,
    "Series 5": 0.005880827500929554,
    "Google Local": 0.005880827500929554,
    "Chromebooks": 0.010692953534793225,
    "Chrome OS": 0.010692953534793225,
    "Samsung Series 5 550": 0.011173800752792284,
    "Samsung Series 5": 0.011173800752792284,
    "List of Devices Running Chromium": 0.020798052820519625,
    "HP": 0.010692953534793225,
    "Chromebox": 0.010692953534793225,
    "Moto G2": 0.005880827500929554,
    "Motorola Moto G (2014)": 0.011173800752792284,
    "Presentations": 0.011173800752792284,
    "Android 2.2 Froyo": 0.005880827500929554
  },
  "hitsHubs": {
    "Google Wiki:Main Page": 0.10723188537631392,
    "Gmail": 0.0,
    "Google+ Local": 0.0,
    "Blogger": 0.10723188537631392,
    "Google Zeitgeist": 0.0,
    "Zeitgeist": 5.385650618721374e-19,
    "Google Video": 0.10723188537631392,
    "Google Wiki talk:Main Page": 5.385650618721374e-19,
    "Google": 0.10723188537631392,
    "Help": 0.0,
    "Google Reader": 0.12254460346258413,
    "Google Base": 0.0,
    "Desktop Search": 5.385650618721374e-19,
    "Google Summer of Code": 0.10723188537631392,
    "Google Toolbar": 0.10723188537631392,
    "Google Cooking": 5.385650618721374e-19,
    "Google Analytics": 0.0,
    "Analytics": 5.385650618721374e-19,
    "Google in China": 0.01745651580630502,
    "Google Talk": 0.10723188537631392,
    "Blogspot": 0.0021437977200348185,
    "Google Presentations": 5.385650618721374e-19,
    "Google Desktop Search": 0.0,
    "Reader": 5.385650618721374e-19,
    "Toolbar": 5.385650618721374e-19,
    "Summer of Code": 5.385650618721374e-19,
    "List of devices running Chromium OS": 1.4118159957940958e-13,
    "Series 5 550": 5.385650618721374e-19,
    "Series 5": 5.385650618721374e-19,
    "Google Local": 5.385650618721374e-19,
    "Chromebooks": 1.4118159957940958e-13,
    "Chrome OS": 0.0,
    "Samsung Series 5 550": 0.0,
    "Samsung Series 5": 0.0,
    "List of Devices Running Chromium": 0.0,
    "HP": 1.4118159957940958e-13,
    "Chromebox": 1.4118159957940958e-13,
    "Moto G2": 5.385650618721374e-19,
    "Motorola Moto G (2014)": 0.0,
    "Presentations": 0.0,
    "Android 2.2 Froyo": 0.10723188537631392
  },
  "hitsAuths": {
    "Google Wiki:Main Page": 0.0,
    "Gmail": 0.12280787900865886,
    "Google+ Local": 4.3192875741627656e-18,
    "Blogger": 0.017193240908492557,
    "Google Zeitgeist": 4.3192875741627656e-18,
    "Zeitgeist": 0.0,
    "Google Video": 0.0,
    "Google Wiki talk:Main Page": 0.0,
    "Google": 0.8599988800794516,
    "Help": 4.3192875741627656e-18,
    "Google Reader": 4.3192875741627656e-18,
    "Google Base": 4.3192875741627656e-18,
    "Desktop Search": 0.0,
    "Google Summer of Code": 4.3192875741627656e-18,
    "Google Toolbar": 4.3192875741627656e-18,
    "Google Cooking": 0.0,
    "Google Analytics": 4.3192875741627656e-18,
    "Analytics": 0.0,
    "Google in China": 0.0,
    "Google Talk": 0.0,
    "Blogspot": 0.0,
    "Google Presentations": 0.0,
    "Google Desktop Search": 4.3192875741627656e-18,
    "Reader": 0.0,
    "Toolbar": 0.0,
    "Summer of Code": 0.0,
    "List of devices running Chromium OS": 0.0,
    "Series 5 550": 0.0,
    "Series 5": 0.0,
    "Google Local": 0.0,
    "Chromebooks": 5.66137660920662e-13,
    "Chrome OS": 5.66137660920662e-13,
    "Samsung Series 5 550": 4.3192875741627656e-18,
    "Samsung Series 5": 4.3192875741627656e-18,
    "List of Devices Running Chromium": 1.132275321841324e-12,
    "HP": 5.66137660920662e-13,
    "Chromebox": 5.66137660920662e-13,
    "Moto G2": 0.0,
    "Motorola Moto G (2014)": 4.3192875741627656e-18,
    "Presentations": 4.3192875741627656e-18,
    "Android 2.2 Froyo": 0.0
  },
  "averagePathLength": 1.0
}