{
  "numNodes": 66,
  "numEdges": 58,
  "selfLinks": 2,
  "numStrongComponents": 62,
  "numWeakComponents": 17,
  "sizeLargestStrong": 4,
  "sizeLargestWeak": 30,
  "radius": 2,
  "diameter": 3,
  "averageInDegree": 0.8787878787878788,
  "averageOutDegree": 0.8787878787878788,
  "maxOutDegree": 3,
  "maxInDegree": 10,
  "pageRank": {
    "Google Wiki:Main Page": 0.003907914960506815,
    "Gmail": 0.04882596662867274,
    "Google+ Local": 0.007425151481806256,
    "Blogger": 0.009183769742455977,
    "Google Zeitgeist": 0.007425151481806256,
    "Zeitgeist": 0.003907914960506815,
    "Google Video": 0.003907914960506815,
    "Google Wiki talk:Main Page": 0.003907914960506815,
    "Google": 0.44038348184181486,
    "Help": 0.007425151481806256,
    "Blog Search": 0.003907914960506815,
    "Google Reader": 0.007425151481806256,
    "Google Base": 0.007425151481806256,
    "Desktop Search": 0.003907914960506815,
    "Google Summer of Code": 0.007425151481806256,
    "Google Toolbar": 0.007425151481806256,
    "Google Cooking": 0.003907914960506815,
    "Removing pages from Google's index": 0.003907914960506815,
    "Google Analytics": 0.007425151481806256,
    "Analytics": 0.003907914960506815,
    "Google in China": 0.003907914960506815,
    "Google Talk": 0.039065719314526445,
    "Gmail for your domain": 0.01855716821646023,
    "Google Page Creator": 0.003907914960506815,
    "Google Groups": 0.012525205725186232,
    "Google Wiki:Gmail sending limit": 0.03733587509116901,
    "Google Desktop": 0.016335647435753605,
    "Google Trends": 0.007425151481806256,
    "Google Co-op": 0.007425151481806256,
    "Google errors": 0.014459624524405138,
    "Gmail down": 0.003907914960506815,
    "Spreadsheets": 0.007425151481806256,
    "Google Project Hosting": 0.007425151481806256,
    "Google.org": 0.007425151481806256,
    "Gmail errors": 0.003907914960506815,
    "Errors": 0.003907914960506815,
    "Blogspot": 0.003907914960506815,
    "Google Code Hosting": 0.003907914960506815,
    "Google Spreadsheets": 0.003907914960506815,
    "Google Presentations": 0.003907914960506815,
    "Google Foundation": 0.003907914960506815,
    "Gmail tips": 0.01855716821646023,
    "Google Desktop Search": 0.007425151481806256,
    "Desktop": 0.003907914960506815,
    "Co-op": 0.003907914960506815,
    "Reader": 0.003907914960506815,
    "Toolbar": 0.003907914960506815,
    "Trends": 0.003907914960506815,
    "Summer of Code": 0.003907914960506815,
    "List of devices running Chromium OS": 0.003907914960506815,
    "Series 5 550": 0.003907914960506815,
    "Series 5": 0.003907914960506815,
    "Google Local": 0.003907914960506815,
    "Chromebooks": 0.007105524383801533,
    "Google search": 0.010590786925967325,
    "Chrome OS": 0.007105524383801533,
    "Samsung Series 5 550": 0.007425151481806256,
    "Samsung Series 5": 0.007425151481806256,
    "List of Devices Running Chromium": 0.013820370328395693,
    "Gmail sending limit": 0.037139028025302834,
    "HP": 0.007105524383801533,
    "Chromebox": 0.007105524383801533,
    "Moto G2": 0.003907914960506815,
    "Motorola Moto G (2014)": 0.007425151481806256,
    "Presentations": 0.007425151481806256,
    "Android 2.2 Froyo": 0.003907914960506815
  },
  "hitsHubs": {
    "Google Wiki:Main Page": 0.07311319952067181,
    "Gmail": 0.015386074456387695,
    "Google+ Local": 0.0,
    "Blogger": 0.07311319952067181,
    "Google Zeitgeist": 0.0,
    "Zeitgeist": 3.422304168622212e-28,
    "Google Video": 0.07311319952067181,
    "Google Wiki talk:Main Page": 3.422304168622212e-28,
    "Google": 0.07311319952067181,
    "Help": 0.0,
    "Blog Search": 0.07311319952067181,
    "Google Reader": 0.11500600615639267,
    "Google Base": 0.0,
    "Desktop Search": 3.422304168622212e-28,
    "Google Summer of Code": 0.0854539195269514,
    "Google Toolbar": 0.07311319952067181,
    "Google Cooking": 3.422304168622212e-28,
    "Removing pages from Google's index": 0.012340720006279586,
    "Google Analytics": 0.0,
    "Analytics": 3.422304168622212e-28,
    "Google in China": 0.03272317342387806,
    "Google Talk": 3.422304168622212e-28,
    "Gmail for your domain": 0.11533278793168097,
    "Google Page Creator": 0.041892806635720856,
    "Google Groups": 0.0,
    "Google Wiki:Gmail sending limit": 0.02955208662944127,
    "Google Desktop": 0.0,
    "Google Trends": 0.0,
    "Google Co-op": 3.422304168622212e-28,
    "Google errors": 0.012667501781567898,
    "Gmail down": 2.899679340122897e-16,
    "Spreadsheets": 0.0,
    "Google Project Hosting": 0.0,
    "Google.org": 0.0,
    "Gmail errors": 2.899679340122897e-16,
    "Errors": 2.899679340122897e-16,
    "Blogspot": 0.003171086794436789,
    "Google Code Hosting": 3.422304168622212e-28,
    "Google Spreadsheets": 3.422304168622212e-28,
    "Google Presentations": 3.422304168622212e-28,
    "Google Foundation": 3.422304168622212e-28,
    "Gmail tips": 0.0,
    "Google Desktop Search": 0.012340720006279584,
    "Desktop": 0.012340720006279584,
    "Co-op": 3.422304168622212e-28,
    "Reader": 3.422304168622212e-28,
    "Toolbar": 3.422304168622212e-28,
    "Trends": 3.422304168622212e-28,
    "Summer of Code": 3.422304168622212e-28,
    "List of devices running Chromium OS": 1.1483347250935055e-20,
    "Series 5 550": 3.422304168622212e-28,
    "Series 5": 3.422304168622212e-28,
    "Google Local": 3.422304168622212e-28,
    "Chromebooks": 1.1483347250935055e-20,
    "Google search": 0.0,
    "Chrome OS": 0.0,
    "Samsung Series 5 550": 0.0,
    "Samsung Series 5": 0.0,
    "List of Devices Running Chromium": 0.0,
    "Gmail sending limit": 3.422304168622212e-28,
    "HP": 1.1483347250935055e-20,
    "Chromebox": 1.1483347250935055e-20,
    "Moto G2": 3.422304168622212e-28,
    "Motorola Moto G (2014)": 0.0,
    "Presentations": 0.0,
    "Android 2.2 Froyo": 0.07311319952067181
  },
  "hitsAuths": {
    "Google Wiki:Main Page": 0.0,
    "Gmail": 0.20254488864775452,
    "Google+ Local": 2.345588064369577e-27,
    "Blogger": 0.02173408022673043,
    "Google Zeitgeist": 2.345588064369577e-27,
    "Zeitgeist": 0.0,
    "Google Video": 0.0,
    "Google Wiki talk:Main Page": 0.0,
    "Google": 0.5011052194481034,
    "Help": 2.345588064369577e-27,
    "Blog Search": 0.0,
    "Google Reader": 2.345588064369577e-27,
    "Google Base": 2.345588064369577e-27,
    "Desktop Search": 0.0,
    "Google Summer of Code": 2.345588064369577e-27,
    "Google Toolbar": 2.345588064369577e-27,
    "Google Cooking": 0.0,
    "Removing pages from Google's index": 0.0,
    "Google Analytics": 2.345588064369577e-27,
    "Analytics": 0.0,
    "Google in China": 0.0,
    "Google Talk": 2.345588064369577e-27,
    "Gmail for your domain": 0.009316313372498632,
    "Google Page Creator": 0.0,
    "Google Groups": 0.08458115972815397,
    "Google Wiki:Gmail sending limit": 2.345588064369577e-27,
    "Google Desktop": 0.08458115972815396,
    "Google Trends": 2.345588064369577e-27,
    "Google Co-op": 2.345588064369577e-27,
    "Google errors": 1.9873900493857974e-15,
    "Gmail down": 0.0,
    "Spreadsheets": 2.345588064369577e-27,
    "Google Project Hosting": 2.345588064369577e-27,
    "Google.org": 2.345588064369577e-27,
    "Gmail errors": 0.0,
    "Errors": 0.0,
    "Blogspot": 0.0,
    "Google Code Hosting": 0.0,
    "Google Spreadsheets": 0.0,
    "Google Presentations": 0.0,
    "Google Foundation": 0.0,
    "Gmail tips": 0.009316313372498632,
    "Google Desktop Search": 2.345588064369577e-27,
    "Desktop": 0.0,
    "Co-op": 0.0,
    "Reader": 0.0,
    "Toolbar": 0.0,
    "Trends": 0.0,
    "Summer of Code": 0.0,
    "List of devices running Chromium OS": 0.0,
    "Series 5 550": 0.0,
    "Series 5": 0.0,
    "Google Local": 0.0,
    "Chromebooks": 3.93524376029503e-20,
    "Google search": 2.345588064369577e-27,
    "Chrome OS": 3.93524376029503e-20,
    "Samsung Series 5 550": 2.345588064369577e-27,
    "Samsung Series 5": 2.345588064369577e-27,