{
  "numNodes": 45,
  "numEdges": 39,
  "selfLinks": 1,
  "numStrongComponents": 43,
  "numWeakComponents": 12,
  "sizeLargestStrong": 2,
  "sizeLargestWeak": 19,
  "radius": 1,
  "diameter": 1,
  "averageInDegree": 0.8666666666666667,
  "averageOutDegree": 0.8666666666666667,
  "maxOutDegree": 2,
  "maxInDegree": 10,
  "pageRank": {
    "Google Wiki:Main Page": 0.004951741742069203,
    "Gmail": 0.026678668560964236,
    "Google+ Local": 0.009408444210712803,
    "Blogger": 0.011636795445034601,
    "Google Zeitgeist": 0.009408444210712803,
    "Zeitgeist": 0.004951741742069203,
    "Google Video": 0.004951741742069203,
    "Google Wiki talk:Main Page": 0.004951741742069203,
    "Google": 0.6320744065971917,
    "Help": 0.009408444210712803,
    "Google Reader": 0.009408444210712803,
    "Google Base": 0.009408444210712803,
    "Desktop Search": 0.004951741742069203,
    "Google Summer of Code": 0.009408444210712803,
    "Google Toolbar": 0.009408444210712803,
    "Google Cooking": 0.004951741742069203,
    "Removing pages from Google's index": 0.004951741742069203,
    "Google Analytics": 0.009408444210712803,
    "Analytics": 0.004951741742069203,
    "Google in China": 0.004951741742069203,
    "Google Talk": 0.004951741742069203,
    "Gmail for your domain": 0.028965315794266342,
    "Google Page Creator": 0.004951741742069203,
    "Google Groups": 0.01587074832279474,
    "Blogspot": 0.004951741742069203,
    "Google Presentations": 0.004951741742069203,
    "Google Desktop Search": 0.009408444210712803,
    "Reader": 0.004951741742069203,
    "Toolbar": 0.004951741742069203,
    "Summer of Code": 0.004951741742069203,
    "List of devices running Chromium OS": 0.004951741742069203,
    "Series 5 550": 0.004951741742069203,
    "Series 5": 0.004951741742069203,
    "Google Local": 0.004951741742069203,
    "Chromebooks": 0.009003501914730828,
    "Chrome OS": 0.009003501914730828,
    "Samsung Series 5 550": 0.009408444210712803,
    "Samsung Series 5": 0.009408444210712803,
    "List of Devices Running Chromium": 0.017511964556036052,
    "HP": 0.009003501914730828,
    "Chromebox": 0.009003501914730828,
    "Moto G2": 0.004951741742069203,
    "Motorola Moto G (2014)": 0.009408444210712803,
    "Presentations": 0.009408444210712803,
    "Android 2.2 Froyo": 0.004951741742069203
  },
  "hitsHubs": {
    "Google Wiki:Main Page": 0.0842039034660971,
    "Gmail": 1.674010333295389e-23,
    "Google+ Local": 0.0,
    "Blogger": 0.0842039034660971,
    "Google Zeitgeist": 0.0,
    "Zeitgeist": 1.674010333295389e-23,
    "Google Video": 0.0842039034660971,
    "Google Wiki talk:Main Page": 1.674010333295389e-23,
    "Google": 0.0842039034660971,
    "Help": 0.0,
    "Google Reader": 0.1114546727582909,
    "Google Base": 0.0,
    "Desktop Search": 1.674010333295389e-23,
    "Google Summer of Code": 0.09846263249173978,
    "Google Toolbar": 0.0842039034660971,
    "Google Cooking": 1.674010333295389e-23,
    "Removing pages from Google's index": 0.014258729025642672,
    "Google Analytics": 0.0,
    "Analytics": 1.674010333295389e-23,
    "Google in China": 0.030341619838856825,
    "Google Talk": 0.0842039034660971,
    "Gmail for your domain": 0.1114546727582909,
    "Google Page Creator": 0.04150949831783647,
    "Google Groups": 0.0,
    "Blogspot": 0.00309085054666302,
    "Google Presentations": 1.674010333295389e-23,
    "Google Desktop Search": 0.0,
    "Reader": 1.674010333295389e-23,
    "Toolbar": 1.674010333295389e-23,
    "Summer of Code": 1.674010333295389e-23,
    "List of devices running Chromium OS": 3.5106541184910913e-17,
    "Series 5 550": 1.674010333295389e-23,
    "Series 5": 1.674010333295389e-23,
    "Google Local": 1.674010333295389e-23,
    "Chromebooks": 3.5106541184910913e-17,
    "Chrome OS": 0.0,
    "Samsung Series 5 550": 0.0,
    "Samsung Series 5": 0.0,
    "List of Devices Running Chromium": 0.0,
    "HP": 3.5106541184910913e-17,
    "Chromebox": 3.5106541184910913e-17,
    "Moto G2": 1.674010333295389e-23,
    "Motorola Moto G (2014)": 0.0,
    "Presentations": 0.0,
    "Android 2.2 Froyo": 0.0842039034660971
  },
  "hitsAuths": {
    "Google Wiki:Main Page": 0.0,
    "Gmail": 0.2115673108543835,
    "Google+ Local": 1.2996545556576605e-22,
    "Blogger": 0.023996494608965687,
    "Google Zeitgeist": 1.2996545556576605e-22,
    "Zeitgeist": 0.0,
    "Google Video": 0.0,
    "Google Wiki talk:Main Page": 0.0,
    "Google": 0.6537354314201856,
    "Help": 1.2996545556576605e-22,
    "Google Reader": 1.2996545556576605e-22,
    "Google Base": 1.2996545556576605e-22,
    "Desktop Search": 0.0,
    "Google Summer of Code": 1.2996545556576605e-22,
    "Google Toolbar": 1.2996545556576605e-22,
    "Google Cooking": 0.0,
    "Removing pages from Google's index": 0.0,
    "Google Analytics": 1.2996545556576605e-22,
    "Analytics": 0.0,
    "Google in China": 0.0,
    "Google Talk": 0.0,
    "Gmail for your domain": 1.2996545556576605e-22,
    "Google Page Creator": 0.0,
    "Google Groups": 0.11070076311646421,
    "Blogspot": 0.0,
    "Google Presentations": 0.0,
    "Google Desktop Search": 1.2996545556576605e-22,
    "Reader": 0.0,
    "Toolbar": 0.0,
    "Summer of Code": 0.0,
    "List of devices running Chromium OS": 0.0,
    "Series 5 550": 0.0,
    "Series 5": 0.0,
    "Google Local": 0.0,
    "Chromebooks": 1.362786575353287e-16,
    "Chrome OS": 1.362786575353287e-16,
    "Samsung Series 5 550": 1.2996545556576605e-22,
    "Samsung Series 5": 1.2996545556576605e-22,
    "List of Devices Running Chromium": 2.725573150706574e-16,
    "HP": 1.362786575353287e-16,
    "Chromebox": 1.362786575353287e-16,
    "Moto G2": 0.0,
    "Motorola Moto G (2014)": 1.2996545556576605e-22,
    "Presentations": 1.2996545556576605e-22,
    "Android 2.2 Froyo": 0.0
  },
  "averagePathLength": 1.0
}