{
  "numNodes": 54,
  "numEdges": 49,
  "selfLinks": 2,
  "numStrongComponents": 50,
  "numWeakComponents": 14,
  "sizeLargestStrong": 4,
  "sizeLargestWeak": 24,
  "radius": 2,
  "diameter": 3,
  "averageInDegree": 0.9074074074074074,
  "averageOutDegree": 0.9074074074074074,
  "maxOutDegree": 3,
  "maxInDegree": 9,
  "pageRank": {
    "Google Wiki:Main Page": 0.004348707824360276,
    "Gmail": 0.052557773999548925,
    "Google+ Local": 0.008262549340220395,
    "Blogger": 0.010219470098150454,
    "Google Zeitgeist": 0.008262549340220395,
    "Zeitgeist": 0.004348707824360276,
    "Google Video": 0.004348707824360276,
    "Google Wiki talk:Main Page": 0.004348707824360276,
    "Google": 0.47299301819222483,
    "Help": 0.008262549340220395,
    "Google Reader": 0.008262549340220395,
    "Google Base": 0.008262549340220395,
    "Desktop Search": 0.004348707824360276,
    "Google Summer of Code": 0.008262549340220395,
    "Google Toolbar": 0.008262549340220395,
    "Google Cooking": 0.004348707824360276,
    "Removing pages from Google's index": 0.004348707824360276,
    "Google Analytics": 0.008262549340220395,
    "Analytics": 0.004348707824360276,
    "Google in China": 0.004348707824360276,
    "Google Talk": 0.04348688041281282,
    "Gmail for your domain": 0.028003655085683036,
    "Google Page Creator": 0.004348707824360276,
    "Google Groups": 0.013937622281074962,
    "Google Wiki:Gmail sending limit": 0.03711992224497237,
    "Google Desktop": 0.01817762182801908,
    "Google Trends": 0.008262549340220395,
    "Google Co-op": 0.008262549340220395,
    "Blogspot": 0.004348707824360276,
    "Google Presentations": 0.004348707824360276,
    "Google Desktop Search": 0.008262549340220395,
    "Desktop": 0.004348707824360276,
    "Co-op": 0.004348707824360276,
    "Reader": 0.004348707824360276,
    "Toolbar": 0.004348707824360276,
    "Trends": 0.004348707824360276,
    "Summer of Code": 0.004348707824360276,
    "List of devices running Chromium OS": 0.004348707824360276,
    "Series 5 550": 0.004348707824360276,
    "Series 5": 0.004348707824360276,
    "Google Local": 0.004348707824360276,
    "Chromebooks": 0.007906752010466898,
    "Google search": 0.011785012190209289,
    "Chrome OS": 0.007906752010466898,
    "Samsung Series 5 550": 0.008262549340220395,
    "Samsung Series 5": 0.008262549340220395,
    "List of Devices Running Chromium": 0.015378637712433637,
    "Gmail sending limit": 0.036406150025050245,
    "HP": 0.007906752010466898,
    "Chromebox": 0.007906752010466898,
    "Moto G2": 0.004348707824360276,
    "Motorola Moto G (2014)": 0.008262549340220395,
    "Presentations": 0.008262549340220395,
    "Android 2.2 Froyo": 0.004348707824360276
  },
  "hitsHubs": {
    "Google Wiki:Main Page": 0.0767152102906391,
    "Gmail": 0.014866129648428933,
    "Google+ Local": 0.0,
    "Blogger": 0.0767152102906391,
    "Google Zeitgeist": 0.0,
    "Zeitgeist": 2.3384537684877773e-27,
    "Google Video": 0.0767152102906391,
    "Google Wiki talk:Main Page": 2.3384537684877773e-27,
    "Google": 0.0767152102906391,
    "Help": 0.0,
    "Google Reader": 0.128240679892418,
    "Google Base": 0.0,
    "Desktop Search": 2.3384537684877773e-27,
    "Google Summer of Code": 0.09176931393888468,
    "Google Toolbar": 0.0767152102906391,
    "Google Cooking": 2.3384537684877773e-27,
    "Removing pages from Google's index": 0.015054103648245583,
    "Google Analytics": 0.0,
    "Analytics": 2.3384537684877773e-27,
    "Google in China": 0.0407527197714645,
    "Google Talk": 2.3384537684877773e-27,
    "Gmail for your domain": 0.12663939468698915,
    "Google Page Creator": 0.051525469601778874,
    "Google Groups": 0.0,
    "Google Wiki:Gmail sending limit": 0.03647136595353329,
    "Google Desktop": 0.0,
    "Google Trends": 0.0,
    "Google Co-op": 2.3384537684877773e-27,
    "Blogspot": 0.004281353817931207,
    "Google Presentations": 2.3384537684877773e-27,
    "Google Desktop Search": 0.015054103648245583,
    "Desktop": 0.015054103648245583,
    "Co-op": 2.3384537684877773e-27,
    "Reader": 2.3384537684877773e-27,
    "Toolbar": 2.3384537684877773e-27,
    "Trends": 2.3384537684877773e-27,
    "Summer of Code": 2.3384537684877773e-27,
    "List of devices running Chromium OS": 7.846548795986686e-20,
    "Series 5 550": 2.3384537684877773e-27,
    "Series 5": 2.3384537684877773e-27,
    "Google Local": 2.3384537684877773e-27,
    "Chromebooks": 7.846548795986686e-20,
    "Google search": 0.0,
    "Chrome OS": 0.0,
    "Samsung Series 5 550": 0.0,
    "Samsung Series 5": 0.0,
    "List of Devices Running Chromium": 0.0,
    "Gmail sending limit": 2.3384537684877773e-27,
    "HP": 7.846548795986686e-20,
    "Chromebox": 7.846548795986686e-20,
    "Moto G2": 2.3384537684877773e-27,
    "Motorola Moto G (2014)": 0.0,
    "Presentations": 0.0,
    "Android 2.2 Froyo": 0.0767152102906391
  },
  "hitsAuths": {
    "Google Wiki:Main Page": 0.0,
    "Gmail": 0.22451894217873936,
    "Google+ Local": 1.4395599197016052e-26,
    "Blogger": 0.026356156539886814,
    "Google Zeitgeist": 1.4395599197016052e-26,
    "Zeitgeist": 0.0,
    "Google Video": 0.0,
    "Google Wiki talk:Main Page": 0.0,
    "Google": 0.47226138679363594,
    "Help": 1.4395599197016052e-26,
    "Google Reader": 1.4395599197016052e-26,
    "Google Base": 1.4395599197016052e-26,
    "Desktop Search": 0.0,
    "Google Summer of Code": 1.4395599197016052e-26,
    "Google Toolbar": 1.4395599197016052e-26,
    "Google Cooking": 0.0,
    "Removing pages from Google's index": 0.0,
    "Google Analytics": 1.4395599197016052e-26,
    "Analytics": 0.0,
    "Google in China": 0.0,
    "Google Talk": 1.4395599197016052e-26,
    "Gmail for your domain": 0.008700390801311983,
    "Google Page Creator": 0.0,
    "Google Groups": 0.09267356289477709,
    "Google Wiki:Gmail sending limit": 1.4395599197016052e-26,
    "Google Desktop": 0.09267356289477709,
    "Google Trends": 1.4395599197016052e-26,
    "Google Co-op": 1.4395599197016052e-26,
    "Blogspot": 0.0,
    "Google Presentations": 0.0,
    "Google Desktop Search": 1.4395599197016052e-26,
    "Desktop": 0.0,
    "Co-op": 0.0,
    "Reader": 0.0,
    "Toolbar": 0.0,
    "Trends": 0.0,
    "Summer of Code": 0.0,
    "List of devices running Chromium OS": 0.0,
    "Series 5 550": 0.0,
    "Series 5": 0.0,
    "Google Local": 0.0,
    "Chromebooks": 2.4151807717776485e-19,
    "Google search": 1.4395599197016052e-26,
    "Chrome OS": 2.4151807717776485e-19,
    "Samsung Series 5 550": 1.4395599197016052e-26,
    "Samsung Series 5": 1.4395599197016052e-26,
    "List of Devices Running Chromium": 4.830361543555297e-19,
    "Gmail sending limit": 0.08281599789687179,
    "HP": 2.4151807717776485e-19,
    "Chromebox": 2.4151807717776485e-19,
    "Moto G2": 0.0,
    "Motorola Moto G (2014)": 1.4395599197016052e-26,
    "Presentations": 1.4395599197016052e-26,
    "Android 2.2 Froyo": 0.0
  },
  "averagePathLength": 1.5833333333333333
}