{
  "numNodes": 63,
  "numEdges": 56,
  "selfLinks": 2,
  "numStrongComponents": 59,
  "numWeakComponents": 16,
  "sizeLargestStrong": 4,
  "sizeLargestWeak": 29,
  "radius": 2,
  "diameter": 3,
  "averageInDegree": 0.8888888888888888,
  "averageOutDegree": 0.8888888888888888,
  "maxOutDegree": 3,
  "maxInDegree": 10,
  "pageRank": {
    "Google Wiki:Main Page": 0.004065494913352042,
    "Gmail": 0.04630437986544069,
    "Google+ Local": 0.007724566545829734,
    "Blogger": 0.00955410236206858,
    "Google Zeitgeist": 0.007724566545829734,
    "Zeitgeist": 0.004065494913352042,
    "Google Video": 0.004065494913352042,
    "Google Wiki talk:Main Page": 0.004065494913352042,
    "Google": 0.45410175669476277,
    "Help": 0.007724566545829734,
    "Blog Search": 0.004065494913352042,
    "Google Reader": 0.007724566545829734,
    "Google Base": 0.007724566545829734,
    "Desktop Search": 0.004065494913352042,
    "Google Summer of Code": 0.007724566545829734,
    "Google Toolbar": 0.007724566545829734,
    "Google Cooking": 0.004065494913352042,
    "Removing pages from Google's index": 0.004065494913352042,
    "Google Analytics": 0.007724566545829734,
    "Analytics": 0.004065494913352042,
    "Google in China": 0.004065494913352042,
    "Google Talk": 0.04064078204804073,
    "Gmail for your domain": 0.017958307451865024,
    "Google Page Creator": 0.004065494913352042,
    "Google Groups": 0.013030289140882018,
    "Google Wiki:Gmail sending limit": 0.03430118348500624,
    "Google Desktop": 0.0169943979559989,
    "Google Trends": 0.007724566545829734,
    "Google Co-op": 0.007724566545829734,
    "Google errors": 0.011383638178307426,
    "Spreadsheets": 0.007724566545829734,
    "Google Project Hosting": 0.007724566545829734,
    "Gmail errors": 0.004065494913352042,
    "Errors": 0.004065494913352042,
    "Blogspot": 0.004065494913352042,
    "Google Code Hosting": 0.004065494913352042,
    "Google Spreadsheets": 0.004065494913352042,
    "Google Presentations": 0.004065494913352042,
    "Gmail tips": 0.017958307451865024,
    "Google Desktop Search": 0.007724566545829734,
    "Desktop": 0.004065494913352042,
    "Co-op": 0.004065494913352042,
    "Reader": 0.004065494913352042,
    "Toolbar": 0.004065494913352042,
    "Trends": 0.004065494913352042,
    "Summer of Code": 0.004065494913352042,
    "List of devices running Chromium OS": 0.004065494913352042,
    "Series 5 550": 0.004065494913352042,
    "Series 5": 0.004065494913352042,
    "Google Local": 0.004065494913352042,
    "Chromebooks": 0.007392060857744621,
    "Google search": 0.011017868470978916,
    "Chrome OS": 0.007392060857744621,
    "Samsung Series 5 550": 0.007724566545829734,
    "Samsung Series 5": 0.007724566545829734,
    "List of Devices Running Chromium": 0.01437769843461489,
    "Gmail sending limit": 0.033592061262875415,
    "HP": 0.007392060857744621,
    "Chromebox": 0.007392060857744621,
    "Moto G2": 0.004065494913352042,
    "Motorola Moto G (2014)": 0.007724566545829734,
    "Presentations": 0.007724566545829734,
    "Android 2.2 Froyo": 0.004065494913352042
  },
  "hitsHubs": {
    "Google Wiki:Main Page": 0.07311319952067187,
    "Gmail": 0.015386074456387707,
    "Google+ Local": 0.0,
    "Blogger": 0.07311319952067187,
    "Google Zeitgeist": 0.0,
    "Zeitgeist": 3.422304168622214e-28,
    "Google Video": 0.07311319952067187,
    "Google Wiki talk:Main Page": 3.422304168622214e-28,
    "Google": 0.07311319952067187,
    "Help": 0.0,
    "Blog Search": 0.07311319952067187,
    "Google Reader": 0.11500600615639277,
    "Google Base": 0.0,
    "Desktop Search": 3.422304168622214e-28,
    "Google Summer of Code": 0.08545391952695147,
    "Google Toolbar": 0.07311319952067187,
    "Google Cooking": 3.422304168622214e-28,
    "Removing pages from Google's index": 0.012340720006279596,
    "Google Analytics": 0.0,
    "Analytics": 3.422304168622214e-28,
    "Google in China": 0.03272317342387809,
    "Google Talk": 3.422304168622214e-28,
    "Gmail for your domain": 0.11533278793168107,
    "Google Page Creator": 0.04189280663572089,
    "Google Groups": 0.0,
    "Google Wiki:Gmail sending limit": 0.029552086629441296,
    "Google Desktop": 0.0,
    "Google Trends": 0.0,
    "Google Co-op": 3.422304168622214e-28,
    "Google errors": 0.012667501781567909,
    "Spreadsheets": 0.0,
    "Google Project Hosting": 0.0,
    "Gmail errors": 1.148334725093506e-20,
    "Errors": 1.148334725093506e-20,
    "Blogspot": 0.0031710867944367916,
    "Google Code Hosting": 3.422304168622214e-28,
    "Google Spreadsheets": 3.422304168622214e-28,
    "Google Presentations": 3.422304168622214e-28,
    "Gmail tips": 0.0,
    "Google Desktop Search": 0.012340720006279594,
    "Desktop": 0.012340720006279594,
    "Co-op": 3.422304168622214e-28,
    "Reader": 3.422304168622214e-28,
    "Toolbar": 3.422304168622214e-28,
    "Trends": 3.422304168622214e-28,
    "Summer of Code": 3.422304168622214e-28,
    "List of devices running Chromium OS": 1.148334725093506e-20,
    "Series 5 550": 3.422304168622214e-28,
    "Series 5": 3.422304168622214e-28,
    "Google Local": 3.422304168622214e-28,
    "Chromebooks": 1.148334725093506e-20,
    "Google search": 0.0,
    "Chrome OS": 0.0,
    "Samsung Series 5 550": 0.0,
    "Samsung Series 5": 0.0,
    "List of Devices Running Chromium": 0.0,
    "Gmail sending limit": 3.422304168622214e-28,
    "HP": 1.148334725093506e-20,
    "Chromebox": 1.148334725093506e-20,
    "Moto G2": 3.422304168622214e-28,
    "Motorola Moto G (2014)": 0.0,
    "Presentations": 0.0,
    "Android 2.2 Froyo": 0.07311319952067187
  },
  "hitsAuths": {
    "Google Wiki:Main Page": 0.0,
    "Gmail": 0.2025448886477549,
    "Google+ Local": 2.3455880643695814e-27,
    "Blogger": 0.021734080226730474,
    "Google Zeitgeist": 2.3455880643695814e-27,
    "Zeitgeist": 0.0,
    "Google Video": 0.0,
    "Google Wiki talk:Main Page": 0.0,
    "Google": 0.5011052194481044,
    "Help": 2.3455880643695814e-27,
    "Blog Search": 0.0,
    "Google Reader": 2.3455880643695814e-27,
    "Google Base": 2.3455880643695814e-27,
    "Desktop Search": 0.0,
    "Google Summer of Code": 2.3455880643695814e-27,
    "Google Toolbar": 2.3455880643695814e-27,
    "Google Cooking": 0.0,
    "Removing pages from Google's index": 0.0,
    "Google Analytics": 2.3455880643695814e-27,
    "Analytics": 0.0,
    "Google in China": 0.0,
    "Google Talk": 2.3455880643695814e-27,
    "Gmail for your domain": 0.00931631337249865,
    "Google Page Creator": 0.0,
    "Google Groups": 0.08458115972815414,
    "Google Wiki:Gmail sending limit": 2.3455880643695814e-27,
    "Google Desktop": 0.08458115972815412,
    "Google Trends": 2.3455880643695814e-27,
    "Google Co-op": 2.3455880643695814e-27,
    "Google errors": 7.870487520590074e-20,
    "Spreadsheets": 2.3455880643695814e-27,
    "Google Project Hosting": 2.3455880643695814e-27,
    "Gmail errors": 0.0,
    "Errors": 0.0,
    "Blogspot": 0.0,
    "Google Code Hosting": 0.0,
    "Google Spreadsheets": 0.0,
    "Google Presentations": 0.0,
    "Gmail tips": 0.00931631337249865,
    "Google Desktop Search": 2.3455880643695814e-27,
    "Desktop": 0.0,
    "Co-op": 0.0,
    "Reader": 0.0,
    "Toolbar": 0.0,
    "Trends": 0.0,
    "Summer of Code": 0.0,
    "List of devices running Chromium OS": 0.0,
    "Series 5 550": 0.0,
    "Series 5": 0.0,
    "Google Local": 0.0,
    "Chromebooks": 3.935243760295037e-20,
    "Google search": 2.3455880643695814e-27,
    "Chrome OS": 3.935243760295037e-20,
    "Samsung Series 5 550": 2.3455880643695814e-27,
    "Samsung Series 5": 2.3455880643695814e-27,
    "List of Devices Running Chromium": 7.870487520590074e-20,
    "Gmail sending limit": 0.08682086547610451,
    "HP": 3.935243760295037e-20,
    "Chromebox": 3.935243760295037e-20,
    "Moto G2": 0.0,
    "Motorola Moto G (2014)": 2.3455880643695814e-27,
    "Presentations": 2.3455880643695814e-27,
    "Android 2.2 Froyo": 0.0
  },