{
  "numNodes": 69,
  "numEdges": 87,
  "selfLinks": 2,
  "numStrongComponents": 64,
  "numWeakComponents": 6,
  "sizeLargestStrong": 5,
  "sizeLargestWeak": 55,
  "radius": 2,
  "diameter": 4,
  "averageInDegree": 1.2608695652173914,
  "averageOutDegree": 1.2608695652173914,
  "maxOutDegree": 29,
  "maxInDegree": 9,
  "pageRank": {
    "Google Wiki:Main Page": 0.0038649231872310433,
    "Gmail": 0.05441593924315328,
    "Google+ Local": 0.00745141280528577,
    "Blogger": 0.009256648871233343,
    "Google Zeitgeist": 0.00746340406220598,
    "Zeitgeist": 0.0038649231872310433,
    "Google Video": 0.003984872549730208,
    "Google Wiki talk:Main Page": 0.0038649231872310433,
    "Google": 0.39951764090733943,
    "Help": 0.007343454699706814,
    "Blog Search": 0.003984872549730208,
    "Google Reader": 0.00746340406220598,
    "Google Base": 0.007571362167784935,
    "Desktop Search": 0.0038649231872310433,
    "Google Summer of Code": 0.00745141280528577,
    "Google Toolbar": 0.00745141280528577,
    "Google Cooking": 0.003984872549730208,
    "Removing pages from Google's index": 0.003984872549730208,
    "Google Analytics": 0.00746340406220598,
    "Analytics": 0.0038649231872310433,
    "Google in China": 0.003984872549730208,
    "Google Talk": 0.03983137309418854,
    "Gmail for your domain": 0.016109956794737278,
    "Google Page Creator": 0.003984872549730208,
    "Google Groups": 0.012717848361733893,
    "Google Wiki:Gmail sending limit": 0.04431917143660469,
    "Google Desktop": 0.016419770301998544,
    "Google Trends": 0.00746340406220598,
    "Google Co-op": 0.00746340406220598,
    "Google Notebook": 0.003984872549730208,
    "Google errors": 0.026665500694663752,
    "Gmail down": 0.0038649231872310433,
    "Spreadsheets": 0.00745141280528577,
    "Google Project Hosting": 0.00745141280528577,
    "Google.org": 0.00745141280528577,
    "Gmail errors": 0.0038649231872310433,
    "Errors": 0.0038649231872310433,
    "Blogspot": 0.0038649231872310433,
    "Google Code Hosting": 0.003984872549730208,
    "Google Spreadsheets": 0.003984872549730208,
    "Google Presentations": 0.003984872549730208,
    "Search URL parts": 0.003984872549730208,
    "Google Foundation": 0.003984872549730208,
    "Google Secure Access": 0.003984872549730208,
    "Gmail tips": 0.01622990615723644,
    "Google Desktop Search": 0.00746340406220598,
    "Desktop": 0.0038649231872310433,
    "Co-op": 0.0038649231872310433,
    "Reader": 0.0038649231872310433,
    "Toolbar": 0.003984872549730208,
    "Trends": 0.0038649231872310433,
    "Summer of Code": 0.003984872549730208,
    "List of devices running Chromium OS": 0.0038649231872310433,
    "Series 5 550": 0.0038649231872310433,
    "Series 5": 0.0038649231872310433,
    "Google Local": 0.003984872549730208,
    "Chromebooks": 0.007027327787163137,
    "Google search": 0.010582197867075469,
    "Chrome OS": 0.007027327787163137,
    "Samsung Series 5 550": 0.007343454699706814,
    "Samsung Series 5": 0.007343454699706814,
    "List of Devices Running Chromium": 0.013668263899571001,
    "Gmail sending limit": 0.0449443980791215,
    "HP": 0.007027327787163137,
    "Chromebox": 0.007027327787163137,
    "Moto G2": 0.0038649231872310433,
    "Motorola Moto G (2014)": 0.007343454699706814,
    "Presentations": 0.00745141280528577,
    "Android 2.2 Froyo": 0.0038649231872310433
  },
  "hitsHubs": {
    "Google Wiki:Main Page": 0.5414392617683143,
    "Gmail": 0.04469302009168209,
    "Google+ Local": 0.0,
    "Blogger": 0.0022877863914101512,
    "Google Zeitgeist": 0.0,
    "Zeitgeist": 0.018745661490919528,
    "Google Video": 0.0022877863914101512,
    "Google Wiki talk:Main Page": 9.401930430249653e-31,
    "Google": 0.0022877863914101512,
    "Help": 0.0,
    "Blog Search": 0.0022877863914101512,
    "Google Reader": 0.02528582765405936,
    "Google Base": 0.0,
    "Desktop Search": 0.018745661490919528,
    "Google Summer of Code": 0.022612574553345654,
    "Google Toolbar": 0.0022877863914101512,
    "Google Cooking": 0.018745661490919528,
    "Removing pages from Google's index": 0.020324788161935503,
    "Google Analytics": 0.0,
    "Analytics": 0.018745661490919528,
    "Google in China": 0.022187073463769705,
    "Google Talk": 0.018745661490919528,
    "Gmail for your domain": 0.006741811644858644,
    "Google Page Creator": 0.022998041262649208,
    "Google Groups": 0.0,
    "Google Wiki:Gmail sending limit": 0.002673253100713703,
    "Google Desktop": 0.0,
    "Google Trends": 0.0,
    "Google Co-op": 9.401930430249653e-31,
    "Google Notebook": 0.0,
    "Google errors": 0.001780772152734791,
    "Gmail down": 0.021802723061064434,
    "Spreadsheets": 0.0,
    "Google Project Hosting": 0.0,
    "Google.org": 0.0,
    "Gmail errors": 0.021802723061064434,
    "Errors": 0.021802723061064434,
    "Blogspot": 0.019513820363056,
    "Google Code Hosting": 9.401930430249653e-31,
    "Google Spreadsheets": 9.401930430249653e-31,
    "Google Presentations": 9.401930430249653e-31,
    "Search URL parts": 0.0,
    "Google Foundation": 9.401930430249653e-31,
    "Google Secure Access": 0.0,
    "Gmail tips": 0.0,
    "Google Desktop Search": 0.020324788161935503,
    "Desktop": 0.020324788161935503,
    "Co-op": 0.018745661490919528,
    "Reader": 0.018745661490919528,
    "Toolbar": 9.401930430249653e-31,
    "Trends": 0.018745661490919528,
    "Summer of Code": 9.401930430249653e-31,
    "List of devices running Chromium OS": 9.85863860282946e-25,
    "Series 5 550": 9.401930430249653e-31,
    "Series 5": 9.401930430249653e-31,
    "Google Local": 9.401930430249653e-31,
    "Chromebooks": 9.85863860282946e-25,
    "Google search": 0.0,
    "Chrome OS": 0.0,
    "Samsung Series 5 550": 0.0,
    "Samsung Series 5": 0.0,
    "List of Devices Running Chromium": 0.0,
    "Gmail sending limit": 9.401930430249653e-31,
    "HP": 9.85863860282946e-25,
    "Chromebox": 9.85863860282946e-25,
    "Moto G2": 9.401930430249653e-31,
    "Motorola Moto G (2014)": 0.0,
    "Presentations": 0.0,
    "Android 2.2 Froyo": 0.0022877863914101512
  },
  "hitsAuths": {
    "Google Wiki:Main Page": 0.0,
    "Gmail": 0.0048633193605973,
    "Google+ Local": 1.7104474797472233e-30,
    "Blogger": 0.03550054439122552,
    "Google Zeitgeist": 0.034103070312217244,
    "Zeitgeist": 0.0,
    "Google Video": 0.032961867496673895,
    "Google Wiki talk:Main Page": 0.0,
    "Google": 0.004162058522361966,
    "Help": 1.7104474797472233e-30,
    "Blog Search": 0.032961867496673895,
    "Google Reader": 0.034103070312217244,
    "Google Base": 0.034103070312217244,
    "Desktop Search": 0.0,
    "Google Summer of Code": 1.7104474797472233e-30,
    "Google Toolbar": 1.7104474797472233e-30,
    "Google Cooking": 0.032961867496673895,
    "Removing pages from Google's index": 0.032961867496673895,
    "Google Analytics": 0.034103070312217244,
    "Analytics": 0.0,
    "Google in China": 0.032961867496673895,
    "Google Talk": 0.034103070312217244,
    "Gmail for your domain": 0.002720832258071016,
    "Google Page Creator": 0.032961867496673895,
    "Google Groups": 0.036975898668775486,
    "Google Wiki:Gmail sending limit": 1.7104474797472233e-30,
    "Google Desktop": 0.036975898668775486,
    "Google Trends": 0.034103070312217244,
    "Google Co-op": 0.034103070312217244,
    "Google Notebook": 0.032961867496673895,
    "Google errors": 0.03966463375589357,
    "Gmail down": 0.0,
    "Spreadsheets": 1.7104474797472233e-30,
    "Google Project Hosting": 1.7104474797472233e-30,
    "Google.org": 1.7104474797472233e-30,
    "Gmail errors": 0.0,
    "Errors": 0.0,
    "Blogspot": 0.0,
    "Google Code Hosting": 0.032961867496673895,
    "Google Spreadsheets": 0.032961867496673895,
    "Google Presentations": 0.032961867496673895,
    "Search URL parts": 0.032961867496673895,
    "Google Foundation": 0.032961867496673895,
    "Google Secure Access": 0.032961867496673895,
    "Gmail tips": 0.03568269975474491,