{
  "numNodes": 66,
  "numEdges": 59,
  "selfLinks": 2,
  "numStrongComponents": 61,
  "numWeakComponents": 17,
  "sizeLargestStrong": 5,
  "sizeLargestWeak": 30,
  "radius": 2,
  "diameter": 4,
  "averageInDegree": 0.8939393939393939,
  "averageOutDegree": 0.8939393939393939,
  "maxOutDegree": 4,
  "maxInDegree": 10,
  "pageRank": {
    "Google Wiki:Main Page": 0.0038263065454385487,
    "Gmail": 0.05343912637390277,
    "Google+ Local": 0.007270070728495479,
    "Blogger": 0.008991952820023944,
    "Google Zeitgeist": 0.007270070728495479,
    "Zeitgeist": 0.0038263065454385487,
    "Google Video": 0.0038263065454385487,
    "Google Wiki talk:Main Page": 0.0038263065454385487,
    "Google": 0.42420991947045,
    "Help": 0.007270070728495479,
    "Blog Search": 0.0038263065454385487,
    "Google Reader": 0.007270070728495479,
    "Google Base": 0.007270070728495479,
    "Desktop Search": 0.0038263065454385487,
    "Google Summer of Code": 0.007270070728495479,
    "Google Toolbar": 0.007270070728495479,
    "Google Cooking": 0.0038263065454385487,
    "Removing pages from Google's index": 0.0038263065454385487,
    "Google Analytics": 0.007270070728495479,
    "Analytics": 0.0038263065454385487,
    "Google in China": 0.0038263065454385487,
    "Google Talk": 0.03824906802124022,
    "Gmail for your domain": 0.015851431812573074,
    "Google Page Creator": 0.0038263065454385487,
    "Google Groups": 0.012263575725957808,
    "Google Wiki:Gmail sending limit": 0.04358644486433824,
    "Google Desktop": 0.015994398477652452,
    "Google Trends": 0.007270070728495479,
    "Google Co-op": 0.007270070728495479,
    "Google errors": 0.02618272436174386,
    "Gmail down": 0.0038263065454385487,
    "Spreadsheets": 0.007270070728495479,
    "Google Project Hosting": 0.007270070728495479,
    "Google.org": 0.007270070728495479,
    "Gmail errors": 0.0038263065454385487,
    "Errors": 0.0038263065454385487,
    "Blogspot": 0.0038263065454385487,
    "Google Code Hosting": 0.0038263065454385487,
    "Google Spreadsheets": 0.0038263065454385487,
    "Google Presentations": 0.0038263065454385487,
    "Google Foundation": 0.0038263065454385487,
    "Gmail tips": 0.015851431812573074,
    "Google Desktop Search": 0.007270070728495479,
    "Desktop": 0.0038263065454385487,
    "Co-op": 0.0038263065454385487,
    "Reader": 0.0038263065454385487,
    "Toolbar": 0.0038263065454385487,
    "Trends": 0.0038263065454385487,
    "Summer of Code": 0.0038263065454385487,
    "List of devices running Chromium OS": 0.0038263065454385487,
    "Series 5 550": 0.0038263065454385487,
    "Series 5": 0.0038263065454385487,
    "Google Local": 0.0038263065454385487,
    "Chromebooks": 0.006957092344956375,
    "Google search": 0.01036955235730628,
    "Chrome OS": 0.006957092344956375,
    "Samsung Series 5 550": 0.007270070728495479,
    "Samsung Series 5": 0.007270070728495479,
    "List of Devices Running Chromium": 0.01353164232753113,
    "Gmail sending limit": 0.044173586173368036,
    "HP": 0.006957092344956375,
    "Chromebox": 0.006957092344956375,
    "Moto G2": 0.0038263065454385487,
    "Motorola Moto G (2014)": 0.007270070728495479,
    "Presentations": 0.007270070728495479,
    "Android 2.2 Froyo": 0.0038263065454385487
  },
  "hitsHubs": {
    "Google Wiki:Main Page": 0.07235225723858182,
    "Gmail": 0.01828606607003556,
    "Google+ Local": 0.0,
    "Blogger": 0.07235225723858182,
    "Google Zeitgeist": 0.0,
    "Zeitgeist": 2.0209221053352734e-32,
    "Google Video": 0.07235225723858182,
    "Google Wiki talk:Main Page": 2.0209221053352734e-32,
    "Google": 0.07235225723858182,
    "Help": 0.0,
    "Blog Search": 0.07235225723858182,
    "Google Reader": 0.11383128709454823,
    "Google Base": 0.0,
    "Desktop Search": 2.0209221053352734e-32,
    "Google Summer of Code": 0.08456024946016018,
    "Google Toolbar": 0.07235225723858182,
    "Google Cooking": 2.0209221053352734e-32,
    "Removing pages from Google's index": 0.012207992221578359,
    "Google Analytics": 0.0,
    "Analytics": 2.0209221053352734e-32,
    "Google in China": 0.03241025014137086,
    "Google Talk": 2.0209221053352734e-32,
    "Gmail for your domain": 0.11448313847469448,
    "Google Page Creator": 0.041479029855966416,
    "Google Groups": 0.0,
    "Google Wiki:Gmail sending limit": 0.029271037634388063,
    "Google Desktop": 0.0,
    "Google Trends": 0.0,
    "Google Co-op": 2.0209221053352734e-32,
    "Google errors": 0.012859843601724602,
    "Gmail down": 0.002196702608440256,
    "Spreadsheets": 0.0,
    "Google Project Hosting": 0.0,
    "Google.org": 0.0,
    "Gmail errors": 0.002196702608440256,
    "Errors": 0.002196702608440256,
    "Blogspot": 0.0031392125069828,
    "Google Code Hosting": 2.0209221053352734e-32,
    "Google Spreadsheets": 2.0209221053352734e-32,
    "Google Presentations": 2.0209221053352734e-32,
    "Google Foundation": 2.0209221053352734e-32,
    "Gmail tips": 0.0,
    "Google Desktop Search": 0.012207992221578359,
    "Desktop": 0.012207992221578359,
    "Co-op": 2.0209221053352734e-32,
    "Reader": 2.0209221053352734e-32,
    "Toolbar": 2.0209221053352734e-32,
    "Trends": 2.0209221053352734e-32,
    "Summer of Code": 2.0209221053352734e-32,
    "List of devices running Chromium OS": 1.0849742937723083e-23,
    "Series 5 550": 2.0209221053352734e-32,
    "Series 5": 2.0209221053352734e-32,
    "Google Local": 2.0209221053352734e-32,
    "Chromebooks": 1.0849742937723083e-23,
    "Google search": 0.0,
    "Chrome OS": 0.0,
    "Samsung Series 5 550": 0.0,
    "Samsung Series 5": 0.0,
    "List of Devices Running Chromium": 0.0,
    "Gmail sending limit": 2.0209221053352734e-32,
    "HP": 1.0849742937723083e-23,
    "Chromebox": 1.0849742937723083e-23,
    "Moto G2": 2.0209221053352734e-32,
    "Motorola Moto G (2014)": 0.0,
    "Presentations": 0.0,
    "Android 2.2 Froyo": 0.07235225723858182
  },
  "hitsAuths": {
    "Google Wiki:Main Page": 0.0,
    "Gmail": 0.19849540833803805,
    "Google+ Local": 1.3704459798398908e-31,
    "Blogger": 0.02128791183341506,
    "Google Zeitgeist": 1.3704459798398908e-31,
    "Zeitgeist": 0.0,
    "Google Video": 0.0,
    "Google Wiki talk:Main Page": 0.0,
    "Google": 0.4906416719535372,
    "Help": 1.3704459798398908e-31,
    "Blog Search": 0.0,
    "Google Reader": 1.3704459798398908e-31,
    "Google Base": 1.3704459798398908e-31,
    "Desktop Search": 0.0,
    "Google Summer of Code": 1.3704459798398908e-31,
    "Google Toolbar": 1.3704459798398908e-31,
    "Google Cooking": 0.0,
    "Removing pages from Google's index": 0.0,
    "Google Analytics": 1.3704459798398908e-31,
    "Analytics": 0.0,
    "Google in China": 0.0,
    "Google Talk": 1.3704459798398908e-31,
    "Gmail for your domain": 0.01095015611212445,
    "Google Page Creator": 0.0,
    "Google Groups": 0.08278594121866525,
    "Google Wiki:Gmail sending limit": 1.3704459798398908e-31,
    "Google Desktop": 0.08278594121866525,
    "Google Trends": 1.3704459798398908e-31,
    "Google Co-op": 1.3704459798398908e-31,
    "Google errors": 0.014896478447601084,
    "Gmail down": 0.0,
    "Spreadsheets": 1.3704459798398908e-31,
    "Google Project Hosting": 1.3704459798398908e-31,
    "Google.org": 1.3704459798398908e-31,
    "Gmail errors": 0.0,
    "Errors": 0.0,
    "Blogspot": 0.0,
    "Google Code Hosting": 0.0,
    "Google Spreadsheets": 0.0,
    "Google Presentations": 0.0,
    "Google Foundation": 0.0,
    "Gmail tips": 0.01095015611212445,
    "Google Desktop Search": 1.3704459798398908e-31,
    "Desktop": 0.0,
    "Co-op": 0.0,
    "Reader": 0.0,
    "Toolbar": 0.0,
    "Trends": 0.0,
    "Summer of Code": 0.0,
    "List of devices running Chromium OS": 0.0,
    "Series 5 550": 0.0,
    "Series 5": 0.0,
    "Google Local": 0.0,
    "Chromebooks": 3.678762915216879e-23,
    "Google search": 1.3704459798398908e-31,
    "Chrome OS": 3.678762915216879e-23,
    "Samsung Series 5 550": 1.3704459798398908e-31,