{
  "numNodes": 74,
  "numEdges": 93,
  "selfLinks": 2,
  "numStrongComponents": 69,
  "numWeakComponents": 6,
  "sizeLargestStrong": 5,
  "sizeLargestWeak": 60,
  "radius": 2,
  "diameter": 4,
  "averageInDegree": 1.2567567567567568,
  "averageOutDegree": 1.2567567567567568,
  "maxOutDegree": 29,
  "maxInDegree": 9,
  "pageRank": {
    "Google Wiki:Main Page": 0.003779708883554886,
    "Gmail": 0.05576510329580256,
    "Google+ Local": 0.0072871298732861915,
    "Blogger": 0.009052567051579554,
    "Google Zeitgeist": 0.0072988565567139,
    "Zeitgeist": 0.003779708883554886,
    "Google Video": 0.0038970138059935197,
    "Google Wiki talk:Main Page": 0.003779708883554886,
    "Google": 0.3596154736947236,
    "Help": 0.007181551634275267,
    "Blog Search": 0.0038970138059935197,
    "Google Reader": 0.0072988565567139,
    "Google Base": 0.007404434795724826,
    "Desktop Search": 0.003779708883554886,
    "Google Summer of Code": 0.0072871298732861915,
    "Google Toolbar": 0.0072871298732861915,
    "Google Cooking": 0.0038970138059935197,
    "Removing pages from Google's index": 0.0038970138059935197,
    "Google Analytics": 0.0072988565567139,
    "Analytics": 0.003779708883554886,
    "Google in China": 0.0038970138059935197,
    "Google Talk": 0.03895010832832534,
    "Gmail for your domain": 0.016328305454682616,
    "Google Page Creator": 0.010360625488030725,
    "Google Groups": 0.01379205232586601,
    "Google Wiki:Gmail sending limit": 0.04447778400833953,
    "Google Desktop": 0.01605777645144474,
    "Google Trends": 0.0072988565567139,
    "Google Co-op": 0.0072988565567139,
    "Google Notebook": 0.0038970138059935197,
    "Google errors": 0.02665113862928239,
    "Gmail down": 0.003779708883554886,
    "Spreadsheets": 0.0072871298732861915,
    "Google Project Hosting": 0.0072871298732861915,
    "Google.org": 0.0072871298732861915,
    "Gmail errors": 0.003779708883554886,
    "Errors": 0.003779708883554886,
    "Google Gadgets": 0.007181551634275267,
    "Google Labs": 0.013457198278212162,
    "Blogspot": 0.003779708883554886,
    "Google Code Hosting": 0.0038970138059935197,
    "Google Spreadsheets": 0.0038970138059935197,
    "Google Presentations": 0.0038970138059935197,
    "Search URL parts": 0.0038970138059935197,
    "Google Foundation": 0.0038970138059935197,
    "Google Secure Access": 0.0038970138059935197,
    "Gmail tips": 0.01644561037712125,
    "Google Desktop Search": 0.0072988565567139,
    "Desktop": 0.003779708883554886,
    "Co-op": 0.003779708883554886,
    "Search engine": 0.010460869690807307,
    "Reader": 0.003779708883554886,
    "Toolbar": 0.0038970138059935197,
    "Trends": 0.003779708883554886,
    "Summer of Code": 0.0038970138059935197,
    "List of devices running Chromium OS": 0.003779708883554886,
    "Series 5 550": 0.003779708883554886,
    "Series 5": 0.003779708883554886,
    "Google Local": 0.0038970138059935197,
    "Chromebooks": 0.006872399399801509,
    "Google gadgets": 0.003779708883554886,
    "Search Engine": 0.003779708883554886,
    "Google search": 0.010348898804603015,
    "Chrome OS": 0.006872399399801509,
    "Samsung Series 5 550": 0.007181551634275267,
    "Samsung Series 5": 0.007181551634275267,
    "List of Devices Running Chromium": 0.013366932666768513,
    "Gmail sending limit": 0.04521533167381623,
    "HP": 0.006872399399801509,
    "Chromebox": 0.006872399399801509,
    "Moto G2": 0.003779708883554886,
    "Motorola Moto G (2014)": 0.007181551634275267,
    "Presentations": 0.0072871298732861915,
    "Android 2.2 Froyo": 0.003779708883554886
  },
  "hitsHubs": {
    "Google Wiki:Main Page": 0.5307018495277127,
    "Gmail": 0.043744335691433704,
    "Google+ Local": 0.0,
    "Blogger": 0.002243927250138128,
    "Google Zeitgeist": 0.0,
    "Zeitgeist": 0.018351473747701894,
    "Google Video": 0.002243927250138128,
    "Google Wiki talk:Main Page": 2.9522365868575636e-32,
    "Google": 0.002243927250138128,
    "Help": 0.0,
    "Blog Search": 0.002243927250138128,
    "Google Reader": 0.02478779010933606,
    "Google Base": 0.0,
    "Desktop Search": 0.018351473747701894,
    "Google Summer of Code": 0.022170609178514,
    "Google Toolbar": 0.0023243007163895996,
    "Google Cooking": 0.018351473747701894,
    "Removing pages from Google's index": 0.01992668192837587,
    "Google Analytics": 0.0,
    "Analytics": 0.018351473747701894,
    "Google in China": 0.02175082716737214,
    "Google Talk": 0.018351473747701894,
    "Gmail for your domain": 0.006633181018902317,
    "Google Page Creator": 0.023382456488059335,
    "Google Groups": 0.0,
    "Google Wiki:Gmail sending limit": 0.0026472178547687847,
    "Google Desktop": 0.0,
    "Google Trends": 0.0008085567049146799,
    "Google Co-op": 2.9522365868575636e-32,
    "Google Notebook": 0.0,
    "Google errors": 0.0017420359139954048,
    "Gmail down": 0.021339994977501785,
    "Spreadsheets": 0.0,
    "Google Project Hosting": 0.0,
    "Google.org": 0.0,
    "Gmail errors": 0.021339994977501785,
    "Errors": 0.021339994977501785,
    "Google Gadgets": 0.018351473747701894,
    "Google Labs": 0.0,
    "Blogspot": 0.019103609312603357,
    "Google Code Hosting": 2.9522365868575636e-32,
    "Google Spreadsheets": 2.9522365868575636e-32,
    "Google Presentations": 2.9522365868575636e-32,
    "Search URL parts": 0.0,
    "Google Foundation": 2.9522365868575636e-32,
    "Google Secure Access": 0.0,
    "Gmail tips": 0.0,
    "Google Desktop Search": 0.019896645004429146,
    "Desktop": 0.019896645004429146,
    "Co-op": 0.018351473747701894,
    "Search engine": 0.0,
    "Reader": 0.018351473747701894,
    "Toolbar": 2.9522365868575636e-32,
    "Trends": 0.018351473747701894,
    "Summer of Code": 2.9522365868575636e-32,
    "List of devices running Chromium OS": 6.191288862601513e-26,
    "Series 5 550": 2.9522365868575636e-32,
    "Series 5": 2.9522365868575636e-32,
    "Google Local": 2.9522365868575636e-32,
    "Chromebooks": 6.191288862601513e-26,
    "Google gadgets": 2.9522365868575636e-32,
    "Search Engine": 8.037346625147162e-05,
    "Google search": 0.0,
    "Chrome OS": 0.0,
    "Samsung Series 5 550": 0.0,
    "Samsung Series 5": 0.0,
    "List of Devices Running Chromium": 0.0,
    "Gmail sending limit": 2.9522365868575636e-32,
    "HP": 6.191288862601513e-26,
    "Chromebox": 6.191288862601513e-26,
    "Moto G2": 2.9522365868575636e-32,
    "Motorola Moto G (2014)": 0.0,
    "Presentations": 0.0,
    "Android 2.2 Froyo": 0.002243927250138128
  },
  "hitsAuths": {
    "Google Wiki:Main Page": 0.0,
    "Gmail": 0.004905106928106791,
    "Google+ Local": 5.470285004884947e-32,
    "Blogger": 0.03539763311217188,
    "Google Zeitgeist": 0.034003979256435134,
    "Zeitgeist": 0.0,
    "Google Video": 0.03286743548901678,
    "Google Wiki talk:Main Page": 0.0,
    "Google": 0.0041578380415470215,
    "Help": 5.470285004884947e-32,
    "Blog Search": 0.03286743548901678,
    "Google Reader": 0.034003979256435134,
    "Google Base": 0.034003979256435134,
    "Desktop Search": 0.0,
    "Google Summer of Code": 5.470285004884947e-32,
    "Google Toolbar": 5.470285004884947e-32,
    "Google Cooking": 0.03286743548901678,
    "Removing pages from Google's index": 0.03286743548901678,
    "Google Analytics": 0.034003979256435134,
    "Analytics": 0.0,
    "Google in China": 0.03286743548901678,
    "Google Talk": 0.034003979256435134,
    "Gmail for your domain": 0.0027091749045129424,
    "Google Page Creator": 0.034003979256435134,
    "Google Groups": 0.036922728291885885,
    "Google Wiki:Gmail sending limit": 5.470285004884947e-32,
    "Google Desktop": 0.03686707200221382,
    "Google Trends": 0.034003979256435134,
    "Google Co-op": 0.034003979256435134,
    "Google Notebook": 0.03286743548901678,
    "Google errors": 0.039541497131164796,
    "Gmail down": 0.0,
    "Spreadsheets": 5.470285004884947e-32,
    "Google Project Hosting": 5.470285004884947e-32,
    "Google.org": 5.470285004884947e-32,