{
  "numNodes": 85,
  "numEdges": 110,
  "selfLinks": 2,
  "numStrongComponents": 75,
  "numWeakComponents": 7,
  "sizeLargestStrong": 6,
  "sizeLargestWeak": 68,
  "radius": 3,
  "diameter": 5,
  "averageInDegree": 1.2941176470588236,
  "averageOutDegree": 1.2941176470588236,
  "maxOutDegree": 32,
  "maxInDegree": 10,
  "pageRank": {
    "Google Wiki:Main Page": 0.0029099310929800483,
    "Gmail": 0.0429031177949616,
    "Google+ Local": 0.005602613617177221,
    "Blogger": 0.006957136632018034,
    "Google Zeitgeist": 0.0056107953699194475,
    "Zeitgeist": 0.0029099310929800483,
    "Google Video": 0.002991775465008515,
    "Google Wiki talk:Main Page": 0.0029099310929800483,
    "Google": 0.37090185833585193,
    "Help": 0.005528950997890981,
    "Blog Search": 0.006122594383203728,
    "Google Reader": 0.0056107953699194475,
    "Google Base": 0.005684457989205688,
    "Desktop Search": 0.0029099310929800483,
    "Google Summer of Code": 0.005602613617177221,
    "Google Toolbar": 0.005602613617177221,
    "Google Cooking": 0.002991775465008515,
    "Removing pages from Google's index": 0.002991775465008515,
    "Google Analytics": 0.0056107953699194475,
    "Analytics": 0.0029099310929800483,
    "Google in China": 0.002991775465008515,
    "Google Talk": 0.029900394723851954,
    "Gmail for your domain": 0.012564183466240225,
    "Google Page Creator": 0.007967999187079144,
    "Google Groups": 0.010596206061492787,
    "Google Mars": 0.0029099310929800483,
    "Google Wiki:Gmail sending limit": 0.03422229467503865,
    "Google Desktop": 0.012343977158395273,
    "Google Trends": 0.0056107953699194475,
    "Google Co-op": 0.0056107953699194475,
    "Google Notebook": 0.002991775465008515,
    "Google errors": 0.020503087553001488,
    "Gmail down": 0.0029099310929800483,
    "Spreadsheets": 0.013226891118278078,
    "Google Project Hosting": 0.005602613617177221,
    "Google.org": 0.005602613617177221,
    "Gmail errors": 0.0029099310929800483,
    "Errors": 0.0029099310929800483,
    "Google Gadgets": 0.005528950997890981,
    "Google Labs": 0.010350304059134993,
    "Google Voice": 0.008147970902801914,
    "Google Slides": 0.014815227713610086,
    "Google Docs": 0.028232006435275292,
    "Documents": 0.013226891118278078,
    "Google maps": 0.0029099310929800483,
    "Google Maps": 0.010848835179741313,
    "Blogspot": 0.0029099310929800483,
    "Google Code Hosting": 0.002991775465008515,
    "Google Spreadsheets": 0.011462217067788263,
    "Google Documents": 0.011462217067788263,
    "Google Presentations": 0.011462217067788263,
    "GrandCentral": 0.0029099310929800483,
    "Search URL parts": 0.002991775465008515,
    "Google Foundation": 0.002991775465008515,
    "Google Secure Access": 0.002991775465008515,
    "Gmail tips": 0.012646027838268691,
    "Google Desktop Search": 0.0056107953699194475,
    "Desktop": 0.0029099310929800483,
    "Co-op": 0.0029099310929800483,
    "Maps": 0.0029099310929800483,
    "Search engine": 0.008050212445380005,
    "Reader": 0.0029099310929800483,
    "Voice": 0.0029099310929800483,
    "Toolbar": 0.002991775465008515,
    "Trends": 0.0029099310929800483,
    "Summer of Code": 0.002991775465008515,
    "List of devices running Chromium OS": 0.0029099310929800483,
    "Series 5 550": 0.0029099310929800483,
    "Series 5": 0.0029099310929800483,
    "Google Local": 0.002991775465008515,
    "Chromebooks": 0.005290940380805836,
    "Google gadgets": 0.0029099310929800483,
    "Search Engine": 0.0029099310929800483,
    "Google search": 0.007959817434336918,
    "Chrome OS": 0.005290940380805836,
    "Samsung Series 5 550": 0.005528950997890981,
    "Samsung Series 5": 0.005528950997890981,
    "List of Devices Running Chromium": 0.010290969573542556,
    "Gmail sending limit": 0.034788056176684,
    "HP": 0.005290940380805836,
    "Chromebox": 0.005290940380805836,
    "Moto G2": 0.0029099310929800483,
    "Motorola Moto G (2014)": 0.005528950997890981,
    "Presentations": 0.013226891118278078,
    "Android 2.2 Froyo": 0.0029099310929800483
  },
  "hitsHubs": {
    "Google Wiki:Main Page": 0.478962682611838,
    "Gmail": 0.03464050865796956,
    "Google+ Local": 0.0,
    "Blogger": 0.017117701317322133,
    "Google Zeitgeist": 0.0,
    "Zeitgeist": 0.014823496495501631,
    "Google Video": 0.002225332621755389,
    "Google Wiki talk:Main Page": 8.468017595497743e-32,
    "Google": 0.002225332621755389,
    "Help": 0.0,
    "Blog Search": 0.002225332621755389,
    "Google Reader": 0.02005273996163283,
    "Google Base": 0.0,
    "Desktop Search": 0.014823496495501631,
    "Google Summer of Code": 0.0181814966642917,
    "Google Toolbar": 0.0022964044360864948,
    "Google Cooking": 0.014823496495501631,
    "Removing pages from Google's index": 0.01595616404253631,
    "Google Analytics": 0.0,
    "Analytics": 0.014823496495501631,
    "Google in China": 0.0172473343248641,
    "Google Talk": 0.014823496495501631,
    "Gmail for your domain": 0.00535315028068334,
    "Google Page Creator": 0.018416176568071613,
    "Google Groups": 0.0,
    "Google Mars": 0.015801588529049886,
    "Google Wiki:Gmail sending limit": 0.0018900471800802339,
    "Google Desktop": 0.0,
    "Google Trends": 0.0005699653454550691,
    "Google Co-op": 8.468017595497743e-32,
    "Google Notebook": 0.0,
    "Google errors": 0.0012377704788477167,
    "Gmail down": 0.016944423002242703,
    "Spreadsheets": 0.0,
    "Google Project Hosting": 0.0,
    "Google.org": 0.0,
    "Gmail errors": 0.016944423002242703,
    "Errors": 0.016944423002242703,
    "Google Gadgets": 0.014823496495501631,
    "Google Labs": 0.0,
    "Google Voice": 0.0,
    "Google Slides": 0.015296923551146549,
    "Google Docs": 0.04740476558714967,
    "Documents": 0.015296923551146549,
    "Google maps": 0.015801588529049886,
    "Google Maps": 0.002225332621755389,
    "Blogspot": 0.015357287144783868,
    "Google Code Hosting": 8.468017595497743e-32,
    "Google Spreadsheets": 8.468017595497743e-32,
    "Google Documents": 8.468017595497743e-32,
    "Google Presentations": 8.468017595497743e-32,
    "GrandCentral": 8.879360018216641e-26,
    "Search URL parts": 0.0,
    "Google Foundation": 8.468017595497743e-32,
    "Google Secure Access": 0.0,
    "Gmail tips": 0.0,
    "Google Desktop Search": 0.015937360159797204,
    "Desktop": 0.015937360159797204,
    "Co-op": 0.014823496495501631,
    "Maps": 0.015801588529049886,
    "Search engine": 0.0,
    "Reader": 0.014823496495501631,
    "Voice": 8.879360018216641e-26,
    "Toolbar": 8.468017595497743e-32,
    "Trends": 0.014823496495501631,
    "Summer of Code": 8.468017595497743e-32,
    "List of devices running Chromium OS": 8.879360018216641e-26,
    "Series 5 550": 8.468017595497743e-32,
    "Series 5": 8.468017595497743e-32,
    "Google Local": 8.468017595497743e-32,
    "Chromebooks": 8.879360018216641e-26,
    "Google gadgets": 8.468017595497743e-32,
    "Search Engine": 7.107181433110581e-05,
    "Google search": 0.0,
    "Chrome OS": 0.0,
    "Samsung Series 5 550": 0.0,
    "Samsung Series 5": 0.0,
    "List of Devices Running Chromium": 0.0,
    "Gmail sending limit": 8.468017595497743e-32,
    "HP": 8.879360018216641e-26,
    "Chromebox": 8.879360018216641e-26,
    "Moto G2": 8.468017595497743e-32,
    "Motorola Moto G (2014)": 0.0,
    "Presentations": 8.468017595497743e-32,
    "Android 2.2 Froyo": 0.002225332621755389
  },
  "hitsAuths": {
    "Google Wiki:Main Page": 0.0,
    "Gmail": 0.0038890117290917817,
    "Google+ Local": 1.7424019938829412e-31,
    "Blogger": 0.031599565588918015,
    "Google Zeitgeist": 0.03050122364390371,
    "Zeitgeist": 0.0,
    "Google Video": 0.02958557472372513,
    "Google Wiki talk:Main Page": 0.0,
    "Google": 0.004578904039194349,
    "Help": 1.7424019938829412e-31,
    "Blog Search": 0.030642936928463198,
    "Google Reader": 0.03050122364390371,
    "Google Base": 0.03050122364390371,
    "Desktop Search": 0.0,