{
  "numNodes": 85,
  "numEdges": 110,
  "selfLinks": 1,
  "numStrongComponents": 75,
  "numWeakComponents": 7,
  "sizeLargestStrong": 6,
  "sizeLargestWeak": 68,
  "radius": 3,
  "diameter": 5,
  "averageInDegree": 1.2941176470588236,
  "averageOutDegree": 1.2941176470588236,
  "maxOutDegree": 32,
  "maxInDegree": 11,
  "pageRank": {
    "Google Wiki:Main Page": 0.0029099310929800483,
    "Gmail": 0.0429031177949616,
    "Google+ Local": 0.005602613617177221,
    "Blogger": 0.006957136632018034,
    "Google Zeitgeist": 0.0056107953699194475,
    "Zeitgeist": 0.0029099310929800483,
    "Google Video": 0.002991775465008515,
    "Google Wiki talk:Main Page": 0.0029099310929800483,
    "Google": 0.39781047759469557,
    "Help": 0.005528950997890981,
    "Blog Search": 0.006122594383203728,
    "Google Reader": 0.0056107953699194475,
    "Google Base": 0.005684457989205688,
    "Desktop Search": 0.0029099310929800483,
    "Google Summer of Code": 0.005602613617177221,
    "Google Toolbar": 0.005602613617177221,
    "Google Cooking": 0.002991775465008515,
    "Removing pages from Google's index": 0.002991775465008515,
    "Google Analytics": 0.0056107953699194475,
    "Analytics": 0.0029099310929800483,
    "Google in China": 0.002991775465008515,
    "Google Talk": 0.002991775465008515,
    "Gmail for your domain": 0.012564183466240225,
    "Google Page Creator": 0.007967999187079144,
    "Google Groups": 0.010596206061492787,
    "Google Mars": 0.0029099310929800483,
    "Google Wiki:Gmail sending limit": 0.03422229467503865,
    "Google Desktop": 0.012343977158395273,
    "Google Trends": 0.0056107953699194475,
    "Google Co-op": 0.0056107953699194475,
    "Google Notebook": 0.002991775465008515,
    "Google errors": 0.020503087553001488,
    "Gmail down": 0.0029099310929800483,
    "Spreadsheets": 0.013226891118278078,
    "Google Project Hosting": 0.005602613617177221,
    "Google.org": 0.005602613617177221,
    "Gmail errors": 0.0029099310929800483,
    "Errors": 0.0029099310929800483,
    "Google Gadgets": 0.005528950997890981,
    "Google Labs": 0.010350304059134993,
    "Google Voice": 0.008147970902801914,
    "Google Slides": 0.014815227713610086,
    "Google Docs": 0.028232006435275292,
    "Documents": 0.013226891118278078,
    "Google maps": 0.0029099310929800483,
    "Google Maps": 0.010848835179741313,
    "Blogspot": 0.0029099310929800483,
    "Google Code Hosting": 0.002991775465008515,
    "Google Spreadsheets": 0.011462217067788263,
    "Google Documents": 0.011462217067788263,
    "Google Presentations": 0.011462217067788263,
    "GrandCentral": 0.0029099310929800483,
    "Search URL parts": 0.002991775465008515,
    "Google Foundation": 0.002991775465008515,
    "Google Secure Access": 0.002991775465008515,
    "Gmail tips": 0.012646027838268691,
    "Google Desktop Search": 0.0056107953699194475,
    "Desktop": 0.0029099310929800483,
    "Co-op": 0.0029099310929800483,
    "Maps": 0.0029099310929800483,
    "Search engine": 0.008050212445380005,
    "Reader": 0.0029099310929800483,
    "Voice": 0.0029099310929800483,
    "Toolbar": 0.002991775465008515,
    "Trends": 0.0029099310929800483,
    "Summer of Code": 0.002991775465008515,
    "List of devices running Chromium OS": 0.0029099310929800483,
    "Series 5 550": 0.0029099310929800483,
    "Series 5": 0.0029099310929800483,
    "Google Local": 0.002991775465008515,
    "Chromebooks": 0.005290940380805836,
    "Google gadgets": 0.0029099310929800483,
    "Search Engine": 0.0029099310929800483,
    "Google search": 0.007959817434336918,
    "Chrome OS": 0.005290940380805836,
    "Samsung Series 5 550": 0.005528950997890981,
    "Samsung Series 5": 0.005528950997890981,
    "List of Devices Running Chromium": 0.010290969573542556,
    "Gmail sending limit": 0.034788056176684,
    "HP": 0.005290940380805836,
    "Chromebox": 0.005290940380805836,
    "Moto G2": 0.0029099310929800483,
    "Motorola Moto G (2014)": 0.005528950997890981,
    "Presentations": 0.013226891118278078,
    "Android 2.2 Froyo": 0.0029099310929800483
  },
  "hitsHubs": {
    "Google Wiki:Main Page": 0.4842236897608214,
    "Gmail": 0.03506193730362634,
    "Google+ Local": 0.0,
    "Blogger": 0.01743043852395625,
    "Google Zeitgeist": 0.0,
    "Zeitgeist": 0.01499975095485927,
    "Google Video": 0.002357654714526165,
    "Google Wiki talk:Main Page": 2.644149346809763e-33,
    "Google": 0.002357654714526165,
    "Help": 0.0,
    "Blog Search": 0.002357654714526165,
    "Google Reader": 0.020411976633225342,
    "Google Base": 0.0,
    "Desktop Search": 0.01499975095485927,
    "Google Summer of Code": 0.01850849669822556,
    "Google Toolbar": 0.0024330222221363284,
    "Google Cooking": 0.01499975095485927,
    "Removing pages from Google's index": 0.016150841983699392,
    "Google Analytics": 0.0,
    "Analytics": 0.01499975095485927,
    "Google in China": 0.017463267962531445,
    "Google Talk": 0.002357654714526165,
    "Gmail for your domain": 0.00553787010580481,
    "Google Page Creator": 0.018651156089925545,
    "Google Groups": 0.0,
    "Google Mars": 0.015990418271317076,
    "Google Wiki:Gmail sending limit": 0.001922559021662404,
    "Google Desktop": 0.0,
    "Google Trends": 0.0005777550845637508,
    "Google Co-op": 2.644149346809763e-33,
    "Google Notebook": 0.0,
    "Google errors": 0.0012576563696162397,
    "Gmail down": 0.017148261341973708,
    "Spreadsheets": 0.0,
    "Google Project Hosting": 0.0,
    "Google.org": 0.0,
    "Gmail errors": 0.017148261341973708,
    "Errors": 0.017148261341973708,
    "Google Gadgets": 0.01499975095485927,
    "Google Labs": 0.0,
    "Google Voice": 0.0,
    "Google Slides": 0.015479250208898709,
    "Google Docs": 0.04797125481395122,
    "Documents": 0.015479250208898709,
    "Google maps": 0.015990418271317076,
    "Google Maps": 0.002357654714526165,
    "Blogspot": 0.015540708940869043,
    "Google Code Hosting": 2.644149346809763e-33,
    "Google Spreadsheets": 2.644149346809763e-33,
    "Google Documents": 2.644149346809763e-33,
    "Google Presentations": 2.644149346809763e-33,
    "GrandCentral": 5.545183090960788e-27,
    "Search URL parts": 0.0,
    "Google Foundation": 2.644149346809763e-33,
    "Google Secure Access": 0.0,
    "Gmail tips": 0.0,
    "Google Desktop Search": 0.016131762897036776,
    "Desktop": 0.016131762897036776,
    "Co-op": 0.01499975095485927,
    "Maps": 0.015990418271317076,
    "Search engine": 0.0,
    "Reader": 0.01499975095485927,
    "Voice": 5.545183090960788e-27,
    "Toolbar": 2.644149346809763e-33,
    "Trends": 0.01499975095485927,
    "Summer of Code": 2.644149346809763e-33,
    "List of devices running Chromium OS": 5.545183090960788e-27,
    "Series 5 550": 2.644149346809763e-33,
    "Series 5": 2.644149346809763e-33,
    "Google Local": 2.644149346809763e-33,
    "Chromebooks": 5.545183090960788e-27,
    "Google gadgets": 2.644149346809763e-33,
    "Search Engine": 7.536750761016332e-05,
    "Google search": 0.0,
    "Chrome OS": 0.0,
    "Samsung Series 5 550": 0.0,
    "Samsung Series 5": 0.0,
    "List of Devices Running Chromium": 0.0,
    "Gmail sending limit": 2.644149346809763e-33,
    "HP": 5.545183090960788e-27,
    "Chromebox": 5.545183090960788e-27,
    "Moto G2": 2.644149346809763e-33,
    "Motorola Moto G (2014)": 0.0,
    "Presentations": 2.644149346809763e-33,
    "Android 2.2 Froyo": 0.002357654714526165
  },
  "hitsAuths": {
    "Google Wiki:Main Page": 0.0,
    "Gmail": 0.003911868928479693,
    "Google+ Local": 5.380103058215129e-33,
    "Blogger": 0.031620988353202956,
    "Google Zeitgeist": 0.030520290422350996,
    "Zeitgeist": 0.0,
    "Google Video": 0.02960327267448176,
    "Google Wiki talk:Main Page": 0.0,
    "Google": 0.004797166754268868,
    "Help": 5.380103058215129e-33,
    "Blog Search": 0.03066889181837301,
    "Google Reader": 0.030520290422350996,
    "Google Base": 0.030520290422350996,
    "Desktop Search": 0.0,