{
  "numNodes": 81,
  "numEdges": 104,
  "selfLinks": 1,
  "numStrongComponents": 71,
  "numWeakComponents": 7,
  "sizeLargestStrong": 6,
  "sizeLargestWeak": 64,
  "radius": 3,
  "diameter": 5,
  "averageInDegree": 1.2839506172839505,
  "averageOutDegree": 1.2839506172839505,
  "maxOutDegree": 31,
  "maxInDegree": 10,
  "pageRank": {
    "Google Wiki:Main Page": 0.0032950179443427268,
    "Gmail": 0.04858722260249161,
    "Google+ Local": 0.006346722287893963,
    "Blogger": 0.007882137998164907,
    "Google Zeitgeist": 0.00635628582638929,
    "Zeitgeist": 0.0032950179443427268,
    "Google Video": 0.003390682565656682,
    "Google Wiki talk:Main Page": 0.0032950179443427268,
    "Google": 0.34364766115050743,
    "Help": 0.006260621205075334,
    "Blog Search": 0.003390682565656682,
    "Google Reader": 0.00635628582638929,
    "Google Base": 0.006442386909207919,
    "Desktop Search": 0.0032950179443427268,
    "Google Summer of Code": 0.006346722287893963,
    "Google Toolbar": 0.006346722287893963,
    "Google Cooking": 0.003390682565656682,
    "Removing pages from Google's index": 0.003390682565656682,
    "Google Analytics": 0.00635628582638929,
    "Analytics": 0.0032950179443427268,
    "Google in China": 0.003390682565656682,
    "Google Talk": 0.003390682565656682,
    "Gmail for your domain": 0.014228140900691461,
    "Google Page Creator": 0.009025419393766767,
    "Google Groups": 0.012006219801988818,
    "Google Wiki:Gmail sending limit": 0.0387552124959888,
    "Google Desktop": 0.013984069707627575,
    "Google Trends": 0.00635628582638929,
    "Google Co-op": 0.00635628582638929,
    "Google Notebook": 0.003390682565656682,
    "Google errors": 0.023220615304203236,
    "Gmail down": 0.0032950179443427268,
    "Spreadsheets": 0.014982918963835341,
    "Google Project Hosting": 0.006346722287893963,
    "Google.org": 0.006346722287893963,
    "Gmail errors": 0.0032950179443427268,
    "Errors": 0.0032950179443427268,
    "Google Gadgets": 0.006260621205075334,
    "Google Labs": 0.011723573325916545,
    "Google Voice": 0.009226224465807942,
    "Google Slides": 0.016780692194685153,
    "Google Docs": 0.0319801558728237,
    "Documents": 0.014982918963835341,
    "Blogspot": 0.0032950179443427268,
    "Google Code Hosting": 0.003390682565656682,
    "Google Spreadsheets": 0.012985530449155984,
    "Google Documents": 0.012985530449155984,
    "Google Presentations": 0.012985530449155984,
    "GrandCentral": 0.0032950179443427268,
    "Search URL parts": 0.003390682565656682,
    "Google Foundation": 0.003390682565656682,
    "Google Secure Access": 0.003390682565656682,
    "Gmail tips": 0.014323805522005417,
    "Google Desktop Search": 0.00635628582638929,
    "Desktop": 0.0032950179443427268,
    "Co-op": 0.0032950179443427268,
    "Search engine": 0.009116736627211129,
    "Reader": 0.0032950179443427268,
    "Voice": 0.0032950179443427268,
    "Toolbar": 0.003390682565656682,
    "Trends": 0.0032950179443427268,
    "Summer of Code": 0.003390682565656682,
    "List of devices running Chromium OS": 0.0032950179443427268,
    "Series 5 550": 0.0032950179443427268,
    "Series 5": 0.0032950179443427268,
    "Google Local": 0.003390682565656682,
    "Chromebooks": 0.0059911067662205475,
    "Google gadgets": 0.0032950179443427268,
    "Search Engine": 0.0032950179443427268,
    "Google search": 0.00901585585527144,
    "Chrome OS": 0.0059911067662205475,
    "Samsung Series 5 550": 0.006260621205075334,
    "Samsung Series 5": 0.006260621205075334,
    "List of Devices Running Chromium": 0.011652798848830975,
    "Gmail sending limit": 0.039396912601037073,
    "HP": 0.0059911067662205475,
    "Chromebox": 0.0059911067662205475,
    "Moto G2": 0.0032950179443427268,
    "Motorola Moto G (2014)": 0.006260621205075334,
    "Presentations": 0.014982918963835341,
    "Android 2.2 Froyo": 0.0032950179443427268
  },
  "hitsHubs": {
    "Google Wiki:Main Page": 0.5126391902233064,
    "Gmail": 0.0386260887298047,
    "Google+ Local": 0.0,
    "Blogger": 0.0018561796030531403,
    "Google Zeitgeist": 0.0,
    "Zeitgeist": 0.016437462058960194,
    "Google Video": 0.0018561796030531403,
    "Google Wiki talk:Main Page": 5.971616608612526e-33,
    "Google": 0.0018561796030531403,
    "Help": 0.0,
    "Blog Search": 0.0018561796030531403,
    "Google Reader": 0.021699905342603014,
    "Google Base": 0.0,
    "Desktop Search": 0.016437462058960194,
    "Google Summer of Code": 0.01957954947326815,
    "Google Toolbar": 0.001917668475513777,
    "Google Cooking": 0.016437462058960194,
    "Removing pages from Google's index": 0.017723369870215007,
    "Google Analytics": 0.0,
    "Analytics": 0.016437462058960194,
    "Google in China": 0.019195869309548568,
    "Google Talk": 0.0018561796030531403,
    "Gmail for your domain": 0.005411108856690417,
    "Google Page Creator": 0.02052437483895867,
    "Google Groups": 0.0,
    "Google Wiki:Gmail sending limit": 0.0021429034408320885,
    "Google Desktop": 0.0,
    "Google Trends": 0.0006581015279115775,
    "Google Co-op": 5.971616608612526e-33,
    "Google Notebook": 0.0,
    "Google errors": 0.0014120258128051877,
    "Gmail down": 0.018887196792111566,
    "Spreadsheets": 0.0,
    "Google Project Hosting": 0.0,
    "Google.org": 0.0,
    "Gmail errors": 0.018887196792111566,
    "Errors": 0.018887196792111566,
    "Google Gadgets": 0.016437462058960194,
    "Google Labs": 0.0,
    "Google Voice": 0.0,
    "Google Slides": 0.016981978822128433,
    "Google Docs": 0.052691422649338626,
    "Documents": 0.016981978822128433,
    "Blogspot": 0.01705296586871648,
    "Google Code Hosting": 5.971616608612526e-33,
    "Google Spreadsheets": 5.971616608612526e-33,
    "Google Documents": 5.971616608612526e-33,
    "Google Presentations": 5.971616608612526e-33,
    "GrandCentral": 1.2523387713984976e-26,
    "Search URL parts": 0.0,
    "Google Foundation": 5.971616608612526e-33,
    "Google Secure Access": 0.0,
    "Gmail tips": 0.0,
    "Google Desktop Search": 0.017700822298717785,
    "Desktop": 0.017700822298717785,
    "Co-op": 0.016437462058960194,
    "Search engine": 0.0,
    "Reader": 0.016437462058960194,
    "Voice": 1.2523387713984976e-26,
    "Toolbar": 5.971616608612526e-33,
    "Trends": 0.016437462058960194,
    "Summer of Code": 5.971616608612526e-33,
    "List of devices running Chromium OS": 1.2523387713984976e-26,
    "Series 5 550": 5.971616608612526e-33,
    "Series 5": 5.971616608612526e-33,
    "Google Local": 5.971616608612526e-33,
    "Chromebooks": 1.2523387713984976e-26,
    "Google gadgets": 5.971616608612526e-33,
    "Search Engine": 6.148887246063678e-05,
    "Google search": 0.0,
    "Chrome OS": 0.0,
    "Samsung Series 5 550": 0.0,
    "Samsung Series 5": 0.0,
    "List of Devices Running Chromium": 0.0,
    "Gmail sending limit": 5.971616608612526e-33,
    "HP": 1.2523387713984976e-26,
    "Chromebox": 1.2523387713984976e-26,
    "Moto G2": 5.971616608612526e-33,
    "Motorola Moto G (2014)": 0.0,
    "Presentations": 5.971616608612526e-33,
    "Android 2.2 Froyo": 0.0018561796030531403
  },
  "hitsAuths": {
    "Google Wiki:Main Page": 0.0,
    "Gmail": 0.004121206450448202,
    "Google+ Local": 1.1484542148787349e-32,
    "Blogger": 0.03279606145489139,
    "Google Zeitgeist": 0.03161233183707059,
    "Zeitgeist": 0.0,
    "Google Video": 0.030630193421277065,
    "Google Wiki talk:Main Page": 0.0,
    "Google": 0.003569782570474855,
    "Help": 1.1484542148787349e-32,
    "Blog Search": 0.030630193421277065,
    "Google Reader": 0.03161233183707059,
    "Google Base": 0.03161233183707059,
    "Desktop Search": 0.0,
    "Google Summer of Code": 1.1484542148787349e-32,
    "Google Toolbar": 1.1484542148787349e-32,
    "Google Cooking": 0.030630193421277065,
    "Removing pages from Google's index": 0.030630193421277065,
    "Google Analytics": 0.03161233183707059,
    "Analytics": 0.0,
    "Google in China": 0.030630193421277065,