{
  "numNodes": 74,
  "numEdges": 93,
  "selfLinks": 1,
  "numStrongComponents": 69,
  "numWeakComponents": 6,
  "sizeLargestStrong": 5,
  "sizeLargestWeak": 60,
  "radius": 2,
  "diameter": 4,
  "averageInDegree": 1.2567567567567568,
  "averageOutDegree": 1.2567567567567568,
  "maxOutDegree": 29,
  "maxInDegree": 10,
  "pageRank": {
    "Google Wiki:Main Page": 0.003779708883554886,
    "Gmail": 0.05576510329580256,
    "Google+ Local": 0.0072871298732861915,
    "Blogger": 0.009052567051579554,
    "Google Zeitgeist": 0.0072988565567139,
    "Zeitgeist": 0.003779708883554886,
    "Google Video": 0.0038970138059935197,
    "Google Wiki talk:Main Page": 0.003779708883554886,
    "Google": 0.3946685682170555,
    "Help": 0.007181551634275267,
    "Blog Search": 0.0038970138059935197,
    "Google Reader": 0.0072988565567139,
    "Google Base": 0.007404434795724826,
    "Desktop Search": 0.003779708883554886,
    "Google Summer of Code": 0.0072871298732861915,
    "Google Toolbar": 0.0072871298732861915,
    "Google Cooking": 0.0038970138059935197,
    "Removing pages from Google's index": 0.0038970138059935197,
    "Google Analytics": 0.0072988565567139,
    "Analytics": 0.003779708883554886,
    "Google in China": 0.0038970138059935197,
    "Google Talk": 0.0038970138059935197,
    "Gmail for your domain": 0.016328305454682616,
    "Google Page Creator": 0.010360625488030725,
    "Google Groups": 0.01379205232586601,
    "Google Wiki:Gmail sending limit": 0.04447778400833953,
    "Google Desktop": 0.01605777645144474,
    "Google Trends": 0.0072988565567139,
    "Google Co-op": 0.0072988565567139,
    "Google Notebook": 0.0038970138059935197,
    "Google errors": 0.02665113862928239,
    "Gmail down": 0.003779708883554886,
    "Spreadsheets": 0.0072871298732861915,
    "Google Project Hosting": 0.0072871298732861915,
    "Google.org": 0.0072871298732861915,
    "Gmail errors": 0.003779708883554886,
    "Errors": 0.003779708883554886,
    "Google Gadgets": 0.007181551634275267,
    "Google Labs": 0.013457198278212162,
    "Blogspot": 0.003779708883554886,
    "Google Code Hosting": 0.0038970138059935197,
    "Google Spreadsheets": 0.0038970138059935197,
    "Google Presentations": 0.0038970138059935197,
    "Search URL parts": 0.0038970138059935197,
    "Google Foundation": 0.0038970138059935197,
    "Google Secure Access": 0.0038970138059935197,
    "Gmail tips": 0.01644561037712125,
    "Google Desktop Search": 0.0072988565567139,
    "Desktop": 0.003779708883554886,
    "Co-op": 0.003779708883554886,
    "Search engine": 0.010460869690807307,
    "Reader": 0.003779708883554886,
    "Toolbar": 0.0038970138059935197,
    "Trends": 0.003779708883554886,
    "Summer of Code": 0.0038970138059935197,
    "List of devices running Chromium OS": 0.003779708883554886,
    "Series 5 550": 0.003779708883554886,
    "Series 5": 0.003779708883554886,
    "Google Local": 0.0038970138059935197,
    "Chromebooks": 0.006872399399801509,
    "Google gadgets": 0.003779708883554886,
    "Search Engine": 0.003779708883554886,
    "Google search": 0.010348898804603015,
    "Chrome OS": 0.006872399399801509,
    "Samsung Series 5 550": 0.007181551634275267,
    "Samsung Series 5": 0.007181551634275267,
    "List of Devices Running Chromium": 0.013366932666768513,
    "Gmail sending limit": 0.04521533167381623,
    "HP": 0.006872399399801509,
    "Chromebox": 0.006872399399801509,
    "Moto G2": 0.003779708883554886,
    "Motorola Moto G (2014)": 0.007181551634275267,
    "Presentations": 0.0072871298732861915,
    "Android 2.2 Froyo": 0.003779708883554886
  },
  "hitsHubs": {
    "Google Wiki:Main Page": 0.5383619623921041,
    "Gmail": 0.04444163188831616,
    "Google+ Local": 0.0,
    "Blogger": 0.0024000138499064775,
    "Google Zeitgeist": 0.0,
    "Zeitgeist": 0.01863754570152067,
    "Google Video": 0.0024000138499064775,
    "Google Wiki talk:Main Page": 1.0392810535550645e-33,
    "Google": 0.0024000138499064775,
    "Help": 0.0,
    "Blog Search": 0.0024000138499064775,
    "Google Reader": 0.02531653125181142,
    "Google Base": 0.0,
    "Desktop Search": 0.01863754570152067,
    "Google Summer of Code": 0.02264437897726135,
    "Google Toolbar": 0.0024860794112135853,
    "Google Cooking": 0.01863754570152067,
    "Removing pages from Google's index": 0.020244365127354873,
    "Google Analytics": 0.0,
    "Analytics": 0.01863754570152067,
    "Google in China": 0.02210557759723103,
    "Google Talk": 0.0024000138499064775,
    "Gmail for your domain": 0.006879457165837154,
    "Google Page Creator": 0.02377001827484532,
    "Google Groups": 0.0,
    "Google Wiki:Gmail sending limit": 0.0027027591912079964,
    "Google Desktop": 0.0,
    "Google Trends": 0.0008228939562824518,
    "Google Co-op": 1.0392810535550645e-33,
    "Google Notebook": 0.0,
    "Google errors": 0.0017766841247226811,
    "Gmail down": 0.021676937180494477,
    "Spreadsheets": 0.0,
    "Google Project Hosting": 0.0,
    "Google.org": 0.0,
    "Gmail errors": 0.021676937180494477,
    "Errors": 0.021676937180494477,
    "Google Gadgets": 0.01863754570152067,
    "Google Labs": 0.0,
    "Blogspot": 0.019402818406023033,
    "Google Code Hosting": 1.0392810535550645e-33,
    "Google Spreadsheets": 1.0392810535550645e-33,
    "Google Presentations": 1.0392810535550645e-33,
    "Search URL parts": 0.0,
    "Google Foundation": 1.0392810535550645e-33,
    "Google Secure Access": 0.0,
    "Gmail tips": 0.0,
    "Google Desktop Search": 0.020213758210696944,
    "Desktop": 0.020213758210696944,
    "Co-op": 0.01863754570152067,
    "Search engine": 0.0,
    "Reader": 0.01863754570152067,
    "Toolbar": 1.0392810535550645e-33,
    "Trends": 0.01863754570152067,
    "Summer of Code": 1.0392810535550645e-33,
    "List of devices running Chromium OS": 4.359060680050221e-27,
    "Series 5 550": 1.0392810535550645e-33,
    "Series 5": 1.0392810535550645e-33,
    "Google Local": 1.0392810535550645e-33,
    "Chromebooks": 4.359060680050221e-27,
    "Google gadgets": 1.0392810535550645e-33,
    "Search Engine": 8.606556130710827e-05,
    "Google search": 0.0,
    "Chrome OS": 0.0,
    "Samsung Series 5 550": 0.0,
    "Samsung Series 5": 0.0,
    "List of Devices Running Chromium": 0.0,
    "Gmail sending limit": 1.0392810535550645e-33,
    "HP": 4.359060680050221e-27,
    "Chromebox": 4.359060680050221e-27,
    "Moto G2": 1.0392810535550645e-33,
    "Motorola Moto G (2014)": 0.0,
    "Presentations": 0.0,
    "Android 2.2 Froyo": 0.0024000138499064775
  },
  "hitsAuths": {
    "Google Wiki:Main Page": 0.0,
    "Gmail": 0.004935307697792427,
    "Google+ Local": 1.8977538955246892e-33,
    "Blogger": 0.03543004472970258,
    "Google Zeitgeist": 0.034032637116872336,
    "Zeitgeist": 0.0,
    "Google Video": 0.032893884173170095,
    "Google Wiki talk:Main Page": 0.0,
    "Google": 0.004382486929202838,
    "Help": 1.8977538955246892e-33,
    "Blog Search": 0.032893884173170095,
    "Google Reader": 0.034032637116872336,
    "Google Base": 0.034032637116872336,
    "Desktop Search": 0.0,
    "Google Summer of Code": 1.8977538955246892e-33,
    "Google Toolbar": 1.8977538955246892e-33,
    "Google Cooking": 0.032893884173170095,
    "Removing pages from Google's index": 0.032893884173170095,
    "Google Analytics": 0.034032637116872336,
    "Analytics": 0.0,
    "Google in China": 0.032893884173170095,
    "Google Talk": 0.032893884173170095,
    "Gmail for your domain": 0.0027153810920887826,
    "Google Page Creator": 0.034032637116872336,
    "Google Groups": 0.03696673065620004,
    "Google Wiki:Gmail sending limit": 1.8977538955246892e-33,
    "Google Desktop": 0.03691084164030883,
    "Google Trends": 0.034032637116872336,
    "Google Co-op": 0.034032637116872336,
    "Google Notebook": 0.032893884173170095,
    "Google errors": 0.03958264401781261,
    "Gmail down": 0.0,
    "Spreadsheets": 1.8977538955246892e-33,
    "Google Project Hosting": 1.8977538955246892e-33,