{
  "numNodes": 91,
  "numEdges": 115,
  "selfLinks": 2,
  "numStrongComponents": 81,
  "numWeakComponents": 8,
  "sizeLargestStrong": 6,
  "sizeLargestWeak": 76,
  "radius": 3,
  "diameter": 5,
  "averageInDegree": 1.2637362637362637,
  "averageOutDegree": 1.2637362637362637,
  "maxOutDegree": 33,
  "maxInDegree": 10,
  "pageRank": {
    "Google Wiki:Main Page": 0.0028444221093902864,
    "Gmail": 0.04192978584667867,
    "Google+ Local": 0.005474308007624402,
    "Blogger": 0.006797006074824501,
    "Google Zeitgeist": 0.005482063125707443,
    "Zeitgeist": 0.0028444221093902864,
    "Google Video": 0.002921999786340791,
    "Google Wiki talk:Main Page": 0.0028444221093902864,
    "Google": 0.36240827339679005,
    "Help": 0.005404485448756938,
    "Blog Search": 0.005980761837429254,
    "Google Reader": 0.005482063125707443,
    "Google Base": 0.005551885684574907,
    "Desktop Search": 0.0028444221093902864,
    "Google Summer of Code": 0.005474308007624402,
    "Google Toolbar": 0.005474308007624402,
    "Google Cooking": 0.002921999786340791,
    "Removing pages from Google's index": 0.002921999786340791,
    "Google Analytics": 0.005482063125707443,
    "Analytics": 0.0028444221093902864,
    "Google in China": 0.002921999786340791,
    "Google Talk": 0.02920206061735529,
    "Gmail for your domain": 0.012279682996448587,
    "Google Page Creator": 0.007786207568333714,
    "Google Groups": 0.010351361775936489,
    "Google Mars": 0.0028444221093902864,
    "Google Wiki:Gmail sending limit": 0.033446795519545,
    "Google Desktop": 0.012060770246854625,
    "Google Trends": 0.005482063125707443,
    "Google Co-op": 0.005482063125707443,
    "Google Notebook": 0.002921999786340791,
    "Google errors": 0.02003745069149905,
    "Gmail down": 0.0028444221093902864,
    "Spreadsheets": 0.012924003155775472,
    "Google Project Hosting": 0.005474308007624402,
    "Google.org": 0.005474308007624402,
    "Gmail errors": 0.0028444221093902864,
    "Errors": 0.0028444221093902864,
    "Google Gadgets": 0.005404485448756938,
    "Google Labs": 0.010114403110612388,
    "Google Voice": 0.00796454878812359,
    "Google Slides": 0.014477128291684623,
    "Google Docs": 0.027585360685021848,
    "Documents": 0.012924003155775472,
    "Google maps": 0.0028444221093902864,
    "Google Maps": 0.010602189804440748,
    "Blogspot": 0.0028444221093902864,
    "Google's Favicons": 0.005404485448756938,
    "Picasa": 0.005404485448756938,
    "Android": 0.0069125789343077795,
    "Google Code Hosting": 0.002921999786340791,
    "Google Spreadsheets": 0.011198454128004172,
    "Google Documents": 0.011198454128004172,
    "Google Presentations": 0.011198454128004172,
    "Google Picasa": 0.0028444221093902864,
    "GrandCentral": 0.0028444221093902864,
    "Search URL parts": 0.002921999786340791,
    "Google Foundation": 0.002921999786340791,
    "Google Secure Access": 0.002921999786340791,
    "Gmail tips": 0.012357260673399092,
    "Google Desktop Search": 0.005482063125707443,
    "Desktop": 0.0028444221093902864,
    "Co-op": 0.0028444221093902864,
    "Maps": 0.0028444221093902864,
    "Search engine": 0.007868010879756806,
    "Reader": 0.0028444221093902864,
    "Voice": 0.0028444221093902864,
    "Toolbar": 0.002921999786340791,
    "Trends": 0.0028444221093902864,
    "Summer of Code": 0.002921999786340791,
    "Favicon": 0.0028444221093902864,
    "List of devices running Chromium OS": 0.0028444221093902864,
    "Series 5 550": 0.0028444221093902864,
    "Series 5": 0.0028444221093902864,
    "Google Local": 0.002921999786340791,
    "Chromebooks": 0.004274937917990622,
    "Google gadgets": 0.0028444221093902864,
    "Search Engine": 0.0028444221093902864,
    "Google search": 0.0077784524502506735,
    "Chrome OS": 0.004768213079966881,
    "Samsung Series 5 550": 0.005404485448756938,
    "Samsung Series 5": 0.005404485448756938,
    "List of Devices Running Chromium": 0.009252067389910128,
    "Gmail sending limit": 0.03399914945628572,
    "HP": 0.004768213079966881,
    "Chromebox": 0.004274937917990622,
    "Moto G2": 0.0028444221093902864,
    "Motorola Moto G (2014)": 0.005404485448756938,
    "Presentations": 0.012924003155775472,
    "Android 3.0 Honeycomb": 0.0028444221093902864,
    "Android 2.2 Froyo": 0.0028444221093902864
  },
  "hitsHubs": {
    "Google Wiki:Main Page": 0.4731910488847414,
    "Gmail": 0.032998875144905356,
    "Google+ Local": 0.0,
    "Blogger": 0.01628751903519748,
    "Google Zeitgeist": 0.0,
    "Zeitgeist": 0.014196720485334517,
    "Google Video": 0.0020298973818644174,
    "Google Wiki talk:Main Page": 4.517487068296762e-32,
    "Google": 0.0020298973818644174,
    "Help": 0.0,
    "Blog Search": 0.0020298973818644174,
    "Google Reader": 0.018987497920317422,
    "Google Base": 0.0,
    "Desktop Search": 0.014196720485334517,
    "Google Summer of Code": 0.017269764753058536,
    "Google Toolbar": 0.0020926822268473332,
    "Google Cooking": 0.014196720485334517,
    "Removing pages from Google's index": 0.015239867371194118,
    "Google Analytics": 0.0,
    "Analytics": 0.014196720485334517,
    "Google in China": 0.016423964033829383,
    "Google Talk": 0.014196720485334517,
    "Gmail for your domain": 0.004901477481121508,
    "Google Page Creator": 0.01749937551248337,
    "Google Groups": 0.0,
    "Google Mars": 0.01510296129651191,
    "Google Wiki:Gmail sending limit": 0.001734490298067614,
    "Google Desktop": 0.0,
    "Google Trends": 0.0005250178432216377,
    "Google Co-op": 4.517487068296762e-32,
    "Google Notebook": 0.0,
    "Google errors": 0.0011370898011894765,
    "Gmail down": 0.016156194944439123,
    "Spreadsheets": 0.0,
    "Google Project Hosting": 0.0,
    "Google.org": 0.0,
    "Gmail errors": 0.016156194944439123,
    "Errors": 0.016156194944439123,
    "Google Gadgets": 0.014196720485334517,
    "Google Labs": 0.0,
    "Google Voice": 0.0,
    "Google Slides": 0.014635825851212413,
    "Google Docs": 0.045308883889535745,
    "Documents": 0.014635825851212413,
    "Google maps": 0.01510296129651191,
    "Google Maps": 0.0020298973818644174,
    "Blogspot": 0.014689473735761767,
    "Google's Favicons": 0.0,
    "Picasa": 0.0,
    "Android": 0.0,
    "Google Code Hosting": 4.517487068296762e-32,
    "Google Spreadsheets": 4.517487068296762e-32,
    "Google Documents": 4.517487068296762e-32,
    "Google Presentations": 4.517487068296762e-32,
    "Google Picasa": 4.517487068296762e-32,
    "GrandCentral": 4.7369285201263457e-26,
    "Search URL parts": 0.0,
    "Google Foundation": 4.517487068296762e-32,
    "Google Secure Access": 0.0,
    "Gmail tips": 0.0,
    "Google Desktop Search": 0.015223110240385385,
    "Desktop": 0.015223110240385385,
    "Co-op": 0.014196720485334517,
    "Maps": 0.01510296129651191,
    "Search engine": 0.0,
    "Reader": 0.014196720485334517,
    "Voice": 4.7369285201263457e-26,
    "Toolbar": 4.517487068296762e-32,
    "Trends": 0.014196720485334517,
    "Summer of Code": 4.517487068296762e-32,
    "Favicon": 4.517487068296762e-32,
    "List of devices running Chromium OS": 4.7369285201263457e-26,
    "Series 5 550": 4.517487068296762e-32,
    "Series 5": 4.517487068296762e-32,
    "Google Local": 4.517487068296762e-32,
    "Chromebooks": 4.7369285201263457e-26,
    "Google gadgets": 4.517487068296762e-32,
    "Search Engine": 6.27848449829159e-05,
    "Google search": 0.0,
    "Chrome OS": 0.0,
    "Samsung Series 5 550": 0.0,
    "Samsung Series 5": 0.0,
    "List of Devices Running Chromium": 0.0,
    "Gmail sending limit": 4.517487068296762e-32,
    "HP": 0.015570992242632994,
    "Chromebox": 4.7369285201263457e-26,
    "Moto G2": 4.517487068296762e-32,
    "Motorola Moto G (2014)": 0.0,
    "Presentations": 4.517487068296762e-32,
    "Android 3.0 Honeycomb": 0.014663882797530108,
    "Android 2.2 Froyo": 0.0020298973818644174
  },
  "hitsAuths": {
    "Google Wiki:Main Page": 0.0,
    "Gmail": 0.003609395946343218,