{
  "numNodes": 91,
  "numEdges": 115,
  "selfLinks": 1,
  "numStrongComponents": 81,
  "numWeakComponents": 8,
  "sizeLargestStrong": 6,
  "sizeLargestWeak": 76,
  "radius": 3,
  "diameter": 5,
  "averageInDegree": 1.2637362637362637,
  "averageOutDegree": 1.2637362637362637,
  "maxOutDegree": 33,
  "maxInDegree": 11,
  "pageRank": {
    "Google Wiki:Main Page": 0.0028444221093902864,
    "Gmail": 0.04192978584667867,
    "Google+ Local": 0.005474308007624402,
    "Blogger": 0.006797006074824501,
    "Google Zeitgeist": 0.005482063125707443,
    "Zeitgeist": 0.0028444221093902864,
    "Google Video": 0.002921999786340791,
    "Google Wiki talk:Main Page": 0.0028444221093902864,
    "Google": 0.3886883342278046,
    "Help": 0.005404485448756938,
    "Blog Search": 0.005980761837429254,
    "Google Reader": 0.005482063125707443,
    "Google Base": 0.005551885684574907,
    "Desktop Search": 0.0028444221093902864,
    "Google Summer of Code": 0.005474308007624402,
    "Google Toolbar": 0.005474308007624402,
    "Google Cooking": 0.002921999786340791,
    "Removing pages from Google's index": 0.002921999786340791,
    "Google Analytics": 0.005482063125707443,
    "Analytics": 0.0028444221093902864,
    "Google in China": 0.002921999786340791,
    "Google Talk": 0.002921999786340791,
    "Gmail for your domain": 0.012279682996448587,
    "Google Page Creator": 0.007786207568333714,
    "Google Groups": 0.010351361775936489,
    "Google Mars": 0.0028444221093902864,
    "Google Wiki:Gmail sending limit": 0.033446795519545,
    "Google Desktop": 0.012060770246854625,
    "Google Trends": 0.005482063125707443,
    "Google Co-op": 0.005482063125707443,
    "Google Notebook": 0.002921999786340791,
    "Google errors": 0.02003745069149905,
    "Gmail down": 0.0028444221093902864,
    "Spreadsheets": 0.012924003155775472,
    "Google Project Hosting": 0.005474308007624402,
    "Google.org": 0.005474308007624402,
    "Gmail errors": 0.0028444221093902864,
    "Errors": 0.0028444221093902864,
    "Google Gadgets": 0.005404485448756938,
    "Google Labs": 0.010114403110612388,
    "Google Voice": 0.00796454878812359,
    "Google Slides": 0.014477128291684623,
    "Google Docs": 0.027585360685021848,
    "Documents": 0.012924003155775472,
    "Google maps": 0.0028444221093902864,
    "Google Maps": 0.010602189804440748,
    "Blogspot": 0.0028444221093902864,
    "Google's Favicons": 0.005404485448756938,
    "Picasa": 0.005404485448756938,
    "Android": 0.0069125789343077795,
    "Google Code Hosting": 0.002921999786340791,
    "Google Spreadsheets": 0.011198454128004172,
    "Google Documents": 0.011198454128004172,
    "Google Presentations": 0.011198454128004172,
    "Google Picasa": 0.0028444221093902864,
    "GrandCentral": 0.0028444221093902864,
    "Search URL parts": 0.002921999786340791,
    "Google Foundation": 0.002921999786340791,
    "Google Secure Access": 0.002921999786340791,
    "Gmail tips": 0.012357260673399092,
    "Google Desktop Search": 0.005482063125707443,
    "Desktop": 0.0028444221093902864,
    "Co-op": 0.0028444221093902864,
    "Maps": 0.0028444221093902864,
    "Search engine": 0.007868010879756806,
    "Reader": 0.0028444221093902864,
    "Voice": 0.0028444221093902864,
    "Toolbar": 0.002921999786340791,
    "Trends": 0.0028444221093902864,
    "Summer of Code": 0.002921999786340791,
    "Favicon": 0.0028444221093902864,
    "List of devices running Chromium OS": 0.0028444221093902864,
    "Series 5 550": 0.0028444221093902864,
    "Series 5": 0.0028444221093902864,
    "Google Local": 0.002921999786340791,
    "Chromebooks": 0.004274937917990622,
    "Google gadgets": 0.0028444221093902864,
    "Search Engine": 0.0028444221093902864,
    "Google search": 0.0077784524502506735,
    "Chrome OS": 0.004768213079966881,
    "Samsung Series 5 550": 0.005404485448756938,
    "Samsung Series 5": 0.005404485448756938,
    "List of Devices Running Chromium": 0.009252067389910128,
    "Gmail sending limit": 0.03399914945628572,
    "HP": 0.004768213079966881,
    "Chromebox": 0.004274937917990622,
    "Moto G2": 0.0028444221093902864,
    "Motorola Moto G (2014)": 0.005404485448756938,
    "Presentations": 0.012924003155775472,
    "Android 3.0 Honeycomb": 0.0028444221093902864,
    "Android 2.2 Froyo": 0.0028444221093902864
  },
  "hitsHubs": {
    "Google Wiki:Main Page": 0.47827087800990986,
    "Gmail": 0.03338944066296977,
    "Google+ Local": 0.0,
    "Blogger": 0.016571211258367233,
    "Google Zeitgeist": 0.0,
    "Zeitgeist": 0.014361249084791961,
    "Google Video": 0.0021455371838494876,
    "Google Wiki talk:Main Page": 1.3666465822144282e-33,
    "Google": 0.0021455371838494876,
    "Help": 0.0,
    "Blog Search": 0.0021455371838494876,
    "Google Reader": 0.019312267094507993,
    "Google Base": 0.0,
    "Desktop Search": 0.014361249084791961,
    "Google Summer of Code": 0.01756621107795616,
    "Google Toolbar": 0.002211956578324785,
    "Google Cooking": 0.014361249084791961,
    "Removing pages from Google's index": 0.015420673894106672,
    "Google Analytics": 0.0,
    "Analytics": 0.014361249084791961,
    "Google in China": 0.01662345883554518,
    "Google Talk": 0.0021455371838494876,
    "Gmail for your domain": 0.005063222003519675,
    "Google Page Creator": 0.017715680256575363,
    "Google Groups": 0.0,
    "Google Mars": 0.015278816512380727,
    "Google Wiki:Gmail sending limit": 0.0017630498711711476,
    "Google Desktop": 0.0,
    "Google Trends": 0.0005319564912975426,
    "Google Co-op": 1.3666465822144282e-33,
    "Google Notebook": 0.0,
    "Google errors": 0.0011546349484990394,
    "Gmail down": 0.01634547384256213,
    "Spreadsheets": 0.0,
    "Google Project Hosting": 0.0,
    "Google.org": 0.0,
    "Gmail errors": 0.01634547384256213,
    "Errors": 0.01634547384256213,
    "Google Gadgets": 0.014361249084791961,
    "Google Labs": 0.0,
    "Google Voice": 0.0,
    "Google Slides": 0.014805830232453299,
    "Google Docs": 0.04583644953714219,
    "Documents": 0.014805830232453299,
    "Google maps": 0.015278816512380727,
    "Google Maps": 0.0021455371838494876,
    "Blogspot": 0.014860408964374029,
    "Google's Favicons": 0.0,
    "Picasa": 0.0,
    "Android": 0.0,
    "Google Code Hosting": 1.3666465822144282e-33,
    "Google Spreadsheets": 1.3666465822144282e-33,
    "Google Documents": 1.3666465822144282e-33,
    "Google Presentations": 1.3666465822144282e-33,
    "Google Picasa": 1.3666465822144282e-33,
    "GrandCentral": 2.8660656131841525e-27,
    "Search URL parts": 0.0,
    "Google Foundation": 1.3666465822144282e-33,
    "Google Secure Access": 0.0,
    "Gmail tips": 0.0,
    "Google Desktop Search": 0.015403680039487354,
    "Desktop": 0.015403680039487354,
    "Co-op": 0.014361249084791961,
    "Maps": 0.015278816512380727,
    "Search engine": 0.0,
    "Reader": 0.014361249084791961,
    "Voice": 2.8660656131841525e-27,
    "Toolbar": 1.3666465822144282e-33,
    "Trends": 0.014361249084791961,
    "Summer of Code": 1.3666465822144282e-33,
    "Favicon": 1.3666465822144282e-33,
    "List of devices running Chromium OS": 2.8660656131841525e-27,
    "Series 5 550": 1.3666465822144282e-33,
    "Series 5": 1.3666465822144282e-33,
    "Google Local": 1.3666465822144282e-33,
    "Chromebooks": 2.8660656131841525e-27,
    "Google gadgets": 1.3666465822144282e-33,
    "Search Engine": 6.641939447529735e-05,
    "Google search": 0.0,
    "Chrome OS": 0.0,
    "Samsung Series 5 550": 0.0,
    "Samsung Series 5": 0.0,
    "List of Devices Running Chromium": 0.0,
    "Gmail sending limit": 1.3666465822144282e-33,
    "HP": 0.015752711092470017,
    "Chromebox": 2.8660656131841525e-27,
    "Moto G2": 1.3666465822144282e-33,
    "Motorola Moto G (2014)": 0.0,
    "Presentations": 1.3666465822144282e-33,
    "Android 3.0 Honeycomb": 0.01483426263864585,
    "Android 2.2 Froyo": 0.0021455371838494876
  },
  "hitsAuths": {
    "Google Wiki:Main Page": 0.0,
    "Gmail": 0.003628986623776464,