{
  "numNodes": 94,
  "numEdges": 118,
  "selfLinks": 1,
  "numStrongComponents": 84,
  "numWeakComponents": 8,
  "sizeLargestStrong": 6,
  "sizeLargestWeak": 79,
  "radius": 3,
  "diameter": 5,
  "averageInDegree": 1.2553191489361701,
  "averageOutDegree": 1.2553191489361701,
  "maxOutDegree": 34,
  "maxInDegree": 12,
  "pageRank": {
    "Google Wiki:Main Page": 0.002744430100087906,
    "Gmail": 0.04045122493726754,
    "Google+ Local": 0.00527989446607132,
    "Blogger": 0.006554888800368523,
    "Google Zeitgeist": 0.005287156617376816,
    "Zeitgeist": 0.002744430100087906,
    "Google Video": 0.0028170794291533033,
    "Google Wiki talk:Main Page": 0.002744430100087906,
    "Google": 0.3995439221789511,
    "Help": 0.005214507288311418,
    "Blog Search": 0.005766897490015386,
    "Google Reader": 0.005287156617376816,
    "Google Base": 0.005352543795136717,
    "Desktop Search": 0.002744430100087906,
    "Google Summer of Code": 0.00527989446607132,
    "Google Toolbar": 0.00527989446607132,
    "Google Cooking": 0.0028170794291533033,
    "Removing pages from Google's index": 0.0028170794291533033,
    "Google Analytics": 0.005287156617376816,
    "Analytics": 0.002744430100087906,
    "Google in China": 0.0028170794291533033,
    "Google Talk": 0.0028170794291533033,
    "Gmail for your domain": 0.011847125040916437,
    "Google Page Creator": 0.007510320661213484,
    "Google Groups": 0.009981781877436233,
    "Google Mars": 0.002744430100087906,
    "Google Wiki:Gmail sending limit": 0.03226817495728152,
    "Google Desktop": 0.011631994497136927,
    "Google Trends": 0.005287156617376816,
    "Google Co-op": 0.005287156617376816,
    "Google Notebook": 0.0028170794291533033,
    "Google errors": 0.01933000593465237,
    "Gmail down": 0.002744430100087906,
    "Spreadsheets": 0.01246556628492515,
    "Google Project Hosting": 0.00527989446607132,
    "Google.org": 0.00527989446607132,
    "Gmail errors": 0.002744430100087906,
    "Errors": 0.002744430100087906,
    "Google Gadgets": 0.005214507288311418,
    "Google Labs": 0.009756250286191665,
    "IGoogle": 0.002744430100087906,
    "Google Voice": 0.007684584476534931,
    "Google Slides": 0.01396465564287608,
    "Google Docs": 0.02660685893459049,
    "Documents": 0.01246556628492515,
    "Google maps": 0.002744430100087906,
    "Google Maps": 0.010227310993823839,
    "Blogspot": 0.002744430100087906,
    "Google's Favicons": 0.005214507288311418,
    "Picasa": 0.005214507288311418,
    "Android": 0.00666739423254566,
    "Google Sidewiki": 0.005287156617376816,
    "Sidewiki": 0.002744430100087906,
    "Google Code Hosting": 0.0028170794291533033,
    "Google Spreadsheets": 0.010800070092003056,
    "Google Documents": 0.010800070092003056,
    "Google Presentations": 0.010800070092003056,
    "Google Picasa": 0.002744430100087906,
    "GrandCentral": 0.002744430100087906,
    "Search URL parts": 0.0028170794291533033,
    "Google Foundation": 0.0028170794291533033,
    "Google Secure Access": 0.0028170794291533033,
    "Gmail tips": 0.011919774369981834,
    "Google Desktop Search": 0.005287156617376816,
    "Desktop": 0.002744430100087906,
    "Co-op": 0.002744430100087906,
    "Maps": 0.002744430100087906,
    "Search engine": 0.007590553594327257,
    "Reader": 0.002744430100087906,
    "Voice": 0.002744430100087906,
    "Toolbar": 0.0028170794291533033,
    "Trends": 0.002744430100087906,
    "Summer of Code": 0.0028170794291533033,
    "Favicon": 0.002744430100087906,
    "List of devices running Chromium OS": 0.002744430100087906,
    "Series 5 550": 0.002744430100087906,
    "Series 5": 0.002744430100087906,
    "Google Local": 0.0028170794291533033,
    "Chromebooks": 0.00412466771525675,
    "Google gadgets": 0.002744430100087906,
    "Search Engine": 0.002744430100087906,
    "Google search": 0.007503058509907988,
    "Chrome OS": 0.004600605062636011,
    "Samsung Series 5 550": 0.005214507288311418,
    "Samsung Series 5": 0.005214507288311418,
    "List of Devices Running Chromium": 0.008926857213407628,
    "Gmail sending limit": 0.03280031163706187,
    "HP": 0.004600605062636011,
    "Chromebox": 0.00412466771525675,
    "Moto G2": 0.002744430100087906,
    "Motorola Moto G (2014)": 0.005214507288311418,
    "Presentations": 0.01246556628492515,
    "Android 3.0 Honeycomb": 0.002744430100087906,
    "Android 2.2 Froyo": 0.002744430100087906
  },
  "hitsHubs": {
    "Google Wiki:Main Page": 0.4784503505285459,
    "Gmail": 0.03228471345410276,
    "Google+ Local": 0.0,
    "Blogger": 0.0160883448821868,
    "Google Zeitgeist": 0.0,
    "Zeitgeist": 0.013952408014436406,
    "Google Video": 0.0020754143298572867,
    "Google Wiki talk:Main Page": 2.1301841101874833e-35,
    "Google": 0.0020754143298572867,
    "Help": 0.0,
    "Blog Search": 0.0020754143298572867,
    "Google Reader": 0.01865906052427954,
    "Google Base": 0.0,
    "Desktop Search": 0.013952408014436406,
    "Google Summer of Code": 0.01702283337560461,
    "Google Toolbar": 0.00213775482051252,
    "Google Cooking": 0.013952408014436406,
    "Removing pages from Google's index": 0.014947419045747324,
    "Google Analytics": 0.0,
    "Analytics": 0.013952408014436406,
    "Google in China": 0.016072784754685515,
    "Google Talk": 0.0020754143298572867,
    "Gmail for your domain": 0.004808790201496657,
    "Google Page Creator": 0.01709768353982618,
    "Google Groups": 0.0,
    "Google Mars": 0.014816559024565735,
    "Google Wiki:Gmail sending limit": 0.0016516676021342432,
    "Google Desktop": 0.0,
    "Google Trends": 0.0004985968919446104,
    "Google Co-op": 2.1301841101874833e-35,
    "Google Notebook": 0.0,
    "Google errors": 0.001081708269505128,
    "Gmail down": 0.015816345861988074,
    "Spreadsheets": 0.0,
    "Google Project Hosting": 0.0,
    "Google.org": 0.0,
    "Gmail errors": 0.015816345861988074,
    "Errors": 0.015816345861988074,
    "Google Gadgets": 0.013952408014436406,
    "Google Labs": 0.0,
    "IGoogle": 0.0020754143298572867,
    "Google Voice": 0.0,
    "Google Slides": 0.014371505004023007,
    "Google Docs": 0.044449677073697194,
    "Documents": 0.014371505004023007,
    "Google maps": 0.014816559024565735,
    "Google Maps": 0.0020754143298572867,
    "Blogspot": 0.014421117152551273,
    "Google's Favicons": 0.0,
    "Picasa": 0.0,
    "Android": 0.0,
    "Google Sidewiki": 0.0,
    "Sidewiki": 0.013952408014436406,
    "Google Code Hosting": 2.1301841101874833e-35,
    "Google Spreadsheets": 2.1301841101874833e-35,
    "Google Documents": 2.1301841101874833e-35,
    "Google Presentations": 2.1301841101874833e-35,
    "Google Picasa": 2.1301841101874833e-35,
    "GrandCentral": 8.934639734095802e-29,
    "Search URL parts": 0.0,
    "Google Foundation": 2.1301841101874833e-35,
    "Google Secure Access": 0.0,
    "Gmail tips": 0.0,
    "Google Desktop Search": 0.014931978592288012,
    "Desktop": 0.014931978592288012,
    "Co-op": 0.013952408014436406,
    "Maps": 0.014816559024565735,
    "Search engine": 0.0,
    "Reader": 0.013952408014436406,
    "Voice": 8.934639734095802e-29,
    "Toolbar": 2.1301841101874833e-35,
    "Trends": 0.013952408014436406,
    "Summer of Code": 2.1301841101874833e-35,
    "Favicon": 2.1301841101874833e-35,
    "List of devices running Chromium OS": 8.934639734095802e-29,
    "Series 5 550": 2.1301841101874833e-35,
    "Series 5": 2.1301841101874833e-35,
    "Google Local": 2.1301841101874833e-35,
    "Chromebooks": 8.934639734095802e-29,
    "Google gadgets": 2.1301841101874833e-35,
    "Search Engine": 6.234049065523334e-05,
    "Google search": 0.0,
    "Chrome OS": 0.0,
    "Samsung Series 5 550": 0.0,
    "Samsung Series 5": 0.0,
    "List of Devices Running Chromium": 0.0,
    "Gmail sending limit": 2.1301841101874833e-35,
    "HP": 0.015262417604056545,
    "Chromebox": 8.934639734095802e-29,
    "Moto G2": 2.1301841101874833e-35,
    "Motorola Moto G (2014)": 0.0,
    "Presentations": 2.1301841101874833e-35,