{
  "numNodes": 87,
  "numEdges": 111,
  "selfLinks": 2,
  "numStrongComponents": 77,
  "numWeakComponents": 8,
  "sizeLargestStrong": 6,
  "sizeLargestWeak": 68,
  "radius": 3,
  "diameter": 5,
  "averageInDegree": 1.2758620689655173,
  "averageOutDegree": 1.2758620689655173,
  "maxOutDegree": 32,
  "maxInDegree": 10,
  "pageRank": {
    "Google Wiki:Main Page": 0.0028855942703480877,
    "Gmail": 0.04254453507584227,
    "Google+ Local": 0.005555758223953537,
    "Blogger": 0.006898953490219803,
    "Google Zeitgeist": 0.005563871513417078,
    "Zeitgeist": 0.0028855942703480877,
    "Google Video": 0.002966754186804724,
    "Google Wiki talk:Main Page": 0.0028855942703480877,
    "Google": 0.3677939341095287,
    "Help": 0.005482711596960442,
    "Blog Search": 0.006071391410858066,
    "Google Reader": 0.005563871513417078,
    "Google Base": 0.0056369181404101725,
    "Desktop Search": 0.0028855942703480877,
    "Google Summer of Code": 0.005555758223953537,
    "Google Toolbar": 0.005555758223953537,
    "Google Cooking": 0.002966754186804724,
    "Removing pages from Google's index": 0.002966754186804724,
    "Google Analytics": 0.005563871513417078,
    "Analytics": 0.0028855942703480877,
    "Google in China": 0.002966754186804724,
    "Google Talk": 0.029649960984889943,
    "Gmail for your domain": 0.012459168539072887,
    "Google Page Creator": 0.007901363577196108,
    "Google Groups": 0.010507591748664107,
    "Google Mars": 0.0028855942703480877,
    "Google Wiki:Gmail sending limit": 0.033936265785518525,
    "Google Desktop": 0.01224074620326305,
    "Google Trends": 0.005563871513417078,
    "Google Co-op": 0.005563871513417078,
    "Google Notebook": 0.002966754186804724,
    "Google errors": 0.020331680435366584,
    "Gmail down": 0.0028855942703480877,
    "Spreadsheets": 0.013116325045306965,
    "Google Project Hosting": 0.005555758223953537,
    "Google.org": 0.005555758223953537,
    "Gmail errors": 0.0028855942703480877,
    "Errors": 0.0028855942703480877,
    "Google Gadgets": 0.005482711596960442,
    "Google Labs": 0.010263746801958119,
    "Google Voice": 0.008079828923572797,
    "Google Slides": 0.014691384745830842,
    "Google Docs": 0.027996024070244117,
    "Documents": 0.013116325045306965,
    "Google maps": 0.0028855942703480877,
    "Google Maps": 0.010758106166641787,
    "Blogspot": 0.0028855942703480877,
    "Google's Favicons": 0.005482711596960442,
    "Google Code Hosting": 0.002966754186804724,
    "Google Spreadsheets": 0.011366403536206025,
    "Google Documents": 0.011366403536206025,
    "Google Presentations": 0.011366403536206025,
    "GrandCentral": 0.0028855942703480877,
    "Search URL parts": 0.002966754186804724,
    "Google Foundation": 0.002966754186804724,
    "Google Secure Access": 0.002966754186804724,
    "Gmail tips": 0.012540328455529522,
    "Google Desktop Search": 0.005563871513417078,
    "Desktop": 0.0028855942703480877,
    "Co-op": 0.0028855942703480877,
    "Maps": 0.0028855942703480877,
    "Search engine": 0.007982888690988824,
    "Reader": 0.0028855942703480877,
    "Voice": 0.0028855942703480877,
    "Toolbar": 0.002966754186804724,
    "Trends": 0.0028855942703480877,
    "Summer of Code": 0.002966754186804724,
    "Favicon": 0.0028855942703480877,
    "List of devices running Chromium OS": 0.0028855942703480877,
    "Series 5 550": 0.0028855942703480877,
    "Series 5": 0.0028855942703480877,
    "Google Local": 0.002966754186804724,
    "Chromebooks": 0.005246692640933312,
    "Google gadgets": 0.0028855942703480877,
    "Search Engine": 0.0028855942703480877,
    "Google search": 0.007893250287732568,
    "Chrome OS": 0.005246692640933312,
    "Samsung Series 5 550": 0.005482711596960442,
    "Samsung Series 5": 0.005482711596960442,
    "List of Devices Running Chromium": 0.010204908338130892,
    "Gmail sending limit": 0.03449727665752845,
    "HP": 0.005246692640933312,
    "Chromebox": 0.005246692640933312,
    "Moto G2": 0.0028855942703480877,
    "Motorola Moto G (2014)": 0.005482711596960442,
    "Presentations": 0.013116325045306965,
    "Android 2.2 Froyo": 0.0028855942703480877
  },
  "hitsHubs": {
    "Google Wiki:Main Page": 0.478962682611838,
    "Gmail": 0.03464050865796956,
    "Google+ Local": 0.0,
    "Blogger": 0.017117701317322133,
    "Google Zeitgeist": 0.0,
    "Zeitgeist": 0.014823496495501631,
    "Google Video": 0.002225332621755389,
    "Google Wiki talk:Main Page": 8.468017595497746e-32,
    "Google": 0.002225332621755389,
    "Help": 0.0,
    "Blog Search": 0.002225332621755389,
    "Google Reader": 0.02005273996163283,
    "Google Base": 0.0,
    "Desktop Search": 0.014823496495501631,
    "Google Summer of Code": 0.0181814966642917,
    "Google Toolbar": 0.0022964044360864948,
    "Google Cooking": 0.014823496495501631,
    "Removing pages from Google's index": 0.01595616404253631,
    "Google Analytics": 0.0,
    "Analytics": 0.014823496495501631,
    "Google in China": 0.0172473343248641,
    "Google Talk": 0.014823496495501631,
    "Gmail for your domain": 0.00535315028068334,
    "Google Page Creator": 0.018416176568071613,
    "Google Groups": 0.0,
    "Google Mars": 0.015801588529049886,
    "Google Wiki:Gmail sending limit": 0.0018900471800802339,
    "Google Desktop": 0.0,
    "Google Trends": 0.0005699653454550691,
    "Google Co-op": 8.468017595497746e-32,
    "Google Notebook": 0.0,
    "Google errors": 0.0012377704788477167,
    "Gmail down": 0.016944423002242703,
    "Spreadsheets": 0.0,
    "Google Project Hosting": 0.0,
    "Google.org": 0.0,
    "Gmail errors": 0.016944423002242703,
    "Errors": 0.016944423002242703,
    "Google Gadgets": 0.014823496495501631,
    "Google Labs": 0.0,
    "Google Voice": 0.0,
    "Google Slides": 0.015296923551146549,
    "Google Docs": 0.04740476558714967,
    "Documents": 0.015296923551146549,
    "Google maps": 0.015801588529049886,
    "Google Maps": 0.002225332621755389,
    "Blogspot": 0.015357287144783868,
    "Google's Favicons": 0.0,
    "Google Code Hosting": 8.468017595497746e-32,
    "Google Spreadsheets": 8.468017595497746e-32,
    "Google Documents": 8.468017595497746e-32,
    "Google Presentations": 8.468017595497746e-32,
    "GrandCentral": 8.879360018216644e-26,
    "Search URL parts": 0.0,
    "Google Foundation": 8.468017595497746e-32,
    "Google Secure Access": 0.0,
    "Gmail tips": 0.0,
    "Google Desktop Search": 0.015937360159797204,
    "Desktop": 0.015937360159797204,
    "Co-op": 0.014823496495501631,
    "Maps": 0.015801588529049886,
    "Search engine": 0.0,
    "Reader": 0.014823496495501631,
    "Voice": 8.879360018216644e-26,
    "Toolbar": 8.468017595497746e-32,
    "Trends": 0.014823496495501631,
    "Summer of Code": 8.468017595497746e-32,
    "Favicon": 8.468017595497746e-32,
    "List of devices running Chromium OS": 8.879360018216644e-26,
    "Series 5 550": 8.468017595497746e-32,
    "Series 5": 8.468017595497746e-32,
    "Google Local": 8.468017595497746e-32,
    "Chromebooks": 8.879360018216644e-26,
    "Google gadgets": 8.468017595497746e-32,
    "Search Engine": 7.107181433110581e-05,
    "Google search": 0.0,
    "Chrome OS": 0.0,
    "Samsung Series 5 550": 0.0,
    "Samsung Series 5": 0.0,
    "List of Devices Running Chromium": 0.0,
    "Gmail sending limit": 8.468017595497746e-32,
    "HP": 8.879360018216644e-26,
    "Chromebox": 8.879360018216644e-26,
    "Moto G2": 8.468017595497746e-32,
    "Motorola Moto G (2014)": 0.0,
    "Presentations": 8.468017595497746e-32,
    "Android 2.2 Froyo": 0.002225332621755389
  },
  "hitsAuths": {
    "Google Wiki:Main Page": 0.0,
    "Gmail": 0.0038890117290917817,
    "Google+ Local": 1.742401993882942e-31,
    "Blogger": 0.031599565588918015,
    "Google Zeitgeist": 0.03050122364390371,
    "Zeitgeist": 0.0,
    "Google Video": 0.02958557472372513,
    "Google Wiki talk:Main Page": 0.0,
    "Google": 0.004578904039194349,
    "Help": 1.742401993882942e-31,
    "Blog Search": 0.030642936928463198,