{
  "numNodes": 92,
  "numEdges": 116,
  "selfLinks": 1,
  "numStrongComponents": 82,
  "numWeakComponents": 8,
  "sizeLargestStrong": 6,
  "sizeLargestWeak": 77,
  "radius": 3,
  "diameter": 5,
  "averageInDegree": 1.2608695652173914,
  "averageOutDegree": 1.2608695652173914,
  "maxOutDegree": 33,
  "maxInDegree": 12,
  "pageRank": {
    "Google Wiki:Main Page": 0.0027658162900210557,
    "Gmail": 0.040773622175097946,
    "Google+ Local": 0.005323033903074698,
    "Blogger": 0.006609183270000631,
    "Google Zeitgeist": 0.005330574463473809,
    "Zeitgeist": 0.0027658162900210557,
    "Google Video": 0.0028412503539461367,
    "Google Wiki talk:Main Page": 0.0027658162900210557,
    "Google": 0.4028013253663739,
    "Help": 0.0052551403995487285,
    "Blog Search": 0.005815500158134224,
    "Google Reader": 0.005330574463473809,
    "Google Base": 0.0053984679669997785,
    "Desktop Search": 0.0027658162900210557,
    "Google Summer of Code": 0.005323033903074698,
    "Google Toolbar": 0.005323033903074698,
    "Google Cooking": 0.0028412503539461367,
    "Removing pages from Google's index": 0.0028412503539461367,
    "Google Analytics": 0.005330574463473809,
    "Analytics": 0.0027658162900210557,
    "Google in China": 0.0028412503539461367,
    "Google Talk": 0.0028412503539461367,
    "Gmail for your domain": 0.011941047122214068,
    "Google Page Creator": 0.0075710600798307905,
    "Google Groups": 0.010065339367848054,
    "Google Mars": 0.0027658162900210557,
    "Google Wiki:Gmail sending limit": 0.03252453510765125,
    "Google Desktop": 0.011727512102687972,
    "Google Trends": 0.005330574463473809,
    "Google Co-op": 0.005330574463473809,
    "Google Notebook": 0.0028412503539461367,
    "Google errors": 0.01948445351472217,
    "Gmail down": 0.0027658162900210557,
    "Spreadsheets": 0.012567470042668678,
    "Google Project Hosting": 0.005323033903074698,
    "Google.org": 0.005323033903074698,
    "Gmail errors": 0.0027658162900210557,
    "Errors": 0.0027658162900210557,
    "Google Gadgets": 0.0052551403995487285,
    "Google Labs": 0.009834932486550565,
    "IGoogle": 0.0027658162900210557,
    "Google Voice": 0.007744464509076401,
    "Google Slides": 0.014077751717031965,
    "Google Docs": 0.026824522183378184,
    "Documents": 0.012567470042668678,
    "Google maps": 0.0027658162900210557,
    "Google Maps": 0.010309222682529155,
    "Blogspot": 0.0027658162900210557,
    "Google's Favicons": 0.0052551403995487285,
    "Picasa": 0.0052551403995487285,
    "Android": 0.0067215663481001164,
    "Google Code Hosting": 0.0028412503539461367,
    "Google Spreadsheets": 0.010889537398366709,
    "Google Documents": 0.010889537398366709,
    "Google Presentations": 0.010889537398366709,
    "Google Picasa": 0.0027658162900210557,
    "GrandCentral": 0.0027658162900210557,
    "Search URL parts": 0.0028412503539461367,
    "Google Foundation": 0.0028412503539461367,
    "Google Secure Access": 0.0028412503539461367,
    "Gmail tips": 0.012016481186139152,
    "Google Desktop Search": 0.005330574463473809,
    "Desktop": 0.0027658162900210557,
    "Co-op": 0.0027658162900210557,
    "Maps": 0.0027658162900210557,
    "Search engine": 0.007650598833278116,
    "Reader": 0.0027658162900210557,
    "Voice": 0.0027658162900210557,
    "Toolbar": 0.0028412503539461367,
    "Trends": 0.0027658162900210557,
    "Summer of Code": 0.0028412503539461367,
    "Favicon": 0.0027658162900210557,
    "List of devices running Chromium OS": 0.0027658162900210557,
    "Series 5 550": 0.0027658162900210557,
    "Series 5": 0.0027658162900210557,
    "Google Local": 0.0028412503539461367,
    "Chromebooks": 0.004156808174647362,
    "Google gadgets": 0.0027658162900210557,
    "Search Engine": 0.0027658162900210557,
    "Google search": 0.007563519519431678,
    "Chrome OS": 0.004636453936246627,
    "Samsung Series 5 550": 0.0052551403995487285,
    "Samsung Series 5": 0.0052551403995487285,
    "List of Devices Running Chromium": 0.008996415691999871,
    "Gmail sending limit": 0.0330614059610619,
    "HP": 0.004636453936246627,
    "Chromebox": 0.004156808174647362,
    "Moto G2": 0.0027658162900210557,
    "Motorola Moto G (2014)": 0.0052551403995487285,
    "Presentations": 0.012567470042668678,
    "Android 3.0 Honeycomb": 0.0027658162900210557,
    "Android 2.2 Froyo": 0.0027658162900210557
  },
  "hitsHubs": {
    "Google Wiki:Main Page": 0.47666014724780414,
    "Gmail": 0.03327985323630041,
    "Google+ Local": 0.0,
    "Blogger": 0.01661511241088288,
    "Google Zeitgeist": 0.0,
    "Zeitgeist": 0.014312585585791624,
    "Google Video": 0.0022354047355039805,
    "Google Wiki talk:Main Page": 3.955860972491445e-35,
    "Google": 0.0022354047355039805,
    "Help": 0.0,
    "Blog Search": 0.0022354047355039805,
    "Google Reader": 0.019354210901665433,
    "Google Base": 0.0,
    "Desktop Search": 0.014312585585791624,
    "Google Summer of Code": 0.017607136607988287,
    "Google Toolbar": 0.0023046046796057432,
    "Google Cooking": 0.014312585585791624,
    "Removing pages from Google's index": 0.015371731872484308,
    "Google Analytics": 0.0,
    "Analytics": 0.014312585585791624,
    "Google in China": 0.016574278329677415,
    "Google Talk": 0.0022354047355039805,
    "Gmail for your domain": 0.005153454498910061,
    "Google Page Creator": 0.017666211903739567,
    "Google Groups": 0.0,
    "Google Mars": 0.015227023596381542,
    "Google Wiki:Gmail sending limit": 0.0017640199689081466,
    "Google Desktop": 0.0,
    "Google Trends": 0.0005304600623471121,
    "Google Co-op": 3.955860972491445e-35,
    "Google Notebook": 0.0,
    "Google errors": 0.001154029794497933,
    "Gmail down": 0.016290156551883685,
    "Spreadsheets": 0.0,
    "Google Project Hosting": 0.0,
    "Google.org": 0.0,
    "Gmail errors": 0.016290156551883685,
    "Errors": 0.016290156551883685,
    "Google Gadgets": 0.014312585585791624,
    "Google Labs": 0.0,
    "IGoogle": 0.0022354047355039805,
    "Google Voice": 0.0,
    "Google Slides": 0.014755650766818335,
    "Google Docs": 0.045681070789144615,
    "Documents": 0.014755650766818335,
    "Google maps": 0.015227023596381542,
    "Google Maps": 0.0022354047355039805,
    "Blogspot": 0.014810258360769267,
    "Google's Favicons": 0.0,
    "Picasa": 0.0,
    "Android": 0.0,
    "Google Code Hosting": 3.955860972491445e-35,
    "Google Spreadsheets": 3.955860972491445e-35,
    "Google Documents": 3.955860972491445e-35,
    "Google Presentations": 3.955860972491445e-35,
    "Google Picasa": 3.955860972491445e-35,
    "GrandCentral": 1.6592083500364758e-28,
    "Search URL parts": 0.0,
    "Google Foundation": 3.955860972491445e-35,
    "Google Secure Access": 0.0,
    "Gmail tips": 0.0,
    "Google Desktop Search": 0.015354786197253306,
    "Desktop": 0.015354786197253306,
    "Co-op": 0.014312585585791624,
    "Maps": 0.015227023596381542,
    "Search engine": 0.0,
    "Reader": 0.014312585585791624,
    "Voice": 1.6592083500364758e-28,
    "Toolbar": 3.955860972491445e-35,
    "Trends": 0.014312585585791624,
    "Summer of Code": 3.955860972491445e-35,
    "Favicon": 3.955860972491445e-35,
    "List of devices running Chromium OS": 1.6592083500364758e-28,
    "Series 5 550": 3.955860972491445e-35,
    "Series 5": 3.955860972491445e-35,
    "Google Local": 3.955860972491445e-35,
    "Chromebooks": 1.6592083500364758e-28,
    "Google gadgets": 3.955860972491445e-35,
    "Search Engine": 6.919994410176308e-05,
    "Google search": 0.0,
    "Chrome OS": 0.0,
    "Samsung Series 5 550": 0.0,
    "Samsung Series 5": 0.0,
    "List of Devices Running Chromium": 0.0,
    "Gmail sending limit": 3.955860972491445e-35,
    "HP": 0.015699301588860078,
    "Chromebox": 1.6592083500364758e-28,
    "Moto G2": 3.955860972491445e-35,
    "Motorola Moto G (2014)": 0.0,
    "Presentations": 3.955860972491445e-35,
    "Android 3.0 Honeycomb": 0.014783985594513101,
    "Android 2.2 Froyo": 0.0022354047355039805
  },