{
  "numNodes": 119,
  "numEdges": 181,
  "selfLinks": 0,
  "numStrongComponents": 91,
  "numWeakComponents": 7,
  "sizeLargestStrong": 16,
  "sizeLargestWeak": 107,
  "radius": 3,
  "diameter": 6,
  "averageInDegree": 1.5210084033613445,
  "averageOutDegree": 1.5210084033613445,
  "maxOutDegree": 38,
  "maxInDegree": 18,
  "pageRank": {
    "Google Wiki:Main Page": 0.004116701215864665,
    "Gmail": 0.036212808226219986,
    "Google+ Local": 0.004204461815156558,
    "Blogger": 0.06761588627147978,
    "Google Zeitgeist": 0.004214207122617517,
    "Zeitgeist": 0.0021666349209049076,
    "Google Video": 0.002701770296933411,
    "Google Wiki talk:Main Page": 0.0021666349209049076,
    "Google": 0.06930897183318482,
    "Help": 0.004116701215864665,
    "Blog Search": 0.002264140827657759,
    "Google Reader": 0.0046518365918931685,
    "Google Base": 0.004739597191185061,
    "Desktop Search": 0.0021666349209049076,
    "Google Summer of Code": 0.004204461815156558,
    "Google Toolbar": 0.01681397532779709,
    "Google Cooking": 0.002264140827657759,
    "Removing pages from Google's index": 0.002264140827657759,
    "Google Analytics": 0.0046518365918931685,
    "Analytics": 0.0021666349209049076,
    "Google in China": 0.002264140827657759,
    "Google Talk": 0.002701770296933411,
    "Gmail for your domain": 0.010315631447369897,
    "Google Page Creator": 0.00971460617375008,
    "Google Groups": 0.008817632364239157,
    "Google Mars": 0.0026042643901805595,
    "Google Wiki:Gmail sending limit": 0.024628265522221582,
    "Google Desktop": 0.009840453346033295,
    "Google Trends": 0.0046518365918931685,
    "Google Co-op": 0.0046518365918931685,
    "Google Notebook": 0.002701770296933411,
    "Google errors": 0.016263336239002023,
    "Gmail down": 0.0021666349209049076,
    "Spreadsheets": 0.02957038985936988,
    "Google Project Hosting": 0.004204461815156558,
    "Google.org": 0.004204461815156558,
    "Gmail errors": 0.0021666349209049076,
    "Errors": 0.0021666349209049076,
    "Google Translator": 0.0021666349209049076,
    "Google Gadgets": 0.004116701215864665,
    "Google Labs": 0.008977087417092251,
    "IGoogle": 0.0021666349209049076,
    "Google Hacks": 0.004116701215864665,
    "Google Voice": 0.006504396980100075,
    "Google Slides": 0.028774937917281335,
    "Google Docs": 0.09398259178572105,
    "Documents": 0.02957038985936988,
    "Google maps": 0.0021666349209049076,
    "Google Maps": 0.008945879220632055,
    "Blogspot": 0.0021666349209049076,
    "Google's Favicons": 0.004116701215864665,
    "Picasa": 0.016726214728505197,
    "Android": 0.005303881228440937,
    "Googlebot": 0.0021666349209049076,
    "Google Sidewiki": 0.0046518365918931685,
    "Sidewiki": 0.0021666349209049076,
    "Google Wave": 0.0046518365918931685,
    "Google Translate": 0.0045543306851403165,
    "Google Calendar": 0.007083573524964189,
    "Google Sites": 0.01102465961880486,
    "List of Google Products": 0.01507246096014055,
    "Google Doodles": 0.0021666349209049076,
    "SketchUp": 0.0026042643901805595,
    "Google Webmaster Tools": 0.0045543306851403165,
    "Google tricks": 0.0021666349209049076,
    "GOOGLE": 0.0021666349209049076,
    "Google App Engine": 0.013630727067575017,
    "Google chat": 0.002264140827657759,
    "Google Code Hosting": 0.002264140827657759,
    "Google Apps": 0.015197195743294669,
    "Larry Page": 0.0028166570192248268,
    "Home": 0.0021666349209049076,
    "Sergey Brin": 0.004084216526979472,
    "Google Spreadsheets": 0.030454086277279635,
    "Google Documents": 0.030454086277279635,
    "Google Presentations": 0.030454086277279635,
    "Google Picasa": 0.0021666349209049076,
    "GrandCentral": 0.0021666349209049076,
    "Search URL parts": 0.002264140827657759,
    "Google Foundation": 0.002264140827657759,
    "Google Secure Access": 0.002264140827657759,
    "Gmail tips": 0.010413137354122748,
    "Google Desktop Search": 0.004214207122617517,
    "Desktop": 0.0021666349209049076,
    "Co-op": 0.0021666349209049076,
    "Maps": 0.0021666349209049076,
    "Wave": 0.0021666349209049076,
    "Search engine": 0.01168364334827432,
    "Sites": 0.0021666349209049076,
    "Reader": 0.0021666349209049076,
    "Voice": 0.0021666349209049076,
    "Toolbar": 0.002264140827657759,
    "Calendar": 0.0021666349209049076,
    "Trends": 0.0021666349209049076,
    "Summer of Code": 0.002264140827657759,
    "Favicon": 0.0021666349209049076,
    "Google Checkout": 0.0026042643901805595,
    "Google Web Search": 0.004260082468264719,
    "List of devices running Chromium OS": 0.0021666349209049076,
    "List of Google products": 0.014338518964269787,
    "Series 5 550": 0.0021666349209049076,
    "Series 5": 0.0021666349209049076,
    "Google Local": 0.002264140827657759,
    "Chromebooks": 0.003256309026728328,
    "Google gadgets": 0.0021666349209049076,
    "Search Engine": 0.0021666349209049076,
    "Google search": 0.0026042643901805595,
    "Chrome OS": 0.0036320518176350697,
    "Samsung Series 5 550": 0.004116701215864665,
    "Samsung Series 5": 0.004116701215864665,
    "List of Devices Running Chromium": 0.007047535009324989,
    "Gmail sending limit": 0.024954186464513396,
    "HP": 0.0036320518176350697,
    "Chromebox": 0.003256309026728328,
    "Moto G2": 0.0021666349209049076,
    "Motorola Moto G (2014)": 0.004116701215864665,
    "Presentations": 0.02957038985936988,
    "Android 3.0 Honeycomb": 0.0021666349209049076,
    "Android 2.2 Froyo": 0.0021666349209049076
  },
  "hitsHubs": {
    "Google Wiki:Main Page": 0.25075358106590784,
    "Gmail": 0.010267837202989355,
    "Google+ Local": 0.0,
    "Blogger": 0.026374816047901737,
    "Google Zeitgeist": 0.0,
    "Zeitgeist": 0.004700464568004325,
    "Google Video": 0.007289198837284091,
    "Google Wiki talk:Main Page": 2.6085359411550232e-43,
    "Google": 0.004987654568286863,
    "Help": 0.0,
    "Blog Search": 0.007289198837284091,
    "Google Reader": 0.021939898465012347,
    "Google Base": 0.0,
    "Desktop Search": 0.004700464568004325,
    "Google Summer of Code": 0.016867273070020714,
    "Google Toolbar": 0.007428447717803061,
    "Google Cooking": 0.008719707864548521,
    "Removing pages from Google's index": 0.009578074232736622,
    "Google Analytics": 0.0,
    "Analytics": 0.008719707864548521,
    "Google in China": 0.01033294192941467,
    "Google Talk": 0.0,
    "Gmail for your domain": 0.004409301615321381,
    "Google Page Creator": 0.028923613610495898,
    "Google Groups": 0.007289198837284091,
    "Google Mars": 0.009059349277635914,
    "Google Wiki:Gmail sending limit": 0.005345287361127807,
    "Google Desktop": 0.0,
    "Google Trends": 0.004561426664413822,
    "Google Co-op": 0.00742583744825796,
    "Google Notebook": 0.008886284408914506,
    "Google errors": 0.00019247423991297066,
    "Gmail down": 0.005083523707615458,
    "Spreadsheets": 0.009573012117584764,
    "Google Project Hosting": 0.0,
    "Google.org": 0.0,
    "Gmail errors": 0.005083523707615458,
    "Errors": 0.005083523707615458,
    "Google Translator": 0.004019243296544196,
    "Google Gadgets": 0.009109766183325705,
    "Google Labs": 0.0,
    "IGoogle": 0.007289198837284091,
    "Google Hacks": 0.0,
    "Google Voice": 0.0,
    "Google Slides": 0.009573012117584764,
    "Google Docs": 0.01465065720605976,
    "Documents": 0.009573012117584764,
    "Google maps": 0.009059349277635914,
    "Google Maps": 0.007289198837284091,
    "Blogspot": 0.004987654568286863,
    "Google's Favicons": 0.0,
    "Picasa": 0.0,
    "Android": 0.0,
    "Googlebot": 0.004019243296544196,
    "Google Sidewiki": 0.009438825352217652,
    "Sidewiki": 0.008719707864548521,
    "Google Wave": 0.004198138184209268,
    "Google Translate": 0.0,
    "Google Calendar": 0.007289198837284091,
    "Google Sites": 0.020808266635931178,
    "List of Google Products": 0.21441277437169082,
    "Google Doodles": 0.007712317537173178,
    "SketchUp": 0.0,