{
  "numNodes": 110,
  "numEdges": 181,
  "selfLinks": 0,
  "numStrongComponents": 95,
  "numWeakComponents": 6,
  "sizeLargestStrong": 10,
  "sizeLargestWeak": 100,
  "radius": 2,
  "diameter": 6,
  "averageInDegree": 1.6454545454545455,
  "averageOutDegree": 1.6454545454545455,
  "maxOutDegree": 37,
  "maxInDegree": 17,
  "pageRank": {
    "Google Wiki:Main Page": 0.003205074921983138,
    "Gmail": 0.056652475724061714,
    "Google+ Local": 0.00615993001631641,
    "Blogger": 0.007645149725831069,
    "Google Zeitgeist": 0.0061677221786644336,
    "Zeitgeist": 0.003205074921983138,
    "Google Video": 0.008700052143132636,
    "Google Wiki talk:Main Page": 0.003205074921983138,
    "Google": 0.0921073726840278,
    "Help": 0.00608975777717282,
    "Blog Search": 0.003283039323474751,
    "Google Reader": 0.006403293518922949,
    "Google Base": 0.006473465758066539,
    "Desktop Search": 0.003205074921983138,
    "Google Summer of Code": 0.00615993001631641,
    "Google Toolbar": 0.007771700393804236,
    "Google Cooking": 0.003283039323474751,
    "Removing pages from Google's index": 0.003283039323474751,
    "Google Analytics": 0.011584734998322318,
    "Analytics": 0.003205074921983138,
    "Google in China": 0.003283039323474751,
    "Google Talk": 0.003518610663733266,
    "Gmail for your domain": 0.015951890258146726,
    "Google Page Creator": 0.014474981774490239,
    "Google Groups": 0.018769850826725276,
    "Google Mars": 0.0034406462622416528,
    "Google Wiki:Gmail sending limit": 0.04077950291372634,
    "Google Desktop": 0.019057050052245627,
    "Google Trends": 0.006403293518922949,
    "Google Co-op": 0.006403293518922949,
    "Google Notebook": 0.003518610663733266,
    "Google errors": 0.024683903225207388,
    "Gmail down": 0.003205074921983138,
    "Spreadsheets": 0.01533129092073008,
    "Google Project Hosting": 0.00615993001631641,
    "Google.org": 0.01134137149571578,
    "Gmail errors": 0.003205074921983138,
    "Errors": 0.003205074921983138,
    "Google Translator": 0.003205074921983138,
    "Google Gadgets": 0.00608975777717282,
    "Google Labs": 0.01354674251423735,
    "IGoogle": 0.003205074921983138,
    "Google Voice": 0.013873830633301366,
    "Google Slides": 0.01700245072401044,
    "Google Docs": 0.03399022244755646,
    "Documents": 0.01533129092073008,
    "Google maps": 0.003205074921983138,
    "Google Maps": 0.017566134099887207,
    "Blogspot": 0.003205074921983138,
    "Google's Favicons": 0.00608975777717282,
    "Picasa": 0.012882969634060016,
    "Android": 0.007779670211153773,
    "Googlebot": 0.008386516401382509,
    "Google Sidewiki": 0.006403293518922949,
    "Sidewiki": 0.003205074921983138,
    "Google Wave": 0.011584734998322318,
    "Google Translate": 0.011506770596830706,
    "Google Calendar": 0.013158782143534864,
    "Google Sites": 0.012166554852754573,
    "List of Google Products": 0.007328444069935915,
    "Google Doodles": 0.003205074921983138,
    "SketchUp": 0.008622087741641023,
    "Google Code Hosting": 0.003283039323474751,
    "Google Spreadsheets": 0.013476487671681326,
    "Google Documents": 0.013476487671681326,
    "Google Presentations": 0.013476487671681326,
    "Google Picasa": 0.003205074921983138,
    "GrandCentral": 0.008386516401382509,
    "Search URL parts": 0.003283039323474751,
    "Google Foundation": 0.003283039323474751,
    "Google Secure Access": 0.003283039323474751,
    "Gmail tips": 0.01602985465963834,
    "Google Desktop Search": 0.0061677221786644336,
    "Desktop": 0.003205074921983138,
    "Co-op": 0.003205074921983138,
    "Maps": 0.003205074921983138,
    "Wave": 0.003205074921983138,
    "Search engine": 0.014768667769641794,
    "Sites": 0.003205074921983138,
    "Reader": 0.003205074921983138,
    "Voice": 0.003205074921983138,
    "Toolbar": 0.003283039323474751,
    "Calendar": 0.003205074921983138,
    "Trends": 0.003205074921983138,
    "Summer of Code": 0.003283039323474751,
    "Favicon": 0.003205074921983138,
    "Google Checkout": 0.0034406462622416528,
    "Google Web Search": 0.00608670558889895,
    "List of devices running Chromium OS": 0.003205074921983138,
    "List of Google products": 0.0045812739592124485,
    "Series 5 550": 0.003205074921983138,
    "Series 5": 0.003205074921983138,
    "Google Local": 0.003283039323474751,
    "Chromebooks": 0.004817022954472477,
    "Google gadgets": 0.003205074921983138,
    "Eric E. Schmidt": 0.008386516401382509,
    "Search Engine": 0.003205074921983138,
    "Google search": 0.008622087741641023,
    "Chrome OS": 0.005372854774596826,
    "Samsung Series 5 550": 0.00608975777717282,
    "Samsung Series 5": 0.00608975777717282,
    "List of Devices Running Chromium": 0.010425317482400196,
    "Gmail sending limit": 0.041754181737694386,
    "HP": 0.005372854774596826,
    "Chromebox": 0.004817022954472477,
    "Moto G2": 0.003205074921983138,
    "Motorola Moto G (2014)": 0.00608975777717282,
    "Presentations": 0.01533129092073008,
    "Android 3.0 Honeycomb": 0.003205074921983138,
    "Android 2.2 Froyo": 0.003205074921983138
  },
  "hitsHubs": {
    "Google Wiki:Main Page": 0.22740694872028452,
    "Gmail": 0.009425817637331805,
    "Google+ Local": 0.0,
    "Blogger": 0.025357051860111748,
    "Google Zeitgeist": 0.0,
    "Zeitgeist": 0.004127152321248975,
    "Google Video": 0.006720315950817222,
    "Google Wiki talk:Main Page": 6.267281628520564e-42,
    "Google": 0.09523395359697999,
    "Help": 0.0,
    "Blog Search": 0.006720315950817222,
    "Google Reader": 0.023523277493555716,
    "Google Base": 0.0,
    "Desktop Search": 0.004127152321248975,
    "Google Summer of Code": 0.016859421805879807,
    "Google Toolbar": 0.008604860847278793,
    "Google Cooking": 0.007726250268208697,
    "Removing pages from Google's index": 0.010139105855062584,
    "Google Analytics": 0.0,
    "Analytics": 0.00945462767844135,
    "Google in China": 0.011066763356602321,
    "Google Talk": 0.006720315950817222,
    "Gmail for your domain": 0.022316738220393054,
    "Google Page Creator": 0.020855467603714054,
    "Google Groups": 0.006720315950817222,
    "Google Mars": 0.009810732791921373,
    "Google Wiki:Gmail sending limit": 0.006738763091271001,
    "Google Desktop": 0.0,
    "Google Trends": 0.00397759865738047,
    "Google Co-op": 0.006842281298947876,
    "Google Notebook": 0.008281571402766821,
    "Google errors": 0.0005760877755380074,
    "Gmail down": 0.004460110009037869,
    "Spreadsheets": 0.0,
    "Google Project Hosting": 0.0,
    "Google.org": 0.0,
    "Gmail errors": 0.004460110009037869,
    "Errors": 0.004460110009037869,
    "Google Translator": 0.005327475357192375,
    "Google Gadgets": 0.007993283740875498,
    "Google Labs": 0.0,
    "IGoogle": 0.006720315950817222,
    "Google Voice": 0.0,
    "Google Slides": 0.00833776922145749,
    "Google Docs": 0.012847800037256085,
    "Documents": 0.00833776922145749,
    "Google maps": 0.009810732791921373,
    "Google Maps": 0.006720315950817222,
    "Blogspot": 0.00432800026533132,
    "Google's Favicons": 0.0,
    "Picasa": 0.0,
    "Android": 0.0,
    "Googlebot": 0.0,
    "Google Sidewiki": 0.00786906395870312,
    "Sidewiki": 0.007726250268208697,
    "Google Wave": 0.0,
    "Google Translate": 0.0,
    "Google Calendar": 0.006720315950817222,
    "Google Sites": 0.014713599691692718,
    "List of Google Products": 0.1983110430339986,
    "Google Doodles": 0.006720315950817222,
    "SketchUp": 0.0,
    "Google Code Hosting": 6.267281628520564e-42,
    "Google Spreadsheets": 6.267281628520564e-42,
    "Google Documents": 6.267281628520564e-42,
    "Google Presentations": 6.267281628520564e-42,
    "Google Picasa": 0.00578767420432575,
    "GrandCentral": 0.003665624456331927,
    "Search URL parts": 0.0,
    "Google Foundation": 0.0017283774102326533,
    "Google Secure Access": 0.0,
    "Gmail tips": 0.0,
    "Google Desktop Search": 0.010064198451467492,
    "Desktop": 0.010064198451467492,