{
  "numNodes": 113,
  "numEdges": 171,
  "selfLinks": 0,
  "numStrongComponents": 87,
  "numWeakComponents": 6,
  "sizeLargestStrong": 16,
  "sizeLargestWeak": 103,
  "radius": 3,
  "diameter": 6,
  "averageInDegree": 1.5132743362831858,
  "averageOutDegree": 1.5132743362831858,
  "maxOutDegree": 38,
  "maxInDegree": 15,
  "pageRank": {
    "Google Wiki:Main Page": 0.0027170748223215454,
    "Gmail": 0.045496985319904655,
    "Google+ Local": 0.005220404358235479,
    "Blogger": 0.07510163247944976,
    "Google Zeitgeist": 0.005226838302553449,
    "Zeitgeist": 0.0027170748223215454,
    "Google Video": 0.003284679367973898,
    "Google Wiki talk:Main Page": 0.0027170748223215454,
    "Google": 0.0762420343643342,
    "Help": 0.005162485392803913,
    "Blog Search": 0.0027814277320710812,
    "Google Reader": 0.005730089938456266,
    "Google Base": 0.0057880089038878325,
    "Desktop Search": 0.0027170748223215454,
    "Google Summer of Code": 0.005220404358235479,
    "Google Toolbar": 0.019243308473616907,
    "Google Cooking": 0.0027814277320710812,
    "Removing pages from Google's index": 0.0027814277320710812,
    "Google Analytics": 0.005730089938456266,
    "Analytics": 0.0027170748223215454,
    "Google in China": 0.0027814277320710812,
    "Google Talk": 0.003284679367973898,
    "Gmail for your domain": 0.012953192044495632,
    "Google Page Creator": 0.011197358449433896,
    "Google Groups": 0.011496594576513917,
    "Google Mars": 0.003220326458224362,
    "Google Wiki:Gmail sending limit": 0.03086629838537502,
    "Google Desktop": 0.012153428342018165,
    "Google Trends": 0.005730089938456266,
    "Google Co-op": 0.005730089938456266,
    "Google Notebook": 0.003284679367973898,
    "Google errors": 0.020353776665692273,
    "Gmail down": 0.0027170748223215454,
    "Spreadsheets": 0.019334433439196674,
    "Google Project Hosting": 0.005220404358235479,
    "Google.org": 0.005220404358235479,
    "Gmail errors": 0.0027170748223215454,
    "Errors": 0.0027170748223215454,
    "Google Translator": 0.0027170748223215454,
    "Google Gadgets": 0.005162485392803913,
    "Google Labs": 0.011736946497832757,
    "IGoogle": 0.0027170748223215454,
    "Google Voice": 0.008111147599189098,
    "Google Slides": 0.02011475146036395,
    "Google Docs": 0.05229884317060248,
    "Documents": 0.019334433439196674,
    "Google maps": 0.0027170748223215454,
    "Google Maps": 0.011073925400852877,
    "Blogspot": 0.0027170748223215454,
    "Google's Favicons": 0.005162485392803913,
    "Picasa": 0.01918538950818534,
    "Android": 0.0065932798755884495,
    "Googlebot": 0.0027170748223215454,
    "Google Sidewiki": 0.005730089938456266,
    "Sidewiki": 0.0027170748223215454,
    "Google Wave": 0.005730089938456266,
    "Google Translate": 0.00566573702870673,
    "Google Calendar": 0.008686433795802074,
    "Google Sites": 0.010887354482201596,
    "List of Google Products": 0.01733183686483832,
    "Google Doodles": 0.0027170748223215454,
    "SketchUp": 0.003220326458224362,
    "Google Webmaster Tools": 0.00566573702870673,
    "Google App Engine": 0.01654433510340722,
    "Google chat": 0.0027814277320710812,
    "Google Code Hosting": 0.0027814277320710812,
    "Google Apps": 0.01814588469218462,
    "Google Spreadsheets": 0.018467170569214694,
    "Google Documents": 0.018467170569214694,
    "Google Presentations": 0.018467170569214694,
    "Google Picasa": 0.0027170748223215454,
    "GrandCentral": 0.0027170748223215454,
    "Search URL parts": 0.0027814277320710812,
    "Google Foundation": 0.0027814277320710812,
    "Google Secure Access": 0.0027814277320710812,
    "Gmail tips": 0.013017544954245168,
    "Google Desktop Search": 0.005226838302553449,
    "Desktop": 0.0027170748223215454,
    "Co-op": 0.0027170748223215454,
    "Maps": 0.0027170748223215454,
    "Wave": 0.0027170748223215454,
    "Search engine": 0.013822898466300072,
    "Sites": 0.0027170748223215454,
    "Reader": 0.0027170748223215454,
    "Voice": 0.0027170748223215454,
    "Toolbar": 0.0027814277320710812,
    "Calendar": 0.0027170748223215454,
    "Trends": 0.0027170748223215454,
    "Summer of Code": 0.0027814277320710812,
    "Favicon": 0.0027170748223215454,
    "Google Checkout": 0.003220326458224362,
    "Google Web Search": 0.00529570709419421,
    "List of devices running Chromium OS": 0.0027170748223215454,
    "List of Google products": 0.016236727301800157,
    "Series 5 550": 0.0027170748223215454,
    "Series 5": 0.0027170748223215454,
    "Google Local": 0.0027814277320710812,
    "Chromebooks": 0.004083516395356546,
    "Google gadgets": 0.0027170748223215454,
    "Search Engine": 0.0027170748223215454,
    "Google search": 0.003220326458224362,
    "Chrome OS": 0.00455469902478097,
    "Samsung Series 5 550": 0.005162485392803913,
    "Samsung Series 5": 0.005162485392803913,
    "List of Devices Running Chromium": 0.008837733797722763,
    "Gmail sending limit": 0.03127308347850791,
    "HP": 0.00455469902478097,
    "Chromebox": 0.004083516395356546,
    "Moto G2": 0.0027170748223215454,
    "Motorola Moto G (2014)": 0.005162485392803913,
    "Presentations": 0.019334433439196674,
    "Android 3.0 Honeycomb": 0.0027170748223215454,
    "Android 2.2 Froyo": 0.0027170748223215454
  },
  "hitsHubs": {
    "Google Wiki:Main Page": 0.2650948309129129,
    "Gmail": 0.010927123463103108,
    "Google+ Local": 0.0,
    "Blogger": 0.02705346502860344,
    "Google Zeitgeist": 0.0,
    "Zeitgeist": 0.0049994728161649364,
    "Google Video": 0.007111050685492013,
    "Google Wiki talk:Main Page": 9.669296009179775e-40,
    "Google": 0.005301831711795315,
    "Help": 0.0,
    "Blog Search": 0.007111050685492013,
    "Google Reader": 0.022388655243659072,
    "Google Base": 0.0,
    "Desktop Search": 0.0049994728161649364,
    "Google Summer of Code": 0.01705038359763353,
    "Google Toolbar": 0.0072477371112645884,
    "Google Cooking": 0.009240848935140435,
    "Removing pages from Google's index": 0.009939332912141517,
    "Google Analytics": 0.0,
    "Analytics": 0.009240848935140435,
    "Google in China": 0.010730614751358218,
    "Google Talk": 0.0,
    "Gmail for your domain": 0.004644971506403517,
    "Google Page Creator": 0.019986419684927013,
    "Google Groups": 0.007111050685492013,
    "Google Mars": 0.009603060760223906,
    "Google Wiki:Gmail sending limit": 0.005428783039562904,
    "Google Desktop": 0.0,
    "Google Trends": 0.004618303733222591,
    "Google Co-op": 0.007245159316443808,
    "Google Notebook": 0.009418473685642323,
    "Google errors": 0.0002060766572714252,
    "Gmail down": 0.005409590420703954,
    "Spreadsheets": 0.0,
    "Google Project Hosting": 0.0,
    "Google.org": 0.0,
    "Gmail errors": 0.005409590420703954,
    "Errors": 0.005409590420703954,
    "Google Translator": 0.0042413761189755,
    "Google Gadgets": 0.009644444322568453,
    "Google Labs": 0.0,
    "IGoogle": 0.007111050685492013,
    "Google Voice": 0.0,
    "Google Slides": 0.009938487055098958,
    "Google Docs": 0.015586308646062894,
    "Documents": 0.009938487055098958,
    "Google maps": 0.009603060760223906,
    "Google Maps": 0.007111050685492013,
    "Blogspot": 0.005301831711795315,
    "Google's Favicons": 0.0,
    "Picasa": 0.0,
    "Android": 0.0,
    "Googlebot": 0.0042413761189755,
    "Google Sidewiki": 0.009418473685642323,
    "Sidewiki": 0.009240848935140435,
    "Google Wave": 0.004427252938880852,
    "Google Translate": 0.0,
    "Google Calendar": 0.007111050685492013,
    "Google Sites": 0.021400466514463985,
    "List of Google Products": 0.22489708903128433,
    "Google Doodles": 0.007111050685492013,
    "SketchUp": 0.0,
    "Google Webmaster Tools": 0.0,
    "Google App Engine": 0.0,
    "Google chat": 0.0,
    "Google Code Hosting": 9.669296009179775e-40,
    "Google Apps": 0.00985603597844376,
    "Google Spreadsheets": 9.669296009179775e-40,
    "Google Documents": 9.669296009179775e-40,