{
  "numNodes": 112,
  "numEdges": 185,
  "selfLinks": 1,
  "numStrongComponents": 97,
  "numWeakComponents": 6,
  "sizeLargestStrong": 10,
  "sizeLargestWeak": 102,
  "radius": 2,
  "diameter": 6,
  "averageInDegree": 1.6517857142857142,
  "averageOutDegree": 1.6517857142857142,
  "maxOutDegree": 37,
  "maxInDegree": 16,
  "pageRank": {
    "Google Wiki:Main Page": 0.0031314339536306513,
    "Gmail": 0.054911998712791114,
    "Google+ Local": 0.0060184017973183915,
    "Blogger": 0.007469498705079775,
    "Google Zeitgeist": 0.006026014783235905,
    "Zeitgeist": 0.0031314339536306513,
    "Google Video": 0.00826783741422106,
    "Google Wiki talk:Main Page": 0.0031314339536306513,
    "Google": 0.08613412151082518,
    "Help": 0.005949841603509451,
    "Blog Search": 0.003207607133357105,
    "Google Reader": 0.006240830196828998,
    "Google Base": 0.006309390390637939,
    "Desktop Search": 0.0031314339536306513,
    "Google Summer of Code": 0.0060184017973183915,
    "Google Toolbar": 0.007577799993155863,
    "Google Cooking": 0.003207607133357105,
    "Removing pages from Google's index": 0.003207607133357105,
    "Google Analytics": 0.011086245064099859,
    "Analytics": 0.0031314339536306513,
    "Google in China": 0.003207607133357105,
    "Google Talk": 0.0034224225469501983,
    "Gmail for your domain": 0.015486482849147068,
    "Google Page Creator": 0.014113965361586302,
    "Google Groups": 0.018097752613468885,
    "Google Mars": 0.0033462493672237444,
    "Google Wiki:Gmail sending limit": 0.03965291744671528,
    "Google Desktop": 0.01838228894828268,
    "Google Trends": 0.006240830196828998,
    "Google Co-op": 0.006240830196828998,
    "Google Notebook": 0.0034224225469501983,
    "Google errors": 0.02401787897850992,
    "Gmail down": 0.0031314339536306513,
    "Spreadsheets": 0.014970847972252593,
    "Google Project Hosting": 0.0060184017973183915,
    "Google.org": 0.010863816664589252,
    "Gmail errors": 0.0031314339536306513,
    "Errors": 0.0031314339536306513,
    "Google Translator": 0.0031314339536306513,
    "Google Gadgets": 0.005949841603509451,
    "Google Labs": 0.013197820609933877,
    "IGoogle": 0.0031314339536306513,
    "Google Voice": 0.013344411191158735,
    "Google Slides": 0.016604276386929486,
    "Google Docs": 0.03317947407735395,
    "Documents": 0.014970847972252593,
    "Google maps": 0.0031314339536306513,
    "Google Maps": 0.016916411957931664,
    "Blogspot": 0.0031314339536306513,
    "Google's Favicons": 0.005949841603509451,
    "Picasa": 0.012354654666617781,
    "Android": 0.007600929820493726,
    "Googlebot": 0.007976848820901512,
    "Google Sidewiki": 0.006240830196828998,
    "Sidewiki": 0.0031314339536306513,
    "Google Wave": 0.020158585109581375,
    "Google Translate": 0.011010071884373404,
    "Google Calendar": 0.012805008652140248,
    "Google Sites": 0.01185787680552177,
    "List of Google Products": 0.007160071663222627,
    "Google Doodles": 0.0031314339536306513,
    "SketchUp": 0.008191664234494606,
    "Google Webmaster Tools": 0.010526003541279937,
    "Google App Engine": 0.012418589412705258,
    "Google Code Hosting": 0.003207607133357105,
    "Google Spreadsheets": 0.013157839348736442,
    "Google Documents": 0.013157839348736442,
    "Google Presentations": 0.013157839348736442,
    "Google Picasa": 0.0031314339536306513,
    "GrandCentral": 0.007976848820901512,
    "Search URL parts": 0.003207607133357105,
    "Google Foundation": 0.003207607133357105,
    "Google Secure Access": 0.003207607133357105,
    "Gmail tips": 0.015562656028873523,
    "Google Desktop Search": 0.006026014783235905,
    "Desktop": 0.0031314339536306513,
    "Co-op": 0.0031314339536306513,
    "Maps": 0.0031314339536306513,
    "Wave": 0.0031314339536306513,
    "Search engine": 0.01420547001921673,
    "Sites": 0.0031314339536306513,
    "Reader": 0.0031314339536306513,
    "Voice": 0.0031314339536306513,
    "Toolbar": 0.003207607133357105,
    "Calendar": 0.0031314339536306513,
    "Trends": 0.0031314339536306513,
    "Summer of Code": 0.003207607133357105,
    "Favicon": 0.0031314339536306513,
    "Google Checkout": 0.0033462493672237444,
    "Google Web Search": 0.005939957257977038,
    "List of devices running Chromium OS": 0.0031314339536306513,
    "List of Google products": 0.0044760167358750295,
    "Series 5 550": 0.0031314339536306513,
    "Series 5": 0.0031314339536306513,
    "Google Local": 0.003207607133357105,
    "Chromebooks": 0.004706348990888473,
    "Google gadgets": 0.0031314339536306513,
    "Eric E. Schmidt": 0.007976848820901512,
    "Search Engine": 0.0031314339536306513,
    "Google search": 0.008191664234494606,
    "Chrome OS": 0.005249410794408875,
    "Samsung Series 5 550": 0.005949841603509451,
    "Samsung Series 5": 0.005949841603509451,
    "List of Devices Running Chromium": 0.010185795285065899,
    "Gmail sending limit": 0.04058451964349501,
    "HP": 0.005249410794408875,
    "Chromebox": 0.004706348990888473,
    "Moto G2": 0.0031314339536306513,
    "Motorola Moto G (2014)": 0.005949841603509451,
    "Presentations": 0.014970847972252593,
    "Android 3.0 Honeycomb": 0.0031314339536306513,
    "Android 2.2 Froyo": 0.0031314339536306513
  },
  "hitsHubs": {
    "Google Wiki:Main Page": 0.2221635065817617,
    "Gmail": 0.009059707848167944,
    "Google+ Local": 0.0,
    "Blogger": 0.025024235062615263,
    "Google Zeitgeist": 0.0,
    "Zeitgeist": 0.003971181694939032,
    "Google Video": 0.006527176233724472,
    "Google Wiki talk:Main Page": 2.5195168641591583e-40,
    "Google": 0.09413400666535637,
    "Help": 0.0,
    "Blog Search": 0.006527176233724472,
    "Google Reader": 0.02309778893224479,
    "Google Base": 0.0,
    "Desktop Search": 0.003971181694939032,
    "Google Summer of Code": 0.01648321156392141,
    "Google Toolbar": 0.008359247311869593,
    "Google Cooking": 0.0076095843140089455,
    "Removing pages from Google's index": 0.00995603533019694,
    "Google Analytics": 0.0,
    "Analytics": 0.009292233506457888,
    "Google in China": 0.010854067289656027,
    "Google Talk": 0.0,
    "Gmail for your domain": 0.021916724053519018,
    "Google Page Creator": 0.020652470397695195,
    "Google Groups": 0.006527176233724472,
    "Google Mars": 0.009636748031035685,
    "Google Wiki:Gmail sending limit": 0.006688868701139884,
    "Google Desktop": 0.0,
    "Google Trends": 0.0040075663663583705,
    "Google Co-op": 0.006643849774400028,
    "Google Notebook": 0.008146974140478845,
    "Google errors": 0.0005537049781758144,
    "Gmail down": 0.004286362133970267,
    "Spreadsheets": 0.0,
    "Google Project Hosting": 0.0,
    "Google.org": 0.0,
    "Gmail errors": 0.004286362133970267,
    "Errors": 0.004286362133970267,
    "Google Translator": 0.005321051811518857,
    "Google Gadgets": 0.007866878629498076,
    "Google Labs": 0.0,
    "IGoogle": 0.006527176233724472,
    "Google Voice": 0.0,
    "Google Slides": 0.008203532000067475,
    "Google Docs": 0.012355246136129866,
    "Documents": 0.008203532000067475,
    "Google maps": 0.009636748031035685,
    "Google Maps": 0.006527176233724472,
    "Blogspot": 0.004165198588516141,
    "Google's Favicons": 0.0,
    "Picasa": 0.0,
    "Android": 0.0,
    "Googlebot": 0.003638402619069914,
    "Google Sidewiki": 0.007748081586836,
    "Sidewiki": 0.0076095843140089455,
    "Google Wave": 0.01333944039441545,
    "Google Translate": 0.0,
    "Google Calendar": 0.006527176233724472,
    "Google Sites": 0.014394054863222547,
    "List of Google Products": 0.20354653728251568,
    "Google Doodles": 0.006527176233724472,
    "SketchUp": 0.0,
    "Google Webmaster Tools": 0.0,
    "Google App Engine": 0.0,
    "Google Code Hosting": 2.5195168641591583e-40,
    "Google Spreadsheets": 2.5195168641591583e-40,
    "Google Documents": 2.5195168641591583e-40,
    "Google Presentations": 2.5195168641591583e-40,
    "Google Picasa": 0.005768361030076545,
    "GrandCentral": 0.0037046229039832696,