{
  "numNodes": 111,
  "numEdges": 183,
  "selfLinks": 0,
  "numStrongComponents": 96,
  "numWeakComponents": 6,
  "sizeLargestStrong": 10,
  "sizeLargestWeak": 101,
  "radius": 2,
  "diameter": 6,
  "averageInDegree": 1.6486486486486487,
  "averageOutDegree": 1.6486486486486487,
  "maxOutDegree": 37,
  "maxInDegree": 17,
  "pageRank": {
    "Google Wiki:Main Page": 0.003172118308563164,
    "Gmail": 0.05603301097484426,
    "Google+ Local": 0.006096592438302803,
    "Blogger": 0.00756654146698639,
    "Google Zeitgeist": 0.00610430440211657,
    "Zeitgeist": 0.003172118308563164,
    "Google Video": 0.008597159321624,
    "Google Wiki talk:Main Page": 0.003172118308563164,
    "Google": 0.09106438403767965,
    "Help": 0.006027141610180954,
    "Blog Search": 0.00324928110049878,
    "Google Reader": 0.006329414176139109,
    "Google Base": 0.006398865004260959,
    "Desktop Search": 0.003172118308563164,
    "Google Summer of Code": 0.006096592438302803,
    "Google Toolbar": 0.007683752460202493,
    "Google Cooking": 0.00324928110049878,
    "Removing pages from Google's index": 0.00324928110049878,
    "Google Analytics": 0.01145218262324179,
    "Analytics": 0.003172118308563164,
    "Google in China": 0.00324928110049878,
    "Google Talk": 0.003474390874521319,
    "Gmail for your domain": 0.015779487420527354,
    "Google Page Creator": 0.01431124425797917,
    "Google Groups": 0.01855895361442638,
    "Google Mars": 0.003397228082585703,
    "Google Wiki:Gmail sending limit": 0.04034404154297101,
    "Google Desktop": 0.018845261417322935,
    "Google Trends": 0.006329414176139109,
    "Google Co-op": 0.006329414176139109,
    "Google Notebook": 0.003474390874521319,
    "Google errors": 0.024421720117316345,
    "Gmail down": 0.003172118308563164,
    "Spreadsheets": 0.015169433887057902,
    "Google Project Hosting": 0.006096592438302803,
    "Google.org": 0.011219360885405483,
    "Gmail errors": 0.003172118308563164,
    "Errors": 0.003172118308563164,
    "Google Translator": 0.003172118308563164,
    "Google Gadgets": 0.006027141610180954,
    "Google Labs": 0.013387712197201036,
    "IGoogle": 0.003172118308563164,
    "Google Voice": 0.013718278450780377,
    "Google Slides": 0.01682375179550006,
    "Google Docs": 0.03362528461037616,
    "Documents": 0.015169433887057902,
    "Google maps": 0.003172118308563164,
    "Google Maps": 0.0173648465277284,
    "Blogspot": 0.003172118308563164,
    "Google's Favicons": 0.006027141610180954,
    "Picasa": 0.012737070079183323,
    "Android": 0.0076996796499128614,
    "Googlebot": 0.008294886755665844,
    "Google Sidewiki": 0.006329414176139109,
    "Sidewiki": 0.003172118308563164,
    "Google Wave": 0.01145218262324179,
    "Google Translate": 0.011375019831306173,
    "Google Calendar": 0.01300631101404499,
    "Google Sites": 0.01202618624763824,
    "List of Google Products": 0.00725309346114815,
    "Google Doodles": 0.003172118308563164,
    "SketchUp": 0.008519996529688384,
    "Google Webmaster Tools": 0.010863255149162587,
    "Google Code Hosting": 0.00324928110049878,
    "Google Spreadsheets": 0.0133332713548553,
    "Google Documents": 0.0133332713548553,
    "Google Presentations": 0.0133332713548553,
    "Google Picasa": 0.003172118308563164,
    "GrandCentral": 0.008294886755665844,
    "Search URL parts": 0.00324928110049878,
    "Google Foundation": 0.00324928110049878,
    "Google Secure Access": 0.00324928110049878,
    "Gmail tips": 0.01585665021246297,
    "Google Desktop Search": 0.00610430440211657,
    "Desktop": 0.003172118308563164,
    "Co-op": 0.003172118308563164,
    "Maps": 0.003172118308563164,
    "Wave": 0.003172118308563164,
    "Search engine": 0.01460780275333929,
    "Sites": 0.003172118308563164,
    "Reader": 0.003172118308563164,
    "Voice": 0.003172118308563164,
    "Toolbar": 0.00324928110049878,
    "Calendar": 0.003172118308563164,
    "Trends": 0.003172118308563164,
    "Summer of Code": 0.00324928110049878,
    "Favicon": 0.003172118308563164,
    "Google Checkout": 0.003397228082585703,
    "Google Web Search": 0.006020504344312729,
    "List of devices running Chromium OS": 0.003172118308563164,
    "List of Google products": 0.004534168556440314,
    "Series 5 550": 0.003172118308563164,
    "Series 5": 0.003172118308563164,
    "Google Local": 0.00324928110049878,
    "Chromebooks": 0.004767493556359456,
    "Google gadgets": 0.003172118308563164,
    "Eric E. Schmidt": 0.008294886755665844,
    "Search Engine": 0.003172118308563164,
    "Google search": 0.008519996529688384,
    "Chrome OS": 0.005317610575431413,
    "Samsung Series 5 550": 0.006027141610180954,
    "Samsung Series 5": 0.006027141610180954,
    "List of Devices Running Chromium": 0.010318126143917451,
    "Gmail sending limit": 0.04130700720475064,
    "HP": 0.005317610575431413,
    "Chromebox": 0.004767493556359456,
    "Moto G2": 0.003172118308563164,
    "Motorola Moto G (2014)": 0.006027141610180954,
    "Presentations": 0.015169433887057902,
    "Android 3.0 Honeycomb": 0.003172118308563164,
    "Android 2.2 Froyo": 0.003172118308563164
  },
  "hitsHubs": {
    "Google Wiki:Main Page": 0.2248353577353118,
    "Gmail": 0.009251940592696371,
    "Google+ Local": 0.0,
    "Blogger": 0.02529854911190226,
    "Google Zeitgeist": 0.0,
    "Zeitgeist": 0.004052162478623895,
    "Google Video": 0.006711477729066919,
    "Google Wiki talk:Main Page": 5.340797273775876e-42,
    "Google": 0.09462527812734496,
    "Help": 0.0,
    "Blog Search": 0.006711477729066919,
    "Google Reader": 0.023414001833666095,
    "Google Base": 0.0,
    "Desktop Search": 0.004052162478623895,
    "Google Summer of Code": 0.016767153155478012,
    "Google Toolbar": 0.008571370189854762,
    "Google Cooking": 0.007673681813005674,
    "Removing pages from Google's index": 0.010055675426411092,
    "Google Analytics": 0.0,
    "Analytics": 0.009379094190540565,
    "Google in China": 0.010971457998119665,
    "Google Talk": 0.006711477729066919,
    "Gmail for your domain": 0.022222684950884326,
    "Google Page Creator": 0.020773144099849067,
    "Google Groups": 0.006711477729066919,
    "Google Mars": 0.009729811050043051,
    "Google Wiki:Gmail sending limit": 0.00672155913618725,
    "Google Desktop": 0.0,
    "Google Trends": 0.0039959095372507246,
    "Google Co-op": 0.00683243734410103,
    "Google Notebook": 0.00822238723273688,
    "Google errors": 0.000567260852893275,
    "Gmail down": 0.004376667959301479,
    "Spreadsheets": 0.0,
    "Google Project Hosting": 0.0,
    "Google.org": 0.0,
    "Gmail errors": 0.004376667959301479,
    "Errors": 0.004376667959301479,
    "Google Translator": 0.00532693171191667,
    "Google Gadgets": 0.00793770101871187,
    "Google Labs": 0.0,
    "IGoogle": 0.006711477729066919,
    "Google Voice": 0.0,
    "Google Slides": 0.008278840357931134,
    "Google Docs": 0.012611060660426623,
    "Documents": 0.008278840357931134,
    "Google maps": 0.009729811050043051,
    "Google Maps": 0.006711477729066919,
    "Blogspot": 0.004249898861932414,
    "Google's Favicons": 0.0,
    "Picasa": 0.0,
    "Android": 0.0,
    "Googlebot": 0.0036215193343817793,
    "Google Sidewiki": 0.00781452136144656,
    "Sidewiki": 0.007673681813005674,
    "Google Wave": 0.0,
    "Google Translate": 0.0,
    "Google Calendar": 0.006711477729066919,
    "Google Sites": 0.01464917874777879,
    "List of Google Products": 0.20094100340406965,
    "Google Doodles": 0.006711477729066919,
    "SketchUp": 0.0,
    "Google Webmaster Tools": 0.0,
    "Google Code Hosting": 5.340797273775876e-42,
    "Google Spreadsheets": 5.340797273775876e-42,
    "Google Documents": 5.340797273775876e-42,
    "Google Presentations": 5.340797273775876e-42,
    "Google Picasa": 0.005782882380385652,
    "GrandCentral": 0.003687987186551135,
    "Search URL parts": 0.0,
    "Google Foundation": 0.0017054123775348908,
    "Google Secure Access": 0.0,
    "Gmail tips": 0.0,