{
  "numNodes": 115,
  "numEdges": 173,
  "selfLinks": 0,
  "numStrongComponents": 89,
  "numWeakComponents": 7,
  "sizeLargestStrong": 16,
  "sizeLargestWeak": 103,
  "radius": 3,
  "diameter": 6,
  "averageInDegree": 1.5043478260869565,
  "averageOutDegree": 1.5043478260869565,
  "maxOutDegree": 38,
  "maxInDegree": 15,
  "pageRank": {
    "Google Wiki:Main Page": 0.002687720582004967,
    "Gmail": 0.044496069499465274,
    "Google+ Local": 0.005164005658765026,
    "Blogger": 0.0745577816219913,
    "Google Zeitgeist": 0.005170370083424406,
    "Zeitgeist": 0.002687720582004967,
    "Google Video": 0.003250454158304643,
    "Google Wiki talk:Main Page": 0.002687720582004967,
    "Google": 0.07571546021259311,
    "Help": 0.0051067124039008305,
    "Blog Search": 0.0027513782615285424,
    "Google Reader": 0.005669445980200506,
    "Google Base": 0.005726739235064702,
    "Desktop Search": 0.002687720582004967,
    "Google Summer of Code": 0.005164005658765026,
    "Google Toolbar": 0.019084853691945302,
    "Google Cooking": 0.0027513782615285424,
    "Removing pages from Google's index": 0.0027513782615285424,
    "Google Analytics": 0.005669445980200506,
    "Analytics": 0.002687720582004967,
    "Google in China": 0.0027513782615285424,
    "Google Talk": 0.003250454158304643,
    "Gmail for your domain": 0.012698643418123153,
    "Google Page Creator": 0.011880387858615822,
    "Google Groups": 0.010723804078494133,
    "Google Mars": 0.0031867964787810677,
    "Google Wiki:Gmail sending limit": 0.030336834515334307,
    "Google Desktop": 0.012023769918818906,
    "Google Trends": 0.005669445980200506,
    "Google Co-op": 0.005669445980200506,
    "Google Notebook": 0.003250454158304643,
    "Google errors": 0.020019276563334316,
    "Gmail down": 0.002687720582004967,
    "Spreadsheets": 0.01915001086832882,
    "Google Project Hosting": 0.005164005658765026,
    "Google.org": 0.005164005658765026,
    "Gmail errors": 0.002687720582004967,
    "Errors": 0.002687720582004967,
    "Google Translator": 0.002687720582004967,
    "Google Gadgets": 0.0051067124039008305,
    "Google Labs": 0.010962696128295382,
    "IGoogle": 0.002687720582004967,
    "Google Hacks": 0.0051067124039008305,
    "Google Voice": 0.008024780122572794,
    "Google Slides": 0.019919347424391057,
    "Google Docs": 0.05182480418876,
    "Documents": 0.01915001086832882,
    "Google maps": 0.002687720582004967,
    "Google Maps": 0.010956686393449558,
    "Blogspot": 0.002687720582004967,
    "Google's Favicons": 0.0051067124039008305,
    "Picasa": 0.019027560437081106,
    "Android": 0.006522049613552518,
    "Googlebot": 0.002687720582004967,
    "Google Sidewiki": 0.005669445980200506,
    "Sidewiki": 0.002687720582004967,
    "Google Wave": 0.005669445980200506,
    "Google Translate": 0.005605788300676932,
    "Google Calendar": 0.008594987826417887,
    "Google Sites": 0.013445345629714823,
    "List of Google Products": 0.017187986741711275,
    "Google Doodles": 0.002687720582004967,
    "SketchUp": 0.0031867964787810677,
    "Google Webmaster Tools": 0.005605788300676932,
    "Google tricks": 0.002687720582004967,
    "Google App Engine": 0.01668338481853464,
    "Google chat": 0.0027513782615285424,
    "Google Code Hosting": 0.0027513782615285424,
    "Google Apps": 0.018650733211512355,
    "Google Spreadsheets": 0.018294906828980037,
    "Google Documents": 0.018294906828980037,
    "Google Presentations": 0.018294906828980037,
    "Google Picasa": 0.002687720582004967,
    "GrandCentral": 0.002687720582004967,
    "Search URL parts": 0.0027513782615285424,
    "Google Foundation": 0.0027513782615285424,
    "Google Secure Access": 0.0027513782615285424,
    "Gmail tips": 0.012762301097646728,
    "Google Desktop Search": 0.005170370083424406,
    "Desktop": 0.002687720582004967,
    "Co-op": 0.002687720582004967,
    "Maps": 0.002687720582004967,
    "Wave": 0.002687720582004967,
    "Search engine": 0.01369582868250662,
    "Sites": 0.002687720582004967,
    "Reader": 0.002687720582004967,
    "Voice": 0.002687720582004967,
    "Toolbar": 0.0027513782615285424,
    "Calendar": 0.002687720582004967,
    "Trends": 0.002687720582004967,
    "Summer of Code": 0.0027513782615285424,
    "Favicon": 0.002687720582004967,
    "Google Checkout": 0.0031867964787810677,
    "Google Web Search": 0.005239063347533362,
    "List of devices running Chromium OS": 0.002687720582004967,
    "List of Google products": 0.016109492718409144,
    "Series 5 550": 0.002687720582004967,
    "Series 5": 0.002687720582004967,
    "Google Local": 0.0027513782615285424,
    "Chromebooks": 0.004039400112133079,
    "Google gadgets": 0.002687720582004967,
    "Search Engine": 0.002687720582004967,
    "Google search": 0.0031867964787810677,
    "Chrome OS": 0.00450549239726372,
    "Samsung Series 5 550": 0.0051067124039008305,
    "Samsung Series 5": 0.0051067124039008305,
    "List of Devices Running Chromium": 0.008742256034418337,
    "Gmail sending limit": 0.030717506266660966,
    "HP": 0.00450549239726372,
    "Chromebox": 0.004039400112133079,
    "Moto G2": 0.002687720582004967,
    "Motorola Moto G (2014)": 0.0051067124039008305,
    "Presentations": 0.01915001086832882,
    "Android 3.0 Honeycomb": 0.002687720582004967,
    "Android 2.2 Froyo": 0.002687720582004967
  },
  "hitsHubs": {
    "Google Wiki:Main Page": 0.2617329898002641,
    "Gmail": 0.010742592535565375,
    "Google+ Local": 0.0,
    "Blogger": 0.02666196602762322,
    "Google Zeitgeist": 0.0,
    "Zeitgeist": 0.004916824918392329,
    "Google Video": 0.007010586904297132,
    "Google Wiki talk:Main Page": 8.725458597368218e-40,
    "Google": 0.0052172814000375385,
    "Help": 0.0,
    "Blog Search": 0.007010586904297132,
    "Google Reader": 0.0222729673107862,
    "Google Base": 0.0,
    "Desktop Search": 0.004916824918392329,
    "Google Summer of Code": 0.016998687305975955,
    "Google Toolbar": 0.00714480676009317,
    "Google Cooking": 0.00910231963644139,
    "Removing pages from Google's index": 0.00998810040167882,
    "Google Analytics": 0.0,
    "Analytics": 0.00910231963644139,
    "Google in China": 0.010776652594405963,
    "Google Talk": 0.0,
    "Gmail for your domain": 0.004581699350735909,
    "Google Page Creator": 0.030153296196388634,
    "Google Groups": 0.007010586904297132,
    "Google Mars": 0.009457656113665535,
    "Google Wiki:Gmail sending limit": 0.005559371194368424,
    "Google Desktop": 0.0,
    "Google Trends": 0.004751944054458609,
    "Google Co-op": 0.007142285352521184,
    "Google Notebook": 0.009276586361664084,
    "Google errors": 0.00020180660687381635,
    "Gmail down": 0.005318452731566541,
    "Spreadsheets": 0.0,
    "Google Project Hosting": 0.0,
    "Google.org": 0.0,
    "Gmail errors": 0.005318452731566541,
    "Errors": 0.005318452731566541,
    "Google Translator": 0.004185494718049062,
    "Google Gadgets": 0.009498524269128238,
    "Google Labs": 0.0,
    "IGoogle": 0.007010586904297132,
    "Google Hacks": 0.0,
    "Google Voice": 0.0,
    "Google Slides": 0.009787037950597148,
    "Google Docs": 0.01532630398709379,
    "Documents": 0.009787037950597148,
    "Google maps": 0.009457656113665535,
    "Google Maps": 0.007010586904297132,
    "Blogspot": 0.0052172814000375385,
    "Google's Favicons": 0.0,
    "Picasa": 0.0,
    "Android": 0.0,
    "Googlebot": 0.004185494718049062,
    "Google Sidewiki": 0.009853880545882782,
    "Sidewiki": 0.00910231963644139,
    "Google Wave": 0.004372063191030462,
    "Google Translate": 0.0,
    "Google Calendar": 0.007010586904297132,
    "Google Sites": 0.02109081052416128,
    "List of Google Products": 0.22280273605256132,
    "Google Doodles": 0.007010586904297132,
    "SketchUp": 0.0,
    "Google Webmaster Tools": 0.0,
    "Google tricks": 8.725458597368218e-40,
    "Google App Engine": 0.0,
    "Google chat": 0.0,
    "Google Code Hosting": 8.725458597368218e-40,
    "Google Apps": 0.009931434385398886,