{
  "numNodes": 133,
  "numEdges": 218,
  "selfLinks": 0,
  "numStrongComponents": 98,
  "numWeakComponents": 7,
  "sizeLargestStrong": 26,
  "sizeLargestWeak": 121,
  "radius": 3,
  "diameter": 9,
  "averageInDegree": 1.6390977443609023,
  "averageOutDegree": 1.6390977443609023,
  "maxOutDegree": 40,
  "maxInDegree": 25,
  "pageRank": {
    "Google Wiki:Main Page": 0.003637701961520536,
    "Gmail": 0.02815543917697425,
    "Google+ Local": 0.003711374965216588,
    "Blogger": 0.03384352569129233,
    "Google Zeitgeist": 0.0037195551892963757,
    "Zeitgeist": 0.0019145289009038955,
    "Google Video": 0.002230962362350975,
    "Google Wiki talk:Main Page": 0.0019145289009038955,
    "Google": 0.09740901746139224,
    "Help": 0.003637701961520536,
    "Blog Search": 0.0019963821286797354,
    "Google Reader": 0.003954135422967616,
    "Google Base": 0.004027808426663668,
    "Desktop Search": 0.0019145289009038955,
    "Google Summer of Code": 0.003711374965216588,
    "Google Toolbar": 0.010038428332756082,
    "Google Cooking": 0.0019963821286797354,
    "Removing pages from Google's index": 0.0019963821286797354,
    "Google Analytics": 0.003954135422967615,
    "Analytics": 0.0019145289009038955,
    "Google in China": 0.0019963821286797354,
    "Google Talk": 0.005571402445998553,
    "Gmail for your domain": 0.006983083138635634,
    "Google Page Creator": 0.009670965899344908,
    "Google Groups": 0.009323732645173222,
    "Google Mars": 0.002149109134575135,
    "Google Wiki:Gmail sending limit": 0.018111832788861304,
    "Google Desktop": 0.008488254300453139,
    "Google Trends": 0.003954135422967616,
    "Google Co-op": 0.003954135422967616,
    "Google Notebook": 0.002230962362350975,
    "Google errors": 0.012234455548261395,
    "Gmail down": 0.0019145289009038955,
    "Spreadsheets": 0.02352991788145581,
    "Google Project Hosting": 0.003711374965216588,
    "Google.org": 0.003711374965216588,
    "Gmail errors": 0.0019145289009038955,
    "Errors": 0.0019145289009038955,
    "Google Translator": 0.0019145289009038955,
    "Google Gadgets": 0.003637701961520536,
    "Google Labs": 0.007884191165137028,
    "IGoogle": 0.0019145289009038955,
    "Google Hacks": 0.003637701961520536,
    "Google Voice": 0.005595455255808416,
    "Google Slides": 0.023086514813460142,
    "Google Docs": 0.07343650149375767,
    "Documents": 0.02463221668592611,
    "Google maps": 0.0019145289009038955,
    "Google Maps": 0.0076116297177388735,
    "Blogspot": 0.0019145289009038955,
    "Google's Favicons": 0.003637701961520536,
    "Picasa": 0.009964755329060028,
    "Android": 0.035132686505435225,
    "Googlebot": 0.01488225895036663,
    "Google Sidewiki": 0.003954135422967615,
    "Sidewiki": 0.0019145289009038955,
    "Google Wave": 0.003954135422967616,
    "Google Translate": 0.003872282195191776,
    "Google Calendar": 0.00495813254189295,
    "Google Sites": 0.013885197888250263,
    "List of Google Products": 0.009121587651882902,
    "Google Doodles": 0.0019145289009038955,
    "SketchUp": 0.002149109134575135,
    "Google Webmaster Tools": 0.00884694139378046,
    "Google tricks": 0.0019145289009038955,
    "GOOGLE": 0.0019145289009038955,
    "Google App Engine": 0.014406939244350162,
    "Google chat": 0.0019963821286797354,
    "Google Code Hosting": 0.0019963821286797354,
    "Google Apps": 0.012600449881934758,
    "Larry Page": 0.0024889199211094422,
    "Home": 0.0019145289009038955,
    "Sergey Brin": 0.0036089991264872555,
    "PageRank": 0.011146011136231976,
    "Google Buzz": 0.003694004045037708,
    "Google Chat": 0.003711374965216588,
    "Google Profiles": 0.003221071669966386,
    "Google DNS": 0.0019145289009038955,
    "Google Public DNS": 0.0038722821951917754,
    "Google Health": 0.02034706392862775,
    "Google PowerMeter": 0.02022353102845411,
    "Google+": 0.0054427282499130165,
    "Google Chrome": 0.03568258925595634,
    "Google Plus": 0.0019145289009038955,
    "Google Spreadsheets": 0.024022565765554327,
    "Google Documents": 0.02524725530684098,
    "Google Presentations": 0.024022565765554327,
    "Google Picasa": 0.0019145289009038955,
    "GrandCentral": 0.0019145289009038955,
    "Search URL parts": 0.0019963821286797354,
    "Google Foundation": 0.0019963821286797354,
    "Google Secure Access": 0.0019963821286797354,
    "Gmail tips": 0.007064936366411474,
    "Google Desktop Search": 0.0037195551892963757,
    "Desktop": 0.0019145289009038955,
    "Co-op": 0.0019145289009038955,
    "Maps": 0.0019145289009038955,
    "Wave": 0.0019145289009038955,
    "Search engine": 0.006649526610703177,
    "Chrome": 0.0019145289009038955,
    "Sites": 0.0019145289009038955,
    "Reader": 0.0019145289009038955,
    "Voice": 0.0019145289009038955,
    "Toolbar": 0.0019963821286797354,
    "Calendar": 0.0019145289009038955,
    "Trends": 0.0019145289009038955,
    "Summer of Code": 0.0019963821286797354,
    "Favicon": 0.0019145289009038955,
    "Google Checkout": 0.002149109134575135,
    "Google Web Search": 0.003694004045037708,
    "List of devices running Chromium OS": 0.0019145289009038955,
    "List of Google products": 0.008007002034772148,
    "Series 5 550": 0.0019145289009038955,
    "Series 5": 0.0019145289009038955,
    "Google Local": 0.0019963821286797354,
    "Chromebooks": 0.0028774232059164957,
    "Google gadgets": 0.0019145289009038955,
    "Search Engine": 0.0019145289009038955,
    "Google search": 0.002149109134575135,
    "Chrome OS": 0.003209448712516486,
    "Samsung Series 5 550": 0.003637701961520536,
    "Samsung Series 5": 0.003637701961520536,
    "List of Devices Running Chromium": 0.006227541584745717,
    "Gmail sending limit": 0.017995090614981838,
    "HP": 0.003209448712516486,
    "Chromebox": 0.0028774232059164957,
    "Moto G2": 0.0019145289009038955,
    "Motorola Moto G (2014)": 0.003637701961520536,
    "G+": 0.0019145289009038955,
    "Presentations": 0.02352991788145581,
    "Android 3.0 Honeycomb": 0.0019145289009038955,
    "Chrome Canary": 0.0019145289009038955,
    "Android 2.2 Froyo": 0.0019145289009038955
  },
  "hitsHubs": {
    "Google Wiki:Main Page": 0.1999586997036203,
    "Gmail": 0.016526898402560237,
    "Google+ Local": 0.0,
    "Blogger": 0.02365356072725699,
    "Google Zeitgeist": 0.0,
    "Zeitgeist": 0.00348461928743537,
    "Google Video": 0.008338937170031938,
    "Google Wiki talk:Main Page": 2.8359927815468254e-51,
    "Google": 0.011648831318273241,
    "Help": 0.0,
    "Blog Search": 0.008338937170031938,
    "Google Reader": 0.020169594835407593,
    "Google Base": 0.0,
    "Desktop Search": 0.00348461928743537,
    "Google Summer of Code": 0.016013297724123517,
    "Google Toolbar": 0.011978947541518533,
    "Google Cooking": 0.006707122724805025,
    "Removing pages from Google's index": 0.007674360554091582,
    "Google Analytics": 0.0,
    "Analytics": 0.006707122724805025,
    "Google in China": 0.00848229390131078,
    "Google Talk": 0.0,
    "Gmail for your domain": 0.0035523607672121246,
    "Google Page Creator": 0.023476632374250076,
    "Google Groups": 0.015862729805572816,
    "Google Mars": 0.006949330450373023,
    "Google Wiki:Gmail sending limit": 0.004646855632919061,
    "Google Desktop": 0.0,
    "Google Trends": 0.0036316235516985545,
    "Google Co-op": 0.00848425728611548,
    "Google Notebook": 0.01460164800567704,
    "Google errors": 0.00028800921976952277,
    "Gmail down": 0.003908865729464219,
    "Spreadsheets": 0.007640066813340952,
    "Google Project Hosting": 0.0,
    "Google.org": 0.0,
    "Gmail errors": 0.003908865729464219,
    "Errors": 0.003908865729464219,
    "Google Translator": 0.003222503437369654,
    "Google Gadgets": 0.007036980054647493,
    "Google Labs": 0.0,
    "IGoogle": 0.008338937170031938,
    "Google Hacks": 0.0,
    "Google Voice": 0.0,
    "Google Slides": 0.007640066813340952,
    "Google Docs": 0.011195840515771077,
    "Documents": 0.007640066813340952,