{
  "numNodes": 122,
  "numEdges": 191,
  "selfLinks": 0,
  "numStrongComponents": 91,
  "numWeakComponents": 7,
  "sizeLargestStrong": 24,
  "sizeLargestWeak": 110,
  "radius": 3,
  "diameter": 11,
  "averageInDegree": 1.5655737704918034,
  "averageOutDegree": 1.5655737704918034,
  "maxOutDegree": 38,
  "maxInDegree": 20,
  "pageRank": {
    "Google Wiki:Main Page": 0.003952232036205211,
    "Gmail": 0.03420487283542715,
    "Google+ Local": 0.004036486538395853,
    "Blogger": 0.06927450929329972,
    "Google Zeitgeist": 0.004045842458969223,
    "Zeitgeist": 0.0020800738058677527,
    "Google Video": 0.0026005780837048994,
    "Google Wiki talk:Main Page": 0.0020800738058677527,
    "Google": 0.07138363952538991,
    "Help": 0.003952232036205211,
    "Blog Search": 0.0021736842286317645,
    "Google Reader": 0.004472736314042358,
    "Google Base": 0.004556990816233,
    "Desktop Search": 0.0020800738058677527,
    "Google Summer of Code": 0.004036486538395853,
    "Google Toolbar": 0.016933918586554825,
    "Google Cooking": 0.0021736842286317645,
    "Removing pages from Google's index": 0.0021736842286317645,
    "Google Analytics": 0.004472736314042358,
    "Analytics": 0.0020800738058677527,
    "Google in China": 0.0021736842286317645,
    "Google Talk": 0.006233608524901185,
    "Gmail for your domain": 0.009777146984401899,
    "Google Page Creator": 0.009337862522453945,
    "Google Groups": 0.008474663951568255,
    "Google Mars": 0.0025069676609408877,
    "Google Wiki:Gmail sending limit": 0.023427983138577035,
    "Google Desktop": 0.009456087103583899,
    "Google Trends": 0.004472736314042358,
    "Google Co-op": 0.004472736314042358,
    "Google Notebook": 0.0026005780837048994,
    "Google errors": 0.015487232098178285,
    "Gmail down": 0.0020800738058677527,
    "Spreadsheets": 0.02911037113636848,
    "Google Project Hosting": 0.004036486538395853,
    "Google.org": 0.004036486538395853,
    "Gmail errors": 0.0020800738058677527,
    "Errors": 0.0020800738058677527,
    "Google Translator": 0.0020800738058677527,
    "Google Gadgets": 0.003952232036205211,
    "Google Labs": 0.008633826242633338,
    "IGoogle": 0.0020800738058677527,
    "Google Hacks": 0.003952232036205211,
    "Google Voice": 0.0062512841216158035,
    "Google Slides": 0.028274307541119783,
    "Google Docs": 0.09290126525075226,
    "Documents": 0.02911037113636848,
    "Google maps": 0.0020800738058677527,
    "Google Maps": 0.008601302874449518,
    "Blogspot": 0.0020800738058677527,
    "Google's Favicons": 0.003952232036205211,
    "Picasa": 0.016849664084364183,
    "Android": 0.005091982854599321,
    "Googlebot": 0.0020800738058677527,
    "Google Sidewiki": 0.004472736314042358,
    "Sidewiki": 0.0020800738058677527,
    "Google Wave": 0.004472736314042358,
    "Google Translate": 0.004379125891278346,
    "Google Calendar": 0.0068133991463027,
    "Google Sites": 0.010599594895734808,
    "List of Google Products": 0.01517688751184146,
    "Google Doodles": 0.0020800738058677527,
    "SketchUp": 0.0025069676609408877,
    "Google Webmaster Tools": 0.0034430467761096166,
    "Google tricks": 0.0020800738058677527,
    "GOOGLE": 0.0020800738058677527,
    "Google App Engine": 0.009802677727975894,
    "Google chat": 0.0021736842286317645,
    "Google Code Hosting": 0.0021736842286317645,
    "Google Apps": 0.014487595463902318,
    "Larry Page": 0.0027041265493135723,
    "Home": 0.0020800738058677527,
    "Sergey Brin": 0.003921045303598133,
    "PageRank": 0.015717878193738863,
    "Google Buzz": 0.004092924139345422,
    "Google Chat": 0.004036486538395853,
    "Google Spreadsheets": 0.0300391853328631,
    "Google Documents": 0.0300391853328631,
    "Google Presentations": 0.0300391853328631,
    "Google Picasa": 0.0020800738058677527,
    "GrandCentral": 0.0020800738058677527,
    "Search URL parts": 0.0021736842286317645,
    "Google Foundation": 0.0021736842286317645,
    "Google Secure Access": 0.0021736842286317645,
    "Gmail tips": 0.009870757407165911,
    "Google Desktop Search": 0.004045842458969223,
    "Desktop": 0.0020800738058677527,
    "Co-op": 0.0020800738058677527,
    "Maps": 0.0020800738058677527,
    "Wave": 0.0020800738058677527,
    "Search engine": 0.009032877375060136,
    "Sites": 0.0020800738058677527,
    "Reader": 0.0020800738058677527,
    "Voice": 0.0020800738058677527,
    "Toolbar": 0.0021736842286317645,
    "Calendar": 0.0020800738058677527,
    "Trends": 0.0020800738058677527,
    "Summer of Code": 0.0021736842286317645,
    "Favicon": 0.0020800738058677527,
    "Google Checkout": 0.0025069676609408877,
    "Google Web Search": 0.004092924139345422,
    "List of devices running Chromium OS": 0.0020800738058677527,
    "List of Google products": 0.01455061199895359,
    "Series 5 550": 0.0020800738058677527,
    "Series 5": 0.0020800738058677527,
    "Google Local": 0.0021736842286317645,
    "Chromebooks": 0.003126214201497851,
    "Google gadgets": 0.0020800738058677527,
    "Search Engine": 0.0020800738058677527,
    "Google search": 0.0025069676609408877,
    "Chrome OS": 0.0034869455798683022,
    "Samsung Series 5 550": 0.003952232036205211,
    "Samsung Series 5": 0.003952232036205211,
    "List of Devices Running Chromium": 0.00676597558420631,
    "Gmail sending limit": 0.023717054419922362,
    "HP": 0.0034869455798683022,
    "Chromebox": 0.003126214201497851,
    "Moto G2": 0.0020800738058677527,
    "Motorola Moto G (2014)": 0.003952232036205211,
    "Presentations": 0.02911037113636848,
    "Android 3.0 Honeycomb": 0.0020800738058677527,
    "Android 2.2 Froyo": 0.0020800738058677527
  },
  "hitsHubs": {
    "Google Wiki:Main Page": 0.23198164534378873,
    "Gmail": 0.009364366217966203,
    "Google+ Local": 0.0,
    "Blogger": 0.0258210093614878,
    "Google Zeitgeist": 0.0,
    "Zeitgeist": 0.004292014629435712,
    "Google Video": 0.00780539487289328,
    "Google Wiki talk:Main Page": 5.667930244221252e-47,
    "Google": 0.004562725159185851,
    "Help": 0.0,
    "Blog Search": 0.00780539487289328,
    "Google Reader": 0.02200190672529415,
    "Google Base": 0.0,
    "Desktop Search": 0.004292014629435712,
    "Google Summer of Code": 0.0167479391876893,
    "Google Toolbar": 0.012082798574650446,
    "Google Cooking": 0.008122317885949524,
    "Removing pages from Google's index": 0.008942544314796021,
    "Google Analytics": 0.0,
    "Analytics": 0.008122317885949524,
    "Google in China": 0.010069068878755638,
    "Google Talk": 0.0,
    "Gmail for your domain": 0.004209903072756773,
    "Google Page Creator": 0.02758496566240049,
    "Google Groups": 0.00780539487289328,
    "Google Mars": 0.008434417073192094,
    "Google Wiki:Gmail sending limit": 0.005506343719569786,
    "Google Desktop": 0.0,
    "Google Trends": 0.004340667238722038,
    "Google Co-op": 0.007949806596080062,
    "Google Notebook": 0.00827542590012005,
    "Google errors": 0.00017325507242648352,
    "Gmail down": 0.004636847207500943,
    "Spreadsheets": 0.00893050182187434,
    "Google Project Hosting": 0.0,
    "Google.org": 0.0,
    "Gmail errors": 0.004636847207500943,
    "Errors": 0.004636847207500943,
    "Google Translator": 0.0038303032565138112,
    "Google Gadgets": 0.008501917702192484,
    "Google Labs": 0.0,
    "IGoogle": 0.00780539487289328,
    "Google Hacks": 0.0,
    "Google Voice": 0.0,
    "Google Slides": 0.00893050182187434,
    "Google Docs": 0.01337080448297638,
    "Documents": 0.00893050182187434,
    "Google maps": 0.008434417073192094,
    "Google Maps": 0.00780539487289328,
    "Blogspot": 0.004562725159185851,
    "Google's Favicons": 0.0,
    "Picasa": 0.0,
    "Android": 0.0,
    "Googlebot": 0.008219929523320664,
    "Google Sidewiki": 0.00879541038931265,
    "Sidewiki": 0.008122317885949524,
    "Google Wave": 0.004389626266806851,
    "Google Translate": 0.0,
    "Google Calendar": 0.00780539487289328,
    "Google Sites": 0.020517215647842535,