{
  "numNodes": 123,
  "numEdges": 195,
  "selfLinks": 0,
  "numStrongComponents": 91,
  "numWeakComponents": 7,
  "sizeLargestStrong": 24,
  "sizeLargestWeak": 111,
  "radius": 3,
  "diameter": 11,
  "averageInDegree": 1.5853658536585367,
  "averageOutDegree": 1.5853658536585367,
  "maxOutDegree": 38,
  "maxInDegree": 21,
  "pageRank": {
    "Google Wiki:Main Page": 0.0037925296710985823,
    "Gmail": 0.03401083020752363,
    "Google+ Local": 0.0038733796840274737,
    "Blogger": 0.06600835646855122,
    "Google Zeitgeist": 0.0038823575201970668,
    "Zeitgeist": 0.001996021305986625,
    "Google Video": 0.0024933647935097437,
    "Google Wiki talk:Main Page": 0.001996021305986625,
    "Google": 0.06798040213063467,
    "Help": 0.0037925296710985823,
    "Blog Search": 0.0020858491550851095,
    "Google Reader": 0.0042898731586217004,
    "Google Base": 0.004370723171550592,
    "Desktop Search": 0.001996021305986625,
    "Google Summer of Code": 0.0038733796840274737,
    "Google Toolbar": 0.016163473606303668,
    "Google Cooking": 0.0020858491550851095,
    "Removing pages from Google's index": 0.0020858491550851095,
    "Google Analytics": 0.0042898731586217004,
    "Analytics": 0.001996021305986625,
    "Google in China": 0.0020858491550851095,
    "Google Talk": 0.005979593196886885,
    "Gmail for your domain": 0.009649422547562656,
    "Google Page Creator": 0.010308115226980115,
    "Google Groups": 0.009331577832155189,
    "Google Mars": 0.0024035369444112592,
    "Google Wiki:Gmail sending limit": 0.022938550380869206,
    "Google Desktop": 0.009071219947885754,
    "Google Trends": 0.0042898731586217004,
    "Google Co-op": 0.0042898731586217004,
    "Google Notebook": 0.0024933647935097437,
    "Google errors": 0.01512877549199701,
    "Gmail down": 0.001996021305986625,
    "Spreadsheets": 0.02785036677708729,
    "Google Project Hosting": 0.0038733796840274737,
    "Google.org": 0.0038733796840274737,
    "Gmail errors": 0.001996021305986625,
    "Errors": 0.001996021305986625,
    "Google Translator": 0.001996021305986625,
    "Google Gadgets": 0.0037925296710985823,
    "Google Labs": 0.00858413875254957,
    "IGoogle": 0.001996021305986625,
    "Google Hacks": 0.0037925296710985823,
    "Google Voice": 0.005996553674635174,
    "Google Slides": 0.027055970434925705,
    "Google Docs": 0.08884073568086664,
    "Documents": 0.02785036677708729,
    "Google maps": 0.001996021305986625,
    "Google Maps": 0.00824969714195258,
    "Blogspot": 0.001996021305986625,
    "Google's Favicons": 0.0037925296710985823,
    "Picasa": 0.016082623593374777,
    "Android": 0.0048862258836320765,
    "Googlebot": 0.01694501759470219,
    "Google Sidewiki": 0.0042898731586217004,
    "Sidewiki": 0.001996021305986625,
    "Google Wave": 0.0042898731586217004,
    "Google Translate": 0.004200045309523216,
    "Google Calendar": 0.006534038789769514,
    "Google Sites": 0.014669956877857467,
    "List of Google Products": 0.014487962745628523,
    "Google Doodles": 0.001996021305986625,
    "SketchUp": 0.0024035369444112592,
    "Google Webmaster Tools": 0.010029778574971601,
    "Google tricks": 0.001996021305986625,
    "GOOGLE": 0.001996021305986625,
    "Google App Engine": 0.016607980741120246,
    "Google chat": 0.0020858491550851095,
    "Google Code Hosting": 0.0020858491550851095,
    "Google Apps": 0.01549039767781964,
    "Larry Page": 0.0025948574276906107,
    "Home": 0.001996021305986625,
    "Sergey Brin": 0.0037626032603516645,
    "PageRank": 0.015031488903463534,
    "Google Buzz": 0.003926579071875757,
    "Google Chat": 0.0038733796840274737,
    "Google Profiles": 0.001996021305986625,
    "Google Spreadsheets": 0.028732892541706984,
    "Google Documents": 0.028732892541706984,
    "Google Presentations": 0.028732892541706984,
    "Google Picasa": 0.001996021305986625,
    "GrandCentral": 0.001996021305986625,
    "Search URL parts": 0.0020858491550851095,
    "Google Foundation": 0.0020858491550851095,
    "Google Secure Access": 0.0020858491550851095,
    "Gmail tips": 0.00973925039666114,
    "Google Desktop Search": 0.0038823575201970668,
    "Desktop": 0.001996021305986625,
    "Co-op": 0.001996021305986625,
    "Maps": 0.001996021305986625,
    "Wave": 0.001996021305986625,
    "Search engine": 0.008642019248103264,
    "Sites": 0.001996021305986625,
    "Reader": 0.001996021305986625,
    "Voice": 0.001996021305986625,
    "Toolbar": 0.0020858491550851095,
    "Calendar": 0.001996021305986625,
    "Trends": 0.001996021305986625,
    "Summer of Code": 0.0020858491550851095,
    "Favicon": 0.001996021305986625,
    "Google Checkout": 0.0024035369444112592,
    "Google Web Search": 0.003926579071875757,
    "List of devices running Chromium OS": 0.001996021305986625,
    "List of Google products": 0.013878599589838187,
    "Series 5 550": 0.001996021305986625,
    "Series 5": 0.001996021305986625,
    "Google Local": 0.0020858491550851095,
    "Chromebooks": 0.002999889669421635,
    "Google gadgets": 0.001996021305986625,
    "Search Engine": 0.001996021305986625,
    "Google search": 0.0024035369444112592,
    "Chrome OS": 0.0033460447093137096,
    "Samsung Series 5 550": 0.0037925296710985823,
    "Samsung Series 5": 0.0037925296710985823,
    "List of Devices Running Chromium": 0.006492576477752752,
    "Gmail sending limit": 0.02326669082806332,
    "HP": 0.0033460447093137096,
    "Chromebox": 0.002999889669421635,
    "Moto G2": 0.001996021305986625,
    "Motorola Moto G (2014)": 0.0037925296710985823,
    "Presentations": 0.02785036677708729,
    "Android 3.0 Honeycomb": 0.001996021305986625,
    "Android 2.2 Froyo": 0.001996021305986625
  },
  "hitsHubs": {
    "Google Wiki:Main Page": 0.2220896608367877,
    "Gmail": 0.008914813388454552,
    "Google+ Local": 0.0,
    "Blogger": 0.025469707203434062,
    "Google Zeitgeist": 0.0,
    "Zeitgeist": 0.004087879367268439,
    "Google Video": 0.008181106153372027,
    "Google Wiki talk:Main Page": 4.623671351442744e-47,
    "Google": 0.004345887310987788,
    "Help": 0.0,
    "Blog Search": 0.008181106153372027,
    "Google Reader": 0.02182235507490866,
    "Google Base": 0.0,
    "Desktop Search": 0.004087879367268439,
    "Google Summer of Code": 0.01706966722522334,
    "Google Toolbar": 0.012307315714125047,
    "Google Cooking": 0.007761021260725681,
    "Removing pages from Google's index": 0.008888561071851313,
    "Google Analytics": 0.0,
    "Analytics": 0.007761021260725681,
    "Google in China": 0.009671379715412915,
    "Google Talk": 0.0,
    "Gmail for your domain": 0.004047988288314206,
    "Google Page Creator": 0.027118572384074457,
    "Google Groups": 0.016913326870594037,
    "Google Mars": 0.008057646383143833,
    "Google Wiki:Gmail sending limit": 0.005325492404425128,
    "Google Desktop": 0.0,
    "Google Trends": 0.004172298190576005,
    "Google Co-op": 0.008331691170106884,
    "Google Notebook": 0.007906552726042505,
    "Google errors": 0.00016408995144491818,
    "Gmail down": 0.004414478977533279,
    "Spreadsheets": 0.008544370667889968,
    "Google Project Hosting": 0.0,
    "Google.org": 0.0,
    "Gmail errors": 0.004414478977533279,
    "Errors": 0.004414478977533279,
    "Google Translator": 0.003673141893457243,
    "Google Gadgets": 0.008135867655582643,
    "Google Labs": 0.0,
    "IGoogle": 0.008181106153372027,
    "Google Hacks": 0.0,
    "Google Voice": 0.0,
    "Google Slides": 0.008544370667889968,
    "Google Docs": 0.012732352594948256,
    "Documents": 0.008544370667889968,
    "Google maps": 0.008057646383143833,
    "Google Maps": 0.008181106153372027,
    "Blogspot": 0.004345887310987788,
    "Google's Favicons": 0.0,
    "Picasa": 0.0,
    "Android": 0.0,
    "Googlebot": 0.0078941802009632,
    "Google Sidewiki": 0.008732220717222008,
    "Sidewiki": 0.007761021260725681,
    "Google Wave": 0.004221038307505956,
    "Google Translate": 0.0,
    "Google Calendar": 0.008181106153372027,