{
  "numNodes": 125,
  "numEdges": 201,
  "selfLinks": 0,
  "numStrongComponents": 92,
  "numWeakComponents": 7,
  "sizeLargestStrong": 25,
  "sizeLargestWeak": 113,
  "radius": 3,
  "diameter": 11,
  "averageInDegree": 1.608,
  "averageOutDegree": 1.608,
  "maxOutDegree": 39,
  "maxInDegree": 22,
  "pageRank": {
    "Google Wiki:Main Page": 0.004199912848713971,
    "Gmail": 0.03690954289203547,
    "Google+ Local": 0.004287151851745363,
    "Blogger": 0.035951716202012554,
    "Google Zeitgeist": 0.004296839122504606,
    "Zeitgeist": 0.002210427748060656,
    "Google Video": 0.002580787195877668,
    "Google Wiki talk:Main Page": 0.002210427748060656,
    "Google": 0.06803181611840829,
    "Help": 0.004199912848713971,
    "Blog Search": 0.0023073540218512905,
    "Google Reader": 0.004570272296530982,
    "Google Base": 0.004657511299562375,
    "Desktop Search": 0.002210427748060656,
    "Google Summer of Code": 0.004287151851745363,
    "Google Toolbar": 0.011032398573598329,
    "Google Cooking": 0.0023073540218512905,
    "Removing pages from Google's index": 0.0023073540218512905,
    "Google Analytics": 0.004570272296530983,
    "Analytics": 0.002210427748060656,
    "Google in China": 0.0023073540218512905,
    "Google Talk": 0.006439432486020158,
    "Gmail for your domain": 0.010516042327765412,
    "Google Page Creator": 0.011080398395744255,
    "Google Groups": 0.01011844968670943,
    "Google Mars": 0.0024838609220870335,
    "Google Wiki:Gmail sending limit": 0.025109632072578825,
    "Google Desktop": 0.009808794813858646,
    "Google Trends": 0.004570272296530982,
    "Google Co-op": 0.004570272296530982,
    "Google Notebook": 0.002580787195877668,
    "Google errors": 0.01658142390351599,
    "Gmail down": 0.002210427748060656,
    "Spreadsheets": 0.025625334116963883,
    "Google Project Hosting": 0.004287151851745363,
    "Google.org": 0.004287151851745363,
    "Gmail errors": 0.002210427748060656,
    "Errors": 0.002210427748060656,
    "Google Translator": 0.002210427748060656,
    "Google Gadgets": 0.004199912848713971,
    "Google Labs": 0.009090591121705075,
    "IGoogle": 0.002210427748060656,
    "Google Hacks": 0.004199912848713971,
    "Google Voice": 0.006462831123393663,
    "Google Slides": 0.02526813928225949,
    "Google Docs": 0.0790656834772894,
    "Documents": 0.025625334116963883,
    "Google maps": 0.002210427748060656,
    "Google Maps": 0.008795355326356061,
    "Blogspot": 0.002210427748060656,
    "Google's Favicons": 0.004199912848713971,
    "Picasa": 0.010945159570566937,
    "Android": 0.036025055786227236,
    "Googlebot": 0.01815237111761792,
    "Google Sidewiki": 0.004570272296530983,
    "Sidewiki": 0.002210427748060656,
    "Google Wave": 0.004570272296530982,
    "Google Translate": 0.004473346022740348,
    "Google Calendar": 0.005731690762632561,
    "Google Sites": 0.015730588469520822,
    "List of Google Products": 0.010025064106856753,
    "Google Doodles": 0.002210427748060656,
    "SketchUp": 0.0024838609220870335,
    "Google Webmaster Tools": 0.010653385075761157,
    "Google tricks": 0.002210427748060656,
    "GOOGLE": 0.002210427748060656,
    "Google App Engine": 0.017711310234845536,
    "Google chat": 0.0023073540218512905,
    "Google Code Hosting": 0.0023073540218512905,
    "Google Apps": 0.01666888045970259,
    "Larry Page": 0.0028735894482784276,
    "Home": 0.002210427748060656,
    "Sergey Brin": 0.0041667719281353235,
    "PageRank": 0.012553185584138718,
    "Google Buzz": 0.004267166002752948,
    "Google Chat": 0.004287151851745363,
    "Google Profiles": 0.0023073540218512905,
    "Google DNS": 0.002210427748060656,
    "Google Public DNS": 0.004473346022740348,
    "Google Spreadsheets": 0.02602210957951913,
    "Google Documents": 0.02602210957951913,
    "Google Presentations": 0.02602210957951913,
    "Google Picasa": 0.002210427748060656,
    "GrandCentral": 0.002210427748060656,
    "Search URL parts": 0.0023073540218512905,
    "Google Foundation": 0.0023073540218512905,
    "Google Secure Access": 0.0023073540218512905,
    "Gmail tips": 0.010612968601556047,
    "Google Desktop Search": 0.004296839122504606,
    "Desktop": 0.002210427748060656,
    "Co-op": 0.002210427748060656,
    "Maps": 0.002210427748060656,
    "Wave": 0.002210427748060656,
    "Search engine": 0.007509882640981878,
    "Sites": 0.002210427748060656,
    "Reader": 0.002210427748060656,
    "Voice": 0.002210427748060656,
    "Toolbar": 0.0023073540218512905,
    "Calendar": 0.002210427748060656,
    "Trends": 0.002210427748060656,
    "Summer of Code": 0.0023073540218512905,
    "Favicon": 0.002210427748060656,
    "Google Checkout": 0.0024838609220870335,
    "Google Web Search": 0.004267166002752948,
    "List of devices running Chromium OS": 0.002210427748060656,
    "List of Google products": 0.008682241295887246,
    "Series 5 550": 0.002210427748060656,
    "Series 5": 0.002210427748060656,
    "Google Local": 0.0023073540218512905,
    "Chromebooks": 0.0033221293841176865,
    "Google gadgets": 0.002210427748060656,
    "Search Engine": 0.002210427748060656,
    "Google search": 0.0024838609220870335,
    "Chrome OS": 0.0037054675900602,
    "Samsung Series 5 550": 0.004199912848713971,
    "Samsung Series 5": 0.004199912848713971,
    "List of Devices Running Chromium": 0.007189992532713059,
    "Gmail sending limit": 0.025440733077924806,
    "HP": 0.0037054675900602,
    "Chromebox": 0.0033221293841176865,
    "Moto G2": 0.002210427748060656,
    "Motorola Moto G (2014)": 0.004199912848713971,
    "Presentations": 0.025625334116963883,
    "Android 3.0 Honeycomb": 0.002210427748060656,
    "Android 2.2 Froyo": 0.002210427748060656
  },
  "hitsHubs": {
    "Google Wiki:Main Page": 0.21864834625015844,
    "Gmail": 0.008582155282879783,
    "Google+ Local": 0.0,
    "Blogger": 0.024928765915637155,
    "Google Zeitgeist": 0.0,
    "Zeitgeist": 0.003942588195146331,
    "Google Video": 0.007972676881904476,
    "Google Wiki talk:Main Page": 4.698586795956195e-49,
    "Google": 0.008436315874646352,
    "Help": 0.0,
    "Blog Search": 0.007972676881904476,
    "Google Reader": 0.021083272541731993,
    "Google Base": 0.0,
    "Desktop Search": 0.003942588195146331,
    "Google Summer of Code": 0.016521534659767485,
    "Google Toolbar": 0.011943922768855622,
    "Google Cooking": 0.007483097056807782,
    "Removing pages from Google's index": 0.00854885777786301,
    "Google Analytics": 0.0,
    "Analytics": 0.007483097056807782,
    "Google in China": 0.0093665444513666,
    "Google Talk": 0.0,
    "Gmail for your domain": 0.0038958580462233193,
    "Google Page Creator": 0.026061967035897127,
    "Google Groups": 0.016372395785247795,
    "Google Mars": 0.007763058400641825,
    "Google Wiki:Gmail sending limit": 0.005102941493555904,
    "Google Desktop": 0.0,
    "Google Trends": 0.004010448861134894,
    "Google Co-op": 0.008116437319466886,
    "Google Notebook": 0.01631173794702916,
    "Google errors": 0.00015475033154506258,
    "Gmail down": 0.004250630190519555,
    "Spreadsheets": 0.008534513508914248,
    "Google Project Hosting": 0.0,
    "Google.org": 0.0,
    "Gmail errors": 0.004250630190519555,
    "Errors": 0.004250630190519555,
    "Google Translator": 0.0035405088616614518,
    "Google Gadgets": 0.00783844624136965,
    "Google Labs": 0.0,
    "IGoogle": 0.007972676881904476,
    "Google Hacks": 0.0,
    "Google Voice": 0.0,
    "Google Slides": 0.008534513508914248,
    "Google Docs": 0.01227027078819017,
    "Documents": 0.008534513508914248,
    "Google maps": 0.007763058400641825,
    "Google Maps": 0.007972676881904476,
    "Blogspot": 0.004263602957810696,
    "Google's Favicons": 0.0,
    "Picasa": 0.0,
    "Android": 0.0,
    "Googlebot": 0.007598874541831948,
    "Google Sidewiki": 0.008399718903343322,
    "Sidewiki": 0.007483097056807782,
    "Google Wave": 0.004058365680170495,
    "Google Translate": 0.0,