{
  "numNodes": 127,
  "numEdges": 204,
  "selfLinks": 0,
  "numStrongComponents": 93,
  "numWeakComponents": 7,
  "sizeLargestStrong": 25,
  "sizeLargestWeak": 115,
  "radius": 3,
  "diameter": 11,
  "averageInDegree": 1.6062992125984252,
  "averageOutDegree": 1.6062992125984252,
  "maxOutDegree": 39,
  "maxInDegree": 22,
  "pageRank": {
    "Google Wiki:Main Page": 0.004015388535947118,
    "Gmail": 0.03525696923812681,
    "Google+ Local": 0.004098795667394482,
    "Blogger": 0.03433563860566271,
    "Google Zeitgeist": 0.004108056833224607,
    "Zeitgeist": 0.002113306996962361,
    "Google Video": 0.0024595549677894285,
    "Google Wiki talk:Main Page": 0.002113306996962361,
    "Google": 0.06496111391611599,
    "Help": 0.004015388535947118,
    "Blog Search": 0.00220597529423985,
    "Google Reader": 0.0043616365067741854,
    "Google Base": 0.00444504363822155,
    "Desktop Search": 0.002113306996962361,
    "Google Summer of Code": 0.004098795667394482,
    "Google Toolbar": 0.010533328166769574,
    "Google Cooking": 0.00220597529423985,
    "Removing pages from Google's index": 0.00220597529423985,
    "Google Analytics": 0.0043616365067741854,
    "Analytics": 0.002113306996962361,
    "Google in China": 0.00220597529423985,
    "Google Talk": 0.006148690829121043,
    "Gmail for your domain": 0.010047176981295494,
    "Google Page Creator": 0.010578839687990175,
    "Google Groups": 0.00966276841356243,
    "Google Mars": 0.002366886670511939,
    "Google Wiki:Gmail sending limit": 0.023995234664308335,
    "Google Desktop": 0.00936767934859161,
    "Google Trends": 0.0043616365067741854,
    "Google Co-op": 0.0043616365067741854,
    "Google Notebook": 0.0024595549677894285,
    "Google errors": 0.015846089895527254,
    "Gmail down": 0.002113306996962361,
    "Spreadsheets": 0.024484576842438262,
    "Google Project Hosting": 0.004098795667394482,
    "Google.org": 0.004098795667394482,
    "Gmail errors": 0.002113306996962361,
    "Errors": 0.002113306996962361,
    "Google Translator": 0.002113306996962361,
    "Google Gadgets": 0.004015388535947118,
    "Google Labs": 0.008673015529614862,
    "IGoogle": 0.002113306996962361,
    "Google Hacks": 0.004015388535947118,
    "Google Voice": 0.006171049748481453,
    "Google Slides": 0.02414475763331138,
    "Google Docs": 0.07553588187037065,
    "Documents": 0.024484576842438262,
    "Google maps": 0.002113306996962361,
    "Google Maps": 0.008394045209118158,
    "Blogspot": 0.002113306996962361,
    "Google's Favicons": 0.004015388535947118,
    "Picasa": 0.010449921035322208,
    "Android": 0.03440576021224741,
    "Googlebot": 0.017328893321238343,
    "Google Sidewiki": 0.0043616365067741854,
    "Sidewiki": 0.002113306996962361,
    "Google Wave": 0.0043616365067741854,
    "Google Translate": 0.004268968209496697,
    "Google Calendar": 0.0054685036541774765,
    "Google Sites": 0.015016310813069287,
    "List of Google Products": 0.009578801557602632,
    "Google Doodles": 0.002113306996962361,
    "SketchUp": 0.002366886670511939,
    "Google Webmaster Tools": 0.010165929140175476,
    "Google tricks": 0.002113306996962361,
    "GOOGLE": 0.002113306996962361,
    "Google App Engine": 0.016904080983933714,
    "Google chat": 0.00220597529423985,
    "Google Code Hosting": 0.00220597529423985,
    "Google Apps": 0.01591575875502988,
    "Larry Page": 0.0027473341766239465,
    "Home": 0.002113306996962361,
    "Sergey Brin": 0.003983705288589213,
    "PageRank": 0.011985728526969617,
    "Google Buzz": 0.004076165171784317,
    "Google Chat": 0.004098795667394482,
    "Google Profiles": 0.00220597529423985,
    "Google DNS": 0.002113306996962361,
    "Google Public DNS": 0.004268968209496696,
    "Google Health": 0.022431948549812928,
    "Google PowerMeter": 0.022298059834488713,
    "Google Spreadsheets": 0.02486216211090211,
    "Google Documents": 0.02486216211090211,
    "Google Presentations": 0.02486216211090211,
    "Google Picasa": 0.002113306996962361,
    "GrandCentral": 0.002113306996962361,
    "Search URL parts": 0.00220597529423985,
    "Google Foundation": 0.00220597529423985,
    "Google Secure Access": 0.00220597529423985,
    "Gmail tips": 0.010139845278572984,
    "Google Desktop Search": 0.004108056833224607,
    "Desktop": 0.002113306996962361,
    "Co-op": 0.002113306996962361,
    "Maps": 0.002113306996962361,
    "Wave": 0.002113306996962361,
    "Search engine": 0.007175653371734313,
    "Sites": 0.002113306996962361,
    "Reader": 0.002113306996962361,
    "Voice": 0.002113306996962361,
    "Toolbar": 0.00220597529423985,
    "Calendar": 0.002113306996962361,
    "Trends": 0.002113306996962361,
    "Summer of Code": 0.00220597529423985,
    "Favicon": 0.002113306996962361,
    "Google Checkout": 0.002366886670511939,
    "Google Web Search": 0.004076165171784317,
    "List of devices running Chromium OS": 0.002113306996962361,
    "List of Google products": 0.008294259822787874,
    "Series 5 550": 0.002113306996962361,
    "Series 5": 0.002113306996962361,
    "Google Local": 0.00220597529423985,
    "Chromebooks": 0.0031761729387631177,
    "Google gadgets": 0.002113306996962361,
    "Search Engine": 0.002113306996962361,
    "Google search": 0.002366886670511939,
    "Chrome OS": 0.003542670840478216,
    "Samsung Series 5 550": 0.004015388535947118,
    "Samsung Series 5": 0.004015388535947118,
    "List of Devices Running Chromium": 0.006874116222978828,
    "Gmail sending limit": 0.024310181235394135,
    "HP": 0.003542670840478216,
    "Chromebox": 0.0031761729387631177,
    "Moto G2": 0.002113306996962361,
    "Motorola Moto G (2014)": 0.004015388535947118,
    "Presentations": 0.024484576842438262,
    "Android 3.0 Honeycomb": 0.002113306996962361,
    "Android 2.2 Froyo": 0.002113306996962361
  },
  "hitsHubs": {
    "Google Wiki:Main Page": 0.2158281278430453,
    "Gmail": 0.008400825837024967,
    "Google+ Local": 0.0,
    "Blogger": 0.024864366762424695,
    "Google Zeitgeist": 0.0,
    "Zeitgeist": 0.003861903343608919,
    "Google Video": 0.007947244171467884,
    "Google Wiki talk:Main Page": 3.824006462758971e-49,
    "Google": 0.008261355050460679,
    "Help": 0.0,
    "Blog Search": 0.007947244171467884,
    "Google Reader": 0.020999467895282488,
    "Google Base": 0.0,
    "Desktop Search": 0.003861903343608919,
    "Google Summer of Code": 0.016424866014637517,
    "Google Toolbar": 0.011938163188656651,
    "Google Cooking": 0.007425593222620634,
    "Removing pages from Google's index": 0.008477621843169634,
    "Google Analytics": 0.0,
    "Analytics": 0.007425593222620634,
    "Google in China": 0.009284602683619816,
    "Google Talk": 0.0,
    "Gmail for your domain": 0.0039151051585699205,
    "Google Page Creator": 0.025944429012771154,
    "Google Groups": 0.016277384747387498,
    "Google Mars": 0.007701194643559991,
    "Google Wiki:Gmail sending limit": 0.0051087421485541615,
    "Google Desktop": 0.0,
    "Google Trends": 0.004027924445127743,
    "Google Co-op": 0.008089447550140771,
    "Google Notebook": 0.016177909499414802,
    "Google errors": 0.00015031950507227922,
    "Gmail down": 0.004161136785052325,
    "Spreadsheets": 0.00846283814691522,
    "Google Project Hosting": 0.0,
    "Google.org": 0.0,
    "Gmail errors": 0.004161136785052325,
    "Errors": 0.004161136785052325,
    "Google Translator": 0.003563689879011714,
    "Google Gadgets": 0.0077770085021788395,
    "Google Labs": 0.0,
    "IGoogle": 0.007947244171467884,
    "Google Hacks": 0.0,
    "Google Voice": 0.0,
    "Google Slides": 0.00846283814691522,
    "Google Docs": 0.01201571448261379,
    "Documents": 0.00846283814691522,
    "Google maps": 0.007701194643559991,
    "Google Maps": 0.007947244171467884,
    "Blogspot": 0.004175860535065655,
    "Google's Favicons": 0.0,
    "Picasa": 0.0,
    "Android": 0.0,
    "Googlebot": 0.00764242734292316,
    "Google Sidewiki": 0.008330140575919616,
    "Sidewiki": 0.007425593222620634,