{
  "numNodes": 138,
  "numEdges": 221,
  "selfLinks": 0,
  "numStrongComponents": 105,
  "numWeakComponents": 8,
  "sizeLargestStrong": 26,
  "sizeLargestWeak": 123,
  "radius": 3,
  "diameter": 9,
  "averageInDegree": 1.6014492753623188,
  "averageOutDegree": 1.6014492753623188,
  "maxOutDegree": 40,
  "maxInDegree": 24,
  "pageRank": {
    "Google Wiki:Main Page": 0.003977830757428371,
    "Gmail": 0.03457180657977657,
    "Google+ Local": 0.004058390102518001,
    "Blogger": 0.03657583670932036,
    "Google Zeitgeist": 0.004067336288515597,
    "Zeitgeist": 0.002093549613090147,
    "Google Video": 0.0024377512017219366,
    "Google Wiki talk:Main Page": 0.002093549613090147,
    "Google": 0.10507937559385076,
    "Help": 0.003977830757428371,
    "Blog Search": 0.002183055144177373,
    "Google Reader": 0.0043220323460601605,
    "Google Base": 0.004402591691149791,
    "Desktop Search": 0.002093549613090147,
    "Google Summer of Code": 0.004058390102518001,
    "Google Toolbar": 0.010897240328199134,
    "Google Cooking": 0.002183055144177373,
    "Removing pages from Google's index": 0.002183055144177373,
    "Google Analytics": 0.0043220323460601605,
    "Analytics": 0.002093549613090147,
    "Google in China": 0.002183055144177373,
    "Google Talk": 0.006286872835488015,
    "Gmail for your domain": 0.00831697671996013,
    "Google Page Creator": 0.01050395223392067,
    "Google Groups": 0.009725707468427621,
    "Google Mars": 0.0023482456706347106,
    "Google Wiki:Gmail sending limit": 0.020969122830584785,
    "Google Desktop": 0.007982812934638824,
    "Google Trends": 0.0043220323460601605,
    "Google Co-op": 0.0043220323460601605,
    "Google Notebook": 0.0024377512017219366,
    "Google errors": 0.014059325684062027,
    "Gmail down": 0.002093549613090147,
    "Spreadsheets": 0.017085228207447907,
    "Google Project Hosting": 0.004058390102518001,
    "Google.org": 0.004058390102518001,
    "Gmail errors": 0.002093549613090147,
    "Errors": 0.002093549613090147,
    "Google Translator": 0.002093549613090147,
    "Google Gadgets": 0.003977830757428371,
    "Google Labs": 0.008601798974798963,
    "IGoogle": 0.002093549613090147,
    "Google Hacks": 0.003977830757428371,
    "Google Voice": 0.006116807959311159,
    "Google Slides": 0.017471529430328116,
    "Google Docs": 0.05789204171095585,
    "Documents": 0.018520062638808635,
    "Google maps": 0.002093549613090147,
    "Google Maps": 0.00831984107279185,
    "Blogspot": 0.002093549613090147,
    "Google's Favicons": 0.003977830757428371,
    "Picasa": 0.010816680983109502,
    "Android": 0.040124777773125904,
    "Googlebot": 0.01651425819452223,
    "Google Sidewiki": 0.0043220323460601605,
    "Sidewiki": 0.002093549613090147,
    "Google Wave": 0.0043220323460601605,
    "Google Translate": 0.004232526814972934,
    "Google Calendar": 0.005419075809801709,
    "Google Sites": 0.014952397912498468,
    "List of Google Products": 0.009904079427295499,
    "Google Doodles": 0.002093549613090147,
    "SketchUp": 0.0023482456706347106,
    "Google Webmaster Tools": 0.009780311733637366,
    "Google tricks": 0.002093549613090147,
    "GOOGLE": 0.002093549613090147,
    "Google App Engine": 0.016021679490471664,
    "Google chat": 0.002183055144177373,
    "Google Code Hosting": 0.002183055144177373,
    "Google Apps": 0.014320098985616722,
    "Larry Page": 0.002721643327869555,
    "Home": 0.002093549613090147,
    "Sergey Brin": 0.003946440583230468,
    "PageRank": 0.01214058100576797,
    "Google Buzz": 0.0040385631264071,
    "Google Chat": 0.002093549613090147,
    "Google Profiles": 0.0037772253774755915,
    "Google DNS": 0.002093549613090147,
    "Google Public DNS": 0.004232526814972935,
    "Google Health": 0.021987177423365874,
    "Google PowerMeter": 0.021853224255753832,
    "Google+": 0.007084842406450014,
    "Google Chrome": 0.038585028707571106,
    "Google Plus": 0.002093549613090147,
    "Google Music": 0.002093549613090147,
    "Google Spreadsheets": 0.002183055144177373,
    "Google Documents": 0.003777225377475591,
    "Google Presentations": 0.002183055144177373,
    "Form": 0.015120387718020054,
    "Google Picasa": 0.002093549613090147,
    "SafeSearch": 0.003977830757428371,
    "GrandCentral": 0.002093549613090147,
    "Search URL parts": 0.002183055144177373,
    "Google Foundation": 0.002183055144177373,
    "Google Secure Access": 0.002183055144177373,
    "Gmail tips": 0.008406482251047356,
    "Google Desktop Search": 0.004067336288515596,
    "Desktop": 0.002093549613090147,
    "Co-op": 0.002093549613090147,
    "Maps": 0.002093549613090147,
    "Wave": 0.002093549613090147,
    "Search engine": 0.007247238810836688,
    "Search": 0.005673770856579181,
    "Chrome": 0.002093549613090147,
    "Sites": 0.002093549613090147,
    "Reader": 0.002093549613090147,
    "Voice": 0.002093549613090147,
    "Toolbar": 0.002183055144177373,
    "Calendar": 0.002093549613090147,
    "Trends": 0.002093549613090147,
    "Safe Search": 0.002093549613090147,
    "Summer of Code": 0.002183055144177373,
    "Favicon": 0.002093549613090147,
    "Google Checkout": 0.0023482456706347106,
    "Google Web Search": 0.0040385631264071,
    "List of devices running Chromium OS": 0.002093549613090147,
    "List of Google products": 0.008677703781226715,
    "Series 5 550": 0.002093549613090147,
    "Series 5": 0.002093549613090147,
    "Google Local": 0.002183055144177373,
    "Chromebooks": 0.0031464595439731746,
    "Google gadgets": 0.002093549613090147,
    "Search Engine": 0.002093549613090147,
    "Google search": 0.0023482456706347106,
    "Chrome OS": 0.003509525911125244,
    "Samsung Series 5 550": 0.003977830757428371,
    "Samsung Series 5": 0.003977830757428371,
    "List of Devices Running Chromium": 0.006809783353498565,
    "Gmail sending limit": 0.0209712298887745,
    "HP": 0.003509525911125244,
    "Chromebox": 0.0031464595439731746,
    "Moto G2": 0.002093549613090147,
    "Motorola Moto G (2014)": 0.003977830757428371,
    "G+": 0.002093549613090147,
    "Presentations": 0.01708522820744791,
    "Android 3.0 Honeycomb": 0.002093549613090147,
    "Chrome Canary": 0.002093549613090147,
    "Android 2.2 Froyo": 0.002093549613090147
  },
  "hitsHubs": {
    "Google Wiki:Main Page": 0.205090856981484,
    "Gmail": 0.016472960637140762,
    "Google+ Local": 0.0,
    "Blogger": 0.02375221744288582,
    "Google Zeitgeist": 0.0,
    "Zeitgeist": 0.003587094694449919,
    "Google Video": 0.00807740034398567,
    "Google Wiki talk:Main Page": 1.8952118845486952e-49,
    "Google": 0.012029784383225262,
    "Help": 0.0,
    "Blog Search": 0.00807740034398567,
    "Google Reader": 0.004442469235373022,
    "Google Base": 0.0,
    "Desktop Search": 0.003587094694449919,
    "Google Summer of Code": 0.01600990460074089,
    "Google Toolbar": 0.011788728476051533,
    "Google Cooking": 0.006886046710236407,
    "Removing pages from Google's index": 0.007932504256755218,
    "Google Analytics": 0.0,
    "Analytics": 0.006886046710236407,
    "Google in China": 0.008386652954505698,
    "Google Talk": 0.0,
    "Gmail for your domain": 0.003629944628943637,
    "Google Page Creator": 0.02380373743177443,
    "Google Groups": 0.01579087844581637,
    "Google Mars": 0.00713565582027133,
    "Google Wiki:Gmail sending limit": 0.004442469235373022,
    "Google Desktop": 0.0,
    "Google Trends": 0.003715285837815488,
    "Google Co-op": 0.008218676266696782,
    "Google Notebook": 0.014985910371802183,
    "Google errors": 0.00028811654849857993,
    "Gmail down": 0.004015681975932631,
    "Spreadsheets": 0.007837756025931354,
    "Google Project Hosting": 0.0,
    "Google.org": 0.0,
    "Gmail errors": 0.004015681975932631,
    "Errors": 0.004015681975932631,
    "Google Translator": 0.0032989520157864884,
    "Google Gadgets": 0.007217039323393556,
    "Google Labs": 0.0,
    "IGoogle": 0.00807740034398567,
    "Google Hacks": 0.0,
    "Google Voice": 0.0,