{
  "numNodes": 144,
  "numEdges": 238,
  "selfLinks": 0,
  "numStrongComponents": 111,
  "numWeakComponents": 6,
  "sizeLargestStrong": 26,
  "sizeLargestWeak": 134,
  "radius": 3,
  "diameter": 9,
  "averageInDegree": 1.6527777777777777,
  "averageOutDegree": 1.6527777777777777,
  "maxOutDegree": 42,
  "maxInDegree": 25,
  "pageRank": {
    "Google Wiki:Main Page": 0.003559074957615224,
    "Gmail": 0.03093852740618253,
    "Google+ Local": 0.0036277214287075707,
    "Blogger": 0.03555447256085853,
    "Google Zeitgeist": 0.003635344608001351,
    "Zeitgeist": 0.0018731559425237557,
    "Google Video": 0.0021824408004427983,
    "Google Wiki talk:Main Page": 0.0018731559425237557,
    "Google": 0.10346524222756259,
    "Help": 0.003559074957615224,
    "Blog Search": 0.0019494255929098832,
    "Google Reader": 0.003868359815534266,
    "Google Base": 0.003937006286626613,
    "Desktop Search": 0.0018731559425237557,
    "Google Summer of Code": 0.0036277214287075707,
    "Google Toolbar": 0.010261043002837807,
    "Google Cooking": 0.0019494255929098832,
    "Removing pages from Google's index": 0.0019494255929098832,
    "Google Analytics": 0.003868359815534266,
    "Analytics": 0.0018731559425237557,
    "Google in China": 0.0019494255929098832,
    "Google Talk": 0.005622925301718081,
    "Gmail for your domain": 0.007442551266520559,
    "Google Page Creator": 0.009399709305039201,
    "Google Groups": 0.008697047348938981,
    "Google Mars": 0.0021061711500566706,
    "Google Wiki:Gmail sending limit": 0.018760541088109595,
    "Google Desktop": 0.007140331602843968,
    "Google Trends": 0.003868359815534266,
    "Google Co-op": 0.003868359815534266,
    "Google Notebook": 0.0021824408004427983,
    "Google errors": 0.012576577962181089,
    "Gmail down": 0.0018731559425237557,
    "Spreadsheets": 0.015556189675903043,
    "Google Project Hosting": 0.0036277214287075707,
    "Google.org": 0.0036277214287075707,
    "Gmail errors": 0.0018731559425237557,
    "Errors": 0.0018731559425237557,
    "Google Translator": 0.0018731559425237557,
    "Google Gadgets": 0.003559074957615224,
    "Google Labs": 0.015077403178384085,
    "IGoogle": 0.0018731559425237557,
    "Google Hacks": 0.003635344608001351,
    "Google Voice": 0.005478009180239607,
    "Google Slides": 0.015874805577556987,
    "Google Docs": 0.053011143522694724,
    "Documents": 0.016838901695542183,
    "Google maps": 0.0018731559425237557,
    "Google Maps": 0.007449930553801394,
    "Blogspot": 0.0018731559425237557,
    "Google's Favicons": 0.003559074957615224,
    "Picasa": 0.01019239653174546,
    "Android": 0.0387303308114883,
    "Googlebot": 0.02198111203385559,
    "Google Sidewiki": 0.003868359815534266,
    "Sidewiki": 0.0018731559425237557,
    "Google Wave": 0.003868359815534266,
    "Google Translate": 0.003792090165148139,
    "Google Calendar": 0.004850508912668269,
    "Google Sites": 0.01337901775590934,
    "List of Google Products": 0.009319859117590094,
    "Google Doodles": 0.0018731559425237557,
    "SketchUp": 0.0021061711500566706,
    "Google Webmaster Tools": 0.01199855157403595,
    "Google tricks": 0.0018731559425237557,
    "GOOGLE": 0.0018731559425237557,
    "Google App Engine": 0.017585390283168665,
    "Google chat": 0.0019494255929098832,
    "Google Code Hosting": 0.0019494255929098832,
    "Google Apps": 0.012818958737339663,
    "Larry Page": 0.002435128947554245,
    "Home": 0.0018731559425237557,
    "Sergey Brin": 0.003530989505287627,
    "PageRank": 0.018905766816411818,
    "Google Buzz": 0.003614008190220702,
    "Google Chat": 0.0018731559425237557,
    "Google Profiles": 0.0033745790584862713,
    "Google DNS": 0.0018731559425237557,
    "Google Public DNS": 0.003792090165148139,
    "Google Health": 0.019665659704507496,
    "Google PowerMeter": 0.019542926613767764,
    "Google+": 0.006333689458367138,
    "Google Chrome": 0.03736281389755061,
    "Google Plus": 0.0018731559425237557,
    "Google Music": 0.0018731559425237557,
    "Google Spreadsheets": 0.0019494255929098832,
    "Google Documents": 0.0033745790584862713,
    "Google Presentations": 0.0019494255929098832,
    "Form": 0.013801624189719228,
    "Google Picasa": 0.0018731559425237557,
    "SafeSearch": 0.005076481258741111,
    "Google X": 0.0021061711500566706,
    "GrandCentral": 0.0018731559425237557,
    "Web Search": 0.01426483403772447,
    "Image Search": 0.0018731559425237557,
    "Search URL parts": 0.0019494255929098832,
    "Google Foundation": 0.0019494255929098832,
    "Google Secure Access": 0.0019494255929098832,
    "Google Search": 0.013767732945831744,
    "Gmail tips": 0.007518820916906686,
    "Search tricks": 0.006907316395311053,
    "Google Desktop Search": 0.003635344608001351,
    "Desktop": 0.0018731559425237557,
    "Co-op": 0.0018731559425237557,
    "Maps": 0.0018731559425237557,
    "Wave": 0.0018731559425237557,
    "Search engine": 0.01048963428586216,
    "Search": 0.0064422267434937975,
    "Chrome": 0.0018731559425237557,
    "Sites": 0.0018731559425237557,
    "Reader": 0.0018731559425237557,
    "Voice": 0.0018731559425237557,
    "Toolbar": 0.0019494255929098832,
    "Calendar": 0.0018731559425237557,
    "Trends": 0.0018731559425237557,
    "Safe Search": 0.003559074957615224,
    "Summer of Code": 0.0019494255929098832,
    "Favicon": 0.0018731559425237557,
    "Google Checkout": 0.0021061711500566706,
    "Google Web Search": 0.003614008190220702,
    "List of devices running Chromium OS": 0.0018731559425237557,
    "List of Google products": 0.008273462309121076,
    "Series 5 550": 0.0018731559425237557,
    "Series 5": 0.0018731559425237557,
    "Google Local": 0.0019494255929098832,
    "Chromebooks": 0.002815224455577574,
    "Google gadgets": 0.0018731559425237557,
    "Search Engine": 0.0061528739837733324,
    "Search Tricks": 0.0018731559425237557,
    "Google search": 0.0021061711500566706,
    "Chrome OS": 0.003140070186395172,
    "Samsung Series 5 550": 0.003559074957615224,
    "Samsung Series 5": 0.003559074957615224,
    "List of Devices Running Chromium": 0.006092903445358055,
    "Gmail sending limit": 0.01876226103989451,
    "HP": 0.003140070186395172,
    "Chromebox": 0.002815224455577574,
    "Moto G2": 0.0018731559425237557,
    "Motorola Moto G (2014)": 0.003559074957615224,
    "G+": 0.0018731559425237557,
    "Presentations": 0.015556189675903043,
    "Android 3.0 Honeycomb": 0.0018731559425237557,
    "Chrome Canary": 0.0018731559425237557,
    "Android 2.2 Froyo": 0.0018731559425237557
  },
  "hitsHubs": {
    "Google Wiki:Main Page": 0.2054665361584788,
    "Gmail": 0.015860245252021843,
    "Google+ Local": 0.0,
    "Blogger": 0.02264851584846437,
    "Google Zeitgeist": 0.0,
    "Zeitgeist": 0.0035000995782184284,
    "Google Video": 0.007714028676393101,
    "Google Wiki talk:Main Page": 1.5382704987776096e-51,
    "Google": 0.01159029474039728,
    "Help": 0.0,
    "Blog Search": 0.007714028676393101,
    "Google Reader": 0.004195204078060846,
    "Google Base": 0.0,
    "Desktop Search": 0.0035000995782184284,
    "Google Summer of Code": 0.015323964352856665,
    "Google Toolbar": 0.011290405421434783,
    "Google Cooking": 0.006632152210763955,
    "Removing pages from Google's index": 0.007609935676463566,
    "Google Analytics": 0.0,
    "Analytics": 0.006632152210763955,
    "Google in China": 0.008029525104096881,
    "Google Talk": 0.0,
    "Gmail for your domain": 0.003440294114901752,
    "Google Page Creator": 0.02285714464132895,
    "Google Groups": 0.015119251724699951,
    "Google Mars": 0.00686607795872309,
    "Google Wiki:Gmail sending limit": 0.004195204078060846,
    "Google Desktop": 0.0036467818384976866,
    "Google Trends": 0.0036467818384976866,
    "Google Co-op": 0.00784543629698544,
    "Google Notebook": 0.014396799380804591,
    "Google errors": 0.00027017751340011227,
    "Gmail down": 0.003903260301290678,
    "Spreadsheets": 0.0075193992946155875,