{
  "numNodes": 144,
  "numEdges": 241,
  "selfLinks": 0,
  "numStrongComponents": 103,
  "numWeakComponents": 6,
  "sizeLargestStrong": 34,
  "sizeLargestWeak": 134,
  "radius": 4,
  "diameter": 11,
  "averageInDegree": 1.6736111111111112,
  "averageOutDegree": 1.6736111111111112,
  "maxOutDegree": 42,
  "maxInDegree": 26,
  "pageRank": {
    "Google Wiki:Main Page": 0.0034631238076125097,
    "Gmail": 0.030192109574773206,
    "Google+ Local": 0.0035299200982740996,
    "Blogger": 0.03927502550582232,
    "Google Zeitgeist": 0.003537337519575751,
    "Zeitgeist": 0.0018226536220896082,
    "Google Video": 0.002142561111990607,
    "Google Wiki talk:Main Page": 0.0018226536220896082,
    "Google": 0.11627076152768874,
    "Help": 0.0034631238076125097,
    "Blog Search": 0.0018968673340528494,
    "Google Reader": 0.0037830312975135087,
    "Google Base": 0.0038498275881750986,
    "Desktop Search": 0.0018226536220896082,
    "Google Summer of Code": 0.0035299200982740996,
    "Google Toolbar": 0.010845734788295558,
    "Google Cooking": 0.0018968673340528494,
    "Removing pages from Google's index": 0.0018968673340528494,
    "Google Analytics": 0.003783031297513509,
    "Analytics": 0.0018226536220896082,
    "Google in China": 0.0018968673340528494,
    "Google Talk": 0.005490297773698,
    "Gmail for your domain": 0.007257723858493308,
    "Google Page Creator": 0.009182181559865865,
    "Google Groups": 0.008489635057917628,
    "Google Mars": 0.002068347400027366,
    "Google Wiki:Gmail sending limit": 0.018281994344081082,
    "Google Desktop": 0.006966803490631229,
    "Google Trends": 0.0037830312975135087,
    "Google Co-op": 0.0037830312975135087,
    "Google Notebook": 0.002142561111990607,
    "Google errors": 0.012253348127025252,
    "Gmail down": 0.0018226536220896082,
    "Spreadsheets": 0.015611288798051891,
    "Google Project Hosting": 0.0035299200982740996,
    "Google.org": 0.0035299200982740996,
    "Gmail errors": 0.0018226536220896082,
    "Errors": 0.0018226536220896082,
    "Google Translator": 0.0018226536220896082,
    "Google Gadgets": 0.0034631238076125097,
    "Google Labs": 0.014740682538179558,
    "IGoogle": 0.0018226536220896082,
    "Google Hacks": 0.0076998619090007355,
    "Google Voice": 0.005349287771073169,
    "Google Slides": 0.015873928151097415,
    "Google Docs": 0.05369050880385111,
    "Documents": 0.01685943086412803,
    "Google maps": 0.0018226536220896082,
    "Google Maps": 0.007285118784739316,
    "Blogspot": 0.0018226536220896082,
    "Google's Favicons": 0.0034631238076125097,
    "Picasa": 0.010778938497633967,
    "Android": 0.042365275897158924,
    "Googlebot": 0.017471702303038083,
    "Google Sidewiki": 0.003783031297513509,
    "Sidewiki": 0.0018226536220896082,
    "Google Wave": 0.0037830312975135087,
    "Google Translate": 0.0037088175855502677,
    "Google Calendar": 0.004747238093695757,
    "Google Sites": 0.013074643613241378,
    "List of Google Products": 0.009826859030971585,
    "Google Doodles": 0.0018226536220896082,
    "SketchUp": 0.002068347400027366,
    "Google Webmaster Tools": 0.00993137389797821,
    "Google tricks": 0.0018226536220896082,
    "GOOGLE": 0.0018226536220896082,
    "Google App Engine": 0.015391207408444194,
    "Google chat": 0.0018968673340528494,
    "Google Code Hosting": 0.0018968673340528494,
    "Google Apps": 0.012523526541075669,
    "Larry Page": 0.0023694770172639087,
    "Home": 0.0018226536220896082,
    "Sergey Brin": 0.0034357963961808976,
    "PageRank": 0.014618557019386622,
    "Google Buzz": 0.0035251132767384697,
    "Google Chat": 0.0018226536220896082,
    "Google Profiles": 0.00328360614797504,
    "Google DNS": 0.0018226536220896082,
    "Google Public DNS": 0.0037088175855502677,
    "Google Health": 0.019203304714148748,
    "Google PowerMeter": 0.019072883106449477,
    "Google+": 0.006162943885852197,
    "Google Chrome": 0.041053577611988946,
    "Google Plus": 0.0018226536220896082,
    "Google Music": 0.0018226536220896082,
    "Google Spreadsheets": 0.0018968673340528494,
    "Google Documents": 0.00328360614797504,
    "Google Presentations": 0.0018968673340528494,
    "Form": 0.0139040223218674,
    "Google Picasa": 0.0018226536220896082,
    "SafeSearch": 0.004939629524545738,
    "Google X": 0.002068347400027366,
    "GrandCentral": 0.0018226536220896082,
    "Web Search": 0.005985178011514592,
    "Image Search": 0.0018226536220896082,
    "Search URL parts": 0.0018968673340528494,
    "Google Foundation": 0.0018968673340528494,
    "Google Secure Access": 0.0018968673340528494,
    "Google Search": 0.013874244558422958,
    "Gmail tips": 0.00733193757045655,
    "Search tricks": 0.014214160686114346,
    "Google Desktop Search": 0.003537337519575751,
    "Desktop": 0.0018226536220896082,
    "Co-op": 0.0018226536220896082,
    "Maps": 0.0018226536220896082,
    "Wave": 0.0018226536220896082,
    "Search engine": 0.008333328401114615,
    "Search": 0.0018226536220896082,
    "Chrome": 0.0018226536220896082,
    "Sites": 0.0018226536220896082,
    "Reader": 0.0018226536220896082,
    "Voice": 0.0018226536220896082,
    "Toolbar": 0.0018968673340528494,
    "Calendar": 0.0018226536220896082,
    "Trends": 0.0018226536220896082,
    "Safe Search": 0.0034631238076125097,
    "Summer of Code": 0.0018968673340528494,
    "Favicon": 0.0018226536220896082,
    "Google Checkout": 0.002068347400027366,
    "Google Web Search": 0.0035251132767384697,
    "List of devices running Chromium OS": 0.0018226536220896082,
    "List of Google products": 0.008892774534173309,
    "Series 5 550": 0.0018226536220896082,
    "Series 5": 0.0018226536220896082,
    "Google Local": 0.0018968673340528494,
    "Chromebooks": 0.0027393282520733666,
    "Google gadgets": 0.0018226536220896082,
    "Search Engine": 0.0036183188461673876,
    "Search Tricks": 0.005985178011514592,
    "Google search": 0.002068347400027366,
    "Chrome OS": 0.003055417237559585,
    "Samsung Series 5 550": 0.0034631238076125097,
    "Samsung Series 5": 0.0034631238076125097,
    "List of Devices Running Chromium": 0.005928651038552463,
    "Gmail sending limit": 0.01828657189558376,
    "HP": 0.003055417237559585,
    "Chromebox": 0.0027393282520733666,
    "Moto G2": 0.0018226536220896082,
    "Motorola Moto G (2014)": 0.0034631238076125097,
    "G+": 0.0018226536220896082,
    "Presentations": 0.015611288798051891,
    "Android 3.0 Honeycomb": 0.0018226536220896082,
    "Chrome Canary": 0.0018226536220896082,
    "Android 2.2 Froyo": 0.0018226536220896082
  },
  "hitsHubs": {
    "Google Wiki:Main Page": 0.20192195048485093,
    "Gmail": 0.015812026998793107,
    "Google+ Local": 0.0,
    "Blogger": 0.02249182792968861,
    "Google Zeitgeist": 0.0,
    "Zeitgeist": 0.0034365718126056193,
    "Google Video": 0.007798379427951494,
    "Google Wiki talk:Main Page": 2.4334184772668334e-53,
    "Google": 0.011392421647013361,
    "Help": 0.0,
    "Blog Search": 0.007798379427951494,
    "Google Reader": 0.00413215202135682,
    "Google Base": 0.0,
    "Desktop Search": 0.0034365718126056193,
    "Google Summer of Code": 0.015282812817378312,
    "Google Toolbar": 0.011322350966932288,
    "Google Cooking": 0.006516469684359167,
    "Removing pages from Google's index": 0.00748443338942682,
    "Google Analytics": 0.0,
    "Analytics": 0.006516469684359167,
    "Google in China": 0.007897016721598397,
    "Google Talk": 0.0,
    "Gmail for your domain": 0.003386376533431874,
    "Google Page Creator": 0.022481882286839432,
    "Google Groups": 0.015077985931899457,
    "Google Mars": 0.006746097503175943,
    "Google Wiki:Gmail sending limit": 0.00413215202135682,
    "Google Desktop": 0.00358569037210783,
    "Google Trends": 0.00358569037210783,
    "Google Co-op": 0.007931102447673671,
    "Google Notebook": 0.014148947599030468,
    "Google errors": 0.0002691097537622701,
    "Gmail down": 0.0038362626349646755,
    "Spreadsheets": 0.007391672621352582,