{
  "numNodes": 158,
  "numEdges": 322,
  "selfLinks": 0,
  "numStrongComponents": 104,
  "numWeakComponents": 6,
  "sizeLargestStrong": 48,
  "sizeLargestWeak": 148,
  "radius": 4,
  "diameter": 10,
  "averageInDegree": 2.037974683544304,
  "averageOutDegree": 2.037974683544304,
  "maxOutDegree": 42,
  "maxInDegree": 36,
  "pageRank": {
    "Google Wiki:Main Page": 0.0026365333893024093,
    "Gmail": 0.04224799910662574,
    "Google+ Local": 0.0026873858008950625,
    "Blogger": 0.0033429159182023164,
    "Google Zeitgeist": 0.002693033152125092,
    "Zeitgeist": 0.0013876202687406146,
    "Google Video": 0.001769219809192258,
    "Google Wiki talk:Main Page": 0.0013876202687406146,
    "Google": 0.12312132795958529,
    "Help": 0.0026365333893024093,
    "Blog Search": 0.0014441200315632975,
    "Google Reader": 0.0032393272456357324,
    "Google Base": 0.002419102575269482,
    "Desktop Search": 0.0013876202687406146,
    "Google Summer of Code": 0.0026873858008950625,
    "Google Toolbar": 0.00565873369901771,
    "Google Cooking": 0.0014441200315632975,
    "Removing pages from Google's index": 0.0014441200315632975,
    "Google Analytics": 0.0030181329297540526,
    "Analytics": 0.0013876202687406146,
    "Google in China": 0.0014441200315632975,
    "Google Talk": 0.014613538527923558,
    "Gmail for your domain": 0.008993053913854259,
    "Google Page Creator": 0.007469687065671615,
    "Google Groups": 0.007675766775887675,
    "Google Mars": 0.002700744842755053,
    "Google Wiki:Gmail sending limit": 0.01984919896976186,
    "Google Desktop": 0.005566811582470295,
    "Google Trends": 0.0030181329297540526,
    "Google Co-op": 0.0030181329297540526,
    "Google Notebook": 0.001769219809192258,
    "Google errors": 0.012796293038362322,
    "Gmail down": 0.0013876202687406146,
    "Spreadsheets": 0.014606703509808975,
    "Google Project Hosting": 0.0026873858008950625,
    "Google.org": 0.002812277112951242,
    "Gmail errors": 0.0013876202687406146,
    "Errors": 0.0013876202687406146,
    "Google Translator": 0.0013876202687406146,
    "Google Gadgets": 0.0026365333893024093,
    "Google Labs": 0.011891123481390901,
    "IGoogle": 0.0013876202687406146,
    "Google Hacks": 0.0060795033145894795,
    "Google Voice": 0.004210546287493165,
    "Google Slides": 0.014534638199925983,
    "Google Docs": 0.05297057942987995,
    "Documents": 0.017793211861714137,
    "Google maps": 0.0013876202687406146,
    "Google Maps": 0.008976179679745382,
    "Blogspot": 0.0013876202687406146,
    "Google's Favicons": 0.0026365333893024093,
    "Picasa": 0.015903521353440114,
    "Android": 0.008180047294789194,
    "Googlebot": 0.016805312966692625,
    "Google Sidewiki": 0.0030181329297540526,
    "Sidewiki": 0.0013876202687406146,
    "Google Wave": 0.0030181329297540526,
    "Google Translate": 0.0029616331669313697,
    "Google Calendar": 0.0040355211651698876,
    "Google Sites": 0.011090890774291288,
    "List of Google Products": 0.014086273603744013,
    "Google Doodles": 0.0013876202687406146,
    "SketchUp": 0.002700744842755053,
    "Google Webmaster Tools": 0.009275961982977884,
    "Google tricks": 0.0013876202687406146,
    "GOOGLE": 0.0013876202687406146,
    "Google App Engine": 0.015537607478346345,
    "Google chat": 0.0014441200315632975,
    "Google Code Hosting": 0.0014441200315632975,
    "Google Apps": 0.016343060868212897,
    "Larry Page": 0.012636053586948848,
    "Home": 0.0013876202687406146,
    "Sergey Brin": 0.021118280767788832,
    "PageRank": 0.010029065315425856,
    "Google Buzz": 0.0027458526472702105,
    "Google Chat": 0.0013876202687406146,
    "Google Profiles": 0.004984347046085539,
    "Google DNS": 0.0013876202687406146,
    "Google Public DNS": 0.0029616331669313697,
    "Google Health": 0.019421729209249766,
    "Google PowerMeter": 0.019450172593857572,
    "Google+": 0.015733010966721816,
    "Google Chrome": 0.02258404130436978,
    "Google Plus": 0.0013876202687406146,
    "Google Music": 0.0013876202687406146,
    "Google Spreadsheets": 0.0014441200315632975,
    "Google Documents": 0.004984347046085539,
    "Google Presentations": 0.0014441200315632975,
    "Form": 0.013306937977654526,
    "Google Picasa": 0.0013876202687406146,
    "SafeSearch": 0.003760610307293291,
    "Google X": 0.001712720046369575,
    "GrandCentral": 0.0013876202687406146,
    "Web Search": 0.004774090431205002,
    "Image Search": 0.0013876202687406146,
    "Search URL parts": 0.0014441200315632975,
    "Google Foundation": 0.0014441200315632975,
    "Google Secure Access": 0.0014441200315632975,
    "Google Search": 0.011287612885098981,
    "Gmail tips": 0.00904955367667694,
    "Search tricks": 0.011212896143060255,
    "Google Desktop Search": 0.0014441200315632975,
    "History of Google": 0.0013876202687406146,
    "Google Web History": 0.0016088145846222942,
    "Google Account": 0.0036863727586235765,
    "Blogger (service)": 0.014297294987911253,
    "Pyra Labs": 0.004808642467367705,
    "Chromebook": 0.01425756686371867,
    "Google Chrome OS": 0.018634988368804638,
    "Chromium": 0.005152740871314246,
    "Google Earth": 0.006586438996149927,
    "Google Street View": 0.002375645065126093,
    "Google Drive": 0.0026365333893024093,
    "Drive": 0.0013876202687406146,
    "Desktop": 0.0013876202687406146,
    "Co-op": 0.0013876202687406146,
    "Maps": 0.0013876202687406146,
    "Wave": 0.0013876202687406146,
    "Search engine": 0.005623433225650799,
    "Search": 0.0013876202687406146,
    "Earth": 0.0013876202687406146,
    "Chrome": 0.0013876202687406146,
    "Sites": 0.0013876202687406146,
    "Reader": 0.0013876202687406146,
    "Voice": 0.0013876202687406146,
    "Toolbar": 0.0014441200315632975,
    "Calendar": 0.0013876202687406146,
    "Trends": 0.0013876202687406146,
    "Safe Search": 0.0026365333893024093,
    "Summer of Code": 0.0014441200315632975,
    "Favicon": 0.0013876202687406146,
    "Google Checkout": 0.0019339143622512547,
    "Google Web Search": 0.0027458526472702105,
    "Chromium OS": 0.004183121113585291,
    "List of devices running Chromium OS": 0.0013876202687406146,
    "List of Google products": 0.014108314139367683,
    "Series 5 550": 0.0013876202687406146,
    "Series 5": 0.0013876202687406146,
    "Google Local": 0.0014441200315632975,
    "Chromebooks": 0.00208549427632068,
    "Google gadgets": 0.0013876202687406146,
    "Search Engine": 0.002819928065726185,
    "Search Tricks": 0.004774090431205002,
    "Google search": 0.001712720046369575,
    "Chrome OS": 0.0023261366821822954,
    "Samsung Series 5 550": 0.0026365333893024093,
    "Samsung Series 5": 0.0026365333893024093,
    "List of Devices Running Chromium": 0.004513566216185771,
    "Gmail sending limit": 0.020510746218023464,
    "HP": 0.0023261366821822954,
    "Chromebox": 0.00208549427632068,
    "Moto G2": 0.0013876202687406146,
    "Motorola Moto G (2014)": 0.0026365333893024093,
    "G+": 0.0013876202687406146,
    "Presentations": 0.014606703509808973,
    "Android 3.0 Honeycomb": 0.0013876202687406146,
    "Chrome Canary": 0.0013876202687406146,
    "Android 2.2 Froyo": 0.0013876202687406146
  },
  "hitsHubs": {
    "Google Wiki:Main Page": 0.10453050683096948,
    "Gmail": 0.012544089583186988,
    "Google+ Local": 0.0,
    "Blogger": 0.023065343809434362,
    "Google Zeitgeist": 0.0,
    "Zeitgeist": 0.0014709547775571322,
    "Google Video": 0.00887369939126906,
    "Google Wiki talk:Main Page": 1.9568242063674425e-63,
    "Google": 0.029871058357074473,
    "Help": 0.0,
    "Blog Search": 0.00887369939126906,
    "Google Reader": 0.004120809499055775,
    "Google Base": 0.0,
    "Desktop Search": 0.003327862024979606,
    "Google Summer of Code": 0.013629349004129534,
    "Google Toolbar": 0.011430279495917193,
    "Google Cooking": 0.00438197354619434,
    "Removing pages from Google's index": 0.004755649612860476,
    "Google Analytics": 0.0,
    "Analytics": 0.00323420258155469,