{
  "numNodes": 20,
  "numEdges": 11,
  "selfLinks": 0,
  "numStrongComponents": 20,
  "numWeakComponents": 9,
  "sizeLargestStrong": 1,
  "sizeLargestWeak": 3,
  "radius": 0,
  "diameter": 0,
  "averageInDegree": 0.55,
  "averageOutDegree": 0.55,
  "maxOutDegree": 2,
  "maxInDegree": 2,
  "pageRank": {
    "Windows 3.1": 0.09655107414151284,
    "Microsoft Corporation": 0.04999999999999999,
    "PowerPoint": 0.06551702471383761,
    "LOP": 0.03448297528616237,
    "Original equipment manufacturer": 0.04999999999999999,
    "Outlook Express": 0.06551702471383761,
    "Guide:Saem": 0.03448297528616237,
    "SMS": 0.06551702471383761,
    "United States v. Microsoft": 0.03448297528616237,
    "Midori (operating system)": 0.03448297528616237,
    "Notepad (Windows)": 0.03448297528616237,
    "Metro design language": 0.03448297528616237,
    "Sound Recorder": 0.03448297528616237,
    "Popfly": 0.03448297528616237,
    "Microsoft Popfly": 0.06551702471383761,
    "Microshaft Winblows 98": 0.03448297528616237,
    "Metro": 0.06551702471383761,
    "Microsoft Office 98 Macintosh Edition": 0.03448297528616237,
    "Microsoft Windows 98": 0.06551702471383761,
    "Policy": 0.06551702471383761
  },
  "hitsHubs": {
    "Windows 3.1": 0.0,
    "Microsoft Corporation": 0.0,
    "PowerPoint": 0.0,
    "LOP": 3.1044085753054484e-10,
    "Original equipment manufacturer": 0.0,
    "Outlook Express": 0.0,
    "Guide:Saem": 3.1044085753054484e-10,
    "SMS": 0.0,
    "United States v. Microsoft": 0.33333333260897136,
    "Midori (operating system)": 3.1044085753054484e-10,
    "Notepad (Windows)": 0.33333333260897136,
    "Metro design language": 3.1044085753054484e-10,
    "Sound Recorder": 0.33333333260897136,
    "Popfly": 3.1044085753054484e-10,
    "Microsoft Popfly": 0.0,
    "Microshaft Winblows 98": 3.1044085753054484e-10,
    "Metro": 0.0,
    "Microsoft Office 98 Macintosh Edition": 3.1044085753054484e-10,
    "Microsoft Windows 98": 0.0,
    "Policy": 0.0
  },
  "hitsAuths": {
    "Windows 3.1": 0.4999999983701855,
    "Microsoft Corporation": 0.24999999918509275,
    "PowerPoint": 4.656612857898562e-10,
    "LOP": 0.0,
    "Original equipment manufacturer": 0.24999999918509275,
    "Outlook Express": 4.656612857898562e-10,
    "Guide:Saem": 0.0,
    "SMS": 4.656612857898562e-10,
    "United States v. Microsoft": 0.0,
    "Midori (operating system)": 0.0,
    "Notepad (Windows)": 0.0,
    "Metro design language": 0.0,
    "Sound Recorder": 0.0,
    "Popfly": 0.0,
    "Microsoft Popfly": 4.656612857898562e-10,
    "Microshaft Winblows 98": 0.0,
    "Metro": 4.656612857898562e-10,
    "Microsoft Office 98 Macintosh Edition": 0.0,
    "Microsoft Windows 98": 4.656612857898562e-10,
    "Policy": 4.656612857898562e-10
  },
  "averagePathLength": 0
}