{
  "numNodes": 109,
  "numEdges": 370,
  "selfLinks": 0,
  "numStrongComponents": 77,
  "numWeakComponents": 7,
  "sizeLargestStrong": 33,
  "sizeLargestWeak": 97,
  "radius": 2,
  "diameter": 6,
  "averageInDegree": 3.3944954128440368,
  "averageOutDegree": 3.3944954128440368,
  "maxOutDegree": 33,
  "maxInDegree": 40,
  "pageRank": {
    "Microsoft": 0.12061783316699111,
    "Microsoft Windows": 0.07599892495212791,
    "MS-DOS": 0.055919801354391147,
    "Windows NT": 0.03347402593961541,
    "Windows CE": 0.01911910715541072,
    "Windows 1.0": 0.008802458074675069,
    "Windows 2.0": 0.006870725406435327,
    "Windows 3.0": 0.017036680309038158,
    "Windows 3.1x": 0.015859553595999724,
    "Windows 95": 0.028689580743982382,
    "Windows 98": 0.03858575306379336,
    "Windows Millennium Edition": 0.004793279346156941,
    "Windows NT 3.1": 0.006351584611481425,
    "Windows NT 3.5": 0.004731595737979337,
    "Windows NT 3.51": 0.005463676956826819,
    "Windows NT 4.0": 0.014204409129335559,
    "Windows 95/Version Numbers": 0.004560927201217134,
    "Windows 98 SE": 0.0029490566588065174,
    "Windows Versions": 0.004442554269238397,
    "Windows 2000": 0.02226746119480536,
    "Windows Server 2003": 0.01655878118989623,
    "Windows XP": 0.03480902514240756,
    "Windows XP Professional x64 Edition": 0.012366745950580637,
    "Windows XP 64-bit Edition": 0.010177068811257968,
    "Windows Mobile": 0.006798839790071675,
    "Windows XP Media Center Edition": 0.005737479566171265,
    "Registry": 0.007185683366480411,
    "Microsoft Windows Vista": 0.002338203807727135,
    "SageTV": 0.0031988066348533207,
    "Bill Gates": 0.05047698767571809,
    "Windows Sidebar": 0.0024551121666999826,
    "Windows 3.1": 0.009045211693593307,
    "Windows 98 Second Edition": 0.011679161248525766,
    "Windows": 0.038519730837720485,
    "Office": 0.002469725711571589,
    "Microsoft Corporation": 0.006431274553971896,
    "PowerPoint": 0.004442554269238397,
    "Excel": 0.002469725711571589,
    "Word": 0.002469725711571589,
    "Access": 0.002469725711571589,
    ".NET": 0.0032165737095538314,
    "XP": 0.002338203807727135,
    "Direct3D": 0.003201960164682225,
    "Start menu": 0.0024551121666999826,
    "Cairo (operating system)": 0.003552675990669017,
    "Windows registry": 0.005386310539543176,
    "Win": 0.002338203807727135,
    "Ms": 0.002338203807727135,
    "Msft": 0.002338203807727135,
    "MSFT": 0.002338203807727135,
    "MS": 0.002338203807727135,
    "LOP": 0.002338203807727135,
    "Operating system": 0.002678960504868763,
    "List of Microsoft Windows versions": 0.002338203807727135,
    "List of Microsoft Windows components": 0.005187718454124369,
    "Microsoft Windows CE": 0.002338203807727135,
    "Original equipment manufacturer": 0.00835878019183891,
    "Windows Server domain": 0.010984263911883911,
    "Blue Screen of Death": 0.007350402937864867,
    "Outlook Express": 0.004442554269238397,
    "Personal Files": 0.002338203807727135,
    "Windows CE 3.0": 0.006799714355505186,
    "Microsoft Virtual PC": 0.0024551121666999826,
    "GUI": 0.00944287521916993,
    "Virtual PC": 0.0024551121666999826,
    "Architecture of the Windows NT operating system line": 0.010288913619692282,
    "Development stage": 0.0024551121666999826,
    "Virtual Memory System": 0.005001852612083349,
    "CPU": 0.0037011994225205837,
    "Microsoft Developer Network": 0.0031988066348533207,
    "Apple Computer": 0.01101796311197016,
    "Microsoft Office Word": 0.0033689090279699495,
    "Remote Desktop": 0.0031988066348533207,
    "Guide:Saem": 0.002338203807727135,
    "SMS": 0.004442554269238397,
    "United States v. Microsoft": 0.005527041809688578,
    "Microsoft Venus": 0.002338203807727135,
    "Microsoft Response Point": 0.002338203807727135,
    "Midori (operating system)": 0.002338203807727135,
    "Windows for Workgroups": 0.004920196337138607,
    "Windows Write": 0.0034700163064137765,
    "Notepad (Windows)": 0.002338203807727135,
    "IIS": 0.0038444696704929902,
    "Metro design language": 0.002338203807727135,
    "Microsoft Product Activation": 0.002338203807727135,
    "Sound Recorder": 0.002338203807727135,
    "Popfly": 0.002338203807727135,
    "Microsoft Popfly": 0.004442554269238397,
    "Microshaft Winblows 98": 0.002338203807727135,
    "Metro": 0.004442554269238397,
    "Whistler": 0.002338203807727135,
    "Windows 4.00": 0.002338203807727135,
    "Windows Explorer": 0.014074678387333863,
    "Windows NT 5.0": 0.002338203807727135,
    "Microsoft Windows x99": 0.002338203807727135,
    "Version Numbers": 0.002469725711571589,
    "Windows Millenium Edition": 0.002338203807727135,
    "Microsoft Office 98 Macintosh Edition": 0.002338203807727135,
    "Microsoft Windows 98": 0.004442554269238397,
    "TheFallenOneGOTH/Windows XP's legendary legacy": 0.002338203807727135,
    "Microsoft Wallet": 0.002338203807727135,
    "Windows CE 2.0": 0.002338203807727135,
    "Policy": 0.004442554269238397,
    "Windows API": 0.01078691502739096,
    "History of Microsoft Windows": 0.012495211349588874,
    "Microsoft Wiki:Imported/Windows Wiki": 0.002338203807727135,
    "Microsoft Office Online": 0.002338203807727135,
    "Microsoft Japan": 0.002338203807727135,
    "Windows Cougar": 0.002338203807727135
  },
  "hitsHubs": {
    "Microsoft": 0.004075905217627953,
    "Microsoft Windows": 0.0519325988452843,
    "MS-DOS": 0.024372482720481523,
    "Windows NT": 0.04519989560549234,
    "Windows CE": 0.01212594718496555,
    "Windows 1.0": 0.01672193227242472,
    "Windows 2.0": 0.016418560672592838,
    "Windows 3.0": 0.017293402645134594,
    "Windows 3.1x": 0.029018974793575517,
    "Windows 95": 0.031172849607573543,
    "Windows 98": 0.016142866409937166,
    "Windows Millennium Edition": 0.028819776944955012,
    "Windows NT 3.1": 0.01701749987976106,
    "Windows NT 3.5": 0.011644539298262408,
    "Windows NT 3.51": 0.02416089838448146,
    "Windows NT 4.0": 0.032794791356609884,
    "Windows 95/Version Numbers": 0.00021435873259558245,
    "Windows 98 SE": 0.00021435873259558245,
    "Windows Versions": 0.04945592514745132,
    "Windows 2000": 0.030761196559854324,
    "Windows Server 2003": 0.023349517526112477,
    "Windows XP": 0.029206893703740265,
    "Windows XP Professional x64 Edition": 0.02653452518480744,
    "Windows XP 64-bit Edition": 0.020229129940937694,
    "Windows Mobile": 0.015668518068030435,
    "Windows XP Media Center Edition": 0.015326035765539116,
    "Registry": 0.030380002223359088,
    "Microsoft Windows Vista": 0.034728534009260854,
    "SageTV": 0.0,
    "Bill Gates": 0.005979676080047197,
    "Windows Sidebar": 0.0,
    "Windows 3.1": 0.0009241121094795616,
    "Windows 98 Second Edition": 0.003382330398078099,
    "Windows": 0.004572687578788784,
    "Office": 0.0,
    "Microsoft Corporation": 0.005979676080047197,
    "PowerPoint": 0.0,
    "Excel": 0.0,
    "Word": 0.0,
    "Access": 0.0,
    ".NET": 0.0,
    "XP": 0.004431133892963718,
    "Direct3D": 0.0,
    "Start menu": 0.0,
    "Cairo (operating system)": 0.0,
    "Windows registry": 1.8728508336874585e-30,
    "Win": 0.004572687578788784,
    "Ms": 0.005979676080047197,
    "Msft": 0.005979676080047197,
    "MSFT": 0.005979676080047197,
    "MS": 0.005979676080047197,
    "LOP": 1.8728508336874585e-30,
    "Operating system": 0.0,
    "List of Microsoft Windows versions": 1.8728508336874585e-30,
    "List of Microsoft Windows components": 0.0,
    "Microsoft Windows CE": 0.0016694294476149734,
    "Original equipment manufacturer": 0.0,
    "Windows Server domain": 0.0,
    "Blue Screen of Death": 0.0,
    "Outlook Express": 0.0,
    "Personal Files": 0.009003821471752502,
    "Windows CE 3.0": 0.0016694294476149734,
    "Microsoft Virtual PC": 0.0,
    "GUI": 0.0,
    "Virtual PC": 0.0,
    "Architecture of the Windows NT operating system line": 0.0,
    "Development stage": 0.0,
    "Virtual Memory System": 0.0,
    "CPU": 0.0,