{
  "numNodes": 104,
  "numEdges": 354,
  "selfLinks": 0,
  "numStrongComponents": 73,
  "numWeakComponents": 7,
  "sizeLargestStrong": 32,
  "sizeLargestWeak": 92,
  "radius": 2,
  "diameter": 6,
  "averageInDegree": 3.4038461538461537,
  "averageOutDegree": 3.4038461538461537,
  "maxOutDegree": 32,
  "maxInDegree": 39,
  "pageRank": {
    "Microsoft": 0.08764853866631843,
    "Microsoft Windows": 0.08532505596816692,
    "MS-DOS": 0.06230042412437723,
    "Windows NT": 0.03921309130777204,
    "Windows CE": 0.0212859310485756,
    "Windows 1.0": 0.009832459689654315,
    "Windows 2.0": 0.007670378926399139,
    "Windows 3.0": 0.01933299790205452,
    "Windows 3.1x": 0.01785961830544442,
    "Windows 95": 0.03403034953596991,
    "Windows 98": 0.04294749854569622,
    "Windows Millennium Edition": 0.005030344032090104,
    "Windows NT 3.1": 0.007368774267760457,
    "Windows NT 3.5": 0.0054527718335648,
    "Windows NT 3.51": 0.006459148034922222,
    "Windows NT 4.0": 0.0165237361573512,
    "Windows 95/Version Numbers": 0.004786488027004102,
    "Windows 98 SE": 0.0030948620484796464,
    "Windows Versions": 0.004662267013995551,
    "Windows 2000": 0.026291242969720435,
    "Windows Server 2003": 0.019951245718557806,
    "Windows XP": 0.04188982266729494,
    "Windows XP Professional x64 Edition": 0.01487621839807638,
    "Windows XP 64-bit Edition": 0.012088751105387898,
    "Windows Mobile": 0.007392747088784016,
    "Windows XP Media Center Edition": 0.006836915034044161,
    "Registry": 0.007884703178681118,
    "Microsoft Windows Vista": 0.002453804905428232,
    "Windows 3.1": 0.010209718402410795,
    "Windows 98 Second Edition": 0.012609731990029259,
    "Windows": 0.04189718260456752,
    "Office": 0.002591833787213689,
    "Microsoft Corporation": 0.007777901083146059,
    "PowerPoint": 0.004662267013995551,
    "Excel": 0.002591833787213689,
    "Word": 0.002591833787213689,
    "Access": 0.002591833787213689,
    ".NET": 0.003517973954510583,
    "XP": 0.002453804905428232,
    "Direct3D": 0.003527175879962947,
    "Start menu": 0.002601035712666053,
    "Cairo (operating system)": 0.0038601422072229003,
    "Windows registry": 0.006034005006478514,
    "Win": 0.002453804905428232,
    "Ms": 0.002453804905428232,
    "Msft": 0.002453804905428232,
    "MSFT": 0.002453804905428232,
    "MS": 0.002453804905428232,
    "LOP": 0.002453804905428232,
    "Operating system": 0.002846156324705687,
    "List of Microsoft Windows versions": 0.002453804905428232,
    "List of Microsoft Windows components": 0.005793054110472531,
    "Microsoft Windows CE": 0.002453804905428232,
    "Original equipment manufacturer": 0.010029025590854931,
    "Windows Server domain": 0.013292898313335876,
    "Blue Screen of Death": 0.008336437202237416,
    "Outlook Express": 0.004662267013995551,
    "Personal Files": 0.002453804905428232,
    "Windows CE 3.0": 0.007394261156068254,
    "Microsoft Virtual PC": 0.002601035712666053,
    "GUI": 0.010427161071138447,
    "Virtual PC": 0.002601035712666053,
    "Virtual Memory System": 0.005754293298853998,
    "CPU": 0.004047152487938935,
    "Microsoft Developer Network": 0.0036844646352355175,
    "Apple Computer": 0.0123422074701082,
    "Microsoft Office Word": 0.0036042611483536645,
    "Remote Desktop": 0.0036844646352355175,
    "Guide:Saem": 0.002453804905428232,
    "SMS": 0.004662267013995551,
    "United States v. Microsoft": 0.006616073017375522,
    "Microsoft Venus": 0.002453804905428232,
    "Microsoft Response Point": 0.002453804905428232,
    "Midori (operating system)": 0.002453804905428232,
    "Windows for Workgroups": 0.005516520055158512,
    "Windows Write": 0.003717936285408746,
    "Notepad (Windows)": 0.002453804905428232,
    "IIS": 0.004414507355676593,
    "Metro design language": 0.002453804905428232,
    "Microsoft Product Activation": 0.002453804905428232,
    "Sound Recorder": 0.002453804905428232,
    "Popfly": 0.002453804905428232,
    "Microsoft Popfly": 0.004662267013995551,
    "Microshaft Winblows 98": 0.002453804905428232,
    "Metro": 0.004662267013995551,
    "Whistler": 0.002453804905428232,
    "Windows 4.00": 0.002453804905428232,
    "Windows Explorer": 0.017901648278691392,
    "Windows NT 5.0": 0.002453804905428232,
    "Microsoft Windows x99": 0.002453804905428232,
    "Version Numbers": 0.002591833787213689,
    "Windows Millenium Edition": 0.002453804905428232,
    "Microsoft Office 98 Macintosh Edition": 0.002453804905428232,
    "Microsoft Windows 98": 0.004662267013995551,
    "TheFallenOneGOTH/Windows XP's legendary legacy": 0.002453804905428232,
    "Microsoft Wallet": 0.002453804905428232,
    "Windows CE 2.0": 0.002453804905428232,
    "Policy": 0.004662267013995551,
    "Windows API": 0.01234991939332187,
    "History of Microsoft Windows": 0.01394983348876093,
    "Microsoft Wiki:Imported/Windows Wiki": 0.002453804905428232,
    "Microsoft Office Online": 0.002453804905428232,
    "Microsoft Japan": 0.002453804905428232,
    "Windows Cougar": 0.002453804905428232
  },
  "hitsHubs": {
    "Microsoft": 0.0026404230668177586,
    "Microsoft Windows": 0.05200676796574173,
    "MS-DOS": 0.024989512720151458,
    "Windows NT": 0.04349818975705831,
    "Windows CE": 0.012411055481551431,
    "Windows 1.0": 0.017101624195324808,
    "Windows 2.0": 0.01679016622911272,
    "Windows 3.0": 0.01766034522866485,
    "Windows 3.1x": 0.029739667011280887,
    "Windows 95": 0.03196969263066987,
    "Windows 98": 0.014970306030380132,
    "Windows Millennium Edition": 0.029551723594180124,
    "Windows NT 3.1": 0.017430774936067855,
    "Windows NT 3.5": 0.01190391459564318,
    "Windows NT 3.51": 0.02473351037991686,
    "Windows NT 4.0": 0.03200731515427588,
    "Windows 95/Version Numbers": 0.00022400942430696739,
    "Windows 98 SE": 0.00022400942430696739,
    "Windows Versions": 0.05067580920979141,
    "Windows 2000": 0.03152655340576286,
    "Windows Server 2003": 0.023876517033411263,
    "Windows XP": 0.028739117975801858,
    "Windows XP Professional x64 Edition": 0.027164853687550252,
    "Windows XP 64-bit Edition": 0.020661568238416222,
    "Windows Mobile": 0.015994404825340678,
    "Windows XP Media Center Edition": 0.01559158100439715,
    "Registry": 0.031155150662230343,
    "Microsoft Windows Vista": 0.033433562827156746,
    "Windows 3.1": 0.0009443565070103003,
    "Windows 98 Second Edition": 0.003485442243398652,
    "Windows": 0.004689579398617776,
    "Office": 0.0,
    "Microsoft Corporation": 0.006091575875285166,
    "PowerPoint": 0.0,
    "Excel": 0.0,
    "Word": 0.0,
    "Access": 0.0,
    ".NET": 0.0,
    "XP": 0.0045413351131953035,
    "Direct3D": 0.0,
    "Start menu": 0.0,
    "Cairo (operating system)": 0.0,
    "Windows registry": 2.4066517356894065e-30,
    "Win": 0.004689579398617776,
    "Ms": 0.006091575875285166,
    "Msft": 0.006091575875285166,
    "MSFT": 0.006091575875285166,
    "MS": 0.006091575875285166,
    "LOP": 2.4066517356894065e-30,
    "Operating system": 0.0,
    "List of Microsoft Windows versions": 2.4066517356894065e-30,
    "List of Microsoft Windows components": 0.0,
    "Microsoft Windows CE": 0.001691493768742916,
    "Original equipment manufacturer": 0.0,
    "Windows Server domain": 0.0,
    "Blue Screen of Death": 0.0,
    "Outlook Express": 0.0,
    "Personal Files": 0.009230914511813078,
    "Windows CE 3.0": 0.001691493768742916,
    "Microsoft Virtual PC": 0.0,
    "GUI": 0.0,
    "Virtual PC": 0.0,
    "Virtual Memory System": 0.0,
    "CPU": 0.0,
    "Microsoft Developer Network": 0.0,
    "Apple Computer": 0.0,
    "Microsoft Office Word": 0.0,
    "Remote Desktop": 0.0,
    "Guide:Saem": 2.4066517356894065e-30,
    "SMS": 0.0,
    "United States v. Microsoft": 0.006107839827420275,
    "Microsoft Venus": 0.011484411363952878,
    "Microsoft Response Point": 0.006091575875285166,
    "Midori (operating system)": 2.4066517356894065e-30,
    "Windows for Workgroups": 0.0,
    "Windows Write": 0.0,