{
  "numNodes": 34,
  "numEdges": 26,
  "selfLinks": 0,
  "numStrongComponents": 34,
  "numWeakComponents": 9,
  "sizeLargestStrong": 1,
  "sizeLargestWeak": 17,
  "radius": 0,
  "diameter": 0,
  "averageInDegree": 0.7647058823529411,
  "averageOutDegree": 0.7647058823529411,
  "maxOutDegree": 3,
  "maxInDegree": 12,
  "pageRank": {
    "Microsoft": 0.1795037941113189,
    "Windows 3.1": 0.04331005311881081,
    "Windows": 0.18166670208090924,
    "Office": 0.020108432125202913,
    "Microsoft Corporation": 0.0224285942245637,
    "PowerPoint": 0.02938908052264607,
    "Ms": 0.015468107926481331,
    "Msft": 0.015468107926481331,
    "MSFT": 0.015468107926481331,
    "MS": 0.015468107926481331,
    "LOP": 0.015468107926481331,
    "Original equipment manufacturer": 0.0224285942245637,
    "Outlook Express": 0.02938908052264607,
    "Guide:Saem": 0.015468107926481331,
    "SMS": 0.02938908052264607,
    "United States v. Microsoft": 0.015468107926481331,
    "Microsoft Venus": 0.015468107926481331,
    "Microsoft Response Point": 0.015468107926481331,
    "Midori (operating system)": 0.015468107926481331,
    "Notepad (Windows)": 0.015468107926481331,
    "Metro design language": 0.015468107926481331,
    "Sound Recorder": 0.015468107926481331,
    "Popfly": 0.015468107926481331,
    "Microsoft Popfly": 0.02938908052264607,
    "Microshaft Winblows 98": 0.015468107926481331,
    "Metro": 0.02938908052264607,
    "Microsoft Office 98 Macintosh Edition": 0.015468107926481331,
    "Microsoft Windows 98": 0.02938908052264607,
    "TheFallenOneGOTH/Windows XP's legendary legacy": 0.015468107926481331,
    "Microsoft Wallet": 0.015468107926481331,
    "Policy": 0.02938908052264607,
    "Microsoft Wiki:Imported/Windows Wiki": 0.015468107926481331,
    "Microsoft Office Online": 0.015468107926481331,
    "Microsoft Japan": 0.015468107926481331
  },
  "hitsHubs": {
    "Microsoft": 0.008742849847479119,
    "Windows 3.1": 0.0,
    "Windows": 0.0,
    "Office": 0.0,
    "Microsoft Corporation": 0.08120730798096641,
    "PowerPoint": 0.0,
    "Ms": 0.08120730798096641,
    "Msft": 0.08120730798096641,
    "MSFT": 0.08120730798096641,
    "MS": 0.08120730798096641,
    "LOP": 6.15565979855051e-16,
    "Original equipment manufacturer": 0.0,
    "Outlook Express": 0.0,
    "Guide:Saem": 6.15565979855051e-16,
    "SMS": 0.0,
    "United States v. Microsoft": 5.042716506972578e-12,
    "Microsoft Venus": 0.08120730798096641,
    "Microsoft Response Point": 0.08120730798096641,
    "Midori (operating system)": 6.15565979855051e-16,
    "Notepad (Windows)": 5.042716506972578e-12,
    "Metro design language": 6.15565979855051e-16,
    "Sound Recorder": 5.042716506972578e-12,
    "Popfly": 6.15565979855051e-16,
    "Microsoft Popfly": 0.0,
    "Microshaft Winblows 98": 6.15565979855051e-16,
    "Metro": 0.0,
    "Microsoft Office 98 Macintosh Edition": 6.15565979855051e-16,
    "Microsoft Windows 98": 0.0,
    "TheFallenOneGOTH/Windows XP's legendary legacy": 0.08120730798096641,
    "Microsoft Wallet": 0.08120730798096641,
    "Policy": 0.0,
    "Microsoft Wiki:Imported/Windows Wiki": 0.09797676234675805,
    "Microsoft Office Online": 0.08120730798096641,
    "Microsoft Japan": 0.08120730798096641
  },
  "hitsAuths": {
    "Microsoft": 0.828842533959183,
    "Windows 3.1": 5.146849503565101e-11,
    "Windows": 0.0892339125846616,
    "Office": 0.08192355335317456,
    "Microsoft Corporation": 2.5734247517825504e-11,
    "PowerPoint": 6.282775272906617e-15,
    "Ms": 0.0,
    "Msft": 0.0,
    "MSFT": 0.0,
    "MS": 0.0,
    "LOP": 0.0,
    "Original equipment manufacturer": 2.5734247517825504e-11,
    "Outlook Express": 6.282775272906617e-15,
    "Guide:Saem": 0.0,
    "SMS": 6.282775272906617e-15,
    "United States v. Microsoft": 0.0,
    "Microsoft Venus": 0.0,
    "Microsoft Response Point": 0.0,
    "Midori (operating system)": 0.0,
    "Notepad (Windows)": 0.0,
    "Metro design language": 0.0,
    "Sound Recorder": 0.0,
    "Popfly": 0.0,
    "Microsoft Popfly": 6.282775272906617e-15,
    "Microshaft Winblows 98": 0.0,
    "Metro": 6.282775272906617e-15,
    "Microsoft Office 98 Macintosh Edition": 0.0,
    "Microsoft Windows 98": 6.282775272906617e-15,
    "TheFallenOneGOTH/Windows XP's legendary legacy": 0.0,
    "Microsoft Wallet": 0.0,
    "Policy": 6.282775272906617e-15,
    "Microsoft Wiki:Imported/Windows Wiki": 0.0,
    "Microsoft Office Online": 0.0,
    "Microsoft Japan": 0.0
  },
  "averagePathLength": 0
}