{
  "numNodes": 106,
  "numEdges": 359,
  "selfLinks": 0,
  "numStrongComponents": 75,
  "numWeakComponents": 7,
  "sizeLargestStrong": 32,
  "sizeLargestWeak": 94,
  "radius": 2,
  "diameter": 6,
  "averageInDegree": 3.3867924528301887,
  "averageOutDegree": 3.3867924528301887,
  "maxOutDegree": 32,
  "maxInDegree": 39,
  "pageRank": {
    "Microsoft": 0.08580737839213742,
    "Microsoft Windows": 0.08351565112937756,
    "MS-DOS": 0.0606922149868596,
    "Windows NT": 0.037553735111354306,
    "Windows CE": 0.021187628900902766,
    "Windows 1.0": 0.009613665925164579,
    "Windows 2.0": 0.007504853697977832,
    "Windows 3.0": 0.01874498504979463,
    "Windows 3.1x": 0.01759012292459807,
    "Windows 95": 0.03350850704952298,
    "Windows 98": 0.04257237509173014,
    "Windows Millennium Edition": 0.005180550543985809,
    "Windows NT 3.1": 0.007112913684533513,
    "Windows NT 3.5": 0.0053165643987763,
    "Windows NT 3.51": 0.0062783742156780654,
    "Windows NT 4.0": 0.01589520388818812,
    "Windows 95/Version Numbers": 0.004929431068061431,
    "Windows 98 SE": 0.0031873497109708437,
    "Windows Versions": 0.004801492314287226,
    "Windows 2000": 0.025377104032853294,
    "Windows Server 2003": 0.01884592491535141,
    "Windows XP": 0.04080496035126154,
    "Windows XP Professional x64 Edition": 0.013924931866263845,
    "Windows XP 64-bit Edition": 0.011397713306322896,
    "Windows Mobile": 0.007457153097370022,
    "Windows XP Media Center Edition": 0.0064760859203871896,
    "Registry": 0.007882002079712307,
    "Microsoft Windows Vista": 0.002527142936095728,
    "SageTV": 0.003498453745188146,
    "Windows 3.1": 0.010154686543087956,
    "Windows 98 Second Edition": 0.012847723825106763,
    "Windows": 0.04113804433735406,
    "Office": 0.0026692897722326967,
    "Microsoft Corporation": 0.007532746872420843,
    "PowerPoint": 0.004801492314287226,
    "Excel": 0.0026692897722326967,
    "Word": 0.0026692897722326967,
    "Access": 0.0026692897722326967,
    ".NET": 0.00349844546521043,
    "XP": 0.002527142936095728,
    "Direct3D": 0.003507921920952894,
    "Start menu": 0.002678766227975161,
    "Cairo (operating system)": 0.00391692440200157,
    "Windows registry": 0.0059506742713776725,
    "Win": 0.002527142936095728,
    "Ms": 0.002527142936095728,
    "Msft": 0.002527142936095728,
    "MSFT": 0.002527142936095728,
    "MS": 0.002527142936095728,
    "LOP": 0.002527142936095728,
    "Operating system": 0.002910028287710261,
    "List of Microsoft Windows versions": 0.002527142936095728,
    "List of Microsoft Windows components": 0.005658349554094935,
    "Microsoft Windows CE": 0.002527142936095728,
    "Original equipment manufacturer": 0.009769112217347315,
    "Windows Server domain": 0.012526739788345531,
    "Blue Screen of Death": 0.008117550609275534,
    "Outlook Express": 0.004801492314287226,
    "Personal Files": 0.002527142936095728,
    "Windows CE 3.0": 0.007461175192800904,
    "Microsoft Virtual PC": 0.002678766227975161,
    "GUI": 0.01037191901089458,
    "Virtual PC": 0.002678766227975161,
    "Architecture of the Windows NT operating system line": 0.011604826168403762,
    "Virtual Memory System": 0.005603193170603627,
    "CPU": 0.0040694363592121965,
    "Microsoft Developer Network": 0.003498453745188146,
    "Apple Computer": 0.012083287863647686,
    "Microsoft Office Word": 0.00365309759024433,
    "Remote Desktop": 0.003498453745188146,
    "Guide:Saem": 0.002527142936095728,
    "SMS": 0.004801492314287226,
    "United States v. Microsoft": 0.006248645423619885,
    "Microsoft Venus": 0.002527142936095728,
    "Microsoft Response Point": 0.002527142936095728,
    "Midori (operating system)": 0.002527142936095728,
    "Windows for Workgroups": 0.005542761947805267,
    "Windows Write": 0.0037633212315967886,
    "Notepad (Windows)": 0.002527142936095728,
    "IIS": 0.004305846721517196,
    "Metro design language": 0.002527142936095728,
    "Microsoft Product Activation": 0.002527142936095728,
    "Sound Recorder": 0.002527142936095728,
    "Popfly": 0.002527142936095728,
    "Microsoft Popfly": 0.004801492314287226,
    "Microshaft Winblows 98": 0.002527142936095728,
    "Metro": 0.004801492314287226,
    "Whistler": 0.002527142936095728,
    "Windows 4.00": 0.002527142936095728,
    "Windows Explorer": 0.01760528025617152,
    "Windows NT 5.0": 0.002527142936095728,
    "Microsoft Windows x99": 0.002527142936095728,
    "Version Numbers": 0.0026692897722326967,
    "Windows Millenium Edition": 0.002527142936095728,
    "Microsoft Office 98 Macintosh Edition": 0.002527142936095728,
    "Microsoft Windows 98": 0.004801492314287226,
    "TheFallenOneGOTH/Windows XP's legendary legacy": 0.002527142936095728,
    "Microsoft Wallet": 0.002527142936095728,
    "Windows CE 2.0": 0.002527142936095728,
    "Policy": 0.004801492314287226,
    "Windows API": 0.011973779505180497,
    "History of Microsoft Windows": 0.013614193002673686,
    "Microsoft Wiki:Imported/Windows Wiki": 0.002527142936095728,
    "Microsoft Office Online": 0.002527142936095728,
    "Microsoft Japan": 0.002527142936095728,
    "Windows Cougar": 0.002527142936095728
  },
  "hitsHubs": {
    "Microsoft": 0.002628822433139505,
    "Microsoft Windows": 0.05295055808554351,
    "MS-DOS": 0.024869244228498556,
    "Windows NT": 0.044482209376441595,
    "Windows CE": 0.012334412212555358,
    "Windows 1.0": 0.01700859554764835,
    "Windows 2.0": 0.01670836317976462,
    "Windows 3.0": 0.017561442371332912,
    "Windows 3.1x": 0.029601887121769605,
    "Windows 95": 0.03179986456270563,
    "Windows 98": 0.014892142969268876,
    "Windows Millennium Edition": 0.029408363002782857,
    "Windows NT 3.1": 0.017344428298418684,
    "Windows NT 3.5": 0.011850531171561976,
    "Windows NT 3.51": 0.024599943061507895,
    "Windows NT 4.0": 0.03185341972297971,
    "Windows 95/Version Numbers": 0.0002214659794715397,
    "Windows 98 SE": 0.0002214659794715397,
    "Windows Versions": 0.050466451593849604,
    "Windows 2000": 0.031389122906530204,
    "Windows Server 2003": 0.023762131431724353,
    "Windows XP": 0.029754448164934943,
    "Windows XP Professional x64 Edition": 0.02703873913719281,
    "Windows XP 64-bit Edition": 0.020590078644860375,
    "Windows Mobile": 0.01592168597306959,
    "Windows XP Media Center Edition": 0.015615939058048185,
    "Registry": 0.03099353469490811,
    "Microsoft Windows Vista": 0.03326423230876739,
    "SageTV": 0.0,
    "Windows 3.1": 0.0009427969479086169,
    "Windows 98 Second Edition": 0.003472952869079242,
    "Windows": 0.004662859413779591,
    "Office": 0.0,
    "Microsoft Corporation": 0.006059056928246061,
    "PowerPoint": 0.0,
    "Excel": 0.0,
    "Word": 0.0,
    "Access": 0.0,
    ".NET": 0.0,
    "XP": 0.0045178640678479685,
    "Direct3D": 0.0,
    "Start menu": 0.0,
    "Cairo (operating system)": 0.0,
    "Windows registry": 2.2337748018171114e-30,
    "Win": 0.004662859413779591,
    "Ms": 0.006059056928246061,
    "Msft": 0.006059056928246061,
    "MSFT": 0.006059056928246061,
    "MS": 0.006059056928246061,
    "LOP": 2.2337748018171114e-30,
    "Operating system": 0.0,
    "List of Microsoft Windows versions": 2.2337748018171114e-30,
    "List of Microsoft Windows components": 0.0,
    "Microsoft Windows CE": 0.0016906192234392768,
    "Original equipment manufacturer": 0.0,
    "Windows Server domain": 0.0,
    "Blue Screen of Death": 0.0,
    "Outlook Express": 0.0,
    "Personal Files": 0.009180723481627559,
    "Windows CE 3.0": 0.0016906192234392768,
    "Microsoft Virtual PC": 0.0,
    "GUI": 0.0,
    "Virtual PC": 0.0,
    "Architecture of the Windows NT operating system line": 0.0,
    "Virtual Memory System": 0.0,
    "CPU": 0.0,
    "Microsoft Developer Network": 0.0,
    "Apple Computer": 0.0,
    "Microsoft Office Word": 0.0,
    "Remote Desktop": 0.0,
    "Guide:Saem": 2.2337748018171114e-30,
    "SMS": 0.0,
    "United States v. Microsoft": 0.0060743227101076845,