{
  "numNodes": 105,
  "numEdges": 355,
  "selfLinks": 0,
  "numStrongComponents": 74,
  "numWeakComponents": 7,
  "sizeLargestStrong": 32,
  "sizeLargestWeak": 93,
  "radius": 2,
  "diameter": 6,
  "averageInDegree": 3.380952380952381,
  "averageOutDegree": 3.380952380952381,
  "maxOutDegree": 32,
  "maxInDegree": 39,
  "pageRank": {
    "Microsoft": 0.08722539841577609,
    "Microsoft Windows": 0.08501452980538032,
    "MS-DOS": 0.06203586308166141,
    "Windows NT": 0.038869401967505435,
    "Windows CE": 0.021250107007502492,
    "Windows 1.0": 0.009814865796142463,
    "Windows 2.0": 0.0076553471223402645,
    "Windows 3.0": 0.019261252225876293,
    "Windows 3.1x": 0.017821114613316265,
    "Windows 95": 0.03394815112464861,
    "Windows 98": 0.04285799287278106,
    "Windows Millennium Edition": 0.005031591720627215,
    "Windows NT 3.1": 0.007341948267550763,
    "Windows NT 3.5": 0.005432553855047464,
    "Windows NT 3.51": 0.006435526542984322,
    "Windows NT 4.0": 0.016466066762455614,
    "Windows 95/Version Numbers": 0.00478767544087445,
    "Windows 98 SE": 0.0030956306683209895,
    "Windows Versions": 0.00466342355141517,
    "Windows 2000": 0.02620497951772029,
    "Windows Server 2003": 0.019864599651601783,
    "Windows XP": 0.04158097697662277,
    "Windows XP Professional x64 Edition": 0.014808170469271924,
    "Windows XP 64-bit Edition": 0.012039439230320952,
    "Windows Mobile": 0.007386113707949417,
    "Windows XP Media Center Edition": 0.006808506974895197,
    "Registry": 0.007876998517497555,
    "Microsoft Windows Vista": 0.0024544145361428994,
    "SageTV": 0.0034757017963920186,
    "Windows 3.1": 0.010191440171134379,
    "Windows 98 Second Edition": 0.012604703810382771,
    "Windows": 0.04170736464354215,
    "Office": 0.0025924775995974166,
    "Microsoft Corporation": 0.007757814701385318,
    "PowerPoint": 0.00466342355141517,
    "Excel": 0.0025924775995974166,
    "Word": 0.0025924775995974166,
    "Access": 0.0025924775995974166,
    ".NET": 0.0035157129814063874,
    "XP": 0.0024544145361428994,
    "Direct3D": 0.0035249171856366886,
    "Start menu": 0.0026016818038277177,
    "Cairo (operating system)": 0.0038572001110098544,
    "Windows registry": 0.00602477674552257,
    "Win": 0.0024544145361428994,
    "Ms": 0.0024544145361428994,
    "Msft": 0.0024544145361428994,
    "MSFT": 0.0024544145361428994,
    "MS": 0.0024544145361428994,
    "LOP": 0.0024544145361428994,
    "Operating system": 0.0028454857884300548,
    "List of Microsoft Windows versions": 0.0024544145361428994,
    "List of Microsoft Windows components": 0.005781509257794401,
    "Microsoft Windows CE": 0.0024544145361428994,
    "Original equipment manufacturer": 0.00999948439325599,
    "Windows Server domain": 0.013229052008614994,
    "Blue Screen of Death": 0.008316554268928685,
    "Outlook Express": 0.00466342355141517,
    "Personal Files": 0.0024544145361428994,
    "Windows CE 3.0": 0.0073874401285849035,
    "Microsoft Virtual PC": 0.0026016818038277177,
    "GUI": 0.010408572069676601,
    "Virtual PC": 0.0026016818038277177,
    "Virtual Memory System": 0.005732987684962529,
    "CPU": 0.004041948870940481,
    "Microsoft Developer Network": 0.0034757017963920186,
    "Apple Computer": 0.01231468111739243,
    "Microsoft Office Word": 0.0036026176841636114,
    "Remote Desktop": 0.0034757017963920186,
    "Guide:Saem": 0.0024544145361428994,
    "SMS": 0.00466342355141517,
    "United States v. Microsoft": 0.006587610172441474,
    "Microsoft Venus": 0.0024544145361428994,
    "Microsoft Response Point": 0.0024544145361428994,
    "Midori (operating system)": 0.0024544145361428994,
    "Windows for Workgroups": 0.005509732490624596,
    "Windows Write": 0.0037162843459478843,
    "Notepad (Windows)": 0.0024544145361428994,
    "IIS": 0.00439793235031905,
    "Metro design language": 0.0024544145361428994,
    "Microsoft Product Activation": 0.0024544145361428994,
    "Sound Recorder": 0.0024544145361428994,
    "Popfly": 0.0024544145361428994,
    "Microsoft Popfly": 0.00466342355141517,
    "Microshaft Winblows 98": 0.0024544145361428994,
    "Metro": 0.00466342355141517,
    "Whistler": 0.0024544145361428994,
    "Windows 4.00": 0.0024544145361428994,
    "Windows Explorer": 0.017861873478648024,
    "Windows NT 5.0": 0.0024544145361428994,
    "Microsoft Windows x99": 0.0024544145361428994,
    "Version Numbers": 0.0025924775995974166,
    "Windows Millenium Edition": 0.0024544145361428994,
    "Microsoft Office 98 Macintosh Edition": 0.0024544145361428994,
    "Microsoft Windows 98": 0.00466342355141517,
    "TheFallenOneGOTH/Windows XP's legendary legacy": 0.0024544145361428994,
    "Microsoft Wallet": 0.0024544145361428994,
    "Windows CE 2.0": 0.0024544145361428994,
    "Policy": 0.00466342355141517,
    "Windows API": 0.012311163342444508,
    "History of Microsoft Windows": 0.0139043164213122,
    "Microsoft Wiki:Imported/Windows Wiki": 0.0024544145361428994,
    "Microsoft Office Online": 0.0024544145361428994,
    "Microsoft Japan": 0.0024544145361428994,
    "Windows Cougar": 0.0024544145361428994
  },
  "hitsHubs": {
    "Microsoft": 0.002639954783164012,
    "Microsoft Windows": 0.05199975657642819,
    "MS-DOS": 0.02498669786615628,
    "Windows NT": 0.04349192064524849,
    "Windows CE": 0.0124096826890927,
    "Windows 1.0": 0.01709937651419203,
    "Windows 2.0": 0.016787988351278312,
    "Windows 3.0": 0.017657998601488988,
    "Windows 3.1x": 0.02973598906032466,
    "Windows 95": 0.03196648483832375,
    "Windows 98": 0.014969314950489528,
    "Windows Millennium Edition": 0.02954895985159586,
    "Windows NT 3.1": 0.017429281180273076,
    "Windows NT 3.5": 0.011903450576482308,
    "Windows NT 3.51": 0.024730743892479548,
    "Windows NT 4.0": 0.03200409227092987,
    "Windows 95/Version Numbers": 0.0002239738721235518,
    "Windows 98 SE": 0.0002239738721235518,
    "Windows Versions": 0.050669076387172114,
    "Windows 2000": 0.03152338349054459,
    "Windows Server 2003": 0.023874718892777726,
    "Windows XP": 0.02873559101675902,
    "Windows XP Professional x64 Edition": 0.02716248240499681,
    "Windows XP 64-bit Edition": 0.020659512078253763,
    "Windows Mobile": 0.015992338727831203,
    "Windows XP Media Center Edition": 0.015701319012575897,
    "Registry": 0.031152080808045154,
    "Microsoft Windows Vista": 0.0334300858572605,
    "SageTV": 0.0,
    "Windows 3.1": 0.0009441695759051248,
    "Windows 98 Second Edition": 0.0034848128122622907,
    "Windows": 0.0046887466890601,
    "Office": 0.0,
    "Microsoft Corporation": 0.0060913384485162,
    "PowerPoint": 0.0,
    "Excel": 0.0,
    "Word": 0.0,
    "Access": 0.0,
    ".NET": 0.0,
    "XP": 0.004541342999842827,
    "Direct3D": 0.0,
    "Start menu": 0.0,
    "Cairo (operating system)": 0.0,
    "Windows registry": 2.4045672396993107e-30,
    "Win": 0.0046887466890601,
    "Ms": 0.0060913384485162,
    "Msft": 0.0060913384485162,
    "MSFT": 0.0060913384485162,
    "MS": 0.0060913384485162,
    "LOP": 2.4045672396993107e-30,
    "Operating system": 0.0,
    "List of Microsoft Windows versions": 2.4045672396993107e-30,
    "List of Microsoft Windows components": 0.0,
    "Microsoft Windows CE": 0.0016911618608242078,
    "Original equipment manufacturer": 0.0,
    "Windows Server domain": 0.0,
    "Blue Screen of Death": 0.0,
    "Outlook Express": 0.0,
    "Personal Files": 0.009230089688902926,
    "Windows CE 3.0": 0.0016911618608242078,
    "Microsoft Virtual PC": 0.0,
    "GUI": 0.0,
    "Virtual PC": 0.0,
    "Virtual Memory System": 0.0,
    "CPU": 0.0,
    "Microsoft Developer Network": 0.0,
    "Apple Computer": 0.0,
    "Microsoft Office Word": 0.0,
    "Remote Desktop": 0.0,
    "Guide:Saem": 2.4045672396993107e-30,
    "SMS": 0.0,
    "United States v. Microsoft": 0.006106742583554791,
    "Microsoft Venus": 0.011483184783831427,
    "Microsoft Response Point": 0.0060913384485162,