{
  "numNodes": 110,
  "numEdges": 378,
  "selfLinks": 0,
  "numStrongComponents": 77,
  "numWeakComponents": 7,
  "sizeLargestStrong": 34,
  "sizeLargestWeak": 98,
  "radius": 2,
  "diameter": 6,
  "averageInDegree": 3.4363636363636365,
  "averageOutDegree": 3.4363636363636365,
  "maxOutDegree": 33,
  "maxInDegree": 40,
  "pageRank": {
    "Microsoft": 0.1184035143590617,
    "Microsoft Windows": 0.07480438145105607,
    "MS-DOS": 0.054870752275073854,
    "Windows NT": 0.032841549430482106,
    "Windows CE": 0.018711865321645753,
    "Windows 1.0": 0.008510819583766187,
    "Windows 2.0": 0.006729740690270953,
    "Windows 3.0": 0.0215258434797374,
    "Windows 3.1x": 0.020251581733055336,
    "Windows 95": 0.02832397954579952,
    "Windows 98": 0.037902787327663334,
    "Windows Millennium Edition": 0.0046946931955495945,
    "Windows NT 3.1": 0.006243927749833125,
    "Windows NT 3.5": 0.00463659300584519,
    "Windows NT 3.51": 0.0053419419011334944,
    "Windows NT 4.0": 0.013772114495520824,
    "Windows 95/Version Numbers": 0.004460299849685639,
    "Windows 98 SE": 0.002880823458727337,
    "Windows Versions": 0.004351181606360079,
    "Windows 2000": 0.02196968451193558,
    "Windows Server 2003": 0.01606485075981118,
    "Windows XP": 0.03389451828632292,
    "Windows XP Professional x64 Edition": 0.012132376187850378,
    "Windows XP 64-bit Edition": 0.009968620435704878,
    "Windows Mobile": 0.006557918403415506,
    "Windows XP Media Center Edition": 0.005603958805796617,
    "Registry": 0.006932006733860391,
    "Microsoft Windows Vista": 0.002290112071222988,
    "SageTV": 0.003130687012053061,
    "Bill Gates": 0.04952573596296689,
    "Windows Sidebar": 0.00240461593428616,
    "Windows 3.x": 0.010064531067047059,
    "Windows 3.1": 0.008746371379981605,
    "Windows 98 Second Edition": 0.011446190222252664,
    "Windows": 0.03780734695549961,
    "Office": 0.002411351455642817,
    "Microsoft Corporation": 0.006309319958442885,
    "PowerPoint": 0.004351181606360079,
    "Excel": 0.002411351455642817,
    "Word": 0.002411351455642817,
    "Access": 0.002411351455642817,
    ".NET": 0.0031618727045593783,
    "XP": 0.002290112071222988,
    "Direct3D": 0.0031551371832027214,
    "Start menu": 0.00240461593428616,
    "Cairo (operating system)": 0.003479401056867798,
    "Windows registry": 0.005157871305021771,
    "Win": 0.002290112071222988,
    "Ms": 0.002290112071222988,
    "Msft": 0.002290112071222988,
    "MSFT": 0.002290112071222988,
    "MS": 0.002290112071222988,
    "LOP": 0.002290112071222988,
    "Operating system": 0.0026245919225148353,
    "List of Microsoft Windows versions": 0.002290112071222988,
    "List of Microsoft Windows components": 0.005094831819708913,
    "Microsoft Windows CE": 0.002290112071222988,
    "Original equipment manufacturer": 0.008440703565461703,
    "Windows Server domain": 0.010588944881910806,
    "Blue Screen of Death": 0.007077077652798462,
    "Outlook Express": 0.004351181606360079,
    "Personal Files": 0.002290112071222988,
    "Windows CE 3.0": 0.006642181073752004,
    "Microsoft Virtual PC": 0.00240461593428616,
    "GUI": 0.009508975609434813,
    "Virtual PC": 0.00240461593428616,
    "Architecture of the Windows NT operating system line": 0.010096415763947821,
    "Development stage": 0.00240461593428616,
    "Virtual Memory System": 0.004905182061558396,
    "CPU": 0.0036270927567082388,
    "Microsoft Developer Network": 0.003130687012053061,
    "Apple Computer": 0.010908665406903625,
    "Microsoft Office Word": 0.003155446784973197,
    "Remote Desktop": 0.003130687012053061,
    "Guide:Saem": 0.002290112071222988,
    "SMS": 0.004351181606360079,
    "United States v. Microsoft": 0.0053978493493928486,
    "Microsoft Venus": 0.002290112071222988,
    "Microsoft Response Point": 0.002290112071222988,
    "Midori (operating system)": 0.002290112071222988,
    "Windows for Workgroups": 0.004839200315383685,
    "Windows Write": 0.003384431634089412,
    "Notepad (Windows)": 0.002290112071222988,
    "IIS": 0.0037679173396673203,
    "Metro design language": 0.002290112071222988,
    "Microsoft Product Activation": 0.002290112071222988,
    "Sound Recorder": 0.002290112071222988,
    "Popfly": 0.002290112071222988,
    "Microsoft Popfly": 0.004351181606360079,
    "Microshaft Winblows 98": 0.002290112071222988,
    "Metro": 0.004351181606360079,
    "Whistler": 0.002290112071222988,
    "Windows 4.00": 0.002290112071222988,
    "Windows Explorer": 0.01380537599980779,
    "Windows NT 5.0": 0.002290112071222988,
    "Microsoft Windows x99": 0.002290112071222988,
    "Version Numbers": 0.002411351455642817,
    "Windows Millenium Edition": 0.002290112071222988,
    "Microsoft Office 98 Macintosh Edition": 0.002290112071222988,
    "Microsoft Windows 98": 0.004351181606360079,
    "TheFallenOneGOTH/Windows XP's legendary legacy": 0.002290112071222988,
    "Microsoft Wallet": 0.002290112071222988,
    "Windows CE 2.0": 0.002290112071222988,
    "Policy": 0.004351181606360079,
    "Windows API": 0.010839996878186946,
    "History of Microsoft Windows": 0.012265037151085463,
    "Microsoft Wiki:Imported/Windows Wiki": 0.002290112071222988,
    "Microsoft Office Online": 0.002290112071222988,
    "Microsoft Japan": 0.002290112071222988,
    "Windows Cougar": 0.002290112071222988
  },
  "hitsHubs": {
    "Microsoft": 0.004031660846061237,
    "Microsoft Windows": 0.05140202733310892,
    "MS-DOS": 0.02417417436110149,
    "Windows NT": 0.044712598928770386,
    "Windows CE": 0.012030907713483871,
    "Windows 1.0": 0.016582386046682024,
    "Windows 2.0": 0.0174086262966154,
    "Windows 3.0": 0.01829649835774128,
    "Windows 3.1x": 0.029900321236772887,
    "Windows 95": 0.030889772550442163,
    "Windows 98": 0.01597142032818854,
    "Windows Millennium Edition": 0.028567318998801553,
    "Windows NT 3.1": 0.01686761189093468,
    "Windows NT 3.5": 0.011532594527589847,
    "Windows NT 3.51": 0.023912986095680603,
    "Windows NT 4.0": 0.0324585390648351,
    "Windows 95/Version Numbers": 0.000211020979899809,
    "Windows 98 SE": 0.000211020979899809,
    "Windows Versions": 0.048931878365156896,
    "Windows 2000": 0.03158247537448101,
    "Windows Server 2003": 0.023113165661087044,
    "Windows XP": 0.028888425294334594,
    "Windows XP Professional x64 Edition": 0.026278991071886602,
    "Windows XP 64-bit Edition": 0.020011981554153208,
    "Windows Mobile": 0.015529826098467663,
    "Windows XP Media Center Edition": 0.015177213117044598,
    "Registry": 0.031227319049961715,
    "Microsoft Windows Vista": 0.03435907619318772,
    "SageTV": 0.0,
    "Bill Gates": 0.005929486111360936,
    "Windows Sidebar": 0.0,
    "Windows 3.x": 0.002851449213084184,
    "Windows 3.1": 0.0009359290263089395,
    "Windows 98 Second Edition": 0.0033583846423165986,
    "Windows": 0.004537556362781801,
    "Office": 0.0,
    "Microsoft Corporation": 0.005929486111360936,
    "PowerPoint": 0.0,
    "Excel": 0.0,
    "Word": 0.0,
    "Access": 0.0,
    ".NET": 0.0,
    "XP": 0.004381454824681358,
    "Direct3D": 0.0,
    "Start menu": 0.0,
    "Cairo (operating system)": 0.0,
    "Windows registry": 1.7097937934088088e-30,
    "Win": 0.004537556362781801,
    "Ms": 0.005929486111360936,
    "Msft": 0.005929486111360936,
    "MSFT": 0.005929486111360936,
    "MS": 0.005929486111360936,
    "LOP": 1.7097937934088088e-30,
    "Operating system": 0.0,
    "List of Microsoft Windows versions": 1.7097937934088088e-30,
    "List of Microsoft Windows components": 0.0,
    "Microsoft Windows CE": 0.001641105218826234,
    "Original equipment manufacturer": 0.0,
    "Windows Server domain": 0.0,
    "Blue Screen of Death": 0.0,
    "Outlook Express": 0.0,
    "Personal Files": 0.008919011187463159,
    "Windows CE 3.0": 0.001641105218826234,
    "Microsoft Virtual PC": 0.0,
    "GUI": 0.0,
    "Virtual PC": 0.0,
    "Architecture of the Windows NT operating system line": 0.0,