{
  "numNodes": 115,
  "numEdges": 385,
  "selfLinks": 0,
  "numStrongComponents": 82,
  "numWeakComponents": 7,
  "sizeLargestStrong": 34,
  "sizeLargestWeak": 103,
  "radius": 2,
  "diameter": 6,
  "averageInDegree": 3.347826086956522,
  "averageOutDegree": 3.347826086956522,
  "maxOutDegree": 33,
  "maxInDegree": 41,
  "pageRank": {
    "Microsoft": 0.11964563611331697,
    "Microsoft Windows": 0.07523188626522599,
    "MS-DOS": 0.055767735054310485,
    "Windows NT": 0.03236728302452564,
    "Windows CE": 0.01814076716416465,
    "Windows 1.0": 0.008364871310784072,
    "Windows 2.0": 0.006634883749852117,
    "Windows 3.0": 0.021888931139216302,
    "Windows 3.1x": 0.021206658319008687,
    "Windows 95": 0.028107427987754473,
    "Windows 98": 0.037274996542412626,
    "Windows Millennium Edition": 0.004519616694154021,
    "Windows NT 3.1": 0.005999416716655878,
    "Windows NT 3.5": 0.004440940349912993,
    "Windows NT 3.51": 0.005136678635386329,
    "Windows NT 4.0": 0.013437239637681618,
    "Windows 95/Version Numbers": 0.004273955201816513,
    "Windows 98 SE": 0.0027511588932915385,
    "Windows Versions": 0.004188915522228229,
    "Windows 2000": 0.021538132120406457,
    "Windows Server 2003": 0.015656304745792455,
    "Windows XP": 0.03294752942414297,
    "Windows XP Professional x64 Edition": 0.01184891254370291,
    "Windows XP 64-bit Edition": 0.009778602775664,
    "Windows Mobile": 0.00634036973651573,
    "Windows XP Media Center Edition": 0.0054343676818901995,
    "Registry": 0.0067152270940373585,
    "Microsoft Windows Vista": 0.002204708490673473,
    "SageTV": 0.002903396572591458,
    "Bill Gates": 0.04951426270926903,
    "Windows Sidebar": 0.0023091404397026704,
    "Windows 3.x": 0.010843294005247396,
    "Xbox 360": 0.006473626153517856,
    "Windows Server 2007": 0.002299194539795128,
    "Blue Dragon": 0.002204708490673473,
    "Windows 3.1": 0.00853680098941289,
    "Windows 98 Second Edition": 0.011056886035688957,
    "Office 2007": 0.002299194539795128,
    "Windows": 0.038094462988570256,
    "Office": 0.002299194539795128,
    "Microsoft Corporation": 0.006203504168507208,
    "PowerPoint": 0.004188915522228229,
    "Excel": 0.002299194539795128,
    "Word": 0.002299194539795128,
    "Access": 0.002299194539795128,
    ".NET": 0.003039026399036769,
    "XP": 0.002204708490673473,
    "Direct3D": 0.0030489722989443116,
    "Start menu": 0.0024036264888243255,
    "Cairo (operating system)": 0.0033566909215587016,
    "Windows registry": 0.005011904570795963,
    "Win": 0.002204708490673473,
    "Ms": 0.002204708490673473,
    "Msft": 0.002204708490673473,
    "MSFT": 0.002204708490673473,
    "MS": 0.002204708490673473,
    "LOP": 0.002204708490673473,
    "Operating system": 0.0025401665703623966,
    "List of Microsoft Windows versions": 0.002204708490673473,
    "List of Microsoft Windows components": 0.005025444902454523,
    "Microsoft Windows CE": 0.002204708490673473,
    "Original equipment manufacturer": 0.005835655788838773,
    "Windows Server domain": 0.010251446930052623,
    "Blue Screen of Death": 0.006976302849527884,
    "Outlook Express": 0.004188915522228229,
    "Personal Files": 0.002204708490673473,
    "Windows CE 3.0": 0.006421363353292894,
    "Microsoft Virtual PC": 0.0023091404397026704,
    "GUI": 0.010164654046854073,
    "Virtual PC": 0.0023091404397026704,
    "Architecture of the Windows NT operating system line": 0.009848159250607457,
    "Development stage": 0.0023091404397026704,
    "Virtual Memory System": 0.00469861816460124,
    "CPU": 0.0034897247620213337,
    "Microsoft Developer Network": 0.002903396572591458,
    "Apple Computer": 0.008345002276844008,
    "Microsoft Office Word": 0.003057850822507249,
    "Remote Desktop": 0.002903396572591458,
    "Guide:Saem": 0.002204708490673473,
    "SMS": 0.004188915522228229,
    "United States v. Microsoft": 0.005235944508052899,
    "Microsoft Venus": 0.002204708490673473,
    "Microsoft Response Point": 0.002204708490673473,
    "Midori (operating system)": 0.002204708490673473,
    "Windows for Workgroups": 0.004734303033682059,
    "Windows Write": 0.0032802660845448438,
    "Notepad (Windows)": 0.002204708490673473,
    "IIS": 0.0035918130418942625,
    "Metro design language": 0.002204708490673473,
    "Microsoft Product Activation": 0.002204708490673473,
    "Sound Recorder": 0.002204708490673473,
    "Popfly": 0.002204708490673473,
    "Microsoft Popfly": 0.004188915522228229,
    "Microshaft Winblows 98": 0.002204708490673473,
    "Metro": 0.004188915522228229,
    "Whistler": 0.002204708490673473,
    "Windows 4.00": 0.002204708490673473,
    "Windows Explorer": 0.01356224019663202,
    "Windows NT 5.0": 0.002204708490673473,
    "Microsoft Windows x99": 0.002204708490673473,
    "Version Numbers": 0.002299194539795128,
    "Windows Millenium Edition": 0.002204708490673473,
    "Microsoft Office 98 Macintosh Edition": 0.002204708490673473,
    "Microsoft Windows 98": 0.004188915522228229,
    "TheFallenOneGOTH/Windows XP's legendary legacy": 0.002204708490673473,
    "Microsoft Wallet": 0.002204708490673473,
    "Windows CE 2.0": 0.002204708490673473,
    "Policy": 0.004188915522228229,
    "Windows API": 0.010685572242385366,
    "History of Microsoft Windows": 0.012300941426625613,
    "Microsoft Wiki:Imported/Windows Wiki": 0.002204708490673473,
    "Microsoft Office Online": 0.002204708490673473,
    "Nier": 0.002204708490673473,
    "Microsoft Japan": 0.002204708490673473,
    "Windows Cougar": 0.002204708490673473
  },
  "hitsHubs": {
    "Microsoft": 0.00397407135613281,
    "Microsoft Windows": 0.050794195730261185,
    "MS-DOS": 0.023984127188983802,
    "Windows NT": 0.04525996944214721,
    "Windows CE": 0.011912417172485416,
    "Windows 1.0": 0.01626270500809215,
    "Windows 2.0": 0.017095390552513846,
    "Windows 3.0": 0.015612580374415987,
    "Windows 3.1x": 0.029667632557104147,
    "Windows 95": 0.030629432635344348,
    "Windows 98": 0.01587942652819092,
    "Windows Millennium Edition": 0.028361548913987247,
    "Windows NT 3.1": 0.01675044896963393,
    "Windows NT 3.5": 0.011467275232192799,
    "Windows NT 3.51": 0.023717182712242352,
    "Windows NT 4.0": 0.03223638905822679,
    "Windows 95/Version Numbers": 0.00020832875502293168,
    "Windows 98 SE": 0.00020832875502293168,
    "Windows Versions": 0.0484903771397284,
    "Windows 2000": 0.03130733587165887,
    "Windows Server 2003": 0.0228365630948211,
    "Windows XP": 0.028651710460237585,
    "Windows XP Professional x64 Edition": 0.02605919599280889,
    "Windows XP 64-bit Edition": 0.01985193051973923,
    "Windows Mobile": 0.015283984717877355,
    "Windows XP Media Center Edition": 0.016026928142012103,
    "Registry": 0.030989257373693964,
    "Microsoft Windows Vista": 0.035086273914338544,
    "SageTV": 0.0,
    "Bill Gates": 0.005906768037318633,
    "Windows Sidebar": 0.0,
    "Windows 3.x": 0.0027968954546591235,
    "Xbox 360": 0.0,
    "Windows Server 2007": 0.0,
    "Blue Dragon": 0.005906768037318633,
    "Windows 3.1": 0.0009031034588498259,
    "Windows 98 Second Edition": 0.0033326424233228254,
    "Office 2007": 0.0,
    "Windows": 0.004483389924164146,
    "Office": 0.0,
    "Microsoft Corporation": 0.005906768037318633,
    "PowerPoint": 0.0,
    "Excel": 0.0,
    "Word": 0.0,
    "Access": 0.0,
    ".NET": 0.0,
    "XP": 0.004356093514563132,
    "Direct3D": 0.0,
    "Start menu": 0.0,
    "Cairo (operating system)": 0.0,
    "Windows registry": 1.0746965484107194e-32,
    "Win": 0.004483389924164146,
    "Ms": 0.005906768037318633,
    "Msft": 0.005906768037318633,
    "MSFT": 0.005906768037318633,
    "MS": 0.005906768037318633,
    "LOP": 1.0746965484107194e-32,
    "Operating system": 0.0,
    "List of Microsoft Windows versions": 1.0746965484107194e-32,
    "List of Microsoft Windows components": 0.0,
    "Microsoft Windows CE": 0.0016220322816970882,
    "Original equipment manufacturer": 0.0,