{
  "numNodes": 57,
  "numEdges": 162,
  "selfLinks": 0,
  "numStrongComponents": 35,
  "numWeakComponents": 3,
  "sizeLargestStrong": 23,
  "sizeLargestWeak": 53,
  "radius": 3,
  "diameter": 7,
  "averageInDegree": 2.8421052631578947,
  "averageOutDegree": 2.8421052631578947,
  "maxOutDegree": 17,
  "maxInDegree": 31,
  "pageRank": {
    "Overwatch Wiki": 0.00475446066765633,
    "Main Page": 0.002502356295546202,
    "Overwatch": 0.2173525429737301,
    "Tracer": 0.01404402717347356,
    "Reaper": 0.007316658479742018,
    "Widowmaker": 0.01666025936513193,
    "Winston": 0.014949923488784787,
    "Pharah": 0.007388153856634404,
    "Reinhardt": 0.008630204018923593,
    "Symmetra": 0.007506720590414202,
    "Torbj\u00f6rn": 0.011866909100892909,
    "Bastion": 0.011689200138618723,
    "Hanzo": 0.0447287507848627,
    "Mercy": 0.007435225213521816,
    "Zenyatta": 0.01142558405374153,
    "King's Row": 0.07443917426130087,
    "Temple of Anubis": 0.07443917426130087,
    "Hanamura": 0.09828856095616381,
    "Heroes": 0.05101974999265028,
    "Torbjorn": 0.003227666692216376,
    "Character": 0.05140867374431092,
    "Offense": 0.002634833023317386,
    "Defense": 0.002634833023317386,
    "Tank": 0.004886937395427513,
    "Support": 0.002634833023317386,
    "Jeremy Craig": 0.002502356295546202,
    "Jeff Kaplan": 0.002754063326803218,
    "Bill Petras": 0.002502356295546202,
    "Aaron Keller": 0.002502356295546202,
    "Scott Mercer": 0.002502356295546202,
    "Michael Elliott": 0.002502356295546202,
    "Maps": 0.10122892067195548,
    "Role": 0.002502356295546202,
    "Tanks": 0.002502356295546202,
    "Shimada Empire": 0.018174031308044375,
    "Himalayas": 0.008172329357317015,
    "Tekhartha Mondatta": 0.005636057151142515,
    "Shambali": 0.002502356295546202,
    "Omnic Crisis": 0.032213512179637895,
    "Overwatch (organization)": 0.002502356295546202,
    "G\u00e9rard Lacroix": 0.010249098905195032,
    "Spectator Mode": 0.00475446066765633,
    "Spectate": 0.002502356295546202,
    "SST Laboratories": 0.002502356295546202,
    "Sydney": 0.002502356295546202,
    "Ultimate abilities": 0.002502356295546202,
    "Setup time": 0.002502356295546202,
    "Map": 0.002502356295546202,
    "Hero": 0.002502356295546202,
    "Ultimate Ability": 0.00475446066765633,
    "Izumi": 0.002502356295546202,
    "E54": 0.002502356295546202,
    "Fortified": 0.0028240854915619344,
    "Soundwave": 0.0028240854915619344,
    "Crowd control": 0.002502356295546202,
    "Overwatch Valentine's Day Cards": 0.002502356295546202,
    "Shimada Clan": 0.002502356295546202
  },
  "hitsHubs": {
    "Overwatch Wiki": 0.1002677962079432,
    "Main Page": 9.635983562979867e-39,
    "Overwatch": 0.0059344861086253016,
    "Tracer": 0.02044293111391294,
    "Reaper": 0.012813616977563797,
    "Widowmaker": 0.013755610058592818,
    "Winston": 0.019999051372696152,
    "Pharah": 0.012813616977563797,
    "Reinhardt": 0.01498710504576714,
    "Symmetra": 0.01498710504576714,
    "Torbj\u00f6rn": 0.01498710504576714,
    "Bastion": 0.01498710504576714,
    "Hanzo": 0.015243705412981472,
    "Mercy": 0.012813616977563797,
    "Zenyatta": 0.015753976725432172,
    "King's Row": 0.013511076668659885,
    "Temple of Anubis": 0.013511076668659885,
    "Hanamura": 0.02008452683696626,
    "Heroes": 0.09295699245336955,
    "Torbjorn": 0.005064455714252864,
    "Character": 1.0104061100535177e-32,
    "Offense": 0.04023774996870966,
    "Defense": 0.027560394427720424,
    "Tank": 0.027773984044142087,
    "Support": 0.03255327123111576,
    "Jeremy Craig": 0.012813616977563797,
    "Jeff Kaplan": 0.012813616977563797,
    "Bill Petras": 0.012813616977563797,
    "Aaron Keller": 0.012813616977563797,
    "Scott Mercer": 0.012813616977563797,
    "Michael Elliott": 0.012813616977563797,
    "Maps": 0.01866151927030368,
    "Role": 0.09526475728481276,
    "Tanks": 0.0014104863230617886,
    "Shimada Empire": 0.00877784088889039,
    "Himalayas": 0.008472126112203217,
    "Tekhartha Mondatta": 0.0025757136662578083,
    "Shambali": 0.009238997791868247,
    "Omnic Crisis": 0.0,
    "Overwatch (organization)": 0.0508089369933847,
    "G\u00e9rard Lacroix": 0.006808016038709597,
    "Spectator Mode": 0.0,
    "Spectate": 9.635983562979867e-39,
    "SST Laboratories": 0.006146749411567164,
    "Sydney": 0.002173488068203344,
    "Ultimate abilities": 9.635983562979867e-39,
    "Setup time": 0.005064455714252864,
    "Map": 0.0006974596910960871,
    "Hero": 1.0104061100535177e-32,
    "Ultimate Ability": 0.0,
    "Izumi": 0.002204390720584018,
    "E54": 0.006146749411567164,
    "Fortified": 0.0,
    "Soundwave": 0.0,
    "Crowd control": 0.042443564450110535,
    "Overwatch Valentine's Day Cards": 0.09295699245336955,
    "Shimada Clan": 0.0002256977148336576
  },
  "hitsAuths": {
    "Overwatch Wiki": 8.469659809789183e-38,
    "Main Page": 0.0,
    "Overwatch": 0.11262677652320856,
    "Tracer": 0.06315721121208447,
    "Reaper": 0.06059253279558298,
    "Widowmaker": 0.059839848678226004,
    "Winston": 0.06705874381640205,
    "Pharah": 0.059519757395107314,
    "Reinhardt": 0.06443714226033574,
    "Symmetra": 0.058534299816358396,
    "Torbj\u00f6rn": 0.0445146224473217,
    "Bastion": 0.05402756876008641,
    "Hanzo": 0.05777810468258969,
    "Mercy": 0.059607075216834074,
    "Zenyatta": 0.05536261155802299,
    "King's Row": 0.01601253433419476,
    "Temple of Anubis": 0.01601253433419476,
    "Hanamura": 0.01937574858775388,
    "Heroes": 8.881082004709502e-32,
    "Torbjorn": 0.015751097866494104,
    "Character": 0.0007610385185797886,
    "Offense": 0.01221675279166721,
    "Defense": 0.01221675279166721,
    "Tank": 0.012397633562379617,
    "Support": 0.01221675279166721,
    "Jeremy Craig": 0.0,
    "Jeff Kaplan": 0.012858342519986512,
    "Bill Petras": 0.0,
    "Aaron Keller": 0.0,
    "Scott Mercer": 0.0,
    "Michael Elliott": 0.0,
    "Maps": 0.0061304030626612325,
    "Role": 0.0,
    "Tanks": 0.0,
    "Shimada Empire": 0.00198379631097746,
    "Himalayas": 0.0035354086690210238,
    "Tekhartha Mondatta": 0.003205099139105458,
    "Shambali": 0.0,
    "Omnic Crisis": 0.019104126130976316,
    "Overwatch (organization)": 0.0,
    "G\u00e9rard Lacroix": 0.008279757730329415,
    "Spectator Mode": 8.469659809789183e-38,
    "Spectate": 0.0,
    "SST Laboratories": 0.0,
    "Sydney": 0.0,
    "Ultimate abilities": 0.0,
    "Setup time": 0.0,
    "Map": 0.0,
    "Hero": 0.0,
    "Ultimate Ability": 8.469659809789183e-38,
    "Izumi": 0.0,
    "E54": 0.0,
    "Fortified": 0.005442962848092041,
    "Soundwave": 0.005442962848092041,
    "Crowd control": 0.0,
    "Overwatch Valentine's Day Cards": 0.0,
    "Shimada Clan": 0.0
  },
  "averagePathLength": 3.41897233201581
}