{
  "numNodes": 57,
  "numEdges": 165,
  "selfLinks": 0,
  "numStrongComponents": 35,
  "numWeakComponents": 3,
  "sizeLargestStrong": 23,
  "sizeLargestWeak": 53,
  "radius": 2,
  "diameter": 5,
  "averageInDegree": 2.8947368421052633,
  "averageOutDegree": 2.8947368421052633,
  "maxOutDegree": 17,
  "maxInDegree": 31,
  "pageRank": {
    "Overwatch Wiki": 0.004848627251179145,
    "Main Page": 0.002551869895850082,
    "Overwatch": 0.2162865811095109,
    "Tracer": 0.016431740896750254,
    "Reaper": 0.008621355268267739,
    "Widowmaker": 0.018948316498432417,
    "Winston": 0.017355613139106357,
    "Pharah": 0.008694268200182948,
    "Reinhardt": 0.009960982092903619,
    "Symmetra": 0.00881518610516469,
    "Torbj\u00f6rn": 0.013335787883907605,
    "Bastion": 0.013080592622204377,
    "Hanzo": 0.04145193086279047,
    "Mercy": 0.008742273173249483,
    "Zenyatta": 0.0147696422695826,
    "King's Row": 0.06186281372888795,
    "Temple of Anubis": 0.06186281372888795,
    "Hanamura": 0.08437162487711004,
    "Heroes": 0.06878637860724192,
    "Torbjorn": 0.002551869895850082,
    "Character": 0.034994796849480904,
    "Offense": 0.002686973269692968,
    "Defense": 0.002686973269692968,
    "Tank": 0.00498373062502203,
    "Support": 0.002686973269692968,
    "Jeremy Craig": 0.002551869895850082,
    "Jeff Kaplan": 0.0028085740139987556,
    "Bill Petras": 0.002551869895850082,
    "Aaron Keller": 0.002551869895850082,
    "Scott Mercer": 0.002551869895850082,
    "Michael Elliott": 0.002551869895850082,
    "Maps": 0.11827274603628668,
    "Role": 0.002551869895850082,
    "Tanks": 0.002551869895850082,
    "Shimada Empire": 0.017284099865478474,
    "Himalayas": 0.00838445422990655,
    "Tekhartha Mondatta": 0.006449451765394135,
    "Shambali": 0.002551869895850082,
    "Omnic Crisis": 0.03504687937879602,
    "Overwatch (organization)": 0.002551869895850082,
    "G\u00e9rard Lacroix": 0.011337600825349898,
    "Spectator Mode": 0.004848627251179145,
    "Spectate": 0.002551869895850082,
    "SST Laboratories": 0.002551869895850082,
    "Sydney": 0.002551869895850082,
    "Ultimate abilities": 0.002551869895850082,
    "Setup time": 0.002551869895850082,
    "Map": 0.002551869895850082,
    "Hero": 0.002551869895850082,
    "Ultimate Ability": 0.004848627251179145,
    "Izumi": 0.002551869895850082,
    "E54": 0.002551869895850082,
    "Fortified": 0.0028799780894685195,
    "Soundwave": 0.0028799780894685195,
    "Crowd control": 0.002551869895850082,
    "Overwatch Valentine's Day Cards": 0.002551869895850082,
    "Shimada Clan": 0.002551869895850082
  },
  "hitsHubs": {
    "Overwatch Wiki": 0.09947343772845023,
    "Main Page": 5.635538174471284e-39,
    "Overwatch": 0.006586204715741623,
    "Tracer": 0.019729189801629902,
    "Reaper": 0.01232266918641467,
    "Widowmaker": 0.013241857606378178,
    "Winston": 0.01931230570683531,
    "Pharah": 0.01232266918641467,
    "Reinhardt": 0.014504834291799884,
    "Symmetra": 0.014504834291799884,
    "Torbj\u00f6rn": 0.014504834291799884,
    "Bastion": 0.014504834291799884,
    "Hanzo": 0.014654643095167815,
    "Mercy": 0.01232266918641467,
    "Zenyatta": 0.015330252089309505,
    "King's Row": 0.013074715300540168,
    "Temple of Anubis": 0.013074715300540168,
    "Hanamura": 0.019456071230867688,
    "Heroes": 0.09241614097580407,
    "Torbjorn": 0.006808162145783381,
    "Character": 9.62900925202167e-05,
    "Offense": 0.03897632850646106,
    "Defense": 0.03189658483984288,
    "Tank": 0.026855464688595596,
    "Support": 0.03165577050014854,
    "Jeremy Craig": 0.01232266918641467,
    "Jeff Kaplan": 0.01232266918641467,
    "Bill Petras": 0.01232266918641467,
    "Aaron Keller": 0.01232266918641467,
    "Scott Mercer": 0.01232266918641467,
    "Michael Elliott": 0.01232266918641467,
    "Maps": 0.01796698313216361,
    "Role": 0.09800467901427343,
    "Tanks": 0.0014121791149005474,
    "Shimada Empire": 0.008502166646243798,
    "Himalayas": 0.008440571101512376,
    "Tekhartha Mondatta": 0.008916608537269253,
    "Shambali": 0.009265988899021993,
    "Omnic Crisis": 0.0,
    "Overwatch (organization)": 0.051468648140696995,
    "G\u00e9rard Lacroix": 0.00671006127460187,
    "Spectator Mode": 0.0,
    "Spectate": 5.635538174471284e-39,
    "SST Laboratories": 0.006055692233042961,
    "Sydney": 0.0021821651053852125,
    "Ultimate abilities": 5.635538174471284e-39,
    "Setup time": 0.006808162145783381,
    "Map": 0.0007520461141254997,
    "Hero": 9.62900925202167e-05,
    "Ultimate Ability": 0.0,
    "Izumi": 0.0021208107159162797,
    "E54": 0.006055692233042961,
    "Fortified": 0.0,
    "Soundwave": 0.0,
    "Crowd control": 0.04105245716131114,
    "Overwatch Valentine's Day Cards": 0.09241614097580407,
    "Shimada Clan": 0.000211163192836864
  },
  "hitsAuths": {
    "Overwatch Wiki": 5.063009491234973e-38,
    "Main Page": 0.0,
    "Overwatch": 0.11070777823986531,
    "Tracer": 0.06279541535798824,
    "Reaper": 0.06033086768360854,
    "Widowmaker": 0.06028369051597243,
    "Winston": 0.06654073313127778,
    "Pharah": 0.05900160127704859,
    "Reinhardt": 0.06402298462514057,
    "Symmetra": 0.058067385317966895,
    "Torbj\u00f6rn": 0.06116503605301516,
    "Bastion": 0.05440479028388606,
    "Hanzo": 0.057330577208321326,
    "Mercy": 0.05939665172452684,
    "Zenyatta": 0.05622598583739778,
    "King's Row": 0.015827707791823718,
    "Temple of Anubis": 0.015827707791823718,
    "Hanamura": 0.019053521511819688,
    "Heroes": 0.0008650773666127973,
    "Torbjorn": 0.0,
    "Character": 0.0008405011686723045,
    "Offense": 0.012506906595373797,
    "Defense": 0.012506906595373797,
    "Tank": 0.012687122401998572,
    "Support": 0.012506906595373797,
    "Jeremy Craig": 0.0,
    "Jeff Kaplan": 0.012694342830786649,
    "Bill Petras": 0.0,
    "Aaron Keller": 0.0,
    "Scott Mercer": 0.0,
    "Michael Elliott": 0.0,
    "Maps": 0.006756438330791733,
    "Role": 0.0,
    "Tanks": 0.0,
    "Shimada Empire": 0.0018971058600500503,
    "Himalayas": 0.004276755796523988,
    "Tekhartha Mondatta": 0.003138859205352112,
    "Shambali": 0.0,
    "Omnic Crisis": 0.019604733918857063,
    "Overwatch (organization)": 0.0,
    "G\u00e9rard Lacroix": 0.008258057261665414,
    "Spectator Mode": 5.063009491234973e-38,
    "Spectate": 0.0,
    "SST Laboratories": 0.0,
    "Sydney": 0.0,
    "Ultimate abilities": 0.0,
    "Setup time": 0.0,
    "Map": 0.0,
    "Hero": 0.0,
    "Ultimate Ability": 5.063009491234973e-38,
    "Izumi": 0.0,
    "E54": 0.0,
    "Fortified": 0.005238925860542659,
    "Soundwave": 0.005238925860542659,
    "Crowd control": 0.0,
    "Overwatch Valentine's Day Cards": 0.0,
    "Shimada Clan": 0.0
  },
  "averagePathLength": 2.768774703557312
}