{
  "numNodes": 80,
  "numEdges": 283,
  "selfLinks": 0,
  "numStrongComponents": 45,
  "numWeakComponents": 3,
  "sizeLargestStrong": 36,
  "sizeLargestWeak": 76,
  "radius": 3,
  "diameter": 5,
  "averageInDegree": 3.5375,
  "averageOutDegree": 3.5375,
  "maxOutDegree": 31,
  "maxInDegree": 46,
  "pageRank": {
    "Overwatch Wiki": 0.0038124368753533937,
    "Main Page": 0.0020065293990444775,
    "Overwatch": 0.2533031378857494,
    "Tracer": 0.03121376842120568,
    "Reaper": 0.037213320246883126,
    "Widowmaker": 0.024094547550147956,
    "Winston": 0.037807251535650795,
    "Pharah": 0.02082301151799215,
    "Reinhardt": 0.004017287409071368,
    "Symmetra": 0.0071189599732590725,
    "Torbj\u00f6rn": 0.007802639265501422,
    "Bastion": 0.022429926732248372,
    "Hanzo": 0.017892862372252454,
    "Mercy": 0.019978790523974284,
    "Zenyatta": 0.016812899065009216,
    "King's Row": 0.031416190628395374,
    "Temple of Anubis": 0.02416578250852722,
    "Hanamura": 0.03456794123677725,
    "Heroes": 0.02190104700502576,
    "Torbjorn": 0.0020065293990444775,
    "Character": 0.0020065293990444775,
    "Offense": 0.002085047115405735,
    "Defense": 0.002085047115405735,
    "Tank": 0.0038909545917146507,
    "Support": 0.002085047115405735,
    "Jeremy Craig": 0.0020065293990444775,
    "Jeff Kaplan": 0.0021172133961798126,
    "Bill Petras": 0.0020065293990444775,
    "Aaron Keller": 0.0020065293990444775,
    "Scott Mercer": 0.0020065293990444775,
    "Michael Elliott": 0.0020065293990444775,
    "Maps": 0.05125347858169606,
    "Role": 0.0020065293990444775,
    "Tanks": 0.0020065293990444775,
    "Shimada Empire": 0.009180211825579336,
    "Himalayas": 0.008113236684520343,
    "Tekhartha Mondatta": 0.006241022145640258,
    "Shambali": 0.0020065293990444775,
    "Omnic Crisis": 0.03655795435650564,
    "Overwatch (organization)": 0.0020065293990444775,
    "G\u00e9rard Lacroix": 0.009386478637590717,
    "Torbjoern": 0.0020065293990444775,
    "Zarya": 0.0038667951193789587,
    "McCree": 0.004861734028918224,
    "Watchpoint: Gibraltar": 0.019225290468892035,
    "Omnics": 0.0020065293990444775,
    "Soldier: 76": 0.038536853112058345,
    "L\u00facio": 0.005464372274496638,
    "Numbani": 0.02597168998483614,
    "Volskaya Industries": 0.009112609930268495,
    "Junkrat": 0.004153201240460488,
    "Roadhog": 0.0063376483583552495,
    "Dorado": 0.007883079855163766,
    "Talon": 0.013609468380261263,
    "Escort": 0.002608498557814116,
    "Assault": 0.002608498557814116,
    "Lucio": 0.0020065293990444775,
    "D.Va": 0.010011026287474604,
    "Mei": 0.0034727143653295925,
    "Genji": 0.012775007416346355,
    "Hollywood": 0.0021172133961798126,
    "Ana": 0.0021979163326750423,
    "Volskaya": 0.007772395858028431,
    "Spectator Mode": 0.0038124368753533937,
    "Spectate": 0.0020065293990444775,
    "SST Laboratories": 0.0020065293990444775,
    "Sydney": 0.0020065293990444775,
    "Ultimate abilities": 0.0020065293990444775,
    "Setup time": 0.0020065293990444775,
    "Map": 0.0020065293990444775,
    "Hero": 0.0020065293990444775,
    "Ultimate Ability": 0.0038124368753533937,
    "Izumi": 0.0020065293990444775,
    "E54": 0.0020065293990444775,
    "Fortified": 0.002119398616313785,
    "Soundwave": 0.002119398616313785,
    "Crowd control": 0.0020065293990444775,
    "Overwatch Valentine's Day Cards": 0.0020065293990444775,
    "Strike Commander Morrison": 0.0020065293990444775,
    "Shimada Clan": 0.0020065293990444775
  },
  "hitsHubs": {
    "Overwatch Wiki": 0.09467126789527393,
    "Main Page": 1.7399300799551273e-41,
    "Overwatch": 0.03826836594862259,
    "Tracer": 0.011774450974370135,
    "Reaper": 0.011672604764490021,
    "Widowmaker": 0.008060949466397318,
    "Winston": 0.012203107460342916,
    "Pharah": 0.007250315730151035,
    "Reinhardt": 0.008296990865276235,
    "Symmetra": 0.008296990865276235,
    "Torbj\u00f6rn": 0.008296990865276235,
    "Bastion": 0.008296990865276235,
    "Hanzo": 0.008710722999218186,
    "Mercy": 0.007250315730151035,
    "Zenyatta": 0.008563379963426952,
    "King's Row": 0.007938277301088642,
    "Temple of Anubis": 0.009263073730817119,
    "Hanamura": 0.017326392548473915,
    "Heroes": 0.0850473469862868,
    "Torbjorn": 0.0035673444213339227,
    "Character": 0.0003288986990651934,
    "Offense": 0.03138154939127137,
    "Defense": 0.028583121644009363,
    "Tank": 0.026134067809572996,
    "Support": 0.02185791821204374,
    "Jeremy Craig": 0.007250315730151035,
    "Jeff Kaplan": 0.007250315730151035,
    "Bill Petras": 0.007250315730151035,
    "Aaron Keller": 0.007250315730151035,
    "Scott Mercer": 0.007250315730151035,
    "Michael Elliott": 0.007250315730151035,
    "Maps": 0.014590987122485055,
    "Role": 0.07912206000925558,
    "Tanks": 0.0006742224571359666,
    "Shimada Empire": 0.005120781836727241,
    "Himalayas": 0.004571755921278138,
    "Tekhartha Mondatta": 0.00472491155993126,
    "Shambali": 0.004838145019428855,
    "Omnic Crisis": 0.0,
    "Overwatch (organization)": 0.03778001799425235,
    "G\u00e9rard Lacroix": 0.004259038119409786,
    "Torbjoern": 0.0035673444213339227,
    "Zarya": 0.01236441923993534,
    "McCree": 0.007250315730151035,
    "Watchpoint: Gibraltar": 0.021621733701843882,
    "Omnics": 0.0010466751351252016,
    "Soldier: 76": 0.01116806520846195,
    "L\u00facio": 0.008296990865276235,
    "Numbani": 0.007250315730151035,
    "Volskaya Industries": 0.007250315730151035,
    "Junkrat": 0.011014631038498944,
    "Roadhog": 0.007250315730151035,
    "Dorado": 0.007938277301088642,
    "Talon": 0.0,
    "Escort": 0.0,
    "Assault": 0.0,
    "Lucio": 0.003593638888548024,
    "D.Va": 0.007250315730151035,
    "Mei": 0.007250315730151035,
    "Genji": 0.014509997729136333,
    "Hollywood": 0.007250315730151035,
    "Ana": 0.011312986433848779,
    "Volskaya": 0.0008067218529561514,
    "Spectator Mode": 0.0,
    "Spectate": 1.7399300799551273e-41,
    "SST Laboratories": 0.004862011823095131,
    "Sydney": 0.00850293264945168,
    "Ultimate abilities": 1.7399300799551273e-41,
    "Setup time": 0.0036286637335151287,
    "Map": 0.000687961570937609,
    "Hero": 0.0003288986990651934,
    "Ultimate Ability": 0.0,
    "Izumi": 0.0026965753409531985,
    "E54": 0.003551617106036811,
    "Fortified": 0.0,
    "Soundwave": 0.0,
    "Crowd control": 0.05478696542287264,
    "Overwatch Valentine's Day Cards": 0.08623891648912795,
    "Strike Commander Morrison": 0.004422289034338986,
    "Shimada Clan": 7.42266451722746e-05
  },
  "hitsAuths": {
    "Overwatch Wiki": 1.691422657146114e-40,
    "Main Page": 0.0,
    "Overwatch": 0.07048184544149384,
    "Tracer": 0.038170283054963026,
    "Reaper": 0.038085267385045446,
    "Widowmaker": 0.03728792237281303,
    "Winston": 0.04398007106275675,
    "Pharah": 0.039494077123692975,
    "Reinhardt": 0.03809373186383139,
    "Symmetra": 0.03641530078422515,
    "Torbj\u00f6rn": 0.03467890606410807,
    "Bastion": 0.0345260175214242,
    "Hanzo": 0.036304844542677975,
    "Mercy": 0.036385705432776284,
    "Zenyatta": 0.03426805236980145,
    "King's Row": 0.012878624969842531,
    "Temple of Anubis": 0.012117780262075679,
    "Hanamura": 0.013475353643022249,
    "Heroes": 0.003197293488477977,
    "Torbjorn": 0.0,
    "Character": 0.0,
    "Offense": 0.006498879559713948,
    "Defense": 0.006498879559713948,
    "Tank": 0.006554258433108469,
    "Support": 0.006498879559713948,
    "Jeremy Craig": 0.0,
    "Jeff Kaplan": 0.007776050923641009,
    "Bill Petras": 0.0,
    "Aaron Keller": 0.0,
    "Scott Mercer": 0.0,
    "Michael Elliott": 0.0,
    "Maps": 0.006687819250528247,
    "Role": 0.0,
    "Tanks": 0.0,
    "Shimada Empire": 0.0007215728428096855,
    "Himalayas": 0.0014888582033954806,
    "Tekhartha Mondatta": 0.001100766296000855,
    "Shambali": 0.0,
    "Omnic Crisis": 0.010174949319043291,
    "Overwatch (organization)": 0.0,
    "G\u00e9rard Lacroix": 0.003765257457248487,