{
  "numNodes": 63,
  "numEdges": 187,
  "selfLinks": 0,
  "numStrongComponents": 38,
  "numWeakComponents": 3,
  "sizeLargestStrong": 26,
  "sizeLargestWeak": 59,
  "radius": 2,
  "diameter": 5,
  "averageInDegree": 2.9682539682539684,
  "averageOutDegree": 2.9682539682539684,
  "maxOutDegree": 20,
  "maxInDegree": 35,
  "pageRank": {
    "Overwatch Wiki": 0.004323354354787349,
    "Main Page": 0.002275388872644533,
    "Overwatch": 0.22492288747961844,
    "Tracer": 0.013619870222572371,
    "Reaper": 0.0072281308064848365,
    "Widowmaker": 0.016188782883048966,
    "Winston": 0.014202820817137885,
    "Pharah": 0.007246748674504316,
    "Reinhardt": 0.00807345622484992,
    "Symmetra": 0.007426448331605427,
    "Torbj\u00f6rn": 0.013551726910014395,
    "Bastion": 0.011317582747676778,
    "Hanzo": 0.03924016635287983,
    "Mercy": 0.007407830463585946,
    "Zenyatta": 0.012738098302864057,
    "King's Row": 0.062431861246978804,
    "Temple of Anubis": 0.062431861246978804,
    "Hanamura": 0.07436908533314605,
    "Heroes": 0.07047400579371964,
    "Torbjorn": 0.002275388872644533,
    "Character": 0.03601404061768857,
    "Offense": 0.00239585743041764,
    "Defense": 0.00239585743041764,
    "Tank": 0.004443822912560456,
    "Support": 0.00239585743041764,
    "Jeremy Craig": 0.002275388872644533,
    "Jeff Kaplan": 0.0024699529893616123,
    "Bill Petras": 0.002275388872644533,
    "Aaron Keller": 0.002275388872644533,
    "Scott Mercer": 0.002275388872644533,
    "Michael Elliott": 0.002275388872644533,
    "Maps": 0.11655724556585861,
    "Role": 0.002275388872644533,
    "Tanks": 0.002275388872644533,
    "Shimada Empire": 0.021978755847905877,
    "Himalayas": 0.007350149884863282,
    "Tekhartha Mondatta": 0.0056537885818830685,
    "Shambali": 0.002275388872644533,
    "Omnic Crisis": 0.034554305027745154,
    "Overwatch (organization)": 0.002275388872644533,
    "G\u00e9rard Lacroix": 0.009748165099701557,
    "Torbjoern": 0.002275388872644533,
    "Zarya": 0.00776680898688201,
    "McCree": 0.00731245879692601,
    "Watchpoint: Gibraltar": 0.002275388872644533,
    "Soldier: 76": 0.009001024964866603,
    "Spectator Mode": 0.004323354354787349,
    "Spectate": 0.002275388872644533,
    "SST Laboratories": 0.002275388872644533,
    "Sydney": 0.002275388872644533,
    "Ultimate abilities": 0.002275388872644533,
    "Setup time": 0.002275388872644533,
    "Map": 0.002275388872644533,
    "Hero": 0.002275388872644533,
    "Ultimate Ability": 0.004323354354787349,
    "Izumi": 0.002275388872644533,
    "E54": 0.002275388872644533,
    "Fortified": 0.002480185420858815,
    "Soundwave": 0.002480185420858815,
    "Crowd control": 0.002275388872644533,
    "Overwatch Valentine's Day Cards": 0.002275388872644533,
    "Strike Commander Morrison": 0.002275388872644533,
    "Shimada Clan": 0.002275388872644533
  },
  "hitsHubs": {
    "Overwatch Wiki": 0.10094284266438482,
    "Main Page": 3.669267176601355e-40,
    "Overwatch": 0.005329171720182171,
    "Tracer": 0.0172784111687977,
    "Reaper": 0.010737285664148524,
    "Widowmaker": 0.011566079458936089,
    "Winston": 0.016772691377959136,
    "Pharah": 0.010737285664148524,
    "Reinhardt": 0.012678611718528882,
    "Symmetra": 0.012678611718528882,
    "Torbj\u00f6rn": 0.012678611718528882,
    "Bastion": 0.012678611718528882,
    "Hanzo": 0.010873864449142052,
    "Mercy": 0.010737285664148524,
    "Zenyatta": 0.01329678404694346,
    "King's Row": 0.0112982404553278,
    "Temple of Anubis": 0.0112982404553278,
    "Hanamura": 0.01673535649676633,
    "Heroes": 0.09505637551565771,
    "Torbjorn": 0.005901611140578766,
    "Character": 6.778731799850453e-05,
    "Offense": 0.03923417432396621,
    "Defense": 0.02751604122546551,
    "Tank": 0.028201725306542323,
    "Support": 0.027322330910813375,
    "Jeremy Craig": 0.010737285664148524,
    "Jeff Kaplan": 0.010737285664148524,
    "Bill Petras": 0.010737285664148524,
    "Aaron Keller": 0.010737285664148524,
    "Scott Mercer": 0.010737285664148524,
    "Michael Elliott": 0.010737285664148524,
    "Maps": 0.015371609689548506,
    "Role": 0.08424014853849181,
    "Tanks": 0.0010580798729287579,
    "Shimada Empire": 0.007053589105064538,
    "Himalayas": 0.007216217428113157,
    "Tekhartha Mondatta": 0.0075722686064863,
    "Shambali": 0.007834389756527735,
    "Omnic Crisis": 0.0,
    "Overwatch (organization)": 0.05524800916839466,
    "G\u00e9rard Lacroix": 0.0057533593610727355,
    "Torbjoern": 0.005901611140578766,
    "Zarya": 0.012678611718528882,
    "McCree": 0.010737285664148524,
    "Watchpoint: Gibraltar": 0.010737285664148524,
    "Soldier: 76": 0.010737285664148524,
    "Spectator Mode": 0.0,
    "Spectate": 3.669267176601355e-40,
    "SST Laboratories": 0.005123785059665486,
    "Sydney": 0.0019413260543803582,
    "Ultimate abilities": 3.669267176601355e-40,
    "Setup time": 0.005901611140578766,
    "Map": 0.0005609547911792751,
    "Hero": 6.778731799850453e-05,
    "Ultimate Ability": 0.0,
    "Izumi": 0.0016164730636260079,
    "E54": 0.005123785059665486,
    "Fortified": 0.0,
    "Soundwave": 0.0,
    "Crowd control": 0.051295865206515676,
    "Overwatch Valentine's Day Cards": 0.09505637551565771,
    "Strike Commander Morrison": 0.004993960741315863,
    "Shimada Clan": 0.00013657878499352794
  },
  "hitsAuths": {
    "Overwatch Wiki": 3.316758658548034e-39,
    "Main Page": 0.0,
    "Overwatch": 0.09705748718155403,
    "Tracer": 0.05455580963628059,
    "Reaper": 0.05267512605142746,
    "Widowmaker": 0.052006309593000205,
    "Winston": 0.05912715975697836,
    "Pharah": 0.052231981176028335,
    "Reinhardt": 0.057189770966774106,
    "Symmetra": 0.05089633337572268,
    "Torbj\u00f6rn": 0.05334640108717487,
    "Bastion": 0.04631540207689513,
    "Hanzo": 0.049147693095151525,
    "Mercy": 0.0513394782511218,
    "Zenyatta": 0.047681296549611785,
    "King's Row": 0.013639621790832068,
    "Temple of Anubis": 0.013639621790832068,
    "Hanamura": 0.014611776063298974,
    "Heroes": 0.000612749530328671,
    "Torbjorn": 0.0,
    "Character": 0.0005975478559587997,
    "Offense": 0.009445655489350977,
    "Defense": 0.009445655489350977,
    "Tank": 0.009564295569292464,
    "Support": 0.009445655489350977,
    "Jeremy Craig": 0.0,
    "Jeff Kaplan": 0.011318490440053685,
    "Bill Petras": 0.0,
    "Aaron Keller": 0.0,
    "Scott Mercer": 0.0,
    "Michael Elliott": 0.0,
    "Maps": 0.005070635555138816,
    "Role": 0.0,
    "Tanks": 0.0,
    "Shimada Empire": 0.0012345758591524605,
    "Himalayas": 0.0032184514561547513,
    "Tekhartha Mondatta": 0.002369390268259985,
    "Shambali": 0.0,
    "Omnic Crisis": 0.017548217913896803,
    "Overwatch (organization)": 0.0,
    "G\u00e9rard Lacroix": 0.007491711185661602,
    "Torbjoern": 0.0,
    "Zarya": 0.04154928237183436,
    "McCree": 0.04898115879226612,
    "Watchpoint: Gibraltar": 0.0,
    "Soldier: 76": 0.045141881830885015,
    "Spectator Mode": 3.316758658548034e-39,
    "Spectate": 0.0,
    "SST Laboratories": 0.0,
    "Sydney": 0.0,
    "Ultimate abilities": 0.0,
    "Setup time": 0.0,
    "Map": 0.0,
    "Hero": 0.0,
    "Ultimate Ability": 3.316758658548034e-39,
    "Izumi": 0.0,
    "E54": 0.0,
    "Fortified": 0.005751688230189631,
    "Soundwave": 0.005751688230189631,
    "Crowd control": 0.0,
    "Overwatch Valentine's Day Cards": 0.0,
    "Strike Commander Morrison": 0.0,
    "Shimada Clan": 0.0
  },
  "averagePathLength": 2.8030769230769232
}