{
  "numNodes": 66,
  "numEdges": 206,
  "selfLinks": 0,
  "numStrongComponents": 39,
  "numWeakComponents": 3,
  "sizeLargestStrong": 28,
  "sizeLargestWeak": 62,
  "radius": 3,
  "diameter": 5,
  "averageInDegree": 3.121212121212121,
  "averageOutDegree": 3.121212121212121,
  "maxOutDegree": 23,
  "maxInDegree": 38,
  "pageRank": {
    "Overwatch Wiki": 0.004106192115039897,
    "Main Page": 0.0021611066924059484,
    "Overwatch": 0.2345534301124992,
    "Tracer": 0.013371234111306201,
    "Reaper": 0.0070958353816751455,
    "Widowmaker": 0.015838390472880493,
    "Winston": 0.013944874184647833,
    "Pharah": 0.0070958353816751455,
    "Reinhardt": 0.007927648651803985,
    "Symmetra": 0.007211746696783891,
    "Torbj\u00f6rn": 0.013148425365405884,
    "Bastion": 0.010053971283942788,
    "Hanzo": 0.03481562541701178,
    "Mercy": 0.007211746696783891,
    "Zenyatta": 0.012317524154714005,
    "King's Row": 0.05346323833567116,
    "Temple of Anubis": 0.05346323833567116,
    "Hanamura": 0.06333266680264134,
    "Heroes": 0.07289888399138864,
    "Torbjorn": 0.0021611066924059484,
    "Character": 0.037342793869181455,
    "Offense": 0.0022537298077694697,
    "Defense": 0.0022537298077694697,
    "Tank": 0.0041988152304034175,
    "Support": 0.0022537298077694697,
    "Jeremy Craig": 0.0021611066924059484,
    "Jeff Kaplan": 0.0023217892945705137,
    "Bill Petras": 0.0021611066924059484,
    "Aaron Keller": 0.0021611066924059484,
    "Scott Mercer": 0.0021611066924059484,
    "Michael Elliott": 0.0021611066924059484,
    "Maps": 0.10640689617351909,
    "Role": 0.0021611066924059484,
    "Tanks": 0.0021611066924059484,
    "Shimada Empire": 0.019770757298843884,
    "Himalayas": 0.007044860087353981,
    "Tekhartha Mondatta": 0.005419033887731593,
    "Shambali": 0.0021611066924059484,
    "Omnic Crisis": 0.03447925018408534,
    "Overwatch (organization)": 0.0021611066924059484,
    "G\u00e9rard Lacroix": 0.009466320271369694,
    "Torbjoern": 0.0021611066924059484,
    "Zarya": 0.007750822704291807,
    "McCree": 0.007272661329187322,
    "Watchpoint: Gibraltar": 0.018281551158895657,
    "Soldier: 76": 0.00921774675182127,
    "L\u00facio": 0.0031113447498935243,
    "Numbani": 0.020226636581529605,
    "Volskaya Industries": 0.0021611066924059484,
    "Spectator Mode": 0.004106192115039897,
    "Spectate": 0.0021611066924059484,
    "SST Laboratories": 0.0021611066924059484,
    "Sydney": 0.0021611066924059484,
    "Ultimate abilities": 0.0021611066924059484,
    "Setup time": 0.0021611066924059484,
    "Map": 0.0021611066924059484,
    "Hero": 0.0021611066924059484,
    "Ultimate Ability": 0.004106192115039897,
    "Izumi": 0.0021611066924059484,
    "E54": 0.0021611066924059484,
    "Fortified": 0.0023379326399181255,
    "Soundwave": 0.0023379326399181255,
    "Crowd control": 0.0021611066924059484,
    "Overwatch Valentine's Day Cards": 0.0021611066924059484,
    "Strike Commander Morrison": 0.0021611066924059484,
    "Shimada Clan": 0.0021611066924059484
  },
  "hitsHubs": {
    "Overwatch Wiki": 0.10086108676267845,
    "Main Page": 3.831781651525318e-41,
    "Overwatch": 0.004713057342254793,
    "Tracer": 0.015511372557744407,
    "Reaper": 0.009674849218272497,
    "Widowmaker": 0.010362608693927921,
    "Winston": 0.015088723317039112,
    "Pharah": 0.009674849218272497,
    "Reinhardt": 0.011377114275366413,
    "Symmetra": 0.011377114275366413,
    "Torbj\u00f6rn": 0.011377114275366413,
    "Bastion": 0.011377114275366413,
    "Hanzo": 0.009784437341948515,
    "Mercy": 0.009674849218272497,
    "Zenyatta": 0.01186835002773358,
    "King's Row": 0.010122771291325206,
    "Temple of Anubis": 0.010122771291325206,
    "Hanamura": 0.015033557185506063,
    "Heroes": 0.08874933381726623,
    "Torbjorn": 0.005224734760170577,
    "Character": 5.3385339509342214e-05,
    "Offense": 0.042264399809071956,
    "Defense": 0.024602712304820286,
    "Tank": 0.026267824127810358,
    "Support": 0.028775450710226257,
    "Jeremy Craig": 0.009674849218272497,
    "Jeff Kaplan": 0.009674849218272497,
    "Bill Petras": 0.009674849218272497,
    "Aaron Keller": 0.009674849218272497,
    "Scott Mercer": 0.009674849218272497,
    "Michael Elliott": 0.009674849218272497,
    "Maps": 0.016532939944567848,
    "Role": 0.09720452180865752,
    "Tanks": 0.0010887147377978636,
    "Shimada Empire": 0.006365370137153765,
    "Himalayas": 0.0064495086298477665,
    "Tekhartha Mondatta": 0.006732411245087015,
    "Shambali": 0.006940744382214933,
    "Omnic Crisis": 0.0,
    "Overwatch (organization)": 0.05173088785351386,
    "G\u00e9rard Lacroix": 0.005107698111530277,
    "Torbjoern": 0.005224734760170577,
    "Zarya": 0.011377114275366413,
    "McCree": 0.009674849218272497,
    "Watchpoint: Gibraltar": 0.009674849218272497,
    "Soldier: 76": 0.009674849218272497,
    "L\u00facio": 0.011377114275366413,
    "Numbani": 0.009674849218272497,
    "Volskaya Industries": 0.009674849218272497,
    "Spectator Mode": 0.0,
    "Spectate": 3.831781651525318e-41,
    "SST Laboratories": 0.005993694985566335,
    "Sydney": 0.0017022650570939165,
    "Ultimate abilities": 3.831781651525318e-41,
    "Setup time": 0.005224734760170577,
    "Map": 0.00044792207305271124,
    "Hero": 5.3385339509342214e-05,
    "Ultimate Ability": 0.0,
    "Izumi": 0.002852849013692304,
    "E54": 0.004595430214846937,
    "Fortified": 0.0,
    "Soundwave": 0.0,
    "Crowd control": 0.05373227989385778,
    "Overwatch Valentine's Day Cards": 0.09288583929711137,
    "Strike Commander Morrison": 0.005907328242509988,
    "Shimada Clan": 0.00010958812367601903
  },
  "hitsAuths": {
    "Overwatch Wiki": 3.4861499028010803e-40,
    "Main Page": 0.0,
    "Overwatch": 0.0880216508382456,
    "Tracer": 0.049255355288001644,
    "Reaper": 0.04773484884052065,
    "Widowmaker": 0.046469770186305936,
    "Winston": 0.053100612516625796,
    "Pharah": 0.04793653121352607,
    "Reinhardt": 0.05153751526263206,
    "Symmetra": 0.046577235691146954,
    "Torbj\u00f6rn": 0.04753456807508734,
    "Bastion": 0.04180916360523979,
    "Hanzo": 0.04467826542480744,
    "Mercy": 0.046375553318141534,
    "Zenyatta": 0.0431903595371646,
    "King's Row": 0.012304858701156088,
    "Temple of Anubis": 0.012304858701156088,
    "Hanamura": 0.013233788295941674,
    "Heroes": 0.0004856991161472144,
    "Torbjorn": 0.0,
    "Character": 0.0004749397230190955,
    "Offense": 0.009795401429881324,
    "Defense": 0.009795401429881324,
    "Tank": 0.009905112353782686,
    "Support": 0.009795401429881324,
    "Jeremy Craig": 0.0,
    "Jeff Kaplan": 0.010163877308811147,
    "Bill Petras": 0.0,
    "Aaron Keller": 0.0,
    "Scott Mercer": 0.0,
    "Michael Elliott": 0.0,
    "Maps": 0.004075189124655816,
    "Role": 0.0,
    "Tanks": 0.0,
    "Shimada Empire": 0.0009970313067009637,
    "Himalayas": 0.0025738442696125073,
    "Tekhartha Mondatta": 0.0018954121393102452,
    "Shambali": 0.0,
    "Omnic Crisis": 0.015487185082603397,
    "Overwatch (organization)": 0.0,
    "G\u00e9rard Lacroix": 0.006257226656566543,
    "Torbjoern": 0.0,
    "Zarya": 0.04632453953514815,
    "McCree": 0.053149506941009984,
    "Watchpoint: Gibraltar": 0.011829918978136992,
    "Soldier: 76": 0.05374479459246452,
    "L\u00facio": 0.03763387240699879,
    "Numbani": 0.012721394478709883,
    "Volskaya Industries": 0.0,
    "Spectator Mode": 3.4861499028010803e-40,
    "Spectate": 0.0,
    "SST Laboratories": 0.0,
    "Sydney": 0.0,
    "Ultimate abilities": 0.0,
    "Setup time": 0.0,
    "Map": 0.0,
    "Hero": 0.0,
    "Ultimate Ability": 3.4861499028010803e-40,
    "Izumi": 0.0,
    "E54": 0.0,
    "Fortified": 0.005414658100489339,
    "Soundwave": 0.005414658100489339,
    "Crowd control": 0.0,
    "Overwatch Valentine's Day Cards": 0.0,
    "Strike Commander Morrison": 0.0,
    "Shimada Clan": 0.0
  },
  "averagePathLength": 2.814814814814815
}