{
  "numNodes": 61,
  "numEdges": 180,
  "selfLinks": 0,
  "numStrongComponents": 37,
  "numWeakComponents": 3,
  "sizeLargestStrong": 25,
  "sizeLargestWeak": 57,
  "radius": 2,
  "diameter": 5,
  "averageInDegree": 2.9508196721311477,
  "averageOutDegree": 2.9508196721311477,
  "maxOutDegree": 19,
  "maxInDegree": 34,
  "pageRank": {
    "Overwatch Wiki": 0.004540209205717349,
    "Main Page": 0.002389547559571159,
    "Overwatch": 0.22199836635603137,
    "Tracer": 0.01445042583207151,
    "Reaper": 0.00766453992258006,
    "Widowmaker": 0.017147001455428013,
    "Winston": 0.01507911129282174,
    "Pharah": 0.007688436163092795,
    "Reinhardt": 0.008576141244546984,
    "Symmetra": 0.007877146757572813,
    "Torbj\u00f6rn": 0.014305235455498647,
    "Bastion": 0.011939507644737838,
    "Hanzo": 0.0398244553699979,
    "Mercy": 0.007853250517060078,
    "Zenyatta": 0.013444247350067358,
    "King's Row": 0.06197736094119978,
    "Temple of Anubis": 0.06197736094119978,
    "Hanamura": 0.07423380976786213,
    "Heroes": 0.06995948091730075,
    "Torbjorn": 0.002389547559571159,
    "Character": 0.035688766343461326,
    "Offense": 0.0025160570681679937,
    "Defense": 0.0025160570681679937,
    "Tank": 0.0046667187143141844,
    "Support": 0.0025160570681679937,
    "Jeremy Craig": 0.002389547559571159,
    "Jeff Kaplan": 0.002604619924601917,
    "Bill Petras": 0.002389547559571159,
    "Aaron Keller": 0.002389547559571159,
    "Scott Mercer": 0.002389547559571159,
    "Michael Elliott": 0.002389547559571159,
    "Maps": 0.11588629367048567,
    "Role": 0.002389547559571159,
    "Tanks": 0.002389547559571159,
    "Shimada Empire": 0.022459923804303904,
    "Himalayas": 0.007738243521740366,
    "Tekhartha Mondatta": 0.005952383541196777,
    "Shambali": 0.002389547559571159,
    "Omnic Crisis": 0.03650676535867794,
    "Overwatch (organization)": 0.002389547559571159,
    "G\u00e9rard Lacroix": 0.010324341061370155,
    "Torbjoern": 0.002389547559571159,
    "Zarya": 0.00823456557133553,
    "McCree": 0.007776992819110579,
    "Watchpoint: Gibraltar": 0.002389547559571159,
    "Spectator Mode": 0.004540209205717349,
    "Spectate": 0.002389547559571159,
    "SST Laboratories": 0.002389547559571159,
    "Sydney": 0.002389547559571159,
    "Ultimate abilities": 0.002389547559571159,
    "Setup time": 0.002389547559571159,
    "Map": 0.002389547559571159,
    "Hero": 0.002389547559571159,
    "Ultimate Ability": 0.004540209205717349,
    "Izumi": 0.002389547559571159,
    "E54": 0.002389547559571159,
    "Fortified": 0.0026285099646985136,
    "Soundwave": 0.0026285099646985136,
    "Crowd control": 0.002389547559571159,
    "Overwatch Valentine's Day Cards": 0.002389547559571159,
    "Shimada Clan": 0.002389547559571159
  },
  "hitsHubs": {
    "Overwatch Wiki": 0.09957903475107363,
    "Main Page": 8.539771051402205e-40,
    "Overwatch": 0.005588345555762776,
    "Tracer": 0.018015267036130423,
    "Reaper": 0.011266798313140501,
    "Widowmaker": 0.012096105722392034,
    "Winston": 0.017539714669683376,
    "Pharah": 0.011266798313140501,
    "Reinhardt": 0.013317032323652729,
    "Symmetra": 0.013317032323652729,
    "Torbj\u00f6rn": 0.013317032323652729,
    "Bastion": 0.013317032323652729,
    "Hanzo": 0.01141651463293805,
    "Mercy": 0.011266798313140501,
    "Zenyatta": 0.013996057677111191,
    "King's Row": 0.011882256956132283,
    "Temple of Anubis": 0.011882256956132283,
    "Hanamura": 0.017578514580905848,
    "Heroes": 0.09346376724157462,
    "Torbjorn": 0.006127368873252102,
    "Character": 7.42594751653285e-05,
    "Offense": 0.040802725136986594,
    "Defense": 0.0287161628245727,
    "Tank": 0.02923671526234166,
    "Support": 0.02850855895709517,
    "Jeremy Craig": 0.011266798313140501,
    "Jeff Kaplan": 0.011266798313140501,
    "Bill Petras": 0.011266798313140501,
    "Aaron Keller": 0.011266798313140501,
    "Scott Mercer": 0.011266798313140501,
    "Michael Elliott": 0.011266798313140501,
    "Maps": 0.016093088743734517,
    "Role": 0.0877893494448021,
    "Tanks": 0.0011512706563139414,
    "Shimada Empire": 0.007383293580712106,
    "Himalayas": 0.007572139161982602,
    "Tekhartha Mondatta": 0.007963190650356234,
    "Shambali": 0.008251164515441065,
    "Omnic Crisis": 0.0,
    "Overwatch (organization)": 0.05197146589131985,
    "G\u00e9rard Lacroix": 0.0059666600850847755,
    "Torbjoern": 0.006127368873252102,
    "Zarya": 0.013317032323652729,
    "McCree": 0.011266798313140501,
    "Watchpoint: Gibraltar": 0.011266798313140501,
    "Spectator Mode": 0.0,
    "Spectate": 8.539771051402205e-40,
    "SST Laboratories": 0.005355335553095324,
    "Sydney": 0.002050234010512228,
    "Ultimate abilities": 8.539771051402205e-40,
    "Setup time": 0.006127368873252102,
    "Map": 0.0006154586429917839,
    "Hero": 7.42594751653285e-05,
    "Ultimate Ability": 0.0,
    "Izumi": 0.00168703595593854,
    "E54": 0.005355335553095324,
    "Fortified": 0.0,
    "Soundwave": 0.0,
    "Crowd control": 0.04782892739951836,
    "Overwatch Valentine's Day Cards": 0.09346376724157462,
    "Shimada Clan": 0.00014971631979754862
  },
  "hitsAuths": {
    "Overwatch Wiki": 7.774172923632218e-39,
    "Main Page": 0.0,
    "Overwatch": 0.10256719747499554,
    "Tracer": 0.05710543783634332,
    "Reaper": 0.055038593467442415,
    "Widowmaker": 0.0543174366136745,
    "Winston": 0.06143462454257804,
    "Pharah": 0.05455044514409676,
    "Reinhardt": 0.059311742048242216,
    "Symmetra": 0.05310172556184166,
    "Torbj\u00f6rn": 0.055780447626545895,
    "Bastion": 0.04875224921516201,
    "Hanzo": 0.051855830239473426,
    "Mercy": 0.053589873885187315,
    "Zenyatta": 0.050268614061237116,
    "King's Row": 0.01428908748862222,
    "Temple of Anubis": 0.01428908748862222,
    "Hanamura": 0.015357916706324226,
    "Heroes": 0.0006760204666829378,
    "Torbjorn": 0.0,
    "Character": 0.0006585192950743083,
    "Offense": 0.010344918705768074,
    "Defense": 0.010344918705768074,
    "Tank": 0.010480582102512626,
    "Support": 0.010344918705768074,
    "Jeremy Craig": 0.0,
    "Jeff Kaplan": 0.011734191286498497,
    "Bill Petras": 0.0,
    "Aaron Keller": 0.0,
    "Scott Mercer": 0.0,
    "Michael Elliott": 0.0,
    "Maps": 0.005602822240973924,
    "Role": 0.0,
    "Tanks": 0.0,
    "Shimada Empire": 0.0013629411755773622,
    "Himalayas": 0.0035599337199575015,
    "Tekhartha Mondatta": 0.0026215675000896155,
    "Shambali": 0.0,
    "Omnic Crisis": 0.018664286941295623,
    "Overwatch (organization)": 0.0,
    "G\u00e9rard Lacroix": 0.007549592568189808,
    "Torbjoern": 0.0,
    "Zarya": 0.04284261131680271,
    "McCree": 0.0503297384640001,
    "Watchpoint: Gibraltar": 0.0,
    "Spectator Mode": 7.774172923632218e-39,
    "Spectate": 0.0,
    "SST Laboratories": 0.0,
    "Sydney": 0.0,
    "Ultimate abilities": 0.0,
    "Setup time": 0.0,
    "Map": 0.0,
    "Hero": 0.0,
    "Ultimate Ability": 7.774172923632218e-39,
    "Izumi": 0.0,
    "E54": 0.0,
    "Fortified": 0.005636063702325756,
    "Soundwave": 0.005636063702325756,
    "Crowd control": 0.0,
    "Overwatch Valentine's Day Cards": 0.0,
    "Shimada Clan": 0.0
  },
  "averagePathLength": 2.7933333333333334
}