{
  "numNodes": 80,
  "numEdges": 286,
  "selfLinks": 0,
  "numStrongComponents": 45,
  "numWeakComponents": 3,
  "sizeLargestStrong": 36,
  "sizeLargestWeak": 76,
  "radius": 3,
  "diameter": 5,
  "averageInDegree": 3.575,
  "averageOutDegree": 3.575,
  "maxOutDegree": 31,
  "maxInDegree": 46,
  "pageRank": {
    "Overwatch Wiki": 0.0037982374751166677,
    "Main Page": 0.001999050285611696,
    "Overwatch": 0.25449935674334717,
    "Tracer": 0.03128590429765336,
    "Reaper": 0.03729560942152445,
    "Widowmaker": 0.024133972904106436,
    "Winston": 0.03788951774213275,
    "Pharah": 0.020888333933932596,
    "Reinhardt": 0.003986537787812019,
    "Symmetra": 0.00711482821938682,
    "Torbj\u00f6rn": 0.007757803304790767,
    "Bastion": 0.022489269371516244,
    "Hanzo": 0.016683874057686357,
    "Mercy": 0.02290975845731192,
    "Zenyatta": 0.015612095693509706,
    "King's Row": 0.03151196478965253,
    "Temple of Anubis": 0.024239343754414378,
    "Hanamura": 0.03410589181594175,
    "Heroes": 0.021956726759946855,
    "Torbjorn": 0.001999050285611696,
    "Character": 0.001999050285611696,
    "Offense": 0.002077275815590173,
    "Defense": 0.002077275815590173,
    "Tank": 0.003876463005095145,
    "Support": 0.002077275815590173,
    "Jeremy Craig": 0.001999050285611696,
    "Jeff Kaplan": 0.0021093223940381323,
    "Bill Petras": 0.001999050285611696,
    "Aaron Keller": 0.001999050285611696,
    "Scott Mercer": 0.001999050285611696,
    "Michael Elliott": 0.001999050285611696,
    "Maps": 0.05129688691884916,
    "Role": 0.001999050285611696,
    "Tanks": 0.001999050285611696,
    "Shimada Empire": 0.008803228469279379,
    "Himalayas": 0.007750133204248508,
    "Tekhartha Mondatta": 0.0059616799945439395,
    "Shambali": 0.001999050285611696,
    "Omnic Crisis": 0.03598230056702652,
    "Overwatch (organization)": 0.001999050285611696,
    "G\u00e9rard Lacroix": 0.00936904949209315,
    "Torbjoern": 0.001999050285611696,
    "Zarya": 0.0038580244171330922,
    "McCree": 0.004829522728933743,
    "Watchpoint: Gibraltar": 0.01924694399880481,
    "Omnics": 0.001999050285611696,
    "Soldier: 76": 0.03861422657415973,
    "L\u00facio": 0.005449656554149883,
    "Numbani": 0.026038530943919353,
    "Volskaya Industries": 0.009102385201536424,
    "Junkrat": 0.004143364754445957,
    "Roadhog": 0.006322201542849991,
    "Dorado": 0.007880041659089163,
    "Talon": 0.013584020438261877,
    "Escort": 0.00259877934878002,
    "Assault": 0.00259877934878002,
    "Lucio": 0.001999050285611696,
    "D.Va": 0.009919515970870105,
    "Mei": 0.003593923531978083,
    "Genji": 0.012818466087673229,
    "Hollywood": 0.0021093223940381323,
    "Ana": 0.002189725014934234,
    "Volskaya": 0.0077697695506627265,
    "Spectator Mode": 0.0037982374751166677,
    "Spectate": 0.001999050285611696,
    "SST Laboratories": 0.001999050285611696,
    "Sydney": 0.001999050285611696,
    "Ultimate abilities": 0.001999050285611696,
    "Setup time": 0.001999050285611696,
    "Map": 0.001999050285611696,
    "Hero": 0.001999050285611696,
    "Ultimate Ability": 0.0037982374751166677,
    "Izumi": 0.001999050285611696,
    "E54": 0.001999050285611696,
    "Fortified": 0.0021114994849557567,
    "Soundwave": 0.0021114994849557567,
    "Crowd control": 0.001999050285611696,
    "Overwatch Valentine's Day Cards": 0.001999050285611696,
    "Strike Commander Morrison": 0.001999050285611696,
    "Shimada Clan": 0.001999050285611696
  },
  "hitsHubs": {
    "Overwatch Wiki": 0.09417308306194615,
    "Main Page": 1.333911547839444e-41,
    "Overwatch": 0.03794186584656735,
    "Tracer": 0.011589297229307098,
    "Reaper": 0.011488594340669052,
    "Widowmaker": 0.008007488187847255,
    "Winston": 0.012008145951958106,
    "Pharah": 0.007105946707626921,
    "Reinhardt": 0.008181316440670293,
    "Symmetra": 0.008181316440670293,
    "Torbj\u00f6rn": 0.008181316440670293,
    "Bastion": 0.008181316440670293,
    "Hanzo": 0.008532461800144999,
    "Mercy": 0.007105946707626921,
    "Zenyatta": 0.008441614401831611,
    "King's Row": 0.007777698469105836,
    "Temple of Anubis": 0.00907301972961958,
    "Hanamura": 0.017385231863744296,
    "Heroes": 0.08475414353707265,
    "Torbjorn": 0.0035511524407530154,
    "Character": 0.00032147206890525054,
    "Offense": 0.030981840165360926,
    "Defense": 0.028522998993879858,
    "Tank": 0.025705101076043412,
    "Support": 0.0216560060385735,
    "Jeremy Craig": 0.007105946707626921,
    "Jeff Kaplan": 0.007105946707626921,
    "Bill Petras": 0.007105946707626921,
    "Aaron Keller": 0.007105946707626921,
    "Scott Mercer": 0.007105946707626921,
    "Michael Elliott": 0.007105946707626921,
    "Maps": 0.01428346893630995,
    "Role": 0.07818736367781051,
    "Tanks": 0.0006568965212345985,
    "Shimada Empire": 0.005046805791605455,
    "Himalayas": 0.004562919361216261,
    "Tekhartha Mondatta": 0.004712700440056436,
    "Shambali": 0.00482321732237758,
    "Omnic Crisis": 0.0,
    "Overwatch (organization)": 0.043955297796049946,
    "G\u00e9rard Lacroix": 0.004282294480385887,
    "Torbjoern": 0.0035511524407530154,
    "Zarya": 0.012217406551491117,
    "McCree": 0.007105946707626921,
    "Watchpoint: Gibraltar": 0.021645587158664437,
    "Omnics": 0.001075369733043373,
    "Soldier: 76": 0.010996053494728231,
    "L\u00facio": 0.008181316440670293,
    "Numbani": 0.007105946707626921,
    "Volskaya Industries": 0.007105946707626921,
    "Junkrat": 0.0107897519404973,
    "Roadhog": 0.007105946707626921,
    "Dorado": 0.007777698469105836,
    "Talon": 0.0,
    "Escort": 0.0,
    "Assault": 0.0,
    "Lucio": 0.003519709117506219,
    "D.Va": 0.007105946707626921,
    "Mei": 0.007105946707626921,
    "Genji": 0.018157547535347787,
    "Hollywood": 0.007105946707626921,
    "Ana": 0.011082479762834144,
    "Volskaya": 0.0007912016436799886,
    "Spectator Mode": 0.0,
    "Spectate": 1.333911547839444e-41,
    "SST Laboratories": 0.004761826813248901,
    "Sydney": 0.008376562133979623,
    "Ultimate abilities": 1.333911547839444e-41,
    "Setup time": 0.003611328517838911,
    "Map": 0.0006717517614789147,
    "Hero": 0.00032147206890525054,
    "Ultimate Ability": 0.0,
    "Izumi": 0.0026361949232725623,
    "E54": 0.0034804609168971727,
    "Fortified": 0.0,
    "Soundwave": 0.0,
    "Crowd control": 0.054242217928370126,
    "Overwatch Valentine's Day Cards": 0.08592193104158603,
    "Strike Commander Morrison": 0.004382647633042132,
    "Shimada Clan": 7.168606559724361e-05
  },
  "hitsAuths": {
    "Overwatch Wiki": 1.303447600863355e-40,
    "Main Page": 0.0,
    "Overwatch": 0.06943660696934015,
    "Tracer": 0.0380950405142125,
    "Reaper": 0.038012643094381356,
    "Widowmaker": 0.03726587476925879,
    "Winston": 0.043809595102305005,
    "Pharah": 0.03885716769570658,
    "Reinhardt": 0.038014886794162914,
    "Symmetra": 0.03586893900064296,
    "Torbj\u00f6rn": 0.03470051021521483,
    "Bastion": 0.034009739546646,
    "Hanzo": 0.03607659191620291,
    "Mercy": 0.03783643781075101,
    "Zenyatta": 0.034079007735533864,
    "King's Row": 0.012657386406907074,
    "Temple of Anubis": 0.011918725219216754,
    "Hanamura": 0.01323887365380657,
    "Heroes": 0.0031413027170941275,
    "Torbjorn": 0.0,
    "Character": 0.0,
    "Offense": 0.00636546293994346,
    "Defense": 0.00636546293994346,
    "Tank": 0.006418942815253154,
    "Support": 0.00636546293994346,
    "Jeremy Craig": 0.0,
    "Jeff Kaplan": 0.0076669073104585084,
    "Bill Petras": 0.0,
    "Aaron Keller": 0.0,
    "Scott Mercer": 0.0,
    "Michael Elliott": 0.0,
    "Maps": 0.006564102569571685,
    "Role": 0.0,
    "Tanks": 0.0,
    "Shimada Empire": 0.000700488951980398,
    "Himalayas": 0.0014636037013486436,
    "Tekhartha Mondatta": 0.0010799289154495766,
    "Shambali": 0.0,
    "Omnic Crisis": 0.010508103785792885,
    "Overwatch (organization)": 0.0,
    "G\u00e9rard Lacroix": 0.004230443039809636,
    "Torbjoern": 0.0,