{
  "numNodes": 66,
  "numEdges": 207,
  "selfLinks": 0,
  "numStrongComponents": 38,
  "numWeakComponents": 3,
  "sizeLargestStrong": 29,
  "sizeLargestWeak": 62,
  "radius": 3,
  "diameter": 5,
  "averageInDegree": 3.1363636363636362,
  "averageOutDegree": 3.1363636363636362,
  "maxOutDegree": 23,
  "maxInDegree": 38,
  "pageRank": {
    "Overwatch Wiki": 0.004141008993041807,
    "Main Page": 0.002179430815544592,
    "Overwatch": 0.23381754609217092,
    "Tracer": 0.012967603559670443,
    "Reaper": 0.006871653829883959,
    "Widowmaker": 0.015494886589359077,
    "Winston": 0.013546105958452178,
    "Pharah": 0.006871653829883959,
    "Reinhardt": 0.0077105170862240835,
    "Symmetra": 0.006988547946143555,
    "Torbj\u00f6rn": 0.012975564830362347,
    "Bastion": 0.009854872275253142,
    "Hanzo": 0.03448874879350513,
    "Mercy": 0.006988547946143555,
    "Zenyatta": 0.012066885594157046,
    "King's Row": 0.05333654458807636,
    "Temple of Anubis": 0.05333654458807636,
    "Hanamura": 0.0631637127396412,
    "Heroes": 0.07274047126945983,
    "Torbjorn": 0.002179430815544592,
    "Character": 0.03725074760400852,
    "Offense": 0.0022728393001873164,
    "Defense": 0.0022728393001873164,
    "Tank": 0.0042344174776845316,
    "Support": 0.0022728393001873164,
    "Jeremy Craig": 0.002179430815544592,
    "Jeff Kaplan": 0.0023414753449122966,
    "Bill Petras": 0.002179430815544592,
    "Aaron Keller": 0.002179430815544592,
    "Scott Mercer": 0.002179430815544592,
    "Michael Elliott": 0.002179430815544592,
    "Maps": 0.10616661852658489,
    "Role": 0.002179430815544592,
    "Tanks": 0.002179430815544592,
    "Shimada Empire": 0.01965851915880204,
    "Himalayas": 0.007000717171989445,
    "Tekhartha Mondatta": 0.005385080003359442,
    "Shambali": 0.002179430815544592,
    "Omnic Crisis": 0.035713967754382125,
    "Overwatch (organization)": 0.002179430815544592,
    "G\u00e9rard Lacroix": 0.00933148121393238,
    "Torbjoern": 0.002179430815544592,
    "Zarya": 0.007532191797360701,
    "McCree": 0.007049979118747343,
    "Watchpoint: Gibraltar": 0.018265227799612437,
    "Soldier: 76": 0.009011557296244558,
    "L\u00facio": 0.006988547946143555,
    "Numbani": 0.020226805977109654,
    "Volskaya Industries": 0.002179430815544592,
    "Spectator Mode": 0.004141008993041807,
    "Spectate": 0.002179430815544592,
    "SST Laboratories": 0.002179430815544592,
    "Sydney": 0.002179430815544592,
    "Ultimate abilities": 0.002179430815544592,
    "Setup time": 0.002179430815544592,
    "Map": 0.002179430815544592,
    "Hero": 0.002179430815544592,
    "Ultimate Ability": 0.004141008993041807,
    "Izumi": 0.002179430815544592,
    "E54": 0.002179430815544592,
    "Fortified": 0.0023577561044079752,
    "Soundwave": 0.0023577561044079752,
    "Crowd control": 0.002179430815544592,
    "Overwatch Valentine's Day Cards": 0.002179430815544592,
    "Strike Commander Morrison": 0.002179430815544592,
    "Shimada Clan": 0.002179430815544592
  },
  "hitsHubs": {
    "Overwatch Wiki": 0.10112248614509076,
    "Main Page": 2.790140971618041e-41,
    "Overwatch": 0.004621444326922954,
    "Tracer": 0.015323523645772373,
    "Reaper": 0.009526039724822898,
    "Widowmaker": 0.010196396464201339,
    "Winston": 0.014900012498871528,
    "Pharah": 0.009526039724822898,
    "Reinhardt": 0.01117756854662077,
    "Symmetra": 0.01117756854662077,
    "Torbj\u00f6rn": 0.01117756854662077,
    "Bastion": 0.01117756854662077,
    "Hanzo": 0.009632106931327034,
    "Mercy": 0.009526039724822898,
    "Zenyatta": 0.01165345229394554,
    "King's Row": 0.009959723372594488,
    "Temple of Anubis": 0.009959723372594488,
    "Hanamura": 0.014842509402404953,
    "Heroes": 0.09328264461427616,
    "Torbjorn": 0.005190214311307642,
    "Character": 5.145723757183203e-05,
    "Offense": 0.04190987304812787,
    "Defense": 0.024368128818554914,
    "Tank": 0.026025388330786218,
    "Support": 0.02955737359127585,
    "Jeremy Craig": 0.009526039724822898,
    "Jeff Kaplan": 0.009526039724822898,
    "Bill Petras": 0.009526039724822898,
    "Aaron Keller": 0.009526039724822898,
    "Scott Mercer": 0.009526039724822898,
    "Michael Elliott": 0.009526039724822898,
    "Maps": 0.016264465379288884,
    "Role": 0.09754410613249802,
    "Tanks": 0.0010741399471808158,
    "Shimada Empire": 0.006310946988784259,
    "Himalayas": 0.006386215399445235,
    "Tekhartha Mondatta": 0.0066604296356142095,
    "Shambali": 0.006862099146770006,
    "Omnic Crisis": 0.0,
    "Overwatch (organization)": 0.051349965391599466,
    "G\u00e9rard Lacroix": 0.0050759067073781056,
    "Torbjoern": 0.005190214311307642,
    "Zarya": 0.01117756854662077,
    "McCree": 0.009526039724822898,
    "Watchpoint: Gibraltar": 0.009526039724822898,
    "Soldier: 76": 0.009526039724822898,
    "L\u00facio": 0.01117756854662077,
    "Numbani": 0.009526039724822898,
    "Volskaya Industries": 0.009526039724822898,
    "Spectator Mode": 0.0,
    "Spectate": 2.790140971618041e-41,
    "SST Laboratories": 0.005949859805457268,
    "Sydney": 0.0016515288217978726,
    "Ultimate abilities": 2.790140971618041e-41,
    "Setup time": 0.005190214311307642,
    "Map": 0.000433683647771592,
    "Hero": 5.145723757183203e-05,
    "Ultimate Ability": 0.0,
    "Izumi": 0.0028020526893847973,
    "E54": 0.0045759680750462675,
    "Fortified": 0.0,
    "Soundwave": 0.0,
    "Crowd control": 0.05434410662779713,
    "Overwatch Valentine's Day Cards": 0.09328264461427616,
    "Strike Commander Morrison": 0.005867502090347924,
    "Shimada Clan": 0.0001060672065041369
  },
  "hitsAuths": {
    "Overwatch Wiki": 2.5363284902462592e-40,
    "Main Page": 0.0,
    "Overwatch": 0.08659478570817358,
    "Tracer": 0.04885115265241578,
    "Reaper": 0.047375889209746384,
    "Widowmaker": 0.0461416355901518,
    "Winston": 0.05270100611411584,
    "Pharah": 0.047672341788165415,
    "Reinhardt": 0.05118381045746633,
    "Symmetra": 0.04644930987103211,
    "Torbj\u00f6rn": 0.04718072872360784,
    "Bastion": 0.04159703153803949,
    "Hanzo": 0.044386106097007855,
    "Mercy": 0.046152857292613085,
    "Zenyatta": 0.04303983412103203,
    "King's Row": 0.012080159393578328,
    "Temple of Anubis": 0.012080159393578328,
    "Hanamura": 0.012982445567264817,
    "Heroes": 0.0004677629518021158,
    "Torbjorn": 0.0,
    "Character": 0.00045757329840302307,
    "Offense": 0.009657928387180796,
    "Defense": 0.009657928387180796,
    "Tank": 0.009764279935169063,
    "Support": 0.009657928387180796,
    "Jeremy Craig": 0.0,
    "Jeff Kaplan": 0.01001222696347295,
    "Bill Petras": 0.0,
    "Aaron Keller": 0.0,
    "Scott Mercer": 0.0,
    "Michael Elliott": 0.0,
    "Maps": 0.003942324788554063,
    "Role": 0.0,
    "Tanks": 0.0,
    "Shimada Empire": 0.0009641852525511161,
    "Himalayas": 0.002492696199587208,
    "Tekhartha Mondatta": 0.0018332411586424564,
    "Shambali": 0.0,
    "Omnic Crisis": 0.015012931768675571,
    "Overwatch (organization)": 0.0,
    "G\u00e9rard Lacroix": 0.0060937598279420645,
    "Torbjoern": 0.0,
    "Zarya": 0.04609960488057682,
    "McCree": 0.05275654736505491,
    "Watchpoint: Gibraltar": 0.011622586095175306,
    "Soldier: 76": 0.05333749394640333,
    "L\u00facio": 0.04644930987103211,
    "Numbani": 0.012489120706809173,
    "Volskaya Industries": 0.0,
    "Spectator Mode": 2.5363284902462592e-40,
    "Spectate": 0.0,
    "SST Laboratories": 0.0,
    "Sydney": 0.0,
    "Ultimate abilities": 0.0,
    "Setup time": 0.0,
    "Map": 0.0,
    "Hero": 0.0,
    "Ultimate Ability": 2.5363284902462592e-40,
    "Izumi": 0.0,
    "E54": 0.0,
    "Fortified": 0.005380658155308523,
    "Soundwave": 0.005380658155308523,
    "Crowd control": 0.0,
    "Overwatch Valentine's Day Cards": 0.0,
    "Strike Commander Morrison": 0.0,
    "Shimada Clan": 0.0
  },
  "averagePathLength": 2.8226600985221677
}