{
  "numNodes": 70,
  "numEdges": 227,
  "selfLinks": 0,
  "numStrongComponents": 40,
  "numWeakComponents": 3,
  "sizeLargestStrong": 31,
  "sizeLargestWeak": 66,
  "radius": 3,
  "diameter": 5,
  "averageInDegree": 3.242857142857143,
  "averageOutDegree": 3.242857142857143,
  "maxOutDegree": 25,
  "maxInDegree": 41,
  "pageRank": {
    "Overwatch Wiki": 0.003695139308786217,
    "Main Page": 0.0019447655170428434,
    "Overwatch": 0.24642687061523702,
    "Tracer": 0.00944769653161407,
    "Reaper": 0.0050239786016079944,
    "Widowmaker": 0.011818863032992668,
    "Winston": 0.00982952404781976,
    "Pharah": 0.004999497849275919,
    "Reinhardt": 0.005577651758415371,
    "Symmetra": 0.005103433413214575,
    "Torbj\u00f6rn": 0.01037903554077677,
    "Bastion": 0.007594349963003222,
    "Hanzo": 0.03594483658201324,
    "Mercy": 0.00512791416554665,
    "Zenyatta": 0.009384466008556027,
    "King's Row": 0.06399194263414427,
    "Temple of Anubis": 0.06399194263414427,
    "Hanamura": 0.07380684892366306,
    "Heroes": 0.04980314963007485,
    "Torbjorn": 0.0019447655170428434,
    "Character": 0.0019447655170428434,
    "Offense": 0.002020868725379512,
    "Defense": 0.002020868725379512,
    "Tank": 0.0037712425171228855,
    "Support": 0.002020868725379512,
    "Jeremy Craig": 0.0019447655170428434,
    "Jeff Kaplan": 0.0020777991597210397,
    "Bill Petras": 0.0019447655170428434,
    "Aaron Keller": 0.0019447655170428434,
    "Scott Mercer": 0.0019447655170428434,
    "Michael Elliott": 0.0019447655170428434,
    "Maps": 0.13655705272028934,
    "Role": 0.0019447655170428434,
    "Tanks": 0.0019447655170428434,
    "Shimada Empire": 0.019868960226142308,
    "Himalayas": 0.0058426389037902005,
    "Tekhartha Mondatta": 0.004494190658526175,
    "Shambali": 0.0019447655170428434,
    "Omnic Crisis": 0.028595638890816823,
    "Overwatch (organization)": 0.0019447655170428434,
    "G\u00e9rard Lacroix": 0.007422247703235223,
    "Torbjoern": 0.0019447655170428434,
    "Zarya": 0.005418526868256882,
    "McCree": 0.005158622739434407,
    "Watchpoint: Gibraltar": 0.019634306104599018,
    "Omnics": 0.0019447655170428434,
    "Soldier: 76": 0.00690899653117778,
    "L\u00facio": 0.005103433413214575,
    "Numbani": 0.02138467989634239,
    "Volskaya Industries": 0.0019447655170428434,
    "Junkrat": 0.005686891343795699,
    "Roadhog": 0.008561220040078955,
    "Dorado": 0.01950127246192082,
    "Spectator Mode": 0.003695139308786217,
    "Spectate": 0.0019447655170428434,
    "SST Laboratories": 0.0019447655170428434,
    "Sydney": 0.0019447655170428434,
    "Ultimate abilities": 0.0019447655170428434,
    "Setup time": 0.0019447655170428434,
    "Map": 0.0019447655170428434,
    "Hero": 0.0019447655170428434,
    "Ultimate Ability": 0.003695139308786217,
    "Izumi": 0.0019447655170428434,
    "E54": 0.0019447655170428434,
    "Fortified": 0.002079409654869257,
    "Soundwave": 0.002079409654869257,
    "Crowd control": 0.0019447655170428434,
    "Overwatch Valentine's Day Cards": 0.0019447655170428434,
    "Strike Commander Morrison": 0.0019447655170428434,
    "Shimada Clan": 0.0019447655170428434
  },
  "hitsHubs": {
    "Overwatch Wiki": 0.10032064114748111,
    "Main Page": 3.688088751865453e-42,
    "Overwatch": 0.004086814060758224,
    "Tracer": 0.013874908414921337,
    "Reaper": 0.008641167574982926,
    "Widowmaker": 0.0091824697954309,
    "Winston": 0.013379078151851886,
    "Pharah": 0.008641167574982926,
    "Reinhardt": 0.010088270032761732,
    "Symmetra": 0.010088270032761732,
    "Torbj\u00f6rn": 0.010088270032761732,
    "Bastion": 0.010088270032761732,
    "Hanzo": 0.00872800255680509,
    "Mercy": 0.008641167574982926,
    "Zenyatta": 0.010471848651589151,
    "King's Row": 0.009086645208198605,
    "Temple of Anubis": 0.009086645208198605,
    "Hanamura": 0.013429328350860097,
    "Heroes": 0.09338838183912715,
    "Torbjorn": 0.004636932582453453,
    "Character": 4.106834189692527e-05,
    "Offense": 0.0374851347855796,
    "Defense": 0.02670288484818741,
    "Tank": 0.028506758006952307,
    "Support": 0.026617106923356622,
    "Jeremy Craig": 0.008641167574982926,
    "Jeff Kaplan": 0.008641167574982926,
    "Bill Petras": 0.008641167574982926,
    "Aaron Keller": 0.008641167574982926,
    "Scott Mercer": 0.008641167574982926,
    "Michael Elliott": 0.008641167574982926,
    "Maps": 0.01473027603072638,
    "Role": 0.09722912837220173,
    "Tanks": 0.0009673335366758408,
    "Shimada Empire": 0.005595699185011519,
    "Himalayas": 0.0056687926356184,
    "Tekhartha Mondatta": 0.00588959113188297,
    "Shambali": 0.00605237125444582,
    "Omnic Crisis": 0.0,
    "Overwatch (organization)": 0.045766480950917274,
    "G\u00e9rard Lacroix": 0.004544666808433181,
    "Torbjoern": 0.004636932582453453,
    "Zarya": 0.010088270032761732,
    "McCree": 0.008641167574982926,
    "Watchpoint: Gibraltar": 0.008641167574982926,
    "Omnics": 0.0014471024577788069,
    "Soldier: 76": 0.008641167574982926,
    "L\u00facio": 0.010088270032761732,
    "Numbani": 0.008641167574982926,
    "Volskaya Industries": 0.008641167574982926,
    "Junkrat": 0.013529744679343085,
    "Roadhog": 0.008641167574982926,
    "Dorado": 0.009086645208198605,
    "Spectator Mode": 0.0,
    "Spectate": 3.688088751865453e-42,
    "SST Laboratories": 0.0053529578609810505,
    "Sydney": 0.011073205167303294,
    "Ultimate abilities": 3.688088751865453e-42,
    "Setup time": 0.004636932582453453,
    "Map": 0.0004454776332156791,
    "Hero": 4.106834189692527e-05,
    "Ultimate Ability": 0.0,
    "Izumi": 0.0024633816261775583,
    "E54": 0.0041425922771535185,
    "Fortified": 0.0,
    "Soundwave": 0.0,
    "Crowd control": 0.05881552442381714,
    "Overwatch Valentine's Day Cards": 0.09338838183912715,
    "Strike Commander Morrison": 0.005237095737401605,
    "Shimada Clan": 8.683498182216429e-05
  },
  "hitsAuths": {
    "Overwatch Wiki": 3.4019618639806333e-41,
    "Main Page": 0.0,
    "Overwatch": 0.07970774167375669,
    "Tracer": 0.04370337099210541,
    "Reaper": 0.042487647880798174,
    "Widowmaker": 0.04192085442349543,
    "Winston": 0.04827700183305674,
    "Pharah": 0.04367338157250574,
    "Reinhardt": 0.04701622387545221,
    "Symmetra": 0.0426858312733257,
    "Torbj\u00f6rn": 0.04277193113472928,
    "Bastion": 0.03821204394218736,
    "Hanzo": 0.04005771941147943,
    "Mercy": 0.04150009758161813,
    "Zenyatta": 0.03894165773339248,
    "King's Row": 0.010825745357135517,
    "Temple of Anubis": 0.010825745357135517,
    "Hanamura": 0.011558053717863028,
    "Heroes": 0.0003788220467297333,
    "Torbjorn": 0.0,
    "Character": 0.0,
    "Offense": 0.00883496583270533,
    "Defense": 0.00883496583270533,
    "Tank": 0.008922864993029802,
    "Support": 0.00883496583270533,
    "Jeremy Craig": 0.0,
    "Jeff Kaplan": 0.009115883806735208,
    "Bill Petras": 0.0,
    "Aaron Keller": 0.0,
    "Scott Mercer": 0.0,
    "Michael Elliott": 0.0,
    "Maps": 0.004109168790174983,
    "Role": 0.0,
    "Tanks": 0.0,
    "Shimada Empire": 0.0008009820709141965,
    "Himalayas": 0.002036686518285125,
    "Tekhartha Mondatta": 0.0015015142162530912,
    "Shambali": 0.0,
    "Omnic Crisis": 0.013348343019527595,
    "Overwatch (organization)": 0.0,
    "G\u00e9rard Lacroix": 0.0049930726583535,
    "Torbjoern": 0.0,
    "Zarya": 0.042857539104525645,
    "McCree": 0.0478320663434323,
    "Watchpoint: Gibraltar": 0.010454386863853514,
    "Omnics": 0.0,
    "Soldier: 76": 0.04830794803309485,
    "L\u00facio": 0.0426858312733257,
    "Numbani": 0.011164637932243928,
    "Volskaya Industries": 0.0,
    "Junkrat": 0.043699819941287535,
    "Roadhog": 0.045093147147693295,
    "Dorado": 0.0013385030571183083,
    "Spectator Mode": 3.4019618639806333e-41,
    "Spectate": 0.0,
    "SST Laboratories": 0.0,
    "Sydney": 0.0,
    "Ultimate abilities": 0.0,
    "Setup time": 0.0,
    "Map": 0.0,
    "Hero": 0.0,