{
  "numNodes": 58,
  "numEdges": 166,
  "selfLinks": 0,
  "numStrongComponents": 36,
  "numWeakComponents": 3,
  "sizeLargestStrong": 23,
  "sizeLargestWeak": 54,
  "radius": 2,
  "diameter": 5,
  "averageInDegree": 2.8620689655172415,
  "averageOutDegree": 2.8620689655172415,
  "maxOutDegree": 17,
  "maxInDegree": 31,
  "pageRank": {
    "Overwatch Wiki": 0.004776760483131035,
    "Main Page": 0.002514042489112389,
    "Overwatch": 0.2158575366808141,
    "Tracer": 0.01628782059556889,
    "Reaper": 0.008548342831294924,
    "Widowmaker": 0.018759657610715595,
    "Winston": 0.01719799977543882,
    "Pharah": 0.008620175148565359,
    "Reinhardt": 0.009868118187869371,
    "Symmetra": 0.008739300998234582,
    "Torbj\u00f6rn": 0.015455622663020085,
    "Bastion": 0.012941491558554924,
    "Hanzo": 0.041203448430641755,
    "Mercy": 0.008667468680964147,
    "Zenyatta": 0.014619166853507925,
    "King's Row": 0.061659100690862945,
    "Temple of Anubis": 0.061659100690862945,
    "Hanamura": 0.08399327933394954,
    "Heroes": 0.06855811476638593,
    "Torbjorn": 0.002514042489112389,
    "Character": 0.0348925055678367,
    "Offense": 0.002647143547584074,
    "Defense": 0.002647143547584074,
    "Tank": 0.00490986154160272,
    "Support": 0.002647143547584074,
    "Jeremy Craig": 0.002514042489112389,
    "Jeff Kaplan": 0.0027669425469498805,
    "Bill Petras": 0.002514042489112389,
    "Aaron Keller": 0.002514042489112389,
    "Scott Mercer": 0.002514042489112389,
    "Michael Elliott": 0.002514042489112389,
    "Maps": 0.11784008469281228,
    "Role": 0.002514042489112389,
    "Tanks": 0.002514042489112389,
    "Shimada Empire": 0.017137512481110045,
    "Himalayas": 0.008280222079676467,
    "Tekhartha Mondatta": 0.0063692700552098165,
    "Shambali": 0.002514042489112389,
    "Omnic Crisis": 0.035673442577901185,
    "Overwatch (organization)": 0.002514042489112389,
    "G\u00e9rard Lacroix": 0.011211105295147501,
    "Torbjoern": 0.002514042489112389,
    "Spectator Mode": 0.004776760483131035,
    "Spectate": 0.002514042489112389,
    "SST Laboratories": 0.002514042489112389,
    "Sydney": 0.002514042489112389,
    "Ultimate abilities": 0.002514042489112389,
    "Setup time": 0.002514042489112389,
    "Map": 0.002514042489112389,
    "Hero": 0.002514042489112389,
    "Ultimate Ability": 0.004776760483131035,
    "Izumi": 0.002514042489112389,
    "E54": 0.002514042489112389,
    "Fortified": 0.002837287916829338,
    "Soundwave": 0.002837287916829338,
    "Crowd control": 0.002514042489112389,
    "Overwatch Valentine's Day Cards": 0.002514042489112389,
    "Shimada Clan": 0.002514042489112389
  },
  "hitsHubs": {
    "Overwatch Wiki": 0.09882976126232612,
    "Main Page": 5.4640800517784006e-39,
    "Overwatch": 0.006533996559758829,
    "Tracer": 0.01957482120934985,
    "Reaper": 0.01222355717319637,
    "Widowmaker": 0.013136463142326488,
    "Winston": 0.01916157190481488,
    "Pharah": 0.01222355717319637,
    "Reinhardt": 0.014388222421713582,
    "Symmetra": 0.014388222421713582,
    "Torbj\u00f6rn": 0.014388222421713582,
    "Bastion": 0.014388222421713582,
    "Hanzo": 0.014536929141641347,
    "Mercy": 0.01222355717319637,
    "Zenyatta": 0.015206340795153683,
    "King's Row": 0.012968877528209804,
    "Temple of Anubis": 0.012968877528209804,
    "Hanamura": 0.019302143737864496,
    "Heroes": 0.0918267155927008,
    "Torbjorn": 0.006859926638168899,
    "Character": 9.543516813354696e-05,
    "Offense": 0.03867863976992508,
    "Defense": 0.031757931541692624,
    "Tank": 0.026648291441997107,
    "Support": 0.03141252435867509,
    "Jeremy Craig": 0.01222355717319637,
    "Jeff Kaplan": 0.01222355717319637,
    "Bill Petras": 0.01222355717319637,
    "Aaron Keller": 0.01222355717319637,
    "Scott Mercer": 0.01222355717319637,
    "Michael Elliott": 0.01222355717319637,
    "Maps": 0.01782407175590422,
    "Role": 0.09737410164542319,
    "Tanks": 0.0014017662656302596,
    "Shimada Empire": 0.008437369219000746,
    "Himalayas": 0.008376063245637635,
    "Tekhartha Mondatta": 0.008847904436852006,
    "Shambali": 0.009194181619077736,
    "Omnic Crisis": 0.0,
    "Overwatch (organization)": 0.05119172167880863,
    "G\u00e9rard Lacroix": 0.006662420040797928,
    "Torbjoern": 0.006859926638168899,
    "Spectator Mode": 0.0,
    "Spectate": 5.4640800517784006e-39,
    "SST Laboratories": 0.006012027689529431,
    "Sydney": 0.0021646652485172112,
    "Ultimate abilities": 5.4640800517784006e-39,
    "Setup time": 0.006859926638168899,
    "Map": 0.0007453203550134352,
    "Hero": 9.543516813354696e-05,
    "Ultimate Ability": 0.0,
    "Izumi": 0.0021041030093460556,
    "E54": 0.006012027689529431,
    "Fortified": 0.0,
    "Soundwave": 0.0,
    "Crowd control": 0.04073683153809145,
    "Overwatch Valentine's Day Cards": 0.0918267155927008,
    "Shimada Clan": 0.00020926895909892214
  },
  "hitsAuths": {
    "Overwatch Wiki": 4.941657334772786e-38,
    "Main Page": 0.0,
    "Overwatch": 0.11054858345693594,
    "Tracer": 0.06274668574100664,
    "Reaper": 0.06028738603937289,
    "Widowmaker": 0.06025423593717421,
    "Winston": 0.06648406959609918,
    "Pharah": 0.058945548935045985,
    "Reinhardt": 0.06397173124519202,
    "Symmetra": 0.05801297641227742,
    "Torbj\u00f6rn": 0.06204046512180449,
    "Bastion": 0.05437215495982832,
    "Hanzo": 0.05727740282249804,
    "Mercy": 0.05935481351660434,
    "Zenyatta": 0.05617523934641646,
    "King's Row": 0.015810591840857324,
    "Temple of Anubis": 0.015810591840857324,
    "Hanamura": 0.0190292894150924,
    "Heroes": 0.000863105763702934,
    "Torbjorn": 0.0,
    "Character": 0.000838608433112209,
    "Offense": 0.012497518480654604,
    "Defense": 0.012497518480654604,
    "Tank": 0.01267742873923356,
    "Support": 0.012497518480654604,
    "Jeremy Craig": 0.0,
    "Jeff Kaplan": 0.012684345703640845,
    "Bill Petras": 0.0,
    "Aaron Keller": 0.0,
    "Scott Mercer": 0.0,
    "Michael Elliott": 0.0,
    "Maps": 0.006740599998912624,
    "Role": 0.0,
    "Tanks": 0.0,
    "Shimada Empire": 0.001892606764307696,
    "Himalayas": 0.004267282802076684,
    "Tekhartha Mondatta": 0.003131694926126302,
    "Shambali": 0.0,
    "Omnic Crisis": 0.01957700802568084,
    "Overwatch (organization)": 0.0,
    "G\u00e9rard Lacroix": 0.008256226913881714,
    "Torbjoern": 0.0,
    "Spectator Mode": 4.941657334772786e-38,
    "Spectate": 0.0,
    "SST Laboratories": 0.0,
    "Sydney": 0.0,
    "Ultimate abilities": 0.0,
    "Setup time": 0.0,
    "Map": 0.0,
    "Hero": 0.0,
    "Ultimate Ability": 4.941657334772786e-38,
    "Izumi": 0.0,
    "E54": 0.0,
    "Fortified": 0.005228385130148895,
    "Soundwave": 0.005228385130148895,
    "Crowd control": 0.0,
    "Overwatch Valentine's Day Cards": 0.0,
    "Shimada Clan": 0.0
  },
  "averagePathLength": 2.768774703557312
}