{
  "numNodes": 83,
  "numEdges": 294,
  "selfLinks": 0,
  "numStrongComponents": 47,
  "numWeakComponents": 3,
  "sizeLargestStrong": 37,
  "sizeLargestWeak": 79,
  "radius": 3,
  "diameter": 5,
  "averageInDegree": 3.5421686746987953,
  "averageOutDegree": 3.5421686746987953,
  "maxOutDegree": 31,
  "maxInDegree": 46,
  "pageRank": {
    "Overwatch Wiki": 0.0037926690949351815,
    "Main Page": 0.0019961112125050744,
    "Overwatch": 0.24905080609617428,
    "Tracer": 0.030698818201287753,
    "Reaper": 0.036607778664704944,
    "Widowmaker": 0.023691763687735807,
    "Winston": 0.037190593603665355,
    "Pharah": 0.020518181935864355,
    "Reinhardt": 0.003958790508773044,
    "Symmetra": 0.008368453628356864,
    "Torbj\u00f6rn": 0.007724538343081837,
    "Bastion": 0.02211677576402578,
    "Hanzo": 0.016500363942508135,
    "Mercy": 0.022491770013058257,
    "Zenyatta": 0.015462846849384272,
    "King's Row": 0.030920547596168493,
    "Temple of Anubis": 0.02378450374430513,
    "Hanamura": 0.03356751564026434,
    "Heroes": 0.02159836649249633,
    "Torbjorn": 0.0019961112125050744,
    "Character": 0.0019961112125050744,
    "Offense": 0.0020742224247846442,
    "Defense": 0.0020742224247846442,
    "Tank": 0.0038707803072147518,
    "Support": 0.0020742224247846442,
    "Jeremy Craig": 0.0019961112125050744,
    "Jeff Kaplan": 0.002106223403377483,
    "Bill Petras": 0.0019961112125050744,
    "Aaron Keller": 0.0019961112125050744,
    "Scott Mercer": 0.0019961112125050744,
    "Michael Elliott": 0.0019961112125050744,
    "Maps": 0.050394183654391696,
    "Role": 0.0019961112125050744,
    "Tanks": 0.0019961112125050744,
    "Shimada Empire": 0.008742673322335935,
    "Himalayas": 0.007701802265777088,
    "Tekhartha Mondatta": 0.005924490633172442,
    "Shambali": 0.0019961112125050744,
    "Omnic Crisis": 0.03528436379021644,
    "Overwatch (organization)": 0.0019961112125050744,
    "G\u00e9rard Lacroix": 0.009224560789714328,
    "Torbjoern": 0.0019961112125050744,
    "Zarya": 0.0038390199832777027,
    "McCree": 0.004796546830659721,
    "Watchpoint: Gibraltar": 0.01893247296458589,
    "Omnics": 0.0019961112125050744,
    "Soldier: 76": 0.037924447341700494,
    "L\u00facio": 0.006757297135052895,
    "Numbani": 0.025581061626735235,
    "Volskaya Industries": 0.009005136006516739,
    "Junkrat": 0.004123936920378163,
    "Roadhog": 0.00629360892118974,
    "Dorado": 0.007775364229174093,
    "Talon": 0.01337461501157418,
    "Escort": 0.002594963839981777,
    "Assault": 0.002594963839981777,
    "Lucio": 0.0019961112125050744,
    "D.Va": 0.009803667549145243,
    "Mei": 0.0035667436061172313,
    "Genji": 0.012638237784703637,
    "Hollywood": 0.002106223403377483,
    "Ana": 0.002186507292436526,
    "Volskaya": 0.007665252038301685,
    "Vishkar Corporation": 0.005906074369852396,
    "Blackwatch": 0.0021158817380004147,
    "Utopaea": 0.005207904019586623,
    "Spectator Mode": 0.0037926690949351815,
    "Spectate": 0.0019961112125050744,
    "SST Laboratories": 0.0019961112125050744,
    "Sydney": 0.0019961112125050744,
    "Ultimate abilities": 0.0019961112125050744,
    "Setup time": 0.0019961112125050744,
    "Map": 0.0019961112125050744,
    "Hero": 0.0019961112125050744,
    "Ultimate Ability": 0.0037926690949351815,
    "Izumi": 0.0019961112125050744,
    "E54": 0.0019961112125050744,
    "Fortified": 0.002108396080156956,
    "Soundwave": 0.002108396080156956,
    "Crowd control": 0.0019961112125050744,
    "Overwatch Valentine's Day Cards": 0.0019961112125050744,
    "Strike Commander Morrison": 0.0019961112125050744,
    "Shimada Clan": 0.0019961112125050744
  },
  "hitsHubs": {
    "Overwatch Wiki": 0.09322629086326646,
    "Main Page": 1.2595932788588997e-41,
    "Overwatch": 0.03749601881063386,
    "Tracer": 0.011458887390790325,
    "Reaper": 0.011358905729182679,
    "Widowmaker": 0.007923287013637944,
    "Winston": 0.011871255181134587,
    "Pharah": 0.007026028803768645,
    "Reinhardt": 0.008173846389830139,
    "Symmetra": 0.00845453779701539,
    "Torbj\u00f6rn": 0.008173846389830139,
    "Bastion": 0.008173846389830139,
    "Hanzo": 0.008434062065778822,
    "Mercy": 0.007026028803768645,
    "Zenyatta": 0.008434320286899189,
    "King's Row": 0.007688528202327777,
    "Temple of Anubis": 0.008967217019709995,
    "Hanamura": 0.017182998911108287,
    "Heroes": 0.08392606046830696,
    "Torbjorn": 0.003511558257868589,
    "Character": 0.0003170091743412954,
    "Offense": 0.030625516946138458,
    "Defense": 0.02819381818375038,
    "Tank": 0.02541003412686384,
    "Support": 0.021554552593495216,
    "Jeremy Craig": 0.007026028803768645,
    "Jeff Kaplan": 0.007026028803768645,
    "Bill Petras": 0.007026028803768645,
    "Aaron Keller": 0.007026028803768645,
    "Scott Mercer": 0.007026028803768645,
    "Michael Elliott": 0.007026028803768645,
    "Maps": 0.014111864732678543,
    "Role": 0.0774318118996578,
    "Tanks": 0.0006491570781309803,
    "Shimada Empire": 0.0049838125043737665,
    "Himalayas": 0.004596795207114499,
    "Tekhartha Mondatta": 0.0047467642083291565,
    "Shambali": 0.004857269104183549,
    "Omnic Crisis": 0.0,
    "Overwatch (organization)": 0.04391972622143705,
    "G\u00e9rard Lacroix": 0.004236682537419248,
    "Torbjoern": 0.003511558257868589,
    "Zarya": 0.012165669565202784,
    "McCree": 0.007026028803768645,
    "Watchpoint: Gibraltar": 0.02147422710036648,
    "Omnics": 0.001147817586061494,
    "Soldier: 76": 0.010871851565210816,
    "L\u00facio": 0.008313252055888155,
    "Numbani": 0.007026028803768645,
    "Volskaya Industries": 0.007026028803768645,
    "Junkrat": 0.01066641178893114,
    "Roadhog": 0.007026028803768645,
    "Dorado": 0.007688528202327777,
    "Talon": 0.0,
    "Escort": 0.0,
    "Assault": 0.0,
    "Lucio": 0.0035506351576885665,
    "D.Va": 0.007026028803768645,
    "Mei": 0.007026028803768645,
    "Genji": 0.017950754410378158,
    "Hollywood": 0.007026028803768645,
    "Ana": 0.010954375367587263,
    "Volskaya": 0.0007815716189065945,
    "Vishkar Corporation": 0.00853938852717063,
    "Blackwatch": 0.0,
    "Utopaea": 0.0,
    "Spectator Mode": 0.0,
    "Spectate": 1.2595932788588997e-41,
    "SST Laboratories": 0.004702620359128603,
    "Sydney": 0.00836304820684005,
    "Ultimate abilities": 1.2595932788588997e-41,
    "Setup time": 0.0035709350247436654,
    "Map": 0.000662499398559131,
    "Hero": 0.0003170091743412954,
    "Ultimate Ability": 0.0,
    "Izumi": 0.0026021932552796724,
    "E54": 0.003437752591357856,
    "Fortified": 0.0,
    "Soundwave": 0.0,
    "Crowd control": 0.05376321056619108,
    "Overwatch Valentine's Day Cards": 0.08508039177846083,
    "Strike Commander Morrison": 0.004332876925414033,
    "Shimada Clan": 7.070777450125028e-05
  },
  "hitsAuths": {
    "Overwatch Wiki": 1.2344920342137206e-40,
    "Main Page": 0.0,
    "Overwatch": 0.06886013712510583,
    "Tracer": 0.037773263494238304,
    "Reaper": 0.037691829923855974,
    "Widowmaker": 0.036953041905381526,
    "Winston": 0.04344520335509958,
    "Pharah": 0.03850062255856297,
    "Reinhardt": 0.03770648509198727,
    "Symmetra": 0.03625923211282233,
    "Torbj\u00f6rn": 0.03441579730358177,
    "Bastion": 0.03369244867258657,
    "Hanzo": 0.035738196215698174,
    "Mercy": 0.03752951243958583,
    "Zenyatta": 0.03380246203940151,
    "King's Row": 0.01253207035787415,
    "Temple of Anubis": 0.01180140209991442,
    "Hanamura": 0.013106751911032439,
    "Heroes": 0.0031069179795205665,
    "Torbjorn": 0.0,
    "Character": 0.0,
    "Offense": 0.006309311674982899,
    "Defense": 0.006309311674982899,
    "Tank": 0.006362206399133383,
    "Support": 0.006309311674982899,
    "Jeremy Craig": 0.0,
    "Jeff Kaplan": 0.007596280016234862,
    "Bill Petras": 0.0,
    "Aaron Keller": 0.0,
    "Scott Mercer": 0.0,
    "Michael Elliott": 0.0,
    "Maps": 0.006492970738408046,
    "Role": 0.0,
    "Tanks": 0.0,
    "Shimada Empire": 0.0006929870605363209,