{
  "numNodes": 61,
  "numEdges": 63,
  "selfLinks": 1,
  "numStrongComponents": 59,
  "numWeakComponents": 6,
  "sizeLargestStrong": 2,
  "sizeLargestWeak": 47,
  "radius": 1,
  "diameter": 1,
  "averageInDegree": 1.0327868852459017,
  "averageOutDegree": 1.0327868852459017,
  "maxOutDegree": 11,
  "maxInDegree": 25,
  "pageRank": {
    "Main Page": 0.006663037115393623,
    "List of PlayStation 2 games": 0.006663037115393623,
    "Dark Cloud": 0.007208196485472107,
    "Final Fantasy X": 0.007208196485472107,
    "Final Fantasy X-2": 0.007208196485472107,
    "Dark Chronicle": 0.013695594835647563,
    "Monster Hunter": 0.007208196485472107,
    "Monster Hunter 2": 0.007208196485472107,
    "Monster Hunter 3": 0.007208196485472107,
    "PlayStation 2": 0.06325333715147474,
    "PlayStation (console)": 0.018056888258690364,
    "Lego Batman: The Video Game": 0.007208196485472107,
    "Star Wars: The Force Unleashed": 0.007208196485472107,
    "Yakuza 2": 0.007208196485472107,
    "Hannah Montana: Spotlight World Tour": 0.007208196485472107,
    "PlayStation 3": 0.20825209881262272,
    "Playstation Event Project": 0.009661413650825287,
    "Playstation 2 Game project": 0.009661413650825287,
    "PlayStation 1": 0.012659790186256951,
    "Rayman Arena": 0.006663037115393623,
    "PSP": 0.012659790186256951,
    "Ys: The Oath in Felghana": 0.006663037115393623,
    "Pop'n music 10": 0.006663037115393623,
    "Dragon Quest Heroes": 0.006663037115393623,
    "LittleBigPlanet 2": 0.006663037115393623,
    "LittleBigPlanet Karting": 0.006663037115393623,
    "Fearful Harmony": 0.006663037115393623,
    "PlayStation 4K": 0.006663037115393623,
    "PlayStation Neo": 0.012659790186256951,
    "Lego Batman 2: DC Super Heroes": 0.006663037115393623,
    "Lego Batman 3: Beyond Gotham": 0.006663037115393623,
    "Star Wars: The Force Unleashed II": 0.006663037115393623,
    "Kingdom Hearts II": 0.006663037115393623,
    "Crash Bandicoot": 0.012114649901254878,
    "Crash Bandicoot 2: Cortex Strikes Back": 0.015113026436686543,
    "Crash Bandicoot 3: Warp": 0.006663037115393623,
    "Star Wars: Battlefront": 0.006663037115393623,
    "Lego Star Wars: The Video Game": 0.006663037115393623,
    "Lego Star Wars II: The Original Trilogy": 0.006663037115393623,
    "Lego Star Wars: The Complete Saga": 0.006663037115393623,
    "Spyro the Dragon": 0.006663037115393623,
    "Spyro: Ripto's Rage": 0.006663037115393623,
    "Star Wars Episode III: Revenge of the Sith (Video Game)": 0.006663037115393623,
    "Lego Star Wars III: The Clone Wars": 0.006663037115393623,
    "Lego Indiana Jones: The Original Adventures": 0.006663037115393623,
    "Lego Indiana Jones 2: The Adventure Continues": 0.006663037115393623,
    "Lego Harry Potter Years 1-4": 0.006663037115393623,
    "Lego Harry Potter Years 5-7": 0.006663037115393623,
    "Lego The Lord of the Rings": 0.006663037115393623,
    "Lego The Hobbit": 0.006663037115393623,
    "Lego Marvel Super Heroes": 0.006663037115393623,
    "Lego Marvel's Avengers": 0.006663037115393623,
    "The Lego Movie Videogame": 0.006663037115393623,
    "Lego Rock Band": 0.006663037115393623,
    "Lego Pirates of the Caribbean: The Video Game": 0.006663037115393623,
    "Lego Jurassic World": 0.006663037115393623,
    "Spyro: Enter the Dragonfly": 0.12344221012770466,
    "Spyro: A Hero's Tail": 0.12972908786977638,
    "The Legend of Spyro: A New Beginning": 0.016237773744135882,
    "The Legend of Spyro: The Eternal Night": 0.021277097363951333,
    "The Legend of Spyro: Dawn of the Dragon": 0.016237773744135882
  },
  "hitsHubs": {
    "Main Page": 1.2273797703062418e-27,
    "List of PlayStation 2 games": 1.7522785702101692e-10,
    "Dark Cloud": 1.735097717012714e-11,
    "Final Fantasy X": 0.0,
    "Final Fantasy X-2": 0.0,
    "Dark Chronicle": 0.0,
    "Monster Hunter": 0.0,
    "Monster Hunter 2": 0.0,
    "Monster Hunter 3": 0.0,
    "PlayStation 2": 0.037026986906731583,
    "PlayStation (console)": 0.04413906025541629,
    "Lego Batman: The Video Game": 0.0,
    "Star Wars: The Force Unleashed": 0.0,
    "Yakuza 2": 0.0,
    "Hannah Montana: Spotlight World Tour": 0.007112073348684706,
    "PlayStation 3": 0.0,
    "Playstation Event Project": 0.0,
    "Playstation 2 Game project": 0.0,
    "PlayStation 1": 1.4631507042720816e-34,
    "Rayman Arena": 0.007112073348684706,
    "PSP": 0.0,
    "Ys: The Oath in Felghana": 1.4631507042720816e-34,
    "Pop'n music 10": 0.007112073348684706,
    "Dragon Quest Heroes": 0.037026986906731583,
    "LittleBigPlanet 2": 0.037026986906731583,
    "LittleBigPlanet Karting": 0.037026986906731583,
    "Fearful Harmony": 1.4631507042720816e-34,
    "PlayStation 4K": 1.4631507042720816e-34,
    "PlayStation Neo": 0.0,
    "Lego Batman 2: DC Super Heroes": 0.037026986906731583,
    "Lego Batman 3: Beyond Gotham": 0.037026986906731583,
    "Star Wars: The Force Unleashed II": 0.037026986906731583,
    "Kingdom Hearts II": 0.007112073348684706,
    "Crash Bandicoot": 0.0016341913952815038,
    "Crash Bandicoot 2: Cortex Strikes Back": 0.037026986906731583,
    "Crash Bandicoot 3: Warp": 0.03859738916373506,
    "Star Wars: Battlefront": 0.007112073348684706,
    "Lego Star Wars: The Video Game": 0.007112073348684706,
    "Lego Star Wars II: The Original Trilogy": 0.007112073348684706,
    "Lego Star Wars: The Complete Saga": 0.037026986906731583,
    "Spyro the Dragon": 1.3774565840313757e-23,
    "Spyro: Ripto's Rage": 1.3774565840313757e-23,
    "Star Wars Episode III: Revenge of the Sith (Video Game)": 0.04413906025541629,
    "Lego Star Wars III: The Clone Wars": 0.037026986906731583,
    "Lego Indiana Jones: The Original Adventures": 0.04413906025541629,
    "Lego Indiana Jones 2: The Adventure Continues": 0.037026986906731583,
    "Lego Harry Potter Years 1-4": 0.037026986906731583,
    "Lego Harry Potter Years 5-7": 0.037026986906731583,
    "Lego The Lord of the Rings": 0.037026986906731583,
    "Lego The Hobbit": 0.037026986906731583,
    "Lego Marvel Super Heroes": 0.037026986906731583,
    "Lego Marvel's Avengers": 0.037026986906731583,
    "The Lego Movie Videogame": 0.037026986906731583,
    "Lego Rock Band": 0.037026986906731583,
    "Lego Pirates of the Caribbean: The Video Game": 0.037026986906731583,
    "Lego Jurassic World": 0.037026986906731583,
    "Spyro: Enter the Dragonfly": 1.3774565840313757e-23,
    "Spyro: A Hero's Tail": 1.4631507042720816e-34,
    "The Legend of Spyro: A New Beginning": 1.4631507042720816e-34,
    "The Legend of Spyro: The Eternal Night": 1.2273797703062418e-27,
    "The Legend of Spyro: Dawn of the Dragon": 0.0
  },
  "hitsAuths": {
    "Main Page": 0.0,
    "List of PlayStation 2 games": 0.0,
    "Dark Cloud": 3.449107798836117e-10,
    "Final Fantasy X": 3.449107798836117e-10,
    "Final Fantasy X-2": 3.449107798836117e-10,
    "Dark Chronicle": 3.790636775405951e-10,
    "Monster Hunter": 3.449107798836117e-10,
    "Monster Hunter 2": 3.449107798836117e-10,
    "Monster Hunter 3": 3.449107798836117e-10,
    "PlayStation 2": 0.15537618729234517,
    "PlayStation (console)": 3.196519027829617e-33,
    "Lego Batman: The Video Game": 3.449107798836117e-10,
    "Star Wars: The Force Unleashed": 3.449107798836117e-10,
    "Yakuza 2": 3.449107798836117e-10,
    "Hannah Montana: Spotlight World Tour": 3.449107798836117e-10,
    "PlayStation 3": 0.8089219233875743,
    "Playstation Event Project": 1.3407172544501873e-26,
    "Playstation 2 Game project": 1.3407172544501873e-26,
    "PlayStation 1": 3.196519027829617e-33,
    "Rayman Arena": 0.0,
    "PSP": 3.196519027829617e-33,
    "Ys: The Oath in Felghana": 0.0,
    "Pop'n music 10": 0.0,
    "Dragon Quest Heroes": 0.0,
    "LittleBigPlanet 2": 0.0,
    "LittleBigPlanet Karting": 0.0,
    "Fearful Harmony": 0.0,
    "PlayStation 4K": 0.0,
    "PlayStation Neo": 3.196519027829617e-33,
    "Lego Batman 2: DC Super Heroes": 0.0,
    "Lego Batman 3: Beyond Gotham": 0.0,