{
  "numNodes": 40,
  "numEdges": 35,
  "selfLinks": 1,
  "numStrongComponents": 38,
  "numWeakComponents": 8,
  "sizeLargestStrong": 2,
  "sizeLargestWeak": 13,
  "radius": 1,
  "diameter": 1,
  "averageInDegree": 0.875,
  "averageOutDegree": 0.875,
  "maxOutDegree": 8,
  "maxInDegree": 10,
  "pageRank": {
    "Main Page": 0.009876314024988626,
    "List of PlayStation 2 games": 0.009876314024988626,
    "Dark Cloud": 0.009876314024988626,
    "Final Fantasy X": 0.01098739981615671,
    "Final Fantasy X-2": 0.01098739981615671,
    "Dark Chronicle": 0.019876086145501376,
    "Monster Hunter": 0.01098739981615671,
    "Monster Hunter 2": 0.01098739981615671,
    "Monster Hunter 3": 0.01098739981615671,
    "PlayStation 2": 0.11396284253811438,
    "PlayStation (console)": 0.026764821971515237,
    "Lego Batman: The Video Game": 0.01098739981615671,
    "Yakuza 2": 0.01098739981615671,
    "Hannah Montana: Spotlight World Tour": 0.009876314024988626,
    "Playstation Event Project": 0.014320657189660961,
    "Playstation 2 Game project": 0.014320657189660961,
    "PlayStation 1": 0.018765000354333296,
    "Rayman Arena": 0.009876314024988626,
    "PSP": 0.018765000354333296,
    "Ys: The Oath in Felghana": 0.009876314024988626,
    "Pop'n music 10": 0.009876314024988626,
    "Fearful Harmony": 0.009876314024988626,
    "PlayStation 4K": 0.009876314024988626,
    "PlayStation Neo": 0.018765000354333296,
    "Kingdom Hearts II": 0.009876314024988626,
    "Crash Bandicoot": 0.017956941743384004,
    "Crash Bandicoot 2: Cortex Strikes Back": 0.026845628072728674,
    "Crash Bandicoot 3: Warp": 0.009876314024988626,
    "Star Wars: Battlefront": 0.009876314024988626,
    "Lego Star Wars: The Video Game": 0.009876314024988626,
    "Lego Star Wars II: The Original Trilogy": 0.009876314024988626,
    "Spyro the Dragon": 0.009876314024988626,
    "Spyro: Ripto's Rage": 0.009876314024988626,
    "Star Wars Episode III: Revenge of the Sith (Video Game)": 0.009876314024988626,
    "Lego Indiana Jones: The Original Adventures": 0.009876314024988626,
    "Spyro: Enter the Dragonfly": 0.18296136177751257,
    "Spyro: A Hero's Tail": 0.1923360018046993,
    "The Legend of Spyro: A New Beginning": 0.024068352570538007,
    "The Legend of Spyro: The Eternal Night": 0.031537844200254364,
    "The Legend of Spyro: Dawn of the Dragon": 0.024068352570538007
  },
  "hitsHubs": {
    "Main Page": 1.934281303716317e-60,
    "List of PlayStation 2 games": 3.476847586341299e-09,
    "Dark Cloud": 4.869496962276493e-10,
    "Final Fantasy X": 0.0,
    "Final Fantasy X-2": 0.0,
    "Dark Chronicle": 0.0,
    "Monster Hunter": 0.0,
    "Monster Hunter 2": 0.0,
    "Monster Hunter 3": 0.0,
    "PlayStation 2": 0.0,
    "PlayStation (console)": 0.09999999960362027,
    "Lego Batman: The Video Game": 0.0,
    "Yakuza 2": 0.0,
    "Hannah Montana: Spotlight World Tour": 0.09999999960362027,
    "Playstation Event Project": 0.0,
    "Playstation 2 Game project": 0.0,
    "PlayStation 1": 9.999999960362076e-86,
    "Rayman Arena": 0.09999999960362027,
    "PSP": 0.0,
    "Ys: The Oath in Felghana": 9.999999960362076e-86,
    "Pop'n music 10": 0.09999999960362027,
    "Fearful Harmony": 9.999999960362076e-86,
    "PlayStation 4K": 9.999999960362076e-86,
    "PlayStation Neo": 0.0,
    "Kingdom Hearts II": 0.09999999960362027,
    "Crash Bandicoot": 1.5080433941905074e-50,
    "Crash Bandicoot 2: Cortex Strikes Back": 0.0,
    "Crash Bandicoot 3: Warp": 9.320220741194892e-51,
    "Star Wars: Battlefront": 0.09999999960362027,
    "Lego Star Wars: The Video Game": 0.09999999960362027,
    "Lego Star Wars II: The Original Trilogy": 0.09999999960362027,
    "Spyro the Dragon": 1.197251513510546e-45,
    "Spyro: Ripto's Rage": 1.197251513510546e-45,
    "Star Wars Episode III: Revenge of the Sith (Video Game)": 0.09999999960362027,
    "Lego Indiana Jones: The Original Adventures": 0.09999999960362027,
    "Spyro: Enter the Dragonfly": 1.197251513510546e-45,
    "Spyro: A Hero's Tail": 9.999999960362076e-86,
    "The Legend of Spyro: A New Beginning": 9.999999960362076e-86,
    "The Legend of Spyro: The Eternal Night": 1.934281303716317e-60,
    "The Legend of Spyro: Dawn of the Dragon": 0.0
  },
  "hitsAuths": {
    "Main Page": 0.0,
    "List of PlayStation 2 games": 0.0,
    "Dark Cloud": 0.0,
    "Final Fantasy X": 4.2712825685868705e-09,
    "Final Fantasy X-2": 4.2712825685868705e-09,
    "Dark Chronicle": 4.869496812273209e-09,
    "Monster Hunter": 4.2712825685868705e-09,
    "Monster Hunter 2": 4.2712825685868705e-09,
    "Monster Hunter 3": 4.2712825685868705e-09,
    "PlayStation 2": 0.9999999652315253,
    "PlayStation (console)": 9.999999652315301e-85,
    "Lego Batman: The Video Game": 4.2712825685868705e-09,
    "Yakuza 2": 4.2712825685868705e-09,
    "Hannah Montana: Spotlight World Tour": 0.0,
    "Playstation Event Project": 9.671406220657026e-60,
    "Playstation 2 Game project": 9.671406220657026e-60,
    "PlayStation 1": 9.999999652315301e-85,
    "Rayman Arena": 0.0,
    "PSP": 9.999999652315301e-85,
    "Ys: The Oath in Felghana": 0.0,
    "Pop'n music 10": 0.0,
    "Fearful Harmony": 0.0,
    "PlayStation 4K": 0.0,
    "PlayStation Neo": 9.999999652315301e-85,
    "Kingdom Hearts II": 0.0,
    "Crash Bandicoot": 5.760213023268671e-50,
    "Crash Bandicoot 2: Cortex Strikes Back": 9.320220454088498e-50,
    "Crash Bandicoot 3: Warp": 0.0,
    "Star Wars: Battlefront": 0.0,
    "Lego Star Wars: The Video Game": 0.0,
    "Lego Star Wars II: The Original Trilogy": 0.0,
    "Spyro the Dragon": 0.0,
    "Spyro: Ripto's Rage": 0.0,
    "Star Wars Episode III: Revenge of the Sith (Video Game)": 0.0,
    "Lego Indiana Jones: The Original Adventures": 0.0,
    "Spyro: Enter the Dragonfly": 9.999999652315301e-85,
    "Spyro: A Hero's Tail": 1.1972514766295992e-44,
    "The Legend of Spyro: A New Beginning": 9.671406220657026e-60,
    "The Legend of Spyro: The Eternal Night": 9.999999652315301e-85,
    "The Legend of Spyro: Dawn of the Dragon": 9.671406220657026e-60
  },
  "averagePathLength": 1.0
}