{
  "numNodes": 64,
  "numEdges": 69,
  "selfLinks": 1,
  "numStrongComponents": 61,
  "numWeakComponents": 6,
  "sizeLargestStrong": 2,
  "sizeLargestWeak": 50,
  "radius": 1,
  "diameter": 1,
  "averageInDegree": 1.078125,
  "averageOutDegree": 1.078125,
  "maxOutDegree": 11,
  "maxInDegree": 26,
  "pageRank": {
    "Main Page": 0.006108375682986479,
    "List of PlayStation 2 games": 0.006108375682986479,
    "Dark Cloud": 0.006608153667226102,
    "Final Fantasy X": 0.006608153667226102,
    "Final Fantasy X-2": 0.006608153667226102,
    "Dark Chronicle": 0.012555513522437351,
    "Monster Hunter": 0.006608153667226102,
    "Monster Hunter 2": 0.006608153667226102,
    "Monster Hunter 3": 0.006608153667226102,
    "PlayStation 2": 0.07322564390645273,
    "PlayStation (console)": 0.016553755823951702,
    "Lego Batman: The Video Game": 0.006608153667226102,
    "Star Wars: The Force Unleashed": 0.006608153667226102,
    "Yakuza 2": 0.006608153667226102,
    "Hannah Montana: Spotlight World Tour": 0.006608153667226102,
    "PlayStation 3": 0.18068175312455256,
    "PlayStation": 0.05079237192334935,
    "Playstation": 0.006108375682986479,
    "Playstation Event Project": 0.008857154596304406,
    "Playstation 2 Game project": 0.008857154596304406,
    "PlayStation 1": 0.011605933509622333,
    "Rayman Arena": 0.006108375682986479,
    "PSP": 0.011605933509622333,
    "Ys: The Oath in Felghana": 0.006108375682986479,
    "Pop'n music 10": 0.006108375682986479,
    "Dragon Quest Heroes": 0.006108375682986479,
    "LittleBigPlanet 2": 0.006108375682986479,
    "LittleBigPlanet Karting": 0.006108375682986479,
    "Fearful Harmony": 0.006108375682986479,
    "PlayStation 4K": 0.006108375682986479,
    "PlayStation Neo": 0.011605933509622333,
    "Metal Gear Solid": 0.021346158730567093,
    "Lego Batman 2: DC Super Heroes": 0.006108375682986479,
    "Lego Batman 3: Beyond Gotham": 0.006108375682986479,
    "Star Wars: The Force Unleashed II": 0.006108375682986479,
    "Kingdom Hearts II": 0.006108375682986479,
    "Crash Bandicoot": 0.011106174490224836,
    "Crash Bandicoot 2: Cortex Strikes Back": 0.013854953403542763,
    "Crash Bandicoot 3: Warp": 0.006108375682986479,
    "Star Wars: Battlefront": 0.006108375682986479,
    "Lego Star Wars: The Video Game": 0.006108375682986479,
    "Lego Star Wars II: The Original Trilogy": 0.006108375682986479,
    "Lego Star Wars: The Complete Saga": 0.006108375682986479,
    "Spyro the Dragon": 0.006108375682986479,
    "Spyro: Ripto's Rage": 0.006108375682986479,
    "Star Wars Episode III: Revenge of the Sith (Video Game)": 0.006108375682986479,
    "Lego Star Wars III: The Clone Wars": 0.006108375682986479,
    "Lego Indiana Jones: The Original Adventures": 0.006108375682986479,
    "Lego Indiana Jones 2: The Adventure Continues": 0.006108375682986479,
    "Lego Harry Potter Years 1-4": 0.006108375682986479,
    "Lego Harry Potter Years 5-7": 0.006108375682986479,
    "Lego The Lord of the Rings": 0.006108375682986479,
    "Lego The Hobbit": 0.006108375682986479,
    "Lego Marvel Super Heroes": 0.006108375682986479,
    "Lego Marvel's Avengers": 0.006108375682986479,
    "The Lego Movie Videogame": 0.006108375682986479,
    "Lego Rock Band": 0.006108375682986479,
    "Lego Pirates of the Caribbean: The Video Game": 0.006108375682986479,
    "Lego Jurassic World": 0.006108375682986479,
    "Spyro: Enter the Dragonfly": 0.11316492695328573,
    "Spyro: A Hero's Tail": 0.11892551557924019,
    "The Legend of Spyro: A New Beginning": 0.014886076739589355,
    "The Legend of Spyro: The Eternal Night": 0.019505908081967248,
    "The Legend of Spyro: Dawn of the Dragon": 0.014886076739589355
  },
  "hitsHubs": {
    "Main Page": 3.82504436460314e-27,
    "List of PlayStation 2 games": 9.840248050105929e-11,
    "Dark Cloud": 9.743765755538384e-12,
    "Final Fantasy X": 0.0,
    "Final Fantasy X-2": 0.0,
    "Dark Chronicle": 0.0,
    "Monster Hunter": 0.0,
    "Monster Hunter 2": 0.0,
    "Monster Hunter 3": 0.0,
    "PlayStation 2": 0.03717814054743665,
    "PlayStation (console)": 0.04290092024210495,
    "Lego Batman: The Video Game": 0.0,
    "Star Wars: The Force Unleashed": 0.0,
    "Yakuza 2": 0.0,
    "Hannah Montana: Spotlight World Tour": 0.0085555483427011,
    "PlayStation 3": 0.0,
    "PlayStation": 0.04453532664424892,
    "Playstation": 0.002832768648032804,
    "Playstation Event Project": 0.0,
    "Playstation 2 Game project": 0.0,
    "PlayStation 1": 9.119616424091196e-34,
    "Rayman Arena": 0.0085555483427011,
    "PSP": 0.0,
    "Ys: The Oath in Felghana": 9.119616424091196e-34,
    "Pop'n music 10": 0.0085555483427011,
    "Dragon Quest Heroes": 0.03434537189940385,
    "LittleBigPlanet 2": 0.03434537189940385,
    "LittleBigPlanet Karting": 0.03434537189940385,
    "Fearful Harmony": 9.119616424091196e-34,
    "PlayStation 4K": 9.119616424091196e-34,
    "PlayStation Neo": 0.0,
    "Metal Gear Solid": 0.0,
    "Lego Batman 2: DC Super Heroes": 0.03434537189940385,
    "Lego Batman 3: Beyond Gotham": 0.03434537189940385,
    "Star Wars: The Force Unleashed II": 0.03434537189940385,
    "Kingdom Hearts II": 0.0085555483427011,
    "Crash Bandicoot": 0.001414243935434163,
    "Crash Bandicoot 2: Cortex Strikes Back": 0.03717814054743665,
    "Crash Bandicoot 3: Warp": 0.0357077143553686,
    "Star Wars: Battlefront": 0.0085555483427011,
    "Lego Star Wars: The Video Game": 0.0085555483427011,
    "Lego Star Wars II: The Original Trilogy": 0.0085555483427011,
    "Lego Star Wars: The Complete Saga": 0.03434537189940385,
    "Spyro the Dragon": 2.8618322661562133e-23,
    "Spyro: Ripto's Rage": 2.8618322661562133e-23,
    "Star Wars Episode III: Revenge of the Sith (Video Game)": 0.04290092024210495,
    "Lego Star Wars III: The Clone Wars": 0.03434537189940385,
    "Lego Indiana Jones: The Original Adventures": 0.04290092024210495,
    "Lego Indiana Jones 2: The Adventure Continues": 0.03434537189940385,
    "Lego Harry Potter Years 1-4": 0.03434537189940385,
    "Lego Harry Potter Years 5-7": 0.03434537189940385,
    "Lego The Lord of the Rings": 0.03434537189940385,
    "Lego The Hobbit": 0.03434537189940385,
    "Lego Marvel Super Heroes": 0.03434537189940385,
    "Lego Marvel's Avengers": 0.03434537189940385,
    "The Lego Movie Videogame": 0.03434537189940385,
    "Lego Rock Band": 0.03434537189940385,
    "Lego Pirates of the Caribbean: The Video Game": 0.03434537189940385,
    "Lego Jurassic World": 0.03434537189940385,
    "Spyro: Enter the Dragonfly": 2.8618322661562133e-23,
    "Spyro: A Hero's Tail": 9.119616424091196e-34,
    "The Legend of Spyro: A New Beginning": 9.119616424091196e-34,
    "The Legend of Spyro: The Eternal Night": 3.82504436460314e-27,
    "The Legend of Spyro: Dawn of the Dragon": 0.0
  },
  "hitsAuths": {
    "Main Page": 0.0,
    "List of PlayStation 2 games": 0.0,
    "Dark Cloud": 1.8174346693958663e-10,
    "Final Fantasy X": 1.8174346693958663e-10,
    "Final Fantasy X-2": 1.8174346693958663e-10,
    "Dark Chronicle": 1.9973961663461083e-10,
    "Monster Hunter": 1.8174346693958663e-10,
    "Monster Hunter 2": 1.8174346693958663e-10,
    "Monster Hunter 3": 1.8174346693958663e-10,
    "PlayStation 2": 0.1753820841904645,
    "PlayStation (console)": 1.8694504097322977e-32,
    "Lego Batman: The Video Game": 1.8174346693958663e-10,
    "Star Wars: The Force Unleashed": 1.8174346693958663e-10,
    "Yakuza 2": 1.8174346693958663e-10,
    "Hannah Montana: Spotlight World Tour": 1.8174346693958663e-10,
    "PlayStation 3": 0.7040534007563496,
    "PlayStation": 0.05806955318594413,
    "Playstation": 0.0,
    "Playstation Event Project": 3.9205216656709076e-26,
    "Playstation 2 Game project": 3.9205216656709076e-26,
    "PlayStation 1": 1.8694504097322977e-32,
    "Rayman Arena": 0.0,
    "PSP": 1.8694504097322977e-32,
    "Ys: The Oath in Felghana": 0.0,
    "Pop'n music 10": 0.0,
    "Dragon Quest Heroes": 0.0,
    "LittleBigPlanet 2": 0.0,