{
  "numNodes": 68,
  "numEdges": 74,
  "selfLinks": 1,
  "numStrongComponents": 65,
  "numWeakComponents": 7,
  "sizeLargestStrong": 2,
  "sizeLargestWeak": 52,
  "radius": 1,
  "diameter": 1,
  "averageInDegree": 1.088235294117647,
  "averageOutDegree": 1.088235294117647,
  "maxOutDegree": 11,
  "maxInDegree": 26,
  "pageRank": {
    "Main Page": 0.005465843651971201,
    "List of PlayStation 2 games": 0.005465843651971201,
    "Dark Cloud": 0.00591305099940239,
    "Final Fantasy X": 0.00591305099940239,
    "Final Fantasy X-2": 0.00591305099940239,
    "Dark Chronicle": 0.011234820438582042,
    "Monster Hunter": 0.00591305099940239,
    "Monster Hunter 2": 0.00591305099940239,
    "Monster Hunter 3": 0.00591305099940239,
    "PlayStation 2": 0.07438459440404299,
    "PlayStation (console)": 0.031845893200846645,
    "Lego Batman: The Video Game": 0.00591305099940239,
    "Star Wars: The Force Unleashed": 0.00591305099940239,
    "Yakuza 2": 0.00591305099940239,
    "Hannah Montana: Spotlight World Tour": 0.00591305099940239,
    "PlayStation 3": 0.1745253076793418,
    "PlayStation": 0.049437316094661045,
    "Thrill Kill": 0.005465843651971201,
    "Playstation 1": 0.021028663352073592,
    "Memory Card": 0.010385124473714289,
    "Playstation": 0.005465843651971201,
    "Playstation Event Project": 0.007925484062842745,
    "Playstation 2 Game project": 0.007925484062842745,
    "PlayStation 1": 0.02931101328805379,
    "Rayman Arena": 0.005465843651971201,
    "PSP": 0.010385124473714289,
    "Ys: The Oath in Felghana": 0.005465843651971201,
    "Pop'n music 10": 0.005465843651971201,
    "Dragon Quest Heroes": 0.005465843651971201,
    "Memory card": 0.005465843651971201,
    "LittleBigPlanet 2": 0.005465843651971201,
    "LittleBigPlanet Karting": 0.005465843651971201,
    "Fearful Harmony": 0.005465843651971201,
    "PlayStation 4K": 0.005465843651971201,
    "PlayStation Neo": 0.010385124473714289,
    "Metal Gear Solid": 0.020297126057549113,
    "Lego Batman 2: DC Super Heroes": 0.005465843651971201,
    "Lego Batman 3: Beyond Gotham": 0.005465843651971201,
    "Star Wars: The Force Unleashed II": 0.005465843651971201,
    "Kingdom Hearts II": 0.005465843651971201,
    "Crash Bandicoot": 0.009937937667154388,
    "Crash Bandicoot 2: Cortex Strikes Back": 0.012397578078025932,
    "Crash Bandicoot 3: Warp": 0.005465843651971201,
    "Star Wars: Battlefront": 0.005465843651971201,
    "Lego Star Wars: The Video Game": 0.005465843651971201,
    "Lego Star Wars II: The Original Trilogy": 0.005465843651971201,
    "Lego Star Wars: The Complete Saga": 0.005465843651971201,
    "Spyro the Dragon": 0.005465843651971201,
    "Spyro: Ripto's Rage": 0.005465843651971201,
    "Star Wars Episode III: Revenge of the Sith (Video Game)": 0.005465843651971201,
    "Lego Star Wars III: The Clone Wars": 0.005465843651971201,
    "Lego Indiana Jones: The Original Adventures": 0.005465843651971201,
    "Lego Indiana Jones 2: The Adventure Continues": 0.005465843651971201,
    "Lego Harry Potter Years 1-4": 0.005465843651971201,
    "Lego Harry Potter Years 5-7": 0.005465843651971201,
    "Lego The Lord of the Rings": 0.005465843651971201,
    "Lego The Hobbit": 0.005465843651971201,
    "Lego Marvel Super Heroes": 0.005465843651971201,
    "Lego Marvel's Avengers": 0.005465843651971201,
    "The Lego Movie Videogame": 0.005465843651971201,
    "Lego Rock Band": 0.005465843651971201,
    "Lego Pirates of the Caribbean: The Video Game": 0.005465843651971201,
    "Lego Jurassic World": 0.005465843651971201,
    "Spyro: Enter the Dragonfly": 0.10123012072733428,
    "Spyro: A Hero's Tail": 0.10643607592924152,
    "The Legend of Spyro: A New Beginning": 0.013320251953586026,
    "The Legend of Spyro: The Eternal Night": 0.0174541388601631,
    "The Legend of Spyro: Dawn of the Dragon": 0.013320251953586026
  },
  "hitsHubs": {
    "Main Page": 3.825044364603139e-27,
    "List of PlayStation 2 games": 9.840248050105919e-11,
    "Dark Cloud": 9.743765755538373e-12,
    "Final Fantasy X": 0.0,
    "Final Fantasy X-2": 0.0,
    "Dark Chronicle": 0.0,
    "Monster Hunter": 0.0,
    "Monster Hunter 2": 0.0,
    "Monster Hunter 3": 0.0,
    "PlayStation 2": 0.03717814054743665,
    "PlayStation (console)": 0.04290092024210495,
    "Lego Batman: The Video Game": 2.861832266156211e-23,
    "Star Wars: The Force Unleashed": 2.861832266156211e-23,
    "Yakuza 2": 0.0,
    "Hannah Montana: Spotlight World Tour": 0.0085555483427011,
    "PlayStation 3": 0.0,
    "PlayStation": 0.04453532664424892,
    "Thrill Kill": 2.861832266156211e-23,
    "Playstation 1": 3.825044364603139e-27,
    "Memory Card": 0.0,
    "Playstation": 0.002832768648032804,
    "Playstation Event Project": 0.0,
    "Playstation 2 Game project": 0.0,
    "PlayStation 1": 9.119616424091193e-34,
    "Rayman Arena": 0.0085555483427011,
    "PSP": 0.0,
    "Ys: The Oath in Felghana": 9.119616424091193e-34,
    "Pop'n music 10": 0.0085555483427011,
    "Dragon Quest Heroes": 0.03434537189940385,
    "Memory card": 9.119616424091193e-34,
    "LittleBigPlanet 2": 0.03434537189940385,
    "LittleBigPlanet Karting": 0.03434537189940385,
    "Fearful Harmony": 3.825044364603139e-27,
    "PlayStation 4K": 9.119616424091193e-34,
    "PlayStation Neo": 0.0,
    "Metal Gear Solid": 0.0,
    "Lego Batman 2: DC Super Heroes": 0.03434537189940385,
    "Lego Batman 3: Beyond Gotham": 0.03434537189940385,
    "Star Wars: The Force Unleashed II": 0.03434537189940385,
    "Kingdom Hearts II": 0.0085555483427011,
    "Crash Bandicoot": 0.001414243935434163,
    "Crash Bandicoot 2: Cortex Strikes Back": 0.03717814054743665,
    "Crash Bandicoot 3: Warp": 0.0357077143553686,
    "Star Wars: Battlefront": 0.0085555483427011,
    "Lego Star Wars: The Video Game": 0.0085555483427011,
    "Lego Star Wars II: The Original Trilogy": 0.0085555483427011,
    "Lego Star Wars: The Complete Saga": 0.03434537189940385,
    "Spyro the Dragon": 2.861832266156211e-23,
    "Spyro: Ripto's Rage": 2.861832266156211e-23,
    "Star Wars Episode III: Revenge of the Sith (Video Game)": 0.04290092024210495,
    "Lego Star Wars III: The Clone Wars": 0.03434537189940385,
    "Lego Indiana Jones: The Original Adventures": 0.04290092024210495,
    "Lego Indiana Jones 2: The Adventure Continues": 0.03434537189940385,
    "Lego Harry Potter Years 1-4": 0.03434537189940385,
    "Lego Harry Potter Years 5-7": 0.03434537189940385,
    "Lego The Lord of the Rings": 0.03434537189940385,
    "Lego The Hobbit": 0.03434537189940385,
    "Lego Marvel Super Heroes": 0.03434537189940385,
    "Lego Marvel's Avengers": 0.03434537189940385,
    "The Lego Movie Videogame": 0.03434537189940385,
    "Lego Rock Band": 0.03434537189940385,
    "Lego Pirates of the Caribbean: The Video Game": 0.03434537189940385,
    "Lego Jurassic World": 0.03434537189940385,
    "Spyro: Enter the Dragonfly": 2.861832266156211e-23,
    "Spyro: A Hero's Tail": 9.119616424091193e-34,
    "The Legend of Spyro: A New Beginning": 9.119616424091193e-34,
    "The Legend of Spyro: The Eternal Night": 3.825044364603139e-27,
    "The Legend of Spyro: Dawn of the Dragon": 0.0
  },
  "hitsAuths": {
    "Main Page": 0.0,
    "List of PlayStation 2 games": 0.0,
    "Dark Cloud": 1.8174346693958637e-10,
    "Final Fantasy X": 1.8174346693958637e-10,
    "Final Fantasy X-2": 1.8174346693958637e-10,
    "Dark Chronicle": 1.9973961663461062e-10,
    "Monster Hunter": 1.8174346693958637e-10,
    "Monster Hunter 2": 1.8174346693958637e-10,
    "Monster Hunter 3": 1.8174346693958637e-10,
    "PlayStation 2": 0.1753820841904645,
    "PlayStation (console)": 1.869450409732297e-32,
    "Lego Batman: The Video Game": 1.8174346693958637e-10,
    "Star Wars: The Force Unleashed": 1.8174346693958637e-10,
    "Yakuza 2": 1.8174346693958637e-10,
    "Hannah Montana: Spotlight World Tour": 1.8174346693958637e-10,
    "PlayStation 3": 0.7040534007563496,
    "PlayStation": 0.05806955318594413,
    "Thrill Kill": 0.0,