{
  "numNodes": 70,
  "numEdges": 78,
  "selfLinks": 1,
  "numStrongComponents": 67,
  "numWeakComponents": 7,
  "sizeLargestStrong": 2,
  "sizeLargestWeak": 54,
  "radius": 1,
  "diameter": 1,
  "averageInDegree": 1.1142857142857143,
  "averageOutDegree": 1.1142857142857143,
  "maxOutDegree": 11,
  "maxInDegree": 26,
  "pageRank": {
    "Main Page": 0.005409251603260856,
    "List of PlayStation 2 games": 0.005409251603260856,
    "Dark Cloud": 0.0058518289588703944,
    "Final Fantasy X": 0.0058518289588703944,
    "Final Fantasy X-2": 0.0058518289588703944,
    "Dark Chronicle": 0.011118501768126253,
    "Monster Hunter": 0.0058518289588703944,
    "Monster Hunter 2": 0.0058518289588703944,
    "Monster Hunter 3": 0.0058518289588703944,
    "PlayStation 2": 0.06953169423110833,
    "PlayStation (console)": 0.03151621201524935,
    "Lego Batman: The Video Game": 0.0058518289588703944,
    "Star Wars: The Force Unleashed": 0.0058518289588703944,
    "Yakuza 2": 0.0058518289588703944,
    "Hannah Montana: Spotlight World Tour": 0.0058518289588703944,
    "PlayStation 3": 0.16193004943428677,
    "PlayStation": 0.0470882441310885,
    "Thrill Kill": 0.005409251603260856,
    "Playstation 1": 0.020810948133477503,
    "Memory Card": 0.010277602514965786,
    "Sony Computer Entertainment": 0.025740879207958485,
    "Playstation": 0.005409251603260856,
    "Playstation Event Project": 0.00784342705911332,
    "Playstation 2 Game project": 0.00784342705911332,
    "PlayStation 1": 0.029007560125117297,
    "Rayman Arena": 0.005409251603260856,
    "Sony Computer Entertainment Europe": 0.005409251603260856,
    "PSP": 0.010277602514965786,
    "Ys: The Oath in Felghana": 0.005409251603260856,
    "Pop'n music 10": 0.005409251603260856,
    "Dragon Quest Heroes": 0.005409251603260856,
    "Memory card": 0.005409251603260856,
    "LittleBigPlanet 2": 0.005409251603260856,
    "LittleBigPlanet Karting": 0.005409251603260856,
    "Fearful Harmony": 0.005409251603260856,
    "PlayStation 4K": 0.005409251603260856,
    "PlayStation Neo": 0.010277602514965786,
    "Metal Gear Solid": 0.016004177384548627,
    "Lego Batman 2: DC Super Heroes": 0.005409251603260856,
    "Lego Batman 3: Beyond Gotham": 0.005409251603260856,
    "Star Wars: The Force Unleashed II": 0.005409251603260856,
    "Kingdom Hearts II": 0.005409251603260856,
    "Crash Bandicoot": 0.009835048491006932,
    "Crash Bandicoot 2: Cortex Strikes Back": 0.012269223946859397,
    "Crash Bandicoot 3: Warp": 0.005409251603260856,
    "Star Wars: Battlefront": 0.005409251603260856,
    "Lego Star Wars: The Video Game": 0.005409251603260856,
    "Lego Star Wars II: The Original Trilogy": 0.005409251603260856,
    "Lego Star Wars: The Complete Saga": 0.005409251603260856,
    "Spyro the Dragon": 0.005409251603260856,
    "Spyro: Ripto's Rage": 0.005409251603260856,
    "Star Wars Episode III: Revenge of the Sith (Video Game)": 0.005409251603260856,
    "Lego Star Wars III: The Clone Wars": 0.005409251603260856,
    "Lego Indiana Jones: The Original Adventures": 0.005409251603260856,
    "Lego Indiana Jones 2: The Adventure Continues": 0.005409251603260856,
    "Lego Harry Potter Years 1-4": 0.005409251603260856,
    "Lego Harry Potter Years 5-7": 0.005409251603260856,
    "Lego The Lord of the Rings": 0.005409251603260856,
    "Lego The Hobbit": 0.005409251603260856,
    "Lego Marvel Super Heroes": 0.005409251603260856,
    "Lego Marvel's Avengers": 0.005409251603260856,
    "The Lego Movie Videogame": 0.005409251603260856,
    "Lego Rock Band": 0.005409251603260856,
    "Lego Pirates of the Caribbean: The Video Game": 0.005409251603260856,
    "Lego Jurassic World": 0.005409251603260856,
    "Spyro: Enter the Dragonfly": 0.10020799618062648,
    "Spyro: A Hero's Tail": 0.10530253931185335,
    "The Legend of Spyro: A New Beginning": 0.013182356038834777,
    "The Legend of Spyro: The Eternal Night": 0.017273449782021534,
    "The Legend of Spyro: Dawn of the Dragon": 0.013182356038834777
  },
  "hitsHubs": {
    "Main Page": 2.7006196993066852e-27,
    "List of PlayStation 2 games": 6.947571112142498e-11,
    "Dark Cloud": 6.879451121756333e-12,
    "Final Fantasy X": 0.0,
    "Final Fantasy X-2": 0.0,
    "Dark Chronicle": 0.0,
    "Monster Hunter": 0.0,
    "Monster Hunter 2": 0.0,
    "Monster Hunter 3": 0.0,
    "PlayStation 2": 0.03640183750003806,
    "PlayStation (console)": 0.0421361303819633,
    "Lego Batman: The Video Game": 2.0205571118636778e-23,
    "Star Wars: The Force Unleashed": 2.0205571118636778e-23,
    "Yakuza 2": 0.0,
    "Hannah Montana: Spotlight World Tour": 0.00846335658777336,
    "PlayStation 3": 0.0,
    "PlayStation": 0.048589805286592104,
    "Thrill Kill": 2.0205571118636778e-23,
    "Playstation 1": 2.7006196993066852e-27,
    "Memory Card": 0.0,
    "Sony Computer Entertainment": 0.0,
    "Playstation": 0.002729063705848117,
    "Playstation Event Project": 0.0,
    "Playstation 2 Game project": 0.0,
    "PlayStation 1": 6.438779114023889e-34,
    "Rayman Arena": 0.00846335658777336,
    "Sony Computer Entertainment Europe": 0.004698082874274274,
    "PSP": 0.0,
    "Ys: The Oath in Felghana": 6.438779114023889e-34,
    "Pop'n music 10": 0.00846335658777336,
    "Dragon Quest Heroes": 0.03367277379418994,
    "Memory card": 6.438779114023889e-34,
    "LittleBigPlanet 2": 0.03837085666846422,
    "LittleBigPlanet Karting": 0.03837085666846422,
    "Fearful Harmony": 2.7006196993066852e-27,
    "PlayStation 4K": 6.438779114023889e-34,
    "PlayStation Neo": 0.0,
    "Metal Gear Solid": 0.0,
    "Lego Batman 2: DC Super Heroes": 0.03367277379418994,
    "Lego Batman 3: Beyond Gotham": 0.03367277379418994,
    "Star Wars: The Force Unleashed II": 0.03367277379418994,
    "Kingdom Hearts II": 0.00846335658777336,
    "Crash Bandicoot": 0.0013625369052861255,
    "Crash Bandicoot 2: Cortex Strikes Back": 0.03640183750003806,
    "Crash Bandicoot 3: Warp": 0.03498608105310745,
    "Star Wars: Battlefront": 0.00846335658777336,
    "Lego Star Wars: The Video Game": 0.00846335658777336,
    "Lego Star Wars II: The Original Trilogy": 0.00846335658777336,
    "Lego Star Wars: The Complete Saga": 0.03367277379418994,
    "Spyro the Dragon": 2.0205571118636778e-23,
    "Spyro: Ripto's Rage": 2.0205571118636778e-23,
    "Star Wars Episode III: Revenge of the Sith (Video Game)": 0.0421361303819633,
    "Lego Star Wars III: The Clone Wars": 0.03367277379418994,
    "Lego Indiana Jones: The Original Adventures": 0.0421361303819633,
    "Lego Indiana Jones 2: The Adventure Continues": 0.03367277379418994,
    "Lego Harry Potter Years 1-4": 0.03367277379418994,
    "Lego Harry Potter Years 5-7": 0.03367277379418994,
    "Lego The Lord of the Rings": 0.03367277379418994,
    "Lego The Hobbit": 0.03367277379418994,
    "Lego Marvel Super Heroes": 0.03367277379418994,
    "Lego Marvel's Avengers": 0.03367277379418994,
    "The Lego Movie Videogame": 0.03367277379418994,
    "Lego Rock Band": 0.03367277379418994,
    "Lego Pirates of the Caribbean: The Video Game": 0.03367277379418994,
    "Lego Jurassic World": 0.03367277379418994,
    "Spyro: Enter the Dragonfly": 2.0205571118636778e-23,
    "Spyro: A Hero's Tail": 6.438779114023889e-34,
    "The Legend of Spyro: A New Beginning": 6.438779114023889e-34,
    "The Legend of Spyro: The Eternal Night": 2.7006196993066852e-27,
    "The Legend of Spyro: Dawn of the Dragon": 0.0
  },
  "hitsAuths": {
    "Main Page": 0.0,
    "List of PlayStation 2 games": 0.0,
    "Dark Cloud": 1.1882040513239016e-10,
    "Final Fantasy X": 1.1882040513239016e-10,
    "Final Fantasy X-2": 1.1882040513239016e-10,
    "Dark Chronicle": 1.305859438534971e-10,
    "Monster Hunter": 1.1882040513239016e-10,
    "Monster Hunter 2": 1.1882040513239016e-10,
    "Monster Hunter 3": 1.1882040513239016e-10,
    "PlayStation 2": 0.16065168406937366,
    "PlayStation (console)": 1.222210948210549e-32,
    "Lego Batman: The Video Game": 1.1882040513239016e-10,