{
  "numNodes": 71,
  "numEdges": 79,
  "selfLinks": 1,
  "numStrongComponents": 68,
  "numWeakComponents": 7,
  "sizeLargestStrong": 2,
  "sizeLargestWeak": 55,
  "radius": 1,
  "diameter": 1,
  "averageInDegree": 1.1126760563380282,
  "averageOutDegree": 1.1126760563380282,
  "maxOutDegree": 11,
  "maxInDegree": 26,
  "pageRank": {
    "Main Page": 0.0052787267396506065,
    "List of PlayStation 2 games": 0.0052787267396506065,
    "Dark Cloud": 0.005710624751898225,
    "Final Fantasy X": 0.005710624751898225,
    "Final Fantasy X-2": 0.005710624751898225,
    "Dark Chronicle": 0.01085021333612697,
    "Monster Hunter": 0.005710624751898225,
    "Monster Hunter 2": 0.005710624751898225,
    "Monster Hunter 3": 0.005710624751898225,
    "PlayStation 2": 0.06978072762519605,
    "PlayStation (console)": 0.03460398906098691,
    "Lego Batman: The Video Game": 0.005710624751898225,
    "Star Wars: The Force Unleashed": 0.005710624751898225,
    "Yakuza 2": 0.005710624751898225,
    "Hannah Montana: Spotlight World Tour": 0.005710624751898225,
    "PlayStation 3": 0.1608166011019591,
    "PlayStation": 0.04681909025131871,
    "Thrill Kill": 0.0052787267396506065,
    "Playstation 1": 0.025059660177555704,
    "Memory Card": 0.01002960487437441,
    "Sony Computer Entertainment": 0.02531484981585297,
    "Final Fantasy VII (disambiguation)": 0.0052787267396506065,
    "Playstation": 0.0052787267396506065,
    "Playstation Event Project": 0.007654165807012508,
    "Playstation 2 Game project": 0.007654165807012508,
    "PlayStation 1": 0.03258342617648475,
    "Rayman Arena": 0.0052787267396506065,
    "Sony Computer Entertainment Europe": 0.0052787267396506065,
    "PSP": 0.01002960487437441,
    "Ys: The Oath in Felghana": 0.0052787267396506065,
    "Pop'n music 10": 0.0052787267396506065,
    "Dragon Quest Heroes": 0.0052787267396506065,
    "Memory card": 0.0052787267396506065,
    "LittleBigPlanet 2": 0.0052787267396506065,
    "LittleBigPlanet Karting": 0.0052787267396506065,
    "Fearful Harmony": 0.0052787267396506065,
    "PlayStation 4K": 0.0052787267396506065,
    "PlayStation Neo": 0.01002960487437441,
    "Metal Gear Solid": 0.015813093546405362,
    "Lego Batman 2: DC Super Heroes": 0.0052787267396506065,
    "Lego Batman 3: Beyond Gotham": 0.0052787267396506065,
    "Star Wars: The Force Unleashed II": 0.0052787267396506065,
    "Kingdom Hearts II": 0.0052787267396506065,
    "Crash Bandicoot": 0.009597729774578345,
    "Crash Bandicoot 2: Cortex Strikes Back": 0.011973168841940246,
    "Crash Bandicoot 3: Warp": 0.0052787267396506065,
    "Star Wars: Battlefront": 0.0052787267396506065,
    "Lego Star Wars: The Video Game": 0.0052787267396506065,
    "Lego Star Wars II: The Original Trilogy": 0.0052787267396506065,
    "Lego Star Wars: The Complete Saga": 0.0052787267396506065,
    "Spyro the Dragon": 0.0052787267396506065,
    "Spyro: Ripto's Rage": 0.0052787267396506065,
    "Star Wars Episode III: Revenge of the Sith (Video Game)": 0.0052787267396506065,
    "Lego Star Wars III: The Clone Wars": 0.0052787267396506065,
    "Lego Indiana Jones: The Original Adventures": 0.0052787267396506065,
    "Lego Indiana Jones 2: The Adventure Continues": 0.0052787267396506065,
    "Lego Harry Potter Years 1-4": 0.0052787267396506065,
    "Lego Harry Potter Years 5-7": 0.0052787267396506065,
    "Lego The Lord of the Rings": 0.0052787267396506065,
    "Lego The Hobbit": 0.0052787267396506065,
    "Lego Marvel Super Heroes": 0.0052787267396506065,
    "Lego Marvel's Avengers": 0.0052787267396506065,
    "The Lego Movie Videogame": 0.0052787267396506065,
    "Lego Rock Band": 0.0052787267396506065,
    "Lego Pirates of the Caribbean: The Video Game": 0.0052787267396506065,
    "Lego Jurassic World": 0.0052787267396506065,
    "Spyro: Enter the Dragonfly": 0.09778911252096305,
    "Spyro: A Hero's Tail": 0.10276069550464101,
    "The Legend of Spyro: A New Beginning": 0.012864267540508761,
    "The Legend of Spyro: The Eternal Night": 0.016856643842818327,
    "The Legend of Spyro: Dawn of the Dragon": 0.012864267540508761
  },
  "hitsHubs": {
    "Main Page": 2.7006196993066852e-27,
    "List of PlayStation 2 games": 6.947571112142498e-11,
    "Dark Cloud": 6.879451121756333e-12,
    "Final Fantasy X": 0.0,
    "Final Fantasy X-2": 0.0,
    "Dark Chronicle": 0.0,
    "Monster Hunter": 0.0,
    "Monster Hunter 2": 0.0,
    "Monster Hunter 3": 0.0,
    "PlayStation 2": 0.03640183750003806,
    "PlayStation (console)": 0.0421361303819633,
    "Lego Batman: The Video Game": 1.1327220007280827e-20,
    "Star Wars: The Force Unleashed": 1.1327220007280827e-20,
    "Yakuza 2": 0.0,
    "Hannah Montana: Spotlight World Tour": 0.00846335658777336,
    "PlayStation 3": 0.0,
    "PlayStation": 0.048589805286592104,
    "Thrill Kill": 1.1327220007280827e-20,
    "Playstation 1": 2.7006196993066852e-27,
    "Memory Card": 0.0,
    "Sony Computer Entertainment": 0.0,
    "Final Fantasy VII (disambiguation)": 1.1327220007280827e-20,
    "Playstation": 0.002729063705848117,
    "Playstation Event Project": 0.0,
    "Playstation 2 Game project": 0.0,
    "PlayStation 1": 6.438779114023889e-34,
    "Rayman Arena": 0.00846335658777336,
    "Sony Computer Entertainment Europe": 0.004698082874274274,
    "PSP": 0.0,
    "Ys: The Oath in Felghana": 6.438779114023889e-34,
    "Pop'n music 10": 0.00846335658777336,
    "Dragon Quest Heroes": 0.03367277379418994,
    "Memory card": 6.438779114023889e-34,
    "LittleBigPlanet 2": 0.03837085666846422,
    "LittleBigPlanet Karting": 0.03837085666846422,
    "Fearful Harmony": 2.7006196993066852e-27,
    "PlayStation 4K": 6.438779114023889e-34,
    "PlayStation Neo": 0.0,
    "Metal Gear Solid": 0.0,
    "Lego Batman 2: DC Super Heroes": 0.03367277379418994,
    "Lego Batman 3: Beyond Gotham": 0.03367277379418994,
    "Star Wars: The Force Unleashed II": 0.03367277379418994,
    "Kingdom Hearts II": 0.00846335658777336,
    "Crash Bandicoot": 0.0013625369052861255,
    "Crash Bandicoot 2: Cortex Strikes Back": 0.03640183750003806,
    "Crash Bandicoot 3: Warp": 0.03498608105310745,
    "Star Wars: Battlefront": 0.00846335658777336,
    "Lego Star Wars: The Video Game": 0.00846335658777336,
    "Lego Star Wars II: The Original Trilogy": 0.00846335658777336,
    "Lego Star Wars: The Complete Saga": 0.03367277379418994,
    "Spyro the Dragon": 2.0205571118636778e-23,
    "Spyro: Ripto's Rage": 2.0205571118636778e-23,
    "Star Wars Episode III: Revenge of the Sith (Video Game)": 0.0421361303819633,
    "Lego Star Wars III: The Clone Wars": 0.03367277379418994,
    "Lego Indiana Jones: The Original Adventures": 0.0421361303819633,
    "Lego Indiana Jones 2: The Adventure Continues": 0.03367277379418994,
    "Lego Harry Potter Years 1-4": 0.03367277379418994,
    "Lego Harry Potter Years 5-7": 0.03367277379418994,
    "Lego The Lord of the Rings": 0.03367277379418994,
    "Lego The Hobbit": 0.03367277379418994,
    "Lego Marvel Super Heroes": 0.03367277379418994,
    "Lego Marvel's Avengers": 0.03367277379418994,
    "The Lego Movie Videogame": 0.03367277379418994,
    "Lego Rock Band": 0.03367277379418994,
    "Lego Pirates of the Caribbean: The Video Game": 0.03367277379418994,
    "Lego Jurassic World": 0.03367277379418994,
    "Spyro: Enter the Dragonfly": 2.0205571118636778e-23,
    "Spyro: A Hero's Tail": 6.438779114023889e-34,
    "The Legend of Spyro: A New Beginning": 6.438779114023889e-34,
    "The Legend of Spyro: The Eternal Night": 2.7006196993066852e-27,
    "The Legend of Spyro: Dawn of the Dragon": 0.0
  },
  "hitsAuths": {
    "Main Page": 0.0,
    "List of PlayStation 2 games": 0.0,
    "Dark Cloud": 1.1882040513239016e-10,
    "Final Fantasy X": 1.1882040513239016e-10,
    "Final Fantasy X-2": 1.1882040513239016e-10,
    "Dark Chronicle": 1.305859438534971e-10,
    "Monster Hunter": 1.1882040513239016e-10,
    "Monster Hunter 2": 1.1882040513239016e-10,
    "Monster Hunter 3": 1.1882040513239016e-10,