{
  "numNodes": 72,
  "numEdges": 85,
  "selfLinks": 1,
  "numStrongComponents": 69,
  "numWeakComponents": 7,
  "sizeLargestStrong": 2,
  "sizeLargestWeak": 56,
  "radius": 1,
  "diameter": 1,
  "averageInDegree": 1.1805555555555556,
  "averageOutDegree": 1.1805555555555556,
  "maxOutDegree": 11,
  "maxInDegree": 27,
  "pageRank": {
    "Main Page": 0.005171609624110155,
    "List of PlayStation 2 games": 0.005171609624110155,
    "Dark Cloud": 0.005594743775941527,
    "Final Fantasy X": 0.005594743775941527,
    "Final Fantasy X-2": 0.005594743775941527,
    "Dark Chronicle": 0.01063004269316006,
    "Monster Hunter": 0.005594743775941527,
    "Monster Hunter 2": 0.005594743775941527,
    "Monster Hunter 3": 0.005594743775941527,
    "PlayStation 2": 0.06836481830402487,
    "PlayStation (console)": 0.03390185378127097,
    "Lego Batman: The Video Game": 0.005594743775941527,
    "Star Wars: The Force Unleashed": 0.005594743775941527,
    "Yakuza 2": 0.005594743775941527,
    "Hannah Montana: Spotlight World Tour": 0.005594743775941527,
    "PlayStation 3": 0.1610444159083856,
    "PlayStation": 0.045869110149718915,
    "Thrill Kill": 0.005171609624110155,
    "Playstation 1": 0.024551158798837413,
    "Memory Card": 0.00982608529425525,
    "Sony Computer Entertainment": 0.0248011908686014,
    "Final Fantasy VII (disambiguation)": 0.005171609624110155,
    "PlayStation 4": 0.01680779879947289,
    "Playstation": 0.005171609624110155,
    "Playstation Event Project": 0.007498847459182702,
    "Playstation 2 Game project": 0.007498847459182702,
    "PlayStation 1": 0.03192227081391218,
    "Rayman Arena": 0.005171609624110155,
    "Sony Computer Entertainment Europe": 0.005171609624110155,
    "PSP": 0.00982608529425525,
    "Ys: The Oath in Felghana": 0.005171609624110155,
    "Pop'n music 10": 0.005171609624110155,
    "Dragon Quest Heroes": 0.005171609624110155,
    "Memory card": 0.005171609624110155,
    "LittleBigPlanet 2": 0.005171609624110155,
    "LittleBigPlanet Karting": 0.005171609624110155,
    "Fearful Harmony": 0.005171609624110155,
    "PlayStation 4K": 0.005171609624110155,
    "PlayStation Neo": 0.00982608529425525,
    "Metal Gear Solid": 0.015492239528311207,
    "Lego Batman 2: DC Super Heroes": 0.005171609624110155,
    "Lego Batman 3: Beyond Gotham": 0.005171609624110155,
    "Star Wars: The Force Unleashed II": 0.005171609624110155,
    "Kingdom Hearts II": 0.005171609624110155,
    "Crash Bandicoot": 0.009402976823104123,
    "Crash Bandicoot 2: Cortex Strikes Back": 0.01173021465817667,
    "Crash Bandicoot 3: Warp": 0.005171609624110155,
    "Star Wars: Battlefront": 0.005171609624110155,
    "Lego Star Wars: The Video Game": 0.005171609624110155,
    "Lego Star Wars II: The Original Trilogy": 0.005171609624110155,
    "Lego Star Wars: The Complete Saga": 0.005171609624110155,
    "Spyro the Dragon": 0.005171609624110155,
    "Spyro: Ripto's Rage": 0.005171609624110155,
    "Star Wars Episode III: Revenge of the Sith (Video Game)": 0.005171609624110155,
    "Lego Star Wars III: The Clone Wars": 0.005171609624110155,
    "Lego Indiana Jones: The Original Adventures": 0.005171609624110155,
    "Lego Indiana Jones 2: The Adventure Continues": 0.005171609624110155,
    "Lego Harry Potter Years 1-4": 0.005171609624110155,
    "Lego Harry Potter Years 5-7": 0.005171609624110155,
    "Lego The Lord of the Rings": 0.005171609624110155,
    "Lego The Hobbit": 0.005171609624110155,
    "Lego Marvel Super Heroes": 0.005171609624110155,
    "Lego Marvel's Avengers": 0.005171609624110155,
    "The Lego Movie Videogame": 0.005171609624110155,
    "Lego Rock Band": 0.005171609624110155,
    "Lego Pirates of the Caribbean: The Video Game": 0.005171609624110155,
    "Lego Jurassic World": 0.005171609624110155,
    "Spyro: Enter the Dragonfly": 0.09577172855527027,
    "Spyro: A Hero's Tail": 0.10070130660547266,
    "The Legend of Spyro: A New Beginning": 0.012603243120584046,
    "The Legend of Spyro: The Eternal Night": 0.01651461394616005,
    "The Legend of Spyro: Dawn of the Dragon": 0.012603243120584046
  },
  "hitsHubs": {
    "Main Page": 9.323199923218137e-27,
    "List of PlayStation 2 games": 4.321952080646362e-11,
    "Dark Cloud": 4.2795759279692725e-12,
    "Final Fantasy X": 0.0,
    "Final Fantasy X-2": 0.0,
    "Dark Chronicle": 0.0,
    "Monster Hunter": 0.0,
    "Monster Hunter 2": 0.0,
    "Monster Hunter 3": 0.0,
    "PlayStation 2": 0.03429473144088282,
    "PlayStation (console)": 0.03907440636915069,
    "Lego Batman: The Video Game": 1.9552167365376762e-20,
    "Star Wars: The Force Unleashed": 1.9552167365376762e-20,
    "Yakuza 2": 0.0,
    "Hannah Montana: Spotlight World Tour": 0.007183060750585478,
    "PlayStation 3": 0.0,
    "PlayStation": 0.04467350037705653,
    "Thrill Kill": 1.9552167365376762e-20,
    "Playstation 1": 9.323199923218137e-27,
    "Memory Card": 0.0,
    "Sony Computer Entertainment": 0.0,
    "Final Fantasy VII (disambiguation)": 1.9552167365376762e-20,
    "PlayStation 4": 0.03189134561856521,
    "Playstation": 0.0024033858223176086,
    "Playstation Event Project": 0.0,
    "Playstation 2 Game project": 0.0,
    "PlayStation 1": 4.4456481567469295e-33,
    "Rayman Arena": 0.007183060750585478,
    "Sony Computer Entertainment Europe": 0.004086721150293869,
    "PSP": 0.0,
    "Ys: The Oath in Felghana": 4.4456481567469295e-33,
    "Pop'n music 10": 0.007183060750585478,
    "Dragon Quest Heroes": 0.03838952389559524,
    "Memory card": 4.4456481567469295e-33,
    "LittleBigPlanet 2": 0.03597806676885908,
    "LittleBigPlanet Karting": 0.03597806676885908,
    "Fearful Harmony": 9.323199923218137e-27,
    "PlayStation 4K": 4.4456481567469295e-33,
    "PlayStation Neo": 0.0,
    "Metal Gear Solid": 0.0,
    "Lego Batman 2: DC Super Heroes": 0.03189134561856521,
    "Lego Batman 3: Beyond Gotham": 0.03838952389559524,
    "Star Wars: The Force Unleashed II": 0.03189134561856521,
    "Kingdom Hearts II": 0.007183060750585478,
    "Crash Bandicoot": 0.001200161931595406,
    "Crash Bandicoot 2: Cortex Strikes Back": 0.03429473144088282,
    "Crash Bandicoot 3: Warp": 0.03305087737087901,
    "Star Wars: Battlefront": 0.007183060750585478,
    "Lego Star Wars: The Video Game": 0.007183060750585478,
    "Lego Star Wars II: The Original Trilogy": 0.007183060750585478,
    "Lego Star Wars: The Complete Saga": 0.03189134561856521,
    "Spyro the Dragon": 4.6503049935838764e-23,
    "Spyro: Ripto's Rage": 4.6503049935838764e-23,
    "Star Wars Episode III: Revenge of the Sith (Video Game)": 0.03907440636915069,
    "Lego Star Wars III: The Clone Wars": 0.03189134561856521,
    "Lego Indiana Jones: The Original Adventures": 0.03907440636915069,
    "Lego Indiana Jones 2: The Adventure Continues": 0.03189134561856521,
    "Lego Harry Potter Years 1-4": 0.03189134561856521,
    "Lego Harry Potter Years 5-7": 0.03189134561856521,
    "Lego The Lord of the Rings": 0.03189134561856521,
    "Lego The Hobbit": 0.03189134561856521,
    "Lego Marvel Super Heroes": 0.03838952389559524,
    "Lego Marvel's Avengers": 0.03838952389559524,
    "The Lego Movie Videogame": 0.03838952389559524,
    "Lego Rock Band": 0.03189134561856521,
    "Lego Pirates of the Caribbean: The Video Game": 0.03189134561856521,
    "Lego Jurassic World": 0.03189134561856521,
    "Spyro: Enter the Dragonfly": 4.6503049935838764e-23,
    "Spyro: A Hero's Tail": 4.4456481567469295e-33,
    "The Legend of Spyro: A New Beginning": 4.4456481567469295e-33,
    "The Legend of Spyro: The Eternal Night": 9.323199923218137e-27,
    "The Legend of Spyro: Dawn of the Dragon": 0.0
  },
  "hitsAuths": {
    "Main Page": 0.0,
    "List of PlayStation 2 games": 0.0,
    "Dark Cloud": 7.109043157160276e-11,
    "Final Fantasy X": 7.109043157160276e-11,
    "Final Fantasy X-2": 7.109043157160276e-11,
    "Dark Chronicle": 7.812977152692401e-11,
    "Monster Hunter": 7.109043157160276e-11,
    "Monster Hunter 2": 7.109043157160276e-11,