{
  "numNodes": 75,
  "numEdges": 88,
  "selfLinks": 1,
  "numStrongComponents": 72,
  "numWeakComponents": 8,
  "sizeLargestStrong": 2,
  "sizeLargestWeak": 57,
  "radius": 1,
  "diameter": 1,
  "averageInDegree": 1.1733333333333333,
  "averageOutDegree": 1.1733333333333333,
  "maxOutDegree": 11,
  "maxInDegree": 27,
  "pageRank": {
    "Main Page": 0.005120353375569788,
    "List of PlayStation 2 games": 0.005120353375569788,
    "Dark Cloud": 0.005539294170248319,
    "Final Fantasy X": 0.005539294170248319,
    "Final Fantasy X-2": 0.005539294170248319,
    "Dark Chronicle": 0.010524692480643515,
    "Monster Hunter": 0.005539294170248319,
    "Monster Hunter 2": 0.005539294170248319,
    "Monster Hunter 3": 0.005539294170248319,
    "PlayStation 2": 0.05998483715274952,
    "PlayStation (console)": 0.03356591545766755,
    "Lego Batman: The Video Game": 0.005539294170248319,
    "Star Wars: The Force Unleashed": 0.005539294170248319,
    "Yakuza 2": 0.005539294170248319,
    "Hannah Montana: Spotlight World Tour": 0.005539294170248319,
    "PlayStation 3": 0.14827985914634187,
    "PlayStation": 0.04194842311930651,
    "Thrill Kill": 0.005120353375569788,
    "Playstation 1": 0.024307847479287853,
    "Memory Card": 0.009728702117033625,
    "Sony Computer Entertainment": 0.021887832620713046,
    "Final Fantasy VII (disambiguation)": 0.005120353375569788,
    "PlayStation 4": 0.01664122522922938,
    "Ratchet & Clank: Going Commando": 0.009728702117033625,
    "Playstation": 0.005120353375569788,
    "PocketStation": 0.02274099765210749,
    "Playstation Event Project": 0.007424527746301706,
    "Ratchet and Clank: Going Commando": 0.005120353375569788,
    "Playstation 2 Game project": 0.007424527746301706,
    "PlayStation 1": 0.03160592695078962,
    "Rayman Arena": 0.005120353375569788,
    "Sony Computer Entertainment Europe": 0.005120353375569788,
    "PSP": 0.009728702117033625,
    "Ys: The Oath in Felghana": 0.005120353375569788,
    "Pop'n music 10": 0.005120353375569788,
    "Dragon Quest Heroes": 0.005120353375569788,
    "Memory card": 0.005120353375569788,
    "LittleBigPlanet 2": 0.005120353375569788,
    "LittleBigPlanet Karting": 0.005120353375569788,
    "Fearful Harmony": 0.005120353375569788,
    "PlayStation 4K": 0.005120353375569788,
    "PlayStation Neo": 0.009728702117033625,
    "Metal Gear Solid": 0.012671135137785373,
    "Lego Batman 2: DC Super Heroes": 0.005120353375569788,
    "Lego Batman 3: Beyond Gotham": 0.005120353375569788,
    "Star Wars: The Force Unleashed II": 0.005120353375569788,
    "Kingdom Hearts II": 0.005120353375569788,
    "Crash Bandicoot": 0.009309790513169252,
    "Crash Bandicoot 2: Cortex Strikes Back": 0.01161396488390117,
    "Crash Bandicoot 3: Warp": 0.005120353375569788,
    "Star Wars: Battlefront": 0.005120353375569788,
    "Lego Star Wars: The Video Game": 0.005120353375569788,
    "Lego Star Wars II: The Original Trilogy": 0.005120353375569788,
    "Lego Star Wars: The Complete Saga": 0.005120353375569788,
    "Spyro the Dragon": 0.005120353375569788,
    "Spyro: Ripto's Rage": 0.005120353375569788,
    "Star Wars Episode III: Revenge of the Sith (Video Game)": 0.005120353375569788,
    "Lego Star Wars III: The Clone Wars": 0.005120353375569788,
    "Lego Indiana Jones: The Original Adventures": 0.005120353375569788,
    "Lego Indiana Jones 2: The Adventure Continues": 0.005120353375569788,
    "Lego Harry Potter Years 1-4": 0.005120353375569788,
    "Lego Harry Potter Years 5-7": 0.005120353375569788,
    "Lego The Lord of the Rings": 0.005120353375569788,
    "Lego The Hobbit": 0.005120353375569788,
    "Lego Marvel Super Heroes": 0.005120353375569788,
    "Lego Marvel's Avengers": 0.005120353375569788,
    "The Lego Movie Videogame": 0.005120353375569788,
    "Lego Rock Band": 0.005120353375569788,
    "Lego Pirates of the Caribbean: The Video Game": 0.005120353375569788,
    "Lego Jurassic World": 0.005120353375569788,
    "Spyro: Enter the Dragonfly": 0.09484961615117385,
    "Spyro: A Hero's Tail": 0.09966896213804297,
    "The Legend of Spyro: A New Beginning": 0.012478354914009768,
    "The Legend of Spyro: The Eternal Night": 0.01635096999748905,
    "The Legend of Spyro: Dawn of the Dragon": 0.012478354914009768
  },
  "hitsHubs": {
    "Main Page": 7.967052642643933e-27,
    "List of PlayStation 2 games": 3.6932834251191904e-11,
    "Dark Cloud": 3.657071283155966e-12,
    "Final Fantasy X": 0.0,
    "Final Fantasy X-2": 0.0,
    "Dark Chronicle": 0.0,
    "Monster Hunter": 0.0,
    "Monster Hunter 2": 0.0,
    "Monster Hunter 3": 0.0,
    "PlayStation 2": 0.033970755224983724,
    "PlayStation (console)": 0.041990040865786345,
    "Lego Batman: The Video Game": 1.670812038362601e-20,
    "Star Wars: The Force Unleashed": 1.670812038362601e-20,
    "Yakuza 2": 0.0,
    "Hannah Montana: Spotlight World Tour": 0.007366566400161038,
    "PlayStation 3": 0.0,
    "PlayStation": 0.04774010330905199,
    "Thrill Kill": 1.670812038362601e-20,
    "Playstation 1": 7.967052642643933e-27,
    "Memory Card": 0.0,
    "Sony Computer Entertainment": 0.0,
    "Final Fantasy VII (disambiguation)": 1.670812038362601e-20,
    "PlayStation 4": 0.03160858796531012,
    "Ratchet & Clank: Going Commando": 0.0,
    "Playstation": 0.002362167259673607,
    "PocketStation": 0.0,
    "Playstation Event Project": 0.0,
    "Ratchet and Clank: Going Commando": 3.79898674137303e-33,
    "Playstation 2 Game project": 0.0,
    "PlayStation 1": 3.79898674137303e-33,
    "Rayman Arena": 0.007366566400161038,
    "Sony Computer Entertainment Europe": 0.004146019628949753,
    "PSP": 0.0,
    "Ys: The Oath in Felghana": 3.79898674137303e-33,
    "Pop'n music 10": 0.007366566400161038,
    "Dragon Quest Heroes": 0.037990973383132884,
    "Memory card": 3.79898674137303e-33,
    "LittleBigPlanet 2": 0.03575460759425987,
    "LittleBigPlanet Karting": 0.03575460759425987,
    "Fearful Harmony": 7.967052642643933e-27,
    "PlayStation 4K": 3.79898674137303e-33,
    "PlayStation Neo": 0.0,
    "Metal Gear Solid": 0.0,
    "Lego Batman 2: DC Super Heroes": 0.03160858796531012,
    "Lego Batman 3: Beyond Gotham": 0.037990973383132884,
    "Star Wars: The Force Unleashed II": 0.03160858796531012,
    "Kingdom Hearts II": 0.007366566400161038,
    "Crash Bandicoot": 0.001179602667881659,
    "Crash Bandicoot 2: Cortex Strikes Back": 0.033970755224983724,
    "Crash Bandicoot 3: Warp": 0.03274855659281421,
    "Star Wars: Battlefront": 0.007366566400161038,
    "Lego Star Wars: The Video Game": 0.007366566400161038,
    "Lego Star Wars II: The Original Trilogy": 0.007366566400161038,
    "Lego Star Wars: The Complete Saga": 0.03160858796531012,
    "Spyro the Dragon": 3.97387431282759e-23,
    "Spyro: Ripto's Rage": 3.97387431282759e-23,
    "Star Wars Episode III: Revenge of the Sith (Video Game)": 0.03897515436547116,
    "Lego Star Wars III: The Clone Wars": 0.03160858796531012,
    "Lego Indiana Jones: The Original Adventures": 0.03897515436547116,
    "Lego Indiana Jones 2: The Adventure Continues": 0.03160858796531012,
    "Lego Harry Potter Years 1-4": 0.03160858796531012,
    "Lego Harry Potter Years 5-7": 0.03160858796531012,
    "Lego The Lord of the Rings": 0.03160858796531012,
    "Lego The Hobbit": 0.03160858796531012,
    "Lego Marvel Super Heroes": 0.037990973383132884,
    "Lego Marvel's Avengers": 0.037990973383132884,
    "The Lego Movie Videogame": 0.037990973383132884,
    "Lego Rock Band": 0.03160858796531012,
    "Lego Pirates of the Caribbean: The Video Game": 0.03160858796531012,
    "Lego Jurassic World": 0.03160858796531012,
    "Spyro: Enter the Dragonfly": 3.97387431282759e-23,
    "Spyro: A Hero's Tail": 3.79898674137303e-33,
    "The Legend of Spyro: A New Beginning": 3.79898674137303e-33,
    "The Legend of Spyro: The Eternal Night": 7.967052642643933e-27,
    "The Legend of Spyro: Dawn of the Dragon": 0.0
  },
  "hitsAuths": {
    "Main Page": 0.0,