{
  "numNodes": 74,
  "numEdges": 86,
  "selfLinks": 1,
  "numStrongComponents": 71,
  "numWeakComponents": 8,
  "sizeLargestStrong": 2,
  "sizeLargestWeak": 56,
  "radius": 1,
  "diameter": 1,
  "averageInDegree": 1.162162162162162,
  "averageOutDegree": 1.162162162162162,
  "maxOutDegree": 11,
  "maxInDegree": 27,
  "pageRank": {
    "Main Page": 0.005095198883099943,
    "List of PlayStation 2 games": 0.005095198883099943,
    "Dark Cloud": 0.005512081226528086,
    "Final Fantasy X": 0.005512081226528086,
    "Final Fantasy X-2": 0.005512081226528086,
    "Dark Chronicle": 0.010472983601899185,
    "Monster Hunter": 0.005512081226528086,
    "Monster Hunter 2": 0.005512081226528086,
    "Monster Hunter 3": 0.005512081226528086,
    "PlayStation 2": 0.06735472998842722,
    "PlayStation (console)": 0.033400955257979016,
    "Lego Batman: The Video Game": 0.005512081226528086,
    "Star Wars: The Force Unleashed": 0.005512081226528086,
    "Yakuza 2": 0.005512081226528086,
    "Hannah Montana: Spotlight World Tour": 0.005512081226528086,
    "PlayStation 3": 0.1586649890747231,
    "PlayStation": 0.045191396131979145,
    "Thrill Kill": 0.005095198883099943,
    "Playstation 1": 0.024188415189261275,
    "Memory Card": 0.009680904660809508,
    "Sony Computer Entertainment": 0.024434753950585454,
    "Final Fantasy VII (disambiguation)": 0.005095198883099943,
    "PlayStation 4": 0.016559463327373857,
    "Ratchet & Clank: Going Commando": 0.009680904660809508,
    "Playstation": 0.005095198883099943,
    "Playstation Event Project": 0.007388051771954726,
    "Ratchet and Clank: Going Commando": 0.005095198883099943,
    "Playstation 2 Game project": 0.007388051771954726,
    "PlayStation 1": 0.03145061969847489,
    "Rayman Arena": 0.005095198883099943,
    "Sony Computer Entertainment Europe": 0.005095198883099943,
    "PSP": 0.009680904660809508,
    "Ys: The Oath in Felghana": 0.005095198883099943,
    "Pop'n music 10": 0.005095198883099943,
    "Dragon Quest Heroes": 0.005095198883099943,
    "Memory card": 0.005095198883099943,
    "LittleBigPlanet 2": 0.005095198883099943,
    "LittleBigPlanet Karting": 0.005095198883099943,
    "Fearful Harmony": 0.005095198883099943,
    "PlayStation 4K": 0.005095198883099943,
    "PlayStation Neo": 0.009680904660809508,
    "Metal Gear Solid": 0.015263342395166322,
    "Lego Batman 2: DC Super Heroes": 0.005095198883099943,
    "Lego Batman 3: Beyond Gotham": 0.005095198883099943,
    "Star Wars: The Force Unleashed II": 0.005095198883099943,
    "Kingdom Hearts II": 0.005095198883099943,
    "Crash Bandicoot": 0.00926404776507771,
    "Crash Bandicoot 2: Cortex Strikes Back": 0.011556900653932493,
    "Crash Bandicoot 3: Warp": 0.005095198883099943,
    "Star Wars: Battlefront": 0.005095198883099943,
    "Lego Star Wars: The Video Game": 0.005095198883099943,
    "Lego Star Wars II: The Original Trilogy": 0.005095198883099943,
    "Lego Star Wars: The Complete Saga": 0.005095198883099943,
    "Spyro the Dragon": 0.005095198883099943,
    "Spyro: Ripto's Rage": 0.005095198883099943,
    "Star Wars Episode III: Revenge of the Sith (Video Game)": 0.005095198883099943,
    "Lego Star Wars III: The Clone Wars": 0.005095198883099943,
    "Lego Indiana Jones: The Original Adventures": 0.005095198883099943,
    "Lego Indiana Jones 2: The Adventure Continues": 0.005095198883099943,
    "Lego Harry Potter Years 1-4": 0.005095198883099943,
    "Lego Harry Potter Years 5-7": 0.005095198883099943,
    "Lego The Lord of the Rings": 0.005095198883099943,
    "Lego The Hobbit": 0.005095198883099943,
    "Lego Marvel Super Heroes": 0.005095198883099943,
    "Lego Marvel's Avengers": 0.005095198883099943,
    "The Lego Movie Videogame": 0.005095198883099943,
    "Lego Rock Band": 0.005095198883099943,
    "Lego Pirates of the Caribbean: The Video Game": 0.005095198883099943,
    "Lego Jurassic World": 0.005095198883099943,
    "Spyro: Enter the Dragonfly": 0.09435636540591798,
    "Spyro: A Hero's Tail": 0.09921267661472849,
    "The Legend of Spyro: A New Beginning": 0.012417030578846338,
    "The Legend of Spyro: The Eternal Night": 0.016270611127255242,
    "The Legend of Spyro: Dawn of the Dragon": 0.012417030578846338
  },
  "hitsHubs": {
    "Main Page": 9.323199923218137e-27,
    "List of PlayStation 2 games": 4.321952080646355e-11,
    "Dark Cloud": 4.279575927969265e-12,
    "Final Fantasy X": 0.0,
    "Final Fantasy X-2": 0.0,
    "Dark Chronicle": 0.0,
    "Monster Hunter": 0.0,
    "Monster Hunter 2": 0.0,
    "Monster Hunter 3": 0.0,
    "PlayStation 2": 0.03429473144088282,
    "PlayStation (console)": 0.03907440636915069,
    "Lego Batman: The Video Game": 1.9552167365376762e-20,
    "Star Wars: The Force Unleashed": 1.9552167365376762e-20,
    "Yakuza 2": 0.0,
    "Hannah Montana: Spotlight World Tour": 0.007183060750585478,
    "PlayStation 3": 0.0,
    "PlayStation": 0.04467350037705653,
    "Thrill Kill": 1.9552167365376762e-20,
    "Playstation 1": 9.323199923218137e-27,
    "Memory Card": 0.0,
    "Sony Computer Entertainment": 0.0,
    "Final Fantasy VII (disambiguation)": 1.9552167365376762e-20,
    "PlayStation 4": 0.03189134561856521,
    "Ratchet & Clank: Going Commando": 0.0,
    "Playstation": 0.0024033858223176086,
    "Playstation Event Project": 0.0,
    "Ratchet and Clank: Going Commando": 4.4456481567469295e-33,
    "Playstation 2 Game project": 0.0,
    "PlayStation 1": 4.4456481567469295e-33,
    "Rayman Arena": 0.007183060750585478,
    "Sony Computer Entertainment Europe": 0.004086721150293869,
    "PSP": 0.0,
    "Ys: The Oath in Felghana": 4.4456481567469295e-33,
    "Pop'n music 10": 0.007183060750585478,
    "Dragon Quest Heroes": 0.03838952389559524,
    "Memory card": 4.4456481567469295e-33,
    "LittleBigPlanet 2": 0.03597806676885908,
    "LittleBigPlanet Karting": 0.03597806676885908,
    "Fearful Harmony": 9.323199923218137e-27,
    "PlayStation 4K": 4.4456481567469295e-33,
    "PlayStation Neo": 0.0,
    "Metal Gear Solid": 0.0,
    "Lego Batman 2: DC Super Heroes": 0.03189134561856521,
    "Lego Batman 3: Beyond Gotham": 0.03838952389559524,
    "Star Wars: The Force Unleashed II": 0.03189134561856521,
    "Kingdom Hearts II": 0.007183060750585478,
    "Crash Bandicoot": 0.001200161931595406,
    "Crash Bandicoot 2: Cortex Strikes Back": 0.03429473144088282,
    "Crash Bandicoot 3: Warp": 0.03305087737087901,
    "Star Wars: Battlefront": 0.007183060750585478,
    "Lego Star Wars: The Video Game": 0.007183060750585478,
    "Lego Star Wars II: The Original Trilogy": 0.007183060750585478,
    "Lego Star Wars: The Complete Saga": 0.03189134561856521,
    "Spyro the Dragon": 4.6503049935838764e-23,
    "Spyro: Ripto's Rage": 4.6503049935838764e-23,
    "Star Wars Episode III: Revenge of the Sith (Video Game)": 0.03907440636915069,
    "Lego Star Wars III: The Clone Wars": 0.03189134561856521,
    "Lego Indiana Jones: The Original Adventures": 0.03907440636915069,
    "Lego Indiana Jones 2: The Adventure Continues": 0.03189134561856521,
    "Lego Harry Potter Years 1-4": 0.03189134561856521,
    "Lego Harry Potter Years 5-7": 0.03189134561856521,
    "Lego The Lord of the Rings": 0.03189134561856521,
    "Lego The Hobbit": 0.03189134561856521,
    "Lego Marvel Super Heroes": 0.03838952389559524,
    "Lego Marvel's Avengers": 0.03838952389559524,
    "The Lego Movie Videogame": 0.03838952389559524,
    "Lego Rock Band": 0.03189134561856521,
    "Lego Pirates of the Caribbean: The Video Game": 0.03189134561856521,
    "Lego Jurassic World": 0.03189134561856521,
    "Spyro: Enter the Dragonfly": 4.6503049935838764e-23,
    "Spyro: A Hero's Tail": 4.4456481567469295e-33,
    "The Legend of Spyro: A New Beginning": 4.4456481567469295e-33,
    "The Legend of Spyro: The Eternal Night": 9.323199923218137e-27,
    "The Legend of Spyro: Dawn of the Dragon": 0.0
  },
  "hitsAuths": {
    "Main Page": 0.0,
    "List of PlayStation 2 games": 0.0,
    "Dark Cloud": 7.109043157160264e-11,