{
  "numNodes": 80,
  "numEdges": 91,
  "selfLinks": 1,
  "numStrongComponents": 78,
  "numWeakComponents": 9,
  "sizeLargestStrong": 2,
  "sizeLargestWeak": 59,
  "radius": 1,
  "diameter": 1,
  "averageInDegree": 1.1375,
  "averageOutDegree": 1.1375,
  "maxOutDegree": 11,
  "maxInDegree": 26,
  "pageRank": {
    "Main Page": 0.005436311228293184,
    "List of PlayStation 2 games": 0.005436311228293184,
    "Dark Cloud": 0.0058811032874845305,
    "Final Fantasy X": 0.0058811032874845305,
    "Final Fantasy X-2": 0.0058811032874845305,
    "Dark Chronicle": 0.01117413182439437,
    "Monster Hunter": 0.0058811032874845305,
    "Monster Hunter 2": 0.0058811032874845305,
    "Monster Hunter 3": 0.0058811032874845305,
    "PlayStation 2": 0.05538456330575671,
    "PlayStation (console)": 0.03563714290774933,
    "Lego Batman: The Video Game": 0.0058811032874845305,
    "Star Wars: The Force Unleashed": 0.0058811032874845305,
    "Yakuza 2": 0.0058811032874845305,
    "Hannah Montana: Spotlight World Tour": 0.0058811032874845305,
    "PlayStation 3": 0.10986051019619021,
    "PlayStation": 0.01669329636730093,
    "Thrill Kill": 0.005436311228293184,
    "Playstation 1": 0.025807793604322483,
    "Memory Card": 0.010329023879397992,
    "Sony Computer Entertainment": 0.016037188639020268,
    "Final Fantasy VII (disambiguation)": 0.005436311228293184,
    "PlayStation 4": 0.018483544964572673,
    "Ratchet & Clank: Going Commando": 0.010329023879397992,
    "Playstation": 0.005436311228293184,
    "PocketStation": 0.01694299987221947,
    "Playstation Event Project": 0.007882667553845587,
    "Playstation Consoles": 0.005436311228293184,
    "Games": 0.005436311228293184,
    "List of games with platinum trophies": 0.010329023879397992,
    "PlayStation Network": 0.00706721544532812,
    "Ratchet and Clank: Going Commando": 0.005436311228293184,
    "Playstation 2 Game project": 0.012775380204950396,
    "PlayStation 1": 0.033556210316800845,
    "Rayman Arena": 0.005436311228293184,
    "Platinum Games": 0.005436311228293184,
    "Sony Computer Entertainment Europe": 0.005436311228293184,
    "PSP": 0.010329023879397992,
    "Ys: The Oath in Felghana": 0.005436311228293184,
    "Pop'n music 10": 0.005436311228293184,
    "Dragon Quest Heroes": 0.005436311228293184,
    "Memory card": 0.005436311228293184,
    "LittleBigPlanet 2": 0.005436311228293184,
    "LittleBigPlanet Karting": 0.005436311228293184,
    "Fearful Harmony": 0.005436311228293184,
    "PlayStation 4K": 0.005436311228293184,
    "PlayStation Neo": 0.010329023879397992,
    "Metal Gear Solid": 0.010444338212614233,
    "Lego Batman 2: DC Super Heroes": 0.005436311228293184,
    "Lego Batman 3: Beyond Gotham": 0.005436311228293184,
    "Star Wars: The Force Unleashed II": 0.005436311228293184,
    "Kingdom Hearts II": 0.005436311228293184,
    "Crash Bandicoot": 0.009884262921714812,
    "Crash Bandicoot 2: Cortex Strikes Back": 0.012330619247267215,
    "Crash Bandicoot 3: Warp": 0.005436311228293184,
    "Star Wars: Battlefront": 0.005436311228293184,
    "Lego Star Wars: The Video Game": 0.005436311228293184,
    "Lego Star Wars II: The Original Trilogy": 0.005436311228293184,
    "Lego Star Wars: The Complete Saga": 0.005436311228293184,
    "Spyro the Dragon": 0.005436311228293184,
    "Spyro: Ripto's Rage": 0.005436311228293184,
    "Star Wars Episode III: Revenge of the Sith (Video Game)": 0.005436311228293184,
    "Lego Star Wars III: The Clone Wars": 0.005436311228293184,
    "Lego Indiana Jones: The Original Adventures": 0.005436311228293184,
    "Lego Indiana Jones 2: The Adventure Continues": 0.005436311228293184,
    "Lego Harry Potter Years 1-4": 0.005436311228293184,
    "Lego Harry Potter Years 5-7": 0.005436311228293184,
    "Lego The Lord of the Rings": 0.005436311228293184,
    "Lego The Hobbit": 0.005436311228293184,
    "Lego Marvel Super Heroes": 0.005436311228293184,
    "Lego Marvel's Avengers": 0.005436311228293184,
    "The Lego Movie Videogame": 0.005436311228293184,
    "Lego Rock Band": 0.005436311228293184,
    "Lego Pirates of the Caribbean: The Video Game": 0.005436311228293184,
    "Lego Jurassic World": 0.005436311228293184,
    "Spyro: Enter the Dragonfly": 0.10070539537502335,
    "Spyro: A Hero's Tail": 0.10582226718180462,
    "The Legend of Spyro: A New Beginning": 0.013248348491369934,
    "The Legend of Spyro: The Eternal Night": 0.01735992855964963,
    "The Legend of Spyro: Dawn of the Dragon": 0.013248348491369934
  },
  "hitsHubs": {
    "Main Page": 2.4224595637119515e-23,
    "List of PlayStation 2 games": 7.919921778774398e-11,
    "Dark Cloud": 7.842268022271442e-12,
    "Final Fantasy X": 0.0,
    "Final Fantasy X-2": 0.0,
    "Dark Chronicle": 0.0,
    "Monster Hunter": 0.0,
    "Monster Hunter 2": 0.0,
    "Monster Hunter 3": 0.0,
    "PlayStation 2": 0.0,
    "PlayStation (console)": 0.04385665609565148,
    "Lego Batman: The Video Game": 9.941695900089133e-20,
    "Star Wars: The Force Unleashed": 9.941695900089133e-20,
    "Yakuza 2": 0.0,
    "Hannah Montana: Spotlight World Tour": 0.0,
    "PlayStation 3": 0.0,
    "PlayStation": 0.04179530466841921,
    "Thrill Kill": 9.941695900089133e-20,
    "Playstation 1": 9.481140041436322e-26,
    "Memory Card": 0.0,
    "Sony Computer Entertainment": 0.0,
    "Final Fantasy VII (disambiguation)": 9.941695900089133e-20,
    "PlayStation 4": 0.0,
    "Ratchet & Clank: Going Commando": 0.0,
    "Playstation": 0.0032342197291049465,
    "PocketStation": 0.0,
    "Playstation Event Project": 0.0,
    "Playstation Consoles": 0.06012709708529883,
    "Games": 1.4971623467462278e-23,
    "List of games with platinum trophies": 0.0,
    "PlayStation Network": 0.0,
    "Ratchet and Clank: Going Commando": 9.04191974776871e-32,
    "Playstation 2 Game project": 0.0,
    "PlayStation 1": 9.04191974776871e-32,
    "Rayman Arena": 0.009433009297097016,
    "Platinum Games": 9.04191974776871e-32,
    "Sony Computer Entertainment Europe": 0.004493427461328157,
    "PSP": 0.0,
    "Ys: The Oath in Felghana": 9.04191974776871e-32,
    "Pop'n music 10": 0.009433009297097016,
    "Dragon Quest Heroes": 0.03951970630616251,
    "Memory card": 9.04191974776871e-32,
    "LittleBigPlanet 2": 0.03547033996827642,
    "LittleBigPlanet Karting": 0.03547033996827642,
    "Fearful Harmony": 9.481140041436322e-26,
    "PlayStation 4K": 9.04191974776871e-32,
    "PlayStation Neo": 0.0,
    "Metal Gear Solid": 0.0,
    "Lego Batman 2: DC Super Heroes": 0.030976912506948263,
    "Lego Batman 3: Beyond Gotham": 0.03951970630616251,
    "Star Wars: The Force Unleashed II": 0.030976912506948263,
    "Kingdom Hearts II": 0.009433009297097016,
    "Crash Bandicoot": 0.0011387765929456552,
    "Crash Bandicoot 2: Cortex Strikes Back": 0.03421113223605321,
    "Crash Bandicoot 3: Warp": 0.032077942238366124,
    "Star Wars: Battlefront": 0.009433009297097016,
    "Lego Star Wars: The Video Game": 0.009433009297097016,
    "Lego Star Wars II: The Original Trilogy": 0.009433009297097016,
    "Lego Star Wars: The Complete Saga": 0.030976912506948263,
    "Spyro the Dragon": 3.1527224731613795e-22,
    "Spyro: Ripto's Rage": 3.1527224731613795e-22,
    "Star Wars Episode III: Revenge of the Sith (Video Game)": 0.04179530466841921,
    "Lego Star Wars III: The Clone Wars": 0.030976912506948263,
    "Lego Indiana Jones: The Original Adventures": 0.040409921804045276,
    "Lego Indiana Jones 2: The Adventure Continues": 0.030976912506948263,
    "Lego Harry Potter Years 1-4": 0.030976912506948263,
    "Lego Harry Potter Years 5-7": 0.030976912506948263,
    "Lego The Lord of the Rings": 0.030976912506948263,
    "Lego The Hobbit": 0.030976912506948263,
    "Lego Marvel Super Heroes": 0.03951970630616251,
    "Lego Marvel's Avengers": 0.03951970630616251,
    "The Lego Movie Videogame": 0.03951970630616251,
    "Lego Rock Band": 0.030976912506948263,
    "Lego Pirates of the Caribbean: The Video Game": 0.030976912506948263,