{
  "numNodes": 77,
  "numEdges": 90,
  "selfLinks": 1,
  "numStrongComponents": 75,
  "numWeakComponents": 8,
  "sizeLargestStrong": 2,
  "sizeLargestWeak": 58,
  "radius": 1,
  "diameter": 1,
  "averageInDegree": 1.1688311688311688,
  "averageOutDegree": 1.1688311688311688,
  "maxOutDegree": 11,
  "maxInDegree": 26,
  "pageRank": {
    "Main Page": 0.0055241538331111065,
    "List of PlayStation 2 games": 0.0055241538331111065,
    "Dark Cloud": 0.005976132669226273,
    "Final Fantasy X": 0.005976132669226273,
    "Final Fantasy X-2": 0.005976132669226273,
    "Dark Chronicle": 0.011354683498799943,
    "Monster Hunter": 0.005976132669226273,
    "Monster Hunter 2": 0.005976132669226273,
    "Monster Hunter 3": 0.005976132669226273,
    "PlayStation 2": 0.06248659941792422,
    "PlayStation (console)": 0.03621291375345289,
    "Lego Batman: The Video Game": 0.005976132669226273,
    "Star Wars: The Force Unleashed": 0.005976132669226273,
    "Yakuza 2": 0.005976132669226273,
    "Hannah Montana: Spotlight World Tour": 0.005976132669226273,
    "PlayStation 3": 0.1124641914076351,
    "PlayStation": 0.016963019743205306,
    "Thrill Kill": 0.0055241538331111065,
    "Playstation 1": 0.0262247898867921,
    "Memory Card": 0.010495921030377931,
    "Sony Computer Entertainment": 0.016296316093855897,
    "Final Fantasy VII (disambiguation)": 0.0055241538331111065,
    "PlayStation 4": 0.01878219969248931,
    "Ratchet & Clank: Going Commando": 0.010495921030377931,
    "Playstation": 0.0055241538331111065,
    "PocketStation": 0.017216738637438805,
    "Playstation Event Project": 0.00801003743174452,
    "Playstation Consoles": 0.0055241538331111065,
    "Games": 0.0055241538331111065,
    "Ratchet and Clank: Going Commando": 0.0055241538331111065,
    "Playstation 2 Game project": 0.012981804629011344,
    "PlayStation 1": 0.03409838408307269,
    "Rayman Arena": 0.0055241538331111065,
    "Sony Computer Entertainment Europe": 0.0055241538331111065,
    "PSP": 0.010495921030377931,
    "Ys: The Oath in Felghana": 0.0055241538331111065,
    "Pop'n music 10": 0.0055241538331111065,
    "Dragon Quest Heroes": 0.0055241538331111065,
    "Memory card": 0.0055241538331111065,
    "LittleBigPlanet 2": 0.0055241538331111065,
    "LittleBigPlanet Karting": 0.0055241538331111065,
    "Fearful Harmony": 0.0055241538331111065,
    "PlayStation 4K": 0.0055241538331111065,
    "PlayStation Neo": 0.010495921030377931,
    "Metal Gear Solid": 0.010613093403155084,
    "Lego Batman 2: DC Super Heroes": 0.0055241538331111065,
    "Lego Batman 3: Beyond Gotham": 0.0055241538331111065,
    "Star Wars: The Force Unleashed II": 0.0055241538331111065,
    "Kingdom Hearts II": 0.0055241538331111065,
    "Crash Bandicoot": 0.010043969690883517,
    "Crash Bandicoot 2: Cortex Strikes Back": 0.01252985328951693,
    "Crash Bandicoot 3: Warp": 0.0055241538331111065,
    "Star Wars: Battlefront": 0.0055241538331111065,
    "Lego Star Wars: The Video Game": 0.0055241538331111065,
    "Lego Star Wars II: The Original Trilogy": 0.0055241538331111065,
    "Lego Star Wars: The Complete Saga": 0.0055241538331111065,
    "Spyro the Dragon": 0.0055241538331111065,
    "Spyro: Ripto's Rage": 0.0055241538331111065,
    "Star Wars Episode III: Revenge of the Sith (Video Game)": 0.0055241538331111065,
    "Lego Star Wars III: The Clone Wars": 0.0055241538331111065,
    "Lego Indiana Jones: The Original Adventures": 0.0055241538331111065,
    "Lego Indiana Jones 2: The Adventure Continues": 0.0055241538331111065,
    "Lego Harry Potter Years 1-4": 0.0055241538331111065,
    "Lego Harry Potter Years 5-7": 0.0055241538331111065,
    "Lego The Lord of the Rings": 0.0055241538331111065,
    "Lego The Hobbit": 0.0055241538331111065,
    "Lego Marvel Super Heroes": 0.0055241538331111065,
    "Lego Marvel's Avengers": 0.0055241538331111065,
    "The Lego Movie Videogame": 0.0055241538331111065,
    "Lego Rock Band": 0.0055241538331111065,
    "Lego Pirates of the Caribbean: The Video Game": 0.0055241538331111065,
    "Lego Jurassic World": 0.0055241538331111065,
    "Spyro: Enter the Dragonfly": 0.10230315400283783,
    "Spyro: A Hero's Tail": 0.10756943137204558,
    "The Legend of Spyro: A New Beginning": 0.013462396139466466,
    "The Legend of Spyro: The Eternal Night": 0.0176404020496541,
    "The Legend of Spyro: Dawn of the Dragon": 0.013462396139466466
  },
  "hitsHubs": {
    "Main Page": 2.017017562064604e-24,
    "List of PlayStation 2 games": 2.795653673836779e-11,
    "Dark Cloud": 2.7682426695719975e-12,
    "Final Fantasy X": 0.0,
    "Final Fantasy X-2": 0.0,
    "Dark Chronicle": 0.0,
    "Monster Hunter": 0.0,
    "Monster Hunter 2": 0.0,
    "Monster Hunter 3": 0.0,
    "PlayStation 2": 0.0,
    "PlayStation (console)": 0.043728636524267055,
    "Lego Batman: The Video Game": 1.2647314802785218e-20,
    "Star Wars: The Force Unleashed": 1.2647314802785218e-20,
    "Yakuza 2": 0.0,
    "Hannah Montana: Spotlight World Tour": 0.009733980454488698,
    "PlayStation 3": 0.0,
    "PlayStation": 0.04168003460820197,
    "Thrill Kill": 1.2647314802785218e-20,
    "Playstation 1": 6.03070964946042e-27,
    "Memory Card": 0.0,
    "Sony Computer Entertainment": 0.0,
    "Final Fantasy VII (disambiguation)": 1.2647314802785218e-20,
    "PlayStation 4": 0.0,
    "Ratchet & Clank: Going Commando": 0.0,
    "Playstation": 0.003205148883509453,
    "PocketStation": 0.0,
    "Playstation Event Project": 0.0,
    "Playstation Consoles": 0.05981898781661473,
    "Games": 1.2465854092613757e-24,
    "Ratchet and Clank: Going Commando": 2.8756664511968707e-33,
    "Playstation 2 Game project": 0.0,
    "PlayStation 1": 2.8756664511968707e-33,
    "Rayman Arena": 0.009733980454488698,
    "Sony Computer Entertainment Europe": 0.004446736356238721,
    "PSP": 0.0,
    "Ys: The Oath in Felghana": 2.8756664511968707e-33,
    "Pop'n music 10": 0.009733980454488698,
    "Dragon Quest Heroes": 0.03900438241313784,
    "Memory card": 2.8756664511968707e-33,
    "LittleBigPlanet 2": 0.03501265271677706,
    "LittleBigPlanet Karting": 0.03501265271677706,
    "Fearful Harmony": 6.03070964946042e-27,
    "PlayStation 4K": 2.8756664511968707e-33,
    "PlayStation Neo": 0.0,
    "Metal Gear Solid": 0.0,
    "Lego Batman 2: DC Super Heroes": 0.030565916360538334,
    "Lego Batman 3: Beyond Gotham": 0.03900438241313784,
    "Star Wars: The Force Unleashed II": 0.030565916360538334,
    "Kingdom Hearts II": 0.009733980454488698,
    "Crash Bandicoot": 0.0011223843481606925,
    "Crash Bandicoot 2: Cortex Strikes Back": 0.033771065244047785,
    "Crash Bandicoot 3: Warp": 0.03165113555105659,
    "Star Wars: Battlefront": 0.009733980454488698,
    "Lego Star Wars: The Video Game": 0.009733980454488698,
    "Lego Star Wars II: The Original Trilogy": 0.009733980454488698,
    "Lego Star Wars: The Complete Saga": 0.030565916360538334,
    "Spyro the Dragon": 3.0080486773536824e-23,
    "Spyro: Ripto's Rage": 3.0080486773536824e-23,
    "Star Wars Episode III: Revenge of the Sith (Video Game)": 0.040299896815027034,
    "Lego Star Wars III: The Clone Wars": 0.030565916360538334,
    "Lego Indiana Jones: The Original Adventures": 0.040299896815027034,
    "Lego Indiana Jones 2: The Adventure Continues": 0.030565916360538334,
    "Lego Harry Potter Years 1-4": 0.030565916360538334,
    "Lego Harry Potter Years 5-7": 0.030565916360538334,
    "Lego The Lord of the Rings": 0.030565916360538334,
    "Lego The Hobbit": 0.030565916360538334,
    "Lego Marvel Super Heroes": 0.03900438241313784,
    "Lego Marvel's Avengers": 0.03900438241313784,
    "The Lego Movie Videogame": 0.03900438241313784,
    "Lego Rock Band": 0.030565916360538334,
    "Lego Pirates of the Caribbean: The Video Game": 0.030565916360538334,
    "Lego Jurassic World": 0.030565916360538334,
    "Spyro: Enter the Dragonfly": 3.0080486773536824e-23,
    "Spyro: A Hero's Tail": 2.8756664511968707e-33,