{
  "numNodes": 79,
  "numEdges": 90,
  "selfLinks": 1,
  "numStrongComponents": 77,
  "numWeakComponents": 9,
  "sizeLargestStrong": 2,
  "sizeLargestWeak": 58,
  "radius": 1,
  "diameter": 1,
  "averageInDegree": 1.139240506329114,
  "averageOutDegree": 1.139240506329114,
  "maxOutDegree": 11,
  "maxInDegree": 26,
  "pageRank": {
    "Main Page": 0.005466023659035077,
    "List of PlayStation 2 games": 0.005466023659035077,
    "Dark Cloud": 0.005913246741938194,
    "Final Fantasy X": 0.005913246741938194,
    "Final Fantasy X-2": 0.005913246741938194,
    "Dark Chronicle": 0.01123520446828936,
    "Monster Hunter": 0.005913246741938194,
    "Monster Hunter 2": 0.005913246741938194,
    "Monster Hunter 3": 0.005913246741938194,
    "PlayStation 2": 0.056507177662938356,
    "PlayStation (console)": 0.0358319178260082,
    "Lego Batman: The Video Game": 0.005913246741938194,
    "Star Wars: The Force Unleashed": 0.005913246741938194,
    "Yakuza 2": 0.005913246741938194,
    "Hannah Montana: Spotlight World Tour": 0.005913246741938194,
    "PlayStation 3": 0.11128086428193885,
    "PlayStation": 0.016784534055949443,
    "Thrill Kill": 0.005466023659035077,
    "Playstation 1": 0.025948846935605972,
    "Memory Card": 0.010385477570969357,
    "Sony Computer Entertainment": 0.01612484046822602,
    "Final Fantasy VII (disambiguation)": 0.005466023659035077,
    "PlayStation 4": 0.018584567424193163,
    "Ratchet & Clank: Going Commando": 0.010385477570969357,
    "Playstation": 0.005466023659035077,
    "PocketStation": 0.017035601896592506,
    "Playstation Event Project": 0.007925750615002218,
    "Playstation Consoles": 0.005466023659035077,
    "Games": 0.005466023659035077,
    "List of games with platinum trophies": 0.010385477570969357,
    "Ratchet and Clank: Going Commando": 0.005466023659035077,
    "Playstation 2 Game project": 0.012845204526936497,
    "PlayStation 1": 0.03373961241546121,
    "Rayman Arena": 0.005466023659035077,
    "Platinum Games": 0.005466023659035077,
    "Sony Computer Entertainment Europe": 0.005466023659035077,
    "PSP": 0.010385477570969357,
    "Ys: The Oath in Felghana": 0.005466023659035077,
    "Pop'n music 10": 0.005466023659035077,
    "Dragon Quest Heroes": 0.005466023659035077,
    "Memory card": 0.005466023659035077,
    "LittleBigPlanet 2": 0.005466023659035077,
    "LittleBigPlanet Karting": 0.005466023659035077,
    "Fearful Harmony": 0.005466023659035077,
    "PlayStation 4K": 0.005466023659035077,
    "PlayStation Neo": 0.010385477570969357,
    "Metal Gear Solid": 0.010501422041840954,
    "Lego Batman 2: DC Super Heroes": 0.005466023659035077,
    "Lego Batman 3: Beyond Gotham": 0.005466023659035077,
    "Star Wars: The Force Unleashed II": 0.005466023659035077,
    "Kingdom Hearts II": 0.005466023659035077,
    "Crash Bandicoot": 0.009938285669046346,
    "Crash Bandicoot 2: Cortex Strikes Back": 0.012398012625013485,
    "Crash Bandicoot 3: Warp": 0.005466023659035077,
    "Star Wars: Battlefront": 0.005466023659035077,
    "Lego Star Wars: The Video Game": 0.005466023659035077,
    "Lego Star Wars II: The Original Trilogy": 0.005466023659035077,
    "Lego Star Wars: The Complete Saga": 0.005466023659035077,
    "Spyro the Dragon": 0.005466023659035077,
    "Spyro: Ripto's Rage": 0.005466023659035077,
    "Star Wars Episode III: Revenge of the Sith (Video Game)": 0.005466023659035077,
    "Lego Star Wars III: The Clone Wars": 0.005466023659035077,
    "Lego Indiana Jones: The Original Adventures": 0.005466023659035077,
    "Lego Indiana Jones 2: The Adventure Continues": 0.005466023659035077,
    "Lego Harry Potter Years 1-4": 0.005466023659035077,
    "Lego Harry Potter Years 5-7": 0.005466023659035077,
    "Lego The Lord of the Rings": 0.005466023659035077,
    "Lego The Hobbit": 0.005466023659035077,
    "Lego Marvel Super Heroes": 0.005466023659035077,
    "Lego Marvel's Avengers": 0.005466023659035077,
    "The Lego Movie Videogame": 0.005466023659035077,
    "Lego Rock Band": 0.005466023659035077,
    "Lego Pirates of the Caribbean: The Video Game": 0.005466023659035077,
    "Lego Jurassic World": 0.005466023659035077,
    "Spyro: Enter the Dragonfly": 0.10125647078253373,
    "Spyro: A Hero's Tail": 0.10640046580073617,
    "The Legend of Spyro: A New Beginning": 0.013320757452076372,
    "The Legend of Spyro: The Eternal Night": 0.017454809327762527,
    "The Legend of Spyro: Dawn of the Dragon": 0.013320757452076372
  },
  "hitsHubs": {
    "Main Page": 2.5003541054802797e-23,
    "List of PlayStation 2 games": 8.174588022554063e-11,
    "Dark Cloud": 8.094437298147085e-12,
    "Final Fantasy X": 0.0,
    "Final Fantasy X-2": 0.0,
    "Dark Chronicle": 0.0,
    "Monster Hunter": 0.0,
    "Monster Hunter 2": 0.0,
    "Monster Hunter 3": 0.0,
    "PlayStation 2": 0.0,
    "PlayStation (console)": 0.04389012389736854,
    "Lego Batman: The Video Game": 1.0261372586601451e-19,
    "Star Wars: The Force Unleashed": 1.0261372586601451e-19,
    "Yakuza 2": 0.0,
    "Hannah Montana: Spotlight World Tour": 0.0,
    "PlayStation 3": 0.0,
    "PlayStation": 0.04182228702569441,
    "Thrill Kill": 1.0261372586601451e-19,
    "Playstation 1": 9.786007486916972e-26,
    "Memory Card": 0.0,
    "Sony Computer Entertainment": 0.0,
    "Final Fantasy VII (disambiguation)": 1.0261372586601451e-19,
    "PlayStation 4": 0.0,
    "Ratchet & Clank: Going Commando": 0.0,
    "Playstation": 0.00324486735963556,
    "PocketStation": 0.0,
    "Playstation Event Project": 0.0,
    "Playstation Consoles": 0.06021718244561288,
    "Games": 1.5453038210971525e-23,
    "List of games with platinum trophies": 0.0,
    "Ratchet and Clank: Going Commando": 9.332664000431988e-32,
    "Playstation 2 Game project": 0.0,
    "PlayStation 1": 9.332664000431988e-32,
    "Rayman Arena": 0.009402534886526055,
    "Platinum Games": 9.332664000431988e-32,
    "Sony Computer Entertainment Europe": 0.004508696762173883,
    "PSP": 0.0,
    "Ys: The Oath in Felghana": 9.332664000431988e-32,
    "Pop'n music 10": 0.009402534886526055,
    "Dragon Quest Heroes": 0.03960476393978577,
    "Memory card": 9.332664000431988e-32,
    "LittleBigPlanet 2": 0.03553996627552477,
    "LittleBigPlanet Karting": 0.03553996627552477,
    "Fearful Harmony": 9.786007486916972e-26,
    "PlayStation 4K": 9.332664000431988e-32,
    "PlayStation Neo": 0.0,
    "Metal Gear Solid": 0.0,
    "Lego Batman 2: DC Super Heroes": 0.031031269513350883,
    "Lego Batman 3: Beyond Gotham": 0.03960476393978577,
    "Star Wars: The Force Unleashed II": 0.031031269513350883,
    "Kingdom Hearts II": 0.009402534886526055,
    "Crash Bandicoot": 0.0011427857593122553,
    "Crash Bandicoot 2: Cortex Strikes Back": 0.034276136872986446,
    "Crash Bandicoot 3: Warp": 0.03213611525827591,
    "Star Wars: Battlefront": 0.009402534886526055,
    "Lego Star Wars: The Video Game": 0.009402534886526055,
    "Lego Star Wars II: The Original Trilogy": 0.009402534886526055,
    "Lego Star Wars: The Complete Saga": 0.031031269513350883,
    "Spyro the Dragon": 3.254098725648052e-22,
    "Spyro: Ripto's Rage": 3.254098725648052e-22,
    "Star Wars Episode III: Revenge of the Sith (Video Game)": 0.040433804399876934,
    "Lego Star Wars III: The Clone Wars": 0.031031269513350883,
    "Lego Indiana Jones: The Original Adventures": 0.040433804399876934,
    "Lego Indiana Jones 2: The Adventure Continues": 0.031031269513350883,
    "Lego Harry Potter Years 1-4": 0.031031269513350883,
    "Lego Harry Potter Years 5-7": 0.031031269513350883,
    "Lego The Lord of the Rings": 0.031031269513350883,
    "Lego The Hobbit": 0.031031269513350883,
    "Lego Marvel Super Heroes": 0.03960476393978577,
    "Lego Marvel's Avengers": 0.03960476393978577,
    "The Lego Movie Videogame": 0.03960476393978577,
    "Lego Rock Band": 0.031031269513350883,
    "Lego Pirates of the Caribbean: The Video Game": 0.031031269513350883,
    "Lego Jurassic World": 0.031031269513350883,