{
  "numNodes": 77,
  "numEdges": 91,
  "selfLinks": 1,
  "numStrongComponents": 75,
  "numWeakComponents": 8,
  "sizeLargestStrong": 2,
  "sizeLargestWeak": 58,
  "radius": 1,
  "diameter": 1,
  "averageInDegree": 1.1818181818181819,
  "averageOutDegree": 1.1818181818181819,
  "maxOutDegree": 11,
  "maxInDegree": 27,
  "pageRank": {
    "Main Page": 0.005432332875968766,
    "List of PlayStation 2 games": 0.005432332875968766,
    "Dark Cloud": 0.005876799065181982,
    "Final Fantasy X": 0.005876799065181982,
    "Final Fantasy X-2": 0.005876799065181982,
    "Dark Chronicle": 0.011165949371372016,
    "Monster Hunter": 0.005876799065181982,
    "Monster Hunter 2": 0.005876799065181982,
    "Monster Hunter 3": 0.005876799065181982,
    "PlayStation 2": 0.06144796835105807,
    "PlayStation (console)": 0.035610996183596255,
    "Lego Batman: The Video Game": 0.005876799065181982,
    "Star Wars: The Force Unleashed": 0.005876799065181982,
    "Yakuza 2": 0.005876799065181982,
    "Hannah Montana: Spotlight World Tour": 0.005876799065181982,
    "PlayStation 3": 0.127217962433302,
    "PlayStation": 0.016681065869063167,
    "Thrill Kill": 0.005432332875968766,
    "Playstation 1": 0.025788889651039586,
    "Memory Card": 0.010321460957314142,
    "Sony Computer Entertainment": 0.016025443718883745,
    "Final Fantasy VII (disambiguation)": 0.005432332875968766,
    "PlayStation 4": 0.01847000775955643,
    "Ratchet & Clank: Going Commando": 0.010321460957314142,
    "Playstation": 0.005432332875968766,
    "PocketStation": 0.016930568386699915,
    "Playstation Event Project": 0.007876896916641453,
    "Playstation Consoles": 0.005432332875968766,
    "Games": 0.005432332875968766,
    "Ratchet and Clank: Going Commando": 0.005432332875968766,
    "Playstation 2 Game project": 0.01276602499798683,
    "PlayStation 1": 0.033531612377405894,
    "Rayman Arena": 0.005432332875968766,
    "Sony Computer Entertainment Europe": 0.005432332875968766,
    "PSP": 0.010321460957314142,
    "Ys: The Oath in Felghana": 0.005432332875968766,
    "Pop'n music 10": 0.005432332875968766,
    "Dragon Quest Heroes": 0.005432332875968766,
    "Memory card": 0.005432332875968766,
    "LittleBigPlanet 2": 0.005432332875968766,
    "LittleBigPlanet Karting": 0.005432332875968766,
    "Fearful Harmony": 0.005432332875968766,
    "PlayStation 4K": 0.005432332875968766,
    "PlayStation Neo": 0.010321460957314142,
    "Metal Gear Solid": 0.010436685964719257,
    "Lego Batman 2: DC Super Heroes": 0.005432332875968766,
    "Lego Batman 3: Beyond Gotham": 0.005432332875968766,
    "Star Wars: The Force Unleashed II": 0.005432332875968766,
    "Kingdom Hearts II": 0.005432332875968766,
    "Crash Bandicoot": 0.009877021989170747,
    "Crash Bandicoot 2: Cortex Strikes Back": 0.012321586029843434,
    "Crash Bandicoot 3: Warp": 0.005432332875968766,
    "Star Wars: Battlefront": 0.005432332875968766,
    "Lego Star Wars: The Video Game": 0.005432332875968766,
    "Lego Star Wars II: The Original Trilogy": 0.005432332875968766,
    "Lego Star Wars: The Complete Saga": 0.005432332875968766,
    "Spyro the Dragon": 0.005432332875968766,
    "Spyro: Ripto's Rage": 0.005432332875968766,
    "Star Wars Episode III: Revenge of the Sith (Video Game)": 0.005432332875968766,
    "Lego Star Wars III: The Clone Wars": 0.005432332875968766,
    "Lego Indiana Jones: The Original Adventures": 0.005432332875968766,
    "Lego Indiana Jones 2: The Adventure Continues": 0.005432332875968766,
    "Lego Harry Potter Years 1-4": 0.005432332875968766,
    "Lego Harry Potter Years 5-7": 0.005432332875968766,
    "Lego The Lord of the Rings": 0.005432332875968766,
    "Lego The Hobbit": 0.005432332875968766,
    "Lego Marvel Super Heroes": 0.005432332875968766,
    "Lego Marvel's Avengers": 0.005432332875968766,
    "The Lego Movie Videogame": 0.005432332875968766,
    "Lego Rock Band": 0.005432332875968766,
    "Lego Pirates of the Caribbean: The Video Game": 0.005432332875968766,
    "Lego Jurassic World": 0.005432332875968766,
    "Spyro: Enter the Dragonfly": 0.10060256612075724,
    "Spyro: A Hero's Tail": 0.10578015802706192,
    "The Legend of Spyro: A New Beginning": 0.013238628993847722,
    "The Legend of Spyro: The Eternal Night": 0.017347189716413428,
    "The Legend of Spyro: Dawn of the Dragon": 0.013238628993847722
  },
  "hitsHubs": {
    "Main Page": 1.317581732479846e-23,
    "List of PlayStation 2 games": 4.3076649925138894e-11,
    "Dark Cloud": 4.2654289227939236e-12,
    "Final Fantasy X": 0.0,
    "Final Fantasy X-2": 0.0,
    "Dark Chronicle": 0.0,
    "Monster Hunter": 0.0,
    "Monster Hunter 2": 0.0,
    "Monster Hunter 3": 0.0,
    "PlayStation 2": 0.0,
    "PlayStation (console)": 0.042198310528918745,
    "Lego Batman: The Video Game": 5.40731292445416e-20,
    "Star Wars: The Force Unleashed": 5.40731292445416e-20,
    "Yakuza 2": 0.0,
    "Hannah Montana: Spotlight World Tour": 0.009066823037223648,
    "PlayStation 3": 0.0,
    "PlayStation": 0.04028840119355827,
    "Thrill Kill": 5.40731292445416e-20,
    "Playstation 1": 5.1568154568235015e-26,
    "Memory Card": 0.0,
    "Sony Computer Entertainment": 0.0,
    "Final Fantasy VII (disambiguation)": 5.40731292445416e-20,
    "PlayStation 4": 0.029922886880286558,
    "Ratchet & Clank: Going Commando": 0.0,
    "Playstation": 0.00300674821662528,
    "PocketStation": 0.0,
    "Playstation Event Project": 0.0,
    "Playstation Consoles": 0.057339886955419826,
    "Games": 8.143102936285161e-24,
    "Ratchet and Clank: Going Commando": 4.9179224556193366e-32,
    "Playstation 2 Game project": 0.0,
    "PlayStation 1": 4.9179224556193366e-32,
    "Rayman Arena": 0.009066823037223648,
    "Sony Computer Entertainment Europe": 0.0041818703618849516,
    "PSP": 0.0,
    "Ys: The Oath in Felghana": 4.9179224556193366e-32,
    "Pop'n music 10": 0.009066823037223648,
    "Dragon Quest Heroes": 0.037875844728277416,
    "Memory card": 4.9179224556193366e-32,
    "LittleBigPlanet 2": 0.03410475724217151,
    "LittleBigPlanet Karting": 0.03410475724217151,
    "Fearful Harmony": 5.1568154568235015e-26,
    "PlayStation 4K": 4.9179224556193366e-32,
    "PlayStation Neo": 0.0,
    "Metal Gear Solid": 0.0,
    "Lego Batman 2: DC Super Heroes": 0.029922886880286558,
    "Lego Batman 3: Beyond Gotham": 0.037875844728277416,
    "Star Wars: The Force Unleashed II": 0.029922886880286558,
    "Kingdom Hearts II": 0.009066823037223648,
    "Crash Bandicoot": 0.0010665968307736783,
    "Crash Bandicoot 2: Cortex Strikes Back": 0.03292963509691184,
    "Crash Bandicoot 3: Warp": 0.03095510210352392,
    "Star Wars: Battlefront": 0.009066823037223648,
    "Lego Star Wars: The Video Game": 0.009066823037223648,
    "Lego Star Wars II: The Original Trilogy": 0.009066823037223648,
    "Lego Star Wars: The Complete Saga": 0.029922886880286558,
    "Spyro the Dragon": 1.7147735303581125e-22,
    "Spyro: Ripto's Rage": 1.7147735303581125e-22,
    "Star Wars Episode III: Revenge of the Sith (Video Game)": 0.03898970991751021,
    "Lego Star Wars III: The Clone Wars": 0.029922886880286558,
    "Lego Indiana Jones: The Original Adventures": 0.03898970991751021,
    "Lego Indiana Jones 2: The Adventure Continues": 0.029922886880286558,
    "Lego Harry Potter Years 1-4": 0.029922886880286558,
    "Lego Harry Potter Years 5-7": 0.029922886880286558,
    "Lego The Lord of the Rings": 0.029922886880286558,
    "Lego The Hobbit": 0.029922886880286558,
    "Lego Marvel Super Heroes": 0.037875844728277416,
    "Lego Marvel's Avengers": 0.037875844728277416,
    "The Lego Movie Videogame": 0.037875844728277416,
    "Lego Rock Band": 0.029922886880286558,
    "Lego Pirates of the Caribbean: The Video Game": 0.029922886880286558,
    "Lego Jurassic World": 0.029922886880286558,
    "Spyro: Enter the Dragonfly": 1.7147735303581125e-22,
    "Spyro: A Hero's Tail": 4.9179224556193366e-32,
    "The Legend of Spyro: A New Beginning": 4.9179224556193366e-32,