{
  "numNodes": 79,
  "numEdges": 91,
  "selfLinks": 1,
  "numStrongComponents": 77,
  "numWeakComponents": 9,
  "sizeLargestStrong": 2,
  "sizeLargestWeak": 58,
  "radius": 1,
  "diameter": 1,
  "averageInDegree": 1.1518987341772151,
  "averageOutDegree": 1.1518987341772151,
  "maxOutDegree": 11,
  "maxInDegree": 26,
  "pageRank": {
    "Main Page": 0.005437058583100823,
    "List of PlayStation 2 games": 0.005437058583100823,
    "Dark Cloud": 0.0058819114276650476,
    "Final Fantasy X": 0.0058819114276650476,
    "Final Fantasy X-2": 0.0058819114276650476,
    "Dark Chronicle": 0.011175662939595753,
    "Monster Hunter": 0.0058819114276650476,
    "Monster Hunter 2": 0.0058819114276650476,
    "Monster Hunter 3": 0.0058819114276650476,
    "PlayStation 2": 0.0615014242267659,
    "PlayStation (console)": 0.03564197582478523,
    "Lego Batman: The Video Game": 0.0058819114276650476,
    "Star Wars: The Force Unleashed": 0.0058819114276650476,
    "Yakuza 2": 0.0058819114276650476,
    "Hannah Montana: Spotlight World Tour": 0.0058819114276650476,
    "PlayStation 3": 0.1106910594691785,
    "PlayStation": 0.016695577273953634,
    "Thrill Kill": 0.005437058583100823,
    "Playstation 1": 0.02581132418737519,
    "Memory Card": 0.0103304398733073,
    "Sony Computer Entertainment": 0.016039384711881526,
    "Final Fantasy VII (disambiguation)": 0.005437058583100823,
    "PlayStation 4": 0.018486075356984766,
    "Ratchet & Clank: Going Commando": 0.0103304398733073,
    "Playstation": 0.005437058583100823,
    "PocketStation": 0.01694529708407432,
    "Playstation Event Project": 0.007883749228204062,
    "Playstation Consoles": 0.005437058583100823,
    "Games": 0.005437058583100823,
    "List of games with platinum trophies": 0.0103304398733073,
    "Ratchet and Clank: Going Commando": 0.005437058583100823,
    "Playstation 2 Game project": 0.012777130518410538,
    "PlayStation 1": 0.03356078277446715,
    "Rayman Arena": 0.005437058583100823,
    "Platinum Games": 0.005437058583100823,
    "Sony Computer Entertainment Europe": 0.005437058583100823,
    "PSP": 0.0103304398733073,
    "Ys: The Oath in Felghana": 0.005437058583100823,
    "Pop'n music 10": 0.005437058583100823,
    "Dragon Quest Heroes": 0.005437058583100823,
    "Memory card": 0.005437058583100823,
    "LittleBigPlanet 2": 0.005437058583100823,
    "LittleBigPlanet Karting": 0.005437058583100823,
    "Fearful Harmony": 0.005437058583100823,
    "PlayStation 4K": 0.005437058583100823,
    "PlayStation Neo": 0.0103304398733073,
    "Metal Gear Solid": 0.01044576518241635,
    "Lego Batman 2: DC Super Heroes": 0.005437058583100823,
    "Lego Batman 3: Beyond Gotham": 0.005437058583100823,
    "Star Wars: The Force Unleashed II": 0.005437058583100823,
    "Kingdom Hearts II": 0.005437058583100823,
    "Crash Bandicoot": 0.00988561432563778,
    "Crash Bandicoot 2: Cortex Strikes Back": 0.012332304970741018,
    "Crash Bandicoot 3: Warp": 0.005437058583100823,
    "Star Wars: Battlefront": 0.005437058583100823,
    "Lego Star Wars: The Video Game": 0.005437058583100823,
    "Lego Star Wars II: The Original Trilogy": 0.005437058583100823,
    "Lego Star Wars: The Complete Saga": 0.005437058583100823,
    "Spyro the Dragon": 0.005437058583100823,
    "Spyro: Ripto's Rage": 0.005437058583100823,
    "Star Wars Episode III: Revenge of the Sith (Video Game)": 0.005437058583100823,
    "Lego Star Wars III: The Clone Wars": 0.005437058583100823,
    "Lego Indiana Jones: The Original Adventures": 0.005437058583100823,
    "Lego Indiana Jones 2: The Adventure Continues": 0.005437058583100823,
    "Lego Harry Potter Years 1-4": 0.005437058583100823,
    "Lego Harry Potter Years 5-7": 0.005437058583100823,
    "Lego The Lord of the Rings": 0.005437058583100823,
    "Lego The Hobbit": 0.005437058583100823,
    "Lego Marvel Super Heroes": 0.005437058583100823,
    "Lego Marvel's Avengers": 0.005437058583100823,
    "The Lego Movie Videogame": 0.005437058583100823,
    "Lego Rock Band": 0.005437058583100823,
    "Lego Pirates of the Caribbean: The Video Game": 0.005437058583100823,
    "Lego Jurassic World": 0.005437058583100823,
    "Spyro: Enter the Dragonfly": 0.10068984081388817,
    "Spyro: A Hero's Tail": 0.1058725670837747,
    "The Legend of Spyro: A New Beginning": 0.013250145910692249,
    "The Legend of Spyro: The Eternal Night": 0.017362280906858138,
    "The Legend of Spyro: Dawn of the Dragon": 0.013250145910692249
  },
  "hitsHubs": {
    "Main Page": 2.0170175620646026e-24,
    "List of PlayStation 2 games": 2.7956536738367746e-11,
    "Dark Cloud": 2.7682426695719934e-12,
    "Final Fantasy X": 0.0,
    "Final Fantasy X-2": 0.0,
    "Dark Chronicle": 0.0,
    "Monster Hunter": 0.0,
    "Monster Hunter 2": 0.0,
    "Monster Hunter 3": 0.0,
    "PlayStation 2": 0.0,
    "PlayStation (console)": 0.043728636524267055,
    "Lego Batman: The Video Game": 1.264731480278521e-20,
    "Star Wars: The Force Unleashed": 1.264731480278521e-20,
    "Yakuza 2": 0.0,
    "Hannah Montana: Spotlight World Tour": 0.009733980454488698,
    "PlayStation 3": 0.0,
    "PlayStation": 0.04168003460820197,
    "Thrill Kill": 1.264731480278521e-20,
    "Playstation 1": 6.030709649460416e-27,
    "Memory Card": 0.0,
    "Sony Computer Entertainment": 0.0,
    "Final Fantasy VII (disambiguation)": 1.264731480278521e-20,
    "PlayStation 4": 0.0,
    "Ratchet & Clank: Going Commando": 0.0,
    "Playstation": 0.003205148883509453,
    "PocketStation": 0.0,
    "Playstation Event Project": 0.0,
    "Playstation Consoles": 0.05981898781661473,
    "Games": 1.2465854092613748e-24,
    "List of games with platinum trophies": 0.0,
    "Ratchet and Clank: Going Commando": 2.875666451196869e-33,
    "Playstation 2 Game project": 0.0,
    "PlayStation 1": 2.875666451196869e-33,
    "Rayman Arena": 0.009733980454488698,
    "Platinum Games": 2.875666451196869e-33,
    "Sony Computer Entertainment Europe": 0.004446736356238721,
    "PSP": 0.0,
    "Ys: The Oath in Felghana": 2.875666451196869e-33,
    "Pop'n music 10": 0.009733980454488698,
    "Dragon Quest Heroes": 0.03900438241313784,
    "Memory card": 2.875666451196869e-33,
    "LittleBigPlanet 2": 0.03501265271677706,
    "LittleBigPlanet Karting": 0.03501265271677706,
    "Fearful Harmony": 6.030709649460416e-27,
    "PlayStation 4K": 2.875666451196869e-33,
    "PlayStation Neo": 0.0,
    "Metal Gear Solid": 0.0,
    "Lego Batman 2: DC Super Heroes": 0.030565916360538334,
    "Lego Batman 3: Beyond Gotham": 0.03900438241313784,
    "Star Wars: The Force Unleashed II": 0.030565916360538334,
    "Kingdom Hearts II": 0.009733980454488698,
    "Crash Bandicoot": 0.0011223843481606925,
    "Crash Bandicoot 2: Cortex Strikes Back": 0.033771065244047785,
    "Crash Bandicoot 3: Warp": 0.03165113555105659,
    "Star Wars: Battlefront": 0.009733980454488698,
    "Lego Star Wars: The Video Game": 0.009733980454488698,
    "Lego Star Wars II: The Original Trilogy": 0.009733980454488698,
    "Lego Star Wars: The Complete Saga": 0.030565916360538334,
    "Spyro the Dragon": 3.0080486773536824e-23,
    "Spyro: Ripto's Rage": 3.0080486773536824e-23,
    "Star Wars Episode III: Revenge of the Sith (Video Game)": 0.040299896815027034,
    "Lego Star Wars III: The Clone Wars": 0.030565916360538334,
    "Lego Indiana Jones: The Original Adventures": 0.040299896815027034,
    "Lego Indiana Jones 2: The Adventure Continues": 0.030565916360538334,
    "Lego Harry Potter Years 1-4": 0.030565916360538334,
    "Lego Harry Potter Years 5-7": 0.030565916360538334,
    "Lego The Lord of the Rings": 0.030565916360538334,
    "Lego The Hobbit": 0.030565916360538334,
    "Lego Marvel Super Heroes": 0.03900438241313784,
    "Lego Marvel's Avengers": 0.03900438241313784,
    "The Lego Movie Videogame": 0.03900438241313784,
    "Lego Rock Band": 0.030565916360538334,
    "Lego Pirates of the Caribbean: The Video Game": 0.030565916360538334,
    "Lego Jurassic World": 0.030565916360538334,