{
  "numNodes": 75,
  "numEdges": 86,
  "selfLinks": 1,
  "numStrongComponents": 73,
  "numWeakComponents": 8,
  "sizeLargestStrong": 2,
  "sizeLargestWeak": 57,
  "radius": 1,
  "diameter": 1,
  "averageInDegree": 1.1466666666666667,
  "averageOutDegree": 1.1466666666666667,
  "maxOutDegree": 11,
  "maxInDegree": 26,
  "pageRank": {
    "Main Page": 0.00555514557509612,
    "List of PlayStation 2 games": 0.00555514557509612,
    "Dark Cloud": 0.006009660100544083,
    "Final Fantasy X": 0.006009660100544083,
    "Final Fantasy X-2": 0.006009660100544083,
    "Dark Chronicle": 0.011418385634801072,
    "Monster Hunter": 0.006009660100544083,
    "Monster Hunter 2": 0.006009660100544083,
    "Monster Hunter 3": 0.006009660100544083,
    "PlayStation 2": 0.059806897445479144,
    "PlayStation (console)": 0.03641607392410425,
    "Lego Batman: The Video Game": 0.006009660100544083,
    "Star Wars: The Force Unleashed": 0.006009660100544083,
    "Yakuza 2": 0.006009660100544083,
    "Hannah Montana: Spotlight World Tour": 0.006009660100544083,
    "PlayStation 3": 0.12631384132919754,
    "PlayStation": 0.016224908949736997,
    "Thrill Kill": 0.00555514557509612,
    "Playstation 1": 0.026371916203465268,
    "Memory Card": 0.010554805355023705,
    "Sony Computer Entertainment": 0.018474967963378712,
    "Final Fantasy VII (disambiguation)": 0.00555514557509612,
    "PlayStation 4": 0.018054295024915082,
    "Ratchet & Clank: Going Commando": 0.010554805355023705,
    "Playstation": 0.00555514557509612,
    "PocketStation": 0.01940055345172907,
    "Playstation Event Project": 0.008054975465059913,
    "Ratchet and Clank: Going Commando": 0.00555514557509612,
    "Playstation 2 Game project": 0.008054975465059913,
    "PlayStation 1": 0.03428968218282611,
    "Rayman Arena": 0.00555514557509612,
    "Sony Computer Entertainment Europe": 0.00555514557509612,
    "PSP": 0.010554805355023705,
    "Ys: The Oath in Felghana": 0.00555514557509612,
    "Pop'n music 10": 0.00555514557509612,
    "Dragon Quest Heroes": 0.00555514557509612,
    "Memory card": 0.00555514557509612,
    "LittleBigPlanet 2": 0.00555514557509612,
    "LittleBigPlanet Karting": 0.00555514557509612,
    "Fearful Harmony": 0.00555514557509612,
    "PlayStation 4K": 0.00555514557509612,
    "PlayStation Neo": 0.010554805355023705,
    "Metal Gear Solid": 0.008475648403523543,
    "Lego Batman 2: DC Super Heroes": 0.00555514557509612,
    "Lego Batman 3: Beyond Gotham": 0.00555514557509612,
    "Star Wars: The Force Unleashed II": 0.00555514557509612,
    "Kingdom Hearts II": 0.00555514557509612,
    "Crash Bandicoot": 0.010100318345403547,
    "Crash Bandicoot 2: Cortex Strikes Back": 0.012600148235367339,
    "Crash Bandicoot 3: Warp": 0.00555514557509612,
    "Star Wars: Battlefront": 0.00555514557509612,
    "Lego Star Wars: The Video Game": 0.00555514557509612,
    "Lego Star Wars II: The Original Trilogy": 0.00555514557509612,
    "Lego Star Wars: The Complete Saga": 0.00555514557509612,
    "Spyro the Dragon": 0.00555514557509612,
    "Spyro: Ripto's Rage": 0.00555514557509612,
    "Star Wars Episode III: Revenge of the Sith (Video Game)": 0.00555514557509612,
    "Lego Star Wars III: The Clone Wars": 0.00555514557509612,
    "Lego Indiana Jones: The Original Adventures": 0.00555514557509612,
    "Lego Indiana Jones 2: The Adventure Continues": 0.00555514557509612,
    "Lego Harry Potter Years 1-4": 0.00555514557509612,
    "Lego Harry Potter Years 5-7": 0.00555514557509612,
    "Lego The Lord of the Rings": 0.00555514557509612,
    "Lego The Hobbit": 0.00555514557509612,
    "Lego Marvel Super Heroes": 0.00555514557509612,
    "Lego Marvel's Avengers": 0.00555514557509612,
    "The Lego Movie Videogame": 0.00555514557509612,
    "Lego Rock Band": 0.00555514557509612,
    "Lego Pirates of the Caribbean: The Video Game": 0.00555514557509612,
    "Lego Jurassic World": 0.00555514557509612,
    "Spyro: Enter the Dragonfly": 0.10287807131525904,
    "Spyro: A Hero's Tail": 0.10817233746902791,
    "The Legend of Spyro: A New Beginning": 0.013537922363083474,
    "The Legend of Spyro: The Eternal Night": 0.017739367461022455,
    "The Legend of Spyro: Dawn of the Dragon": 0.013537922363083474
  },
  "hitsHubs": {
    "Main Page": 1.158219682576039e-27,
    "List of PlayStation 2 games": 2.97961745974302e-11,
    "Dark Cloud": 2.9504027155632303e-12,
    "Final Fantasy X": 0.0,
    "Final Fantasy X-2": 0.0,
    "Dark Chronicle": 0.0,
    "Monster Hunter": 0.0,
    "Monster Hunter 2": 0.0,
    "Monster Hunter 3": 0.0,
    "PlayStation 2": 0.0,
    "PlayStation (console)": 0.043852513143866415,
    "Lego Batman: The Video Game": 4.857925447507411e-21,
    "Star Wars: The Force Unleashed": 4.857925447507411e-21,
    "Yakuza 2": 0.0,
    "Hannah Montana: Spotlight World Tour": 0.008039182392061979,
    "PlayStation 3": 0.0,
    "PlayStation": 0.05005897575502577,
    "Thrill Kill": 4.857925447507411e-21,
    "Playstation 1": 1.158219682576039e-27,
    "Memory Card": 0.0,
    "Sony Computer Entertainment": 0.0,
    "Final Fantasy VII (disambiguation)": 4.857925447507411e-21,
    "PlayStation 4": 0.03255020500922374,
    "Ratchet & Clank: Going Commando": 0.0,
    "Playstation": 0.001215484617444357,
    "PocketStation": 0.0,
    "Playstation Event Project": 0.0,
    "Ratchet and Clank: Going Commando": 2.7614109100724196e-34,
    "Playstation 2 Game project": 0.0,
    "PlayStation 1": 2.7614109100724196e-34,
    "Rayman Arena": 0.008039182392061979,
    "Sony Computer Entertainment Europe": 0.00446707231558061,
    "PSP": 0.0,
    "Ys: The Oath in Felghana": 2.7614109100724196e-34,
    "Pop'n music 10": 0.008039182392061979,
    "Dragon Quest Heroes": 0.039394346668837746,
    "Memory card": 2.7614109100724196e-34,
    "LittleBigPlanet 2": 0.03701727732480435,
    "LittleBigPlanet Karting": 0.03701727732480435,
    "Fearful Harmony": 1.158219682576039e-27,
    "PlayStation 4K": 2.7614109100724196e-34,
    "PlayStation Neo": 0.0,
    "Metal Gear Solid": 0.0,
    "Lego Batman 2: DC Super Heroes": 0.03255020500922374,
    "Lego Batman 3: Beyond Gotham": 0.039394346668837746,
    "Star Wars: The Force Unleashed II": 0.03255020500922374,
    "Kingdom Hearts II": 0.008039182392061979,
    "Crash Bandicoot": 0.0012609341462173893,
    "Crash Bandicoot 2: Cortex Strikes Back": 0.033765689626668094,
    "Crash Bandicoot 3: Warp": 0.03376732570173953,
    "Star Wars: Battlefront": 0.008039182392061979,
    "Lego Star Wars: The Video Game": 0.008039182392061979,
    "Lego Star Wars II: The Original Trilogy": 0.008039182392061979,
    "Lego Star Wars: The Complete Saga": 0.03255020500922374,
    "Spyro the Dragon": 8.665600037392552e-24,
    "Spyro: Ripto's Rage": 8.665600037392552e-24,
    "Star Wars Episode III: Revenge of the Sith (Video Game)": 0.04058938740128572,
    "Lego Star Wars III: The Clone Wars": 0.03255020500922374,
    "Lego Indiana Jones: The Original Adventures": 0.04058938740128572,
    "Lego Indiana Jones 2: The Adventure Continues": 0.03255020500922374,
    "Lego Harry Potter Years 1-4": 0.03255020500922374,
    "Lego Harry Potter Years 5-7": 0.03255020500922374,
    "Lego The Lord of the Rings": 0.03255020500922374,
    "Lego The Hobbit": 0.03255020500922374,
    "Lego Marvel Super Heroes": 0.039394346668837746,
    "Lego Marvel's Avengers": 0.039394346668837746,
    "The Lego Movie Videogame": 0.039394346668837746,
    "Lego Rock Band": 0.03255020500922374,
    "Lego Pirates of the Caribbean: The Video Game": 0.03255020500922374,
    "Lego Jurassic World": 0.03255020500922374,
    "Spyro: Enter the Dragonfly": 8.665600037392552e-24,
    "Spyro: A Hero's Tail": 2.7614109100724196e-34,
    "The Legend of Spyro: A New Beginning": 2.7614109100724196e-34,
    "The Legend of Spyro: The Eternal Night": 1.158219682576039e-27,
    "The Legend of Spyro: Dawn of the Dragon": 0.0
  },
  "hitsAuths": {
    "Main Page": 0.0,
    "List of PlayStation 2 games": 0.0,