{
  "numNodes": 80,
  "numEdges": 88,
  "selfLinks": 1,
  "numStrongComponents": 78,
  "numWeakComponents": 10,
  "sizeLargestStrong": 2,
  "sizeLargestWeak": 41,
  "radius": 1,
  "diameter": 1,
  "averageInDegree": 1.1,
  "averageOutDegree": 1.1,
  "maxOutDegree": 11,
  "maxInDegree": 25,
  "pageRank": {
    "Main Page": 0.005616400226694502,
    "List of PlayStation 2 games": 0.005616400226694502,
    "Dark Cloud": 0.006075926535910178,
    "Final Fantasy X": 0.006075926535910178,
    "Final Fantasy X-2": 0.006075926535910178,
    "Dark Chronicle": 0.011544292339915767,
    "Monster Hunter": 0.006075926535910178,
    "Monster Hunter 2": 0.006075926535910178,
    "Monster Hunter 3": 0.006075926535910178,
    "PlayStation 2": 0.046173844458843684,
    "PlayStation (console)": 0.036817623609488724,
    "Lego Batman: The Video Game": 0.006075926535910178,
    "Star Wars: The Force Unleashed": 0.006075926535910178,
    "Yakuza 2": 0.006075926535910178,
    "Hannah Montana: Spotlight World Tour": 0.006075926535910178,
    "PlayStation 3": 0.10245436465366303,
    "PlayStation": 0.01724628070939074,
    "Thrill Kill": 0.005616400226694502,
    "Playstation 1": 0.026662710637450533,
    "Memory Card": 0.01067118962806693,
    "Sony Computer Entertainment": 0.016568443929668098,
    "Final Fantasy VII (disambiguation)": 0.005616400226694502,
    "PlayStation 4": 0.01909583863035431,
    "Ratchet & Clank: Going Commando": 0.01067118962806693,
    "Playstation": 0.005616400226694502,
    "PocketStation": 0.00645886512692324,
    "Playstation Event Project": 0.008143794927380717,
    "Playstation Consoles": 0.005616400226694502,
    "Games": 0.005616400226694502,
    "List of games with platinum trophies": 0.01067118962806693,
    "PlayStation Network": 0.0073013300271519786,
    "Ratchet and Clank: Going Commando": 0.005616400226694502,
    "Playstation 2 Game project": 0.013198584328753144,
    "PlayStation 1": 0.034667783862481386,
    "Rayman Arena": 0.005616400226694502,
    "Platinum Games": 0.005616400226694502,
    "Sony Computer Entertainment Europe": 0.005616400226694502,
    "PSP": 0.01067118962806693,
    "Ys: The Oath in Felghana": 0.005616400226694502,
    "Pop'n music 10": 0.005616400226694502,
    "Dragon Quest Heroes": 0.005616400226694502,
    "Memory card": 0.005616400226694502,
    "LittleBigPlanet 2": 0.005616400226694502,
    "LittleBigPlanet Karting": 0.005616400226694502,
    "Fearful Harmony": 0.005616400226694502,
    "PlayStation 4K": 0.005616400226694502,
    "PlayStation Neo": 0.01067118962806693,
    "Metal Gear Solid": 0.0107903186492367,
    "Lego Batman 2: DC Super Heroes": 0.005616400226694502,
    "Lego Batman 3: Beyond Gotham": 0.005616400226694502,
    "Star Wars: The Force Unleashed II": 0.005616400226694502,
    "Kingdom Hearts II": 0.005616400226694502,
    "Crash Bandicoot": 0.010211691300548385,
    "Crash Bandicoot 2: Cortex Strikes Back": 0.0127390860012346,
    "Crash Bandicoot 3: Warp": 0.005616400226694502,
    "Star Wars: Battlefront": 0.005616400226694502,
    "Lego Star Wars: The Video Game": 0.005616400226694502,
    "Lego Star Wars II: The Original Trilogy": 0.005616400226694502,
    "Lego Star Wars: The Complete Saga": 0.005616400226694502,
    "Spyro the Dragon": 0.005616400226694502,
    "Spyro: Ripto's Rage": 0.005616400226694502,
    "Star Wars Episode III: Revenge of the Sith (Video Game)": 0.005616400226694502,
    "Lego Star Wars III: The Clone Wars": 0.005616400226694502,
    "Lego Indiana Jones: The Original Adventures": 0.005616400226694502,
    "Lego Indiana Jones 2: The Adventure Continues": 0.005616400226694502,
    "Lego Harry Potter Years 1-4": 0.005616400226694502,
    "Lego Harry Potter Years 5-7": 0.005616400226694502,
    "Lego The Lord of the Rings": 0.005616400226694502,
    "Lego The Hobbit": 0.005616400226694502,
    "Lego Marvel Super Heroes": 0.005616400226694502,
    "Lego Marvel's Avengers": 0.005616400226694502,
    "The Lego Movie Videogame": 0.005616400226694502,
    "Lego Rock Band": 0.005616400226694502,
    "Lego Pirates of the Caribbean: The Video Game": 0.005616400226694502,
    "Lego Jurassic World": 0.005616400226694502,
    "Spyro: Enter the Dragonfly": 0.10401320385158389,
    "Spyro: A Hero's Tail": 0.10936574178282382,
    "The Legend of Spyro: A New Beginning": 0.013687201420227542,
    "The Legend of Spyro: The Eternal Night": 0.017934974858658106,
    "The Legend of Spyro: Dawn of the Dragon": 0.013687201420227542
  },
  "hitsHubs": {
    "Main Page": 7.274674376936078e-23,
    "List of PlayStation 2 games": 2.378361764813302e-10,
    "Dark Cloud": 2.3550422509949038e-11,
    "Final Fantasy X": 0.0,
    "Final Fantasy X-2": 0.0,
    "Dark Chronicle": 0.0,
    "Monster Hunter": 0.0,
    "Monster Hunter 2": 0.0,
    "Monster Hunter 3": 0.0,
    "PlayStation 2": 0.0,
    "PlayStation (console)": 0.0,
    "Lego Batman: The Video Game": 2.985502895943015e-19,
    "Star Wars: The Force Unleashed": 2.985502895943015e-19,
    "Yakuza 2": 0.0,
    "Hannah Montana: Spotlight World Tour": 0.0,
    "PlayStation 3": 0.0,
    "PlayStation": 0.042656214585168904,
    "Thrill Kill": 2.985502895943015e-19,
    "Playstation 1": 2.8471974334173346e-25,
    "Memory Card": 0.0,
    "Sony Computer Entertainment": 0.0,
    "Final Fantasy VII (disambiguation)": 2.985502895943015e-19,
    "PlayStation 4": 0.0,
    "Ratchet & Clank: Going Commando": 0.0,
    "Playstation": 0.003540005814559637,
    "PocketStation": 0.0,
    "Playstation Event Project": 0.0,
    "Playstation Consoles": 0.061366015078915336,
    "Games": 4.4959960220344604e-23,
    "List of games with platinum trophies": 0.0,
    "PlayStation Network": 0.0,
    "Ratchet and Clank: Going Commando": 2.715299065987906e-31,
    "Playstation 2 Game project": 0.0,
    "PlayStation 1": 2.715299065987906e-31,
    "Rayman Arena": 0.008305218758571774,
    "Platinum Games": 2.715299065987906e-31,
    "Sony Computer Entertainment Europe": 0.004960921336444217,
    "PSP": 0.0,
    "Ys: The Oath in Felghana": 2.715299065987906e-31,
    "Pop'n music 10": 0.008305218758571774,
    "Dragon Quest Heroes": 0.042415523760991544,
    "Memory card": 2.715299065987906e-31,
    "LittleBigPlanet 2": 0.037821358296415745,
    "LittleBigPlanet Karting": 0.037821358296415745,
    "Fearful Harmony": 2.8471974334173346e-25,
    "PlayStation 4K": 2.715299065987906e-31,
    "PlayStation Neo": 0.0,
    "Metal Gear Solid": 0.0,
    "Lego Batman 2: DC Super Heroes": 0.032860436959971526,
    "Lego Batman 3: Beyond Gotham": 0.042415523760991544,
    "Star Wars: The Force Unleashed II": 0.032860436959971526,
    "Kingdom Hearts II": 0.008305218758571774,
    "Crash Bandicoot": 0.0012809817221197141,
    "Crash Bandicoot 2: Cortex Strikes Back": 0.03640044277453117,
    "Crash Bandicoot 3: Warp": 0.0340966566542836,
    "Star Wars: Battlefront": 0.008305218758571774,
    "Lego Star Wars: The Video Game": 0.008305218758571774,
    "Lego Star Wars II: The Original Trilogy": 0.008305218758571774,
    "Lego Star Wars: The Complete Saga": 0.032860436959971526,
    "Spyro the Dragon": 9.467662427336498e-22,
    "Spyro: Ripto's Rage": 9.467662427336498e-22,
    "Star Wars Episode III: Revenge of the Sith (Video Game)": 0.042656214585168904,
    "Lego Star Wars III: The Clone Wars": 0.032860436959971526,
    "Lego Indiana Jones: The Original Adventures": 0.0411656557185433,
    "Lego Indiana Jones 2: The Adventure Continues": 0.032860436959971526,
    "Lego Harry Potter Years 1-4": 0.032860436959971526,
    "Lego Harry Potter Years 5-7": 0.032860436959971526,
    "Lego The Lord of the Rings": 0.032860436959971526,
    "Lego The Hobbit": 0.032860436959971526,
    "Lego Marvel Super Heroes": 0.042415523760991544,
    "Lego Marvel's Avengers": 0.042415523760991544,
    "The Lego Movie Videogame": 0.042415523760991544,
    "Lego Rock Band": 0.032860436959971526,
    "Lego Pirates of the Caribbean: The Video Game": 0.032860436959971526,