{
  "numNodes": 89,
  "numEdges": 107,
  "selfLinks": 3,
  "numStrongComponents": 86,
  "numWeakComponents": 7,
  "sizeLargestStrong": 2,
  "sizeLargestWeak": 72,
  "radius": 1,
  "diameter": 1,
  "averageInDegree": 1.202247191011236,
  "averageOutDegree": 1.202247191011236,
  "maxOutDegree": 13,
  "maxInDegree": 25,
  "pageRank": {
    "Main Page": 0.004132289388202067,
    "List of PlayStation 2 games": 0.004132289388202067,
    "Dark Cloud": 0.004418373408861942,
    "Final Fantasy X": 0.004418373408861942,
    "Final Fantasy X-2": 0.004418373408861942,
    "Dark Chronicle": 0.008394943785094363,
    "Monster Hunter": 0.004418373408861942,
    "Monster Hunter 2": 0.004418373408861942,
    "Monster Hunter 3": 0.004418373408861942,
    "PlayStation 2": 0.04754417489282842,
    "PlayStation (console)": 0.09382499446301243,
    "Lego Batman: The Video Game": 0.004418373408861942,
    "Star Wars: The Force Unleashed": 0.011484681076942872,
    "Yakuza 2": 0.004418373408861942,
    "Hannah Montana: Spotlight World Tour": 0.004418373408861942,
    "PlayStation 3": 0.07856850025309468,
    "PlayStation": 0.023312471835929473,
    "Thrill Kill": 0.004132289388202067,
    "Playstation 1": 0.021906786466130222,
    "Memory Card": 0.007851381656780444,
    "Sony Computer Entertainment": 0.012190322636788549,
    "Final Fantasy VII (disambiguation)": 0.004132289388202067,
    "PlayStation 4": 0.014049868771077736,
    "Ratchet & Clank (game)": 0.009586529679247644,
    "Ratchet & Clank: Going Commando": 0.011484681076942872,
    "Playstation": 0.004132289388202067,
    "PocketStation": 0.004752138099631796,
    "Playstation Event Project": 0.005991835522491255,
    "Playstation Consoles": 0.004132289388202067,
    "Games": 0.004132289388202067,
    "List of games with platinum trophies": 0.007851381656780444,
    "PlayStation Network": 0.005371986811061526,
    "NASCAR Thunder 2004": 0.004132289388202067,
    "PlayStation All-Stars Battle Royale": 0.012715046007237817,
    "Uncharted (series)": 0.010426242731270206,
    "Infamous (series)": 0.010426242731270206,
    "Ratchet and Clank:Going Commando": 0.004132289388202067,
    "Sir Daniel Fortesque": 0.012715046007237817,
    "Ratchet and Clank: Going Commando": 0.007851381656780444,
    "Playstation 2 Game project": 0.009710927791069631,
    "PlayStation 1": 0.09828003579548376,
    "Rayman Arena": 0.004132289388202067,
    "Platinum Games": 0.004132289388202067,
    "Sony Computer Entertainment Europe": 0.004132289388202067,
    "PSP": 0.007851381656780444,
    "Ys: The Oath in Felghana": 0.004132289388202067,
    "Pop'n music 10": 0.004132289388202067,
    "Dragon Quest Heroes": 0.004132289388202067,
    "Memory card": 0.004132289388202067,
    "LittleBigPlanet 2": 0.004132289388202067,
    "LittleBigPlanet Karting": 0.004132289388202067,
    "Uncharted (Series)": 0.0069932082612139835,
    "Infamous (Series)": 0.0069932082612139835,
    "Fearful Harmony": 0.004132289388202067,
    "PlayStation 4K": 0.004132289388202067,
    "PlayStation Neo": 0.007851381656780444,
    "Metal Gear Solid": 0.011126104943302208,
    "Lego Batman 2: DC Super Heroes": 0.004132289388202067,
    "Lego Batman 3: Beyond Gotham": 0.004132289388202067,
    "Star Wars: The Force Unleashed II": 0.004132289388202067,
    "Kingdom Hearts II": 0.004132289388202067,
    "Crash Bandicoot": 0.007513312282286502,
    "Crash Bandicoot 2: Cortex Strikes Back": 0.00937285841657569,
    "Crash Bandicoot 3: Warp": 0.004132289388202067,
    "Star Wars: Battlefront": 0.004132289388202067,
    "Lego Star Wars: The Video Game": 0.004132289388202067,
    "Lego Star Wars II: The Original Trilogy": 0.004132289388202067,
    "Lego Star Wars: The Complete Saga": 0.004132289388202067,
    "Spyro the Dragon": 0.004132289388202067,
    "Spyro: Ripto's Rage": 0.004132289388202067,
    "Star Wars Episode III: Revenge of the Sith (Video Game)": 0.004132289388202067,
    "Lego Star Wars III: The Clone Wars": 0.004132289388202067,
    "Lego Indiana Jones: The Original Adventures": 0.004132289388202067,
    "Lego Indiana Jones 2: The Adventure Continues": 0.004132289388202067,
    "Lego Harry Potter Years 1-4": 0.004132289388202067,
    "Lego Harry Potter Years 5-7": 0.004132289388202067,
    "Lego The Lord of the Rings": 0.004132289388202067,
    "Lego The Hobbit": 0.004132289388202067,
    "Lego Marvel Super Heroes": 0.004132289388202067,
    "Lego Marvel's Avengers": 0.004132289388202067,
    "The Lego Movie Videogame": 0.004132289388202067,
    "Lego Rock Band": 0.004132289388202067,
    "Lego Pirates of the Caribbean: The Video Game": 0.004132289388202067,
    "Lego Jurassic World": 0.004132289388202067,
    "Spyro: Enter the Dragonfly": 0.07653753903722486,
    "Spyro: A Hero's Tail": 0.08041426362973875,
    "The Legend of Spyro: A New Beginning": 0.010070471904965071,
    "The Legend of Spyro: The Eternal Night": 0.013195813491917783,
    "The Legend of Spyro: Dawn of the Dragon": 0.010070471904965071
  },
  "hitsHubs": {
    "Main Page": 3.061988926830056e-29,
    "List of PlayStation 2 games": 0.0006265921556543997,
    "Dark Cloud": 2.2461475089687582e-05,
    "Final Fantasy X": 0.0,
    "Final Fantasy X-2": 0.0,
    "Dark Chronicle": 0.0,
    "Monster Hunter": 0.0,
    "Monster Hunter 2": 0.0,
    "Monster Hunter 3": 0.0,
    "PlayStation 2": 0.0,
    "PlayStation (console)": 0.0,
    "Lego Batman: The Video Game": 0.009529067246927054,
    "Star Wars: The Force Unleashed": 9.022121412565263e-28,
    "Yakuza 2": 0.0,
    "Hannah Montana: Spotlight World Tour": 0.0,
    "PlayStation 3": 9.022121412565263e-28,
    "PlayStation": 0.04191959362141762,
    "Thrill Kill": 9.022121412565263e-28,
    "Playstation 1": 9.022121412565263e-28,
    "Memory Card": 0.0,
    "Sony Computer Entertainment": 0.0,
    "Final Fantasy VII (disambiguation)": 9.022121412565263e-28,
    "PlayStation 4": 0.0,
    "Ratchet & Clank (game)": 0.0,
    "Ratchet & Clank: Going Commando": 0.00989311752067835,
    "Playstation": 0.004069693409787245,
    "PocketStation": 0.0,
    "Playstation Event Project": 0.0,
    "Playstation Consoles": 0.06034584862826957,
    "Games": 1.8924132299567894e-29,
    "List of games with platinum trophies": 2.2461475089687582e-05,
    "PlayStation Network": 0.0,
    "NASCAR Thunder 2004": 0.014104360135535563,
    "PlayStation All-Stars Battle Royale": 2.054865984601442e-21,
    "Uncharted (series)": 0.004069693409787245,
    "Infamous (series)": 0.0,
    "Ratchet and Clank:Going Commando": 3.549408986113291e-40,
    "Sir Daniel Fortesque": 1.269977020809709e-21,
    "Ratchet and Clank: Going Commando": 2.2461475089687582e-05,
    "Playstation 2 Game project": 0.0,
    "PlayStation 1": 0.0005055994788212653,
    "Rayman Arena": 0.009529067246927054,
    "Platinum Games": 3.549408986113291e-40,
    "Sony Computer Entertainment Europe": 0.004719804394537514,
    "PSP": 0.0,
    "Ys: The Oath in Felghana": 3.549408986113291e-40,
    "Pop'n music 10": 0.009529067246927054,
    "Dragon Quest Heroes": 0.03993892533437349,
    "Memory card": 3.549408986113291e-40,
    "LittleBigPlanet 2": 0.035659640607874646,
    "LittleBigPlanet Karting": 0.035659640607874646,
    "Uncharted (Series)": 3.549408986113291e-40,
    "Infamous (Series)": 3.549408986113291e-40,
    "Fearful Harmony": 9.022121412565263e-28,
    "PlayStation 4K": 3.549408986113291e-40,
    "PlayStation Neo": 0.0,
    "Metal Gear Solid": 0.0,
    "Lego Batman 2: DC Super Heroes": 0.030939836213337134,
    "Lego Batman 3: Beyond Gotham": 0.03993892533437349,
    "Star Wars: The Force Unleashed II": 0.030939836213337134,
    "Kingdom Hearts II": 0.009529067246927054,
    "Crash Bandicoot": 0.0011931639738567172,
    "Crash Bandicoot 2: Cortex Strikes Back": 0.03500952962312438,
    "Crash Bandicoot 3: Warp": 0.03209170896542741,
    "Star Wars: Battlefront": 0.009529067246927054,
    "Lego Star Wars: The Video Game": 0.009529067246927054,