{
  "numNodes": 89,
  "numEdges": 108,
  "selfLinks": 3,
  "numStrongComponents": 86,
  "numWeakComponents": 7,
  "sizeLargestStrong": 2,
  "sizeLargestWeak": 72,
  "radius": 1,
  "diameter": 1,
  "averageInDegree": 1.2134831460674158,
  "averageOutDegree": 1.2134831460674158,
  "maxOutDegree": 13,
  "maxInDegree": 26,
  "pageRank": {
    "Main Page": 0.004118288301948619,
    "List of PlayStation 2 games": 0.004118288301948619,
    "Dark Cloud": 0.004403403005906781,
    "Final Fantasy X": 0.004403403005906781,
    "Final Fantasy X-2": 0.004403403005906781,
    "Dark Chronicle": 0.008366499868882757,
    "Monster Hunter": 0.004403403005906781,
    "Monster Hunter 2": 0.004403403005906781,
    "Monster Hunter 3": 0.004403403005906781,
    "PlayStation 2": 0.045401535983606606,
    "PlayStation (console)": 0.09511217976667898,
    "Lego Batman: The Video Game": 0.004403403005906781,
    "Star Wars: The Force Unleashed": 0.011445768407121176,
    "Yakuza 2": 0.004403403005906781,
    "Hannah Montana: Spotlight World Tour": 0.004403403005906781,
    "PlayStation 3": 0.08028384086049148,
    "PlayStation": 0.023233483747406518,
    "Thrill Kill": 0.004118288301948619,
    "Playstation 1": 0.021832561298562737,
    "Memory Card": 0.007824779453404726,
    "Sony Computer Entertainment": 0.012149019130103519,
    "Final Fantasy VII (disambiguation)": 0.004118288301948619,
    "PlayStation 4": 0.014002264705831572,
    "Ratchet & Clank (game)": 0.009554048352757733,
    "Ratchet & Clank: Going Commando": 0.011445768407121176,
    "Playstation": 0.004118288301948619,
    "PocketStation": 0.004736036827191304,
    "Playstation Event Project": 0.005971533877676672,
    "Playstation Consoles": 0.004118288301948619,
    "Games": 0.004118288301948619,
    "List of games with platinum trophies": 0.007824779453404726,
    "PlayStation Network": 0.005353785352433988,
    "NASCAR Thunder 2004": 0.004118288301948619,
    "PlayStation All-Stars Battle Royale": 0.012671964309140867,
    "Uncharted (series)": 0.010390916183893689,
    "Infamous (series)": 0.010390916183893689,
    "Ratchet and Clank:Going Commando": 0.004118288301948619,
    "Sir Daniel Fortesque": 0.012671964309140867,
    "Ratchet and Clank: Going Commando": 0.007824779453404726,
    "Playstation 2 Game project": 0.00967802502913278,
    "PlayStation 1": 0.09973045083958038,
    "Rayman Arena": 0.004118288301948619,
    "Platinum Games": 0.004118288301948619,
    "Sony Computer Entertainment Europe": 0.004118288301948619,
    "PSP": 0.007824779453404726,
    "Ys: The Oath in Felghana": 0.004118288301948619,
    "Pop'n music 10": 0.004118288301948619,
    "Dragon Quest Heroes": 0.004118288301948619,
    "Memory card": 0.004118288301948619,
    "LittleBigPlanet 2": 0.004118288301948619,
    "LittleBigPlanet Karting": 0.004118288301948619,
    "Uncharted (Series)": 0.006969513637679369,
    "Infamous (Series)": 0.006969513637679369,
    "Fearful Harmony": 0.004118288301948619,
    "PlayStation 4K": 0.004118288301948619,
    "PlayStation Neo": 0.007824779453404726,
    "Metal Gear Solid": 0.011088407094589556,
    "Lego Batman 2: DC Super Heroes": 0.004118288301948619,
    "Lego Batman 3: Beyond Gotham": 0.004118288301948619,
    "Star Wars: The Force Unleashed II": 0.004118288301948619,
    "Kingdom Hearts II": 0.004118288301948619,
    "Crash Bandicoot": 0.007487855499169204,
    "Crash Bandicoot 2: Cortex Strikes Back": 0.009341101074897258,
    "Crash Bandicoot 3: Warp": 0.004118288301948619,
    "Star Wars: Battlefront": 0.004118288301948619,
    "Lego Star Wars: The Video Game": 0.004118288301948619,
    "Lego Star Wars II: The Original Trilogy": 0.004118288301948619,
    "Lego Star Wars: The Complete Saga": 0.004118288301948619,
    "Spyro the Dragon": 0.004118288301948619,
    "Spyro: Ripto's Rage": 0.004118288301948619,
    "Star Wars Episode III: Revenge of the Sith (Video Game)": 0.004118288301948619,
    "Lego Star Wars III: The Clone Wars": 0.004118288301948619,
    "Lego Indiana Jones: The Original Adventures": 0.004118288301948619,
    "Lego Indiana Jones 2: The Adventure Continues": 0.004118288301948619,
    "Lego Harry Potter Years 1-4": 0.004118288301948619,
    "Lego Harry Potter Years 5-7": 0.004118288301948619,
    "Lego The Lord of the Rings": 0.004118288301948619,
    "Lego The Hobbit": 0.004118288301948619,
    "Lego Marvel Super Heroes": 0.004118288301948619,
    "Lego Marvel's Avengers": 0.004118288301948619,
    "The Lego Movie Videogame": 0.004118288301948619,
    "Lego Rock Band": 0.004118288301948619,
    "Lego Pirates of the Caribbean: The Video Game": 0.004118288301948619,
    "Lego Jurassic World": 0.004118288301948619,
    "Spyro: Enter the Dragonfly": 0.07627814147438897,
    "Spyro: A Hero's Tail": 0.08014160180776607,
    "The Legend of Spyro: A New Beginning": 0.010036350754725545,
    "The Legend of Spyro: The Eternal Night": 0.013151102915858272,
    "The Legend of Spyro: Dawn of the Dragon": 0.010036350754725545
  },
  "hitsHubs": {
    "Main Page": 1.2301534200943604e-27,
    "List of PlayStation 2 games": 0.0006124526868196832,
    "Dark Cloud": 2.095159021766475e-05,
    "Final Fantasy X": 0.0,
    "Final Fantasy X-2": 0.0,
    "Dark Chronicle": 0.0,
    "Monster Hunter": 0.0,
    "Monster Hunter 2": 0.0,
    "Monster Hunter 3": 0.0,
    "PlayStation 2": 0.0,
    "PlayStation (console)": 0.0,
    "Lego Batman: The Video Game": 0.03990368547507124,
    "Star Wars: The Force Unleashed": 2.760402304667622e-26,
    "Yakuza 2": 0.0,
    "Hannah Montana: Spotlight World Tour": 0.0,
    "PlayStation 3": 2.760402304667622e-26,
    "PlayStation": 0.041268762993745614,
    "Thrill Kill": 2.760402304667622e-26,
    "Playstation 1": 2.760402304667622e-26,
    "Memory Card": 0.0,
    "Sony Computer Entertainment": 0.0,
    "Final Fantasy VII (disambiguation)": 2.760402304667622e-26,
    "PlayStation 4": 0.0,
    "Ratchet & Clank (game)": 0.0,
    "Ratchet & Clank: Going Commando": 0.010490810561729806,
    "Playstation": 0.0037550248230216188,
    "PocketStation": 0.0,
    "Playstation Event Project": 0.0,
    "Playstation Consoles": 0.05810581579384781,
    "Games": 7.602766249952425e-28,
    "List of games with platinum trophies": 2.095159021766475e-05,
    "PlayStation Network": 0.0,
    "NASCAR Thunder 2004": 0.01437015766298021,
    "PlayStation All-Stars Battle Royale": 2.0638549642061825e-20,
    "Uncharted (series)": 0.0037550248230216188,
    "Infamous (series)": 0.0,
    "Ratchet and Clank:Going Commando": 9.773773448278573e-38,
    "Sir Daniel Fortesque": 1.2755325157296183e-20,
    "Ratchet and Clank: Going Commando": 2.095159021766475e-05,
    "Playstation 2 Game project": 0.0,
    "PlayStation 1": 0.0004915931686406828,
    "Rayman Arena": 0.01012353967131791,
    "Platinum Games": 9.773773448278573e-38,
    "Sony Computer Entertainment Europe": 0.004320906731162162,
    "PSP": 0.0,
    "Ys: The Oath in Felghana": 9.773773448278573e-38,
    "Pop'n music 10": 0.01012353967131791,
    "Dragon Quest Heroes": 0.037984335351530875,
    "Memory card": 9.773773448278573e-38,
    "LittleBigPlanet 2": 0.03410105253491549,
    "LittleBigPlanet Karting": 0.03410105253491549,
    "Uncharted (Series)": 9.773773448278573e-38,
    "Infamous (Series)": 9.773773448278573e-38,
    "Fearful Harmony": 2.760402304667622e-26,
    "PlayStation 4K": 9.773773448278573e-38,
    "PlayStation Neo": 0.0,
    "Metal Gear Solid": 0.0,
    "Lego Batman 2: DC Super Heroes": 0.029780145803753322,
    "Lego Batman 3: Beyond Gotham": 0.037984335351530875,
    "Star Wars: The Force Unleashed II": 0.029780145803753322,
    "Kingdom Hearts II": 0.01012353967131791,
    "Crash Bandicoot": 0.001092252681262621,
    "Crash Bandicoot 2: Cortex Strikes Back": 0.03353517062677495,
    "Crash Bandicoot 3: Warp": 0.0308362692320193,
    "Star Wars: Battlefront": 0.01012353967131791,
    "Lego Star Wars: The Video Game": 0.01012353967131791,
    "Lego Star Wars II: The Original Trilogy": 0.01012353967131791,