{
  "numNodes": 81,
  "numEdges": 91,
  "selfLinks": 1,
  "numStrongComponents": 79,
  "numWeakComponents": 9,
  "sizeLargestStrong": 2,
  "sizeLargestWeak": 60,
  "radius": 1,
  "diameter": 1,
  "averageInDegree": 1.123456790123457,
  "averageOutDegree": 1.123456790123457,
  "maxOutDegree": 11,
  "maxInDegree": 25,
  "pageRank": {
    "Main Page": 0.005548811575337993,
    "List of PlayStation 2 games": 0.005548811575337993,
    "Dark Cloud": 0.006002808262034069,
    "Final Fantasy X": 0.006002808262034069,
    "Final Fantasy X-2": 0.006002808262034069,
    "Dark Chronicle": 0.011405371924346519,
    "Monster Hunter": 0.006002808262034069,
    "Monster Hunter 2": 0.006002808262034069,
    "Monster Hunter 3": 0.006002808262034069,
    "PlayStation 2": 0.047782275294638826,
    "PlayStation (console)": 0.03803928025192992,
    "Lego Batman: The Video Game": 0.006002808262034069,
    "Star Wars: The Force Unleashed": 0.006002808262034069,
    "Yakuza 2": 0.006002808262034069,
    "Hannah Montana: Spotlight World Tour": 0.006002808262034069,
    "PlayStation 3": 0.10172090520993478,
    "PlayStation": 0.01870340580243648,
    "Thrill Kill": 0.005548811575337993,
    "Playstation 1": 0.02634186600727655,
    "Memory Card": 0.010542775128994823,
    "Sony Computer Entertainment": 0.016369065941594457,
    "Final Fantasy VII (disambiguation)": 0.005548811575337993,
    "PlayStation 4": 0.018866047718422874,
    "Ratchet & Clank: Going Commando": 0.010542775128994823,
    "Playstation": 0.005548811575337993,
    "PocketStation": 0.006381138834280798,
    "Playstation Event Project": 0.008045793352166408,
    "Playstation Consoles": 0.005548811575337993,
    "Games": 0.005548811575337993,
    "List of games with platinum trophies": 0.010542775128994823,
    "PlayStation Network": 0.007213466093223602,
    "NASCAR Thunder 2004": 0.005548811575337993,
    "Ratchet and Clank: Going Commando": 0.005548811575337993,
    "Playstation 2 Game project": 0.013039756905823237,
    "PlayStation 1": 0.03425063000096362,
    "Rayman Arena": 0.005548811575337993,
    "Platinum Games": 0.005548811575337993,
    "Sony Computer Entertainment Europe": 0.005548811575337993,
    "PSP": 0.010542775128994823,
    "Ys: The Oath in Felghana": 0.005548811575337993,
    "Pop'n music 10": 0.005548811575337993,
    "Dragon Quest Heroes": 0.005548811575337993,
    "Memory card": 0.005548811575337993,
    "LittleBigPlanet 2": 0.005548811575337993,
    "LittleBigPlanet Karting": 0.005548811575337993,
    "Fearful Harmony": 0.005548811575337993,
    "PlayStation 4K": 0.005548811575337993,
    "PlayStation Neo": 0.010542775128994823,
    "Metal Gear Solid": 0.011159875901155407,
    "Lego Batman 2: DC Super Heroes": 0.005548811575337993,
    "Lego Batman 3: Beyond Gotham": 0.005548811575337993,
    "Star Wars: The Force Unleashed II": 0.005548811575337993,
    "Kingdom Hearts II": 0.005548811575337993,
    "Crash Bandicoot": 0.01008881017314828,
    "Crash Bandicoot 2: Cortex Strikes Back": 0.012585791949976695,
    "Crash Bandicoot 3: Warp": 0.005548811575337993,
    "Star Wars: Battlefront": 0.005548811575337993,
    "Lego Star Wars: The Video Game": 0.005548811575337993,
    "Lego Star Wars II: The Original Trilogy": 0.005548811575337993,
    "Lego Star Wars: The Complete Saga": 0.005548811575337993,
    "Spyro the Dragon": 0.005548811575337993,
    "Spyro: Ripto's Rage": 0.005548811575337993,
    "Star Wars Episode III: Revenge of the Sith (Video Game)": 0.005548811575337993,
    "Lego Star Wars III: The Clone Wars": 0.005548811575337993,
    "Lego Indiana Jones: The Original Adventures": 0.005548811575337993,
    "Lego Indiana Jones 2: The Adventure Continues": 0.005548811575337993,
    "Lego Harry Potter Years 1-4": 0.005548811575337993,
    "Lego Harry Potter Years 5-7": 0.005548811575337993,
    "Lego The Lord of the Rings": 0.005548811575337993,
    "Lego The Hobbit": 0.005548811575337993,
    "Lego Marvel Super Heroes": 0.005548811575337993,
    "Lego Marvel's Avengers": 0.005548811575337993,
    "The Lego Movie Videogame": 0.005548811575337993,
    "Lego Rock Band": 0.005548811575337993,
    "Lego Pirates of the Caribbean: The Video Game": 0.005548811575337993,
    "Lego Jurassic World": 0.005548811575337993,
    "Spyro: Enter the Dragonfly": 0.10279096423396278,
    "Spyro: A Hero's Tail": 0.10801286993232673,
    "The Legend of Spyro: A New Beginning": 0.013522513069197547,
    "The Legend of Spyro: The Eternal Night": 0.017719179178471975,
    "The Legend of Spyro: Dawn of the Dragon": 0.013522513069197547
  },
  "hitsHubs": {
    "Main Page": 5.383759280766226e-25,
    "List of PlayStation 2 games": 3.1635059685818274e-11,
    "Dark Cloud": 3.1324882225684407e-12,
    "Final Fantasy X": 0.0,
    "Final Fantasy X-2": 0.0,
    "Dark Chronicle": 0.0,
    "Monster Hunter": 0.0,
    "Monster Hunter 2": 0.0,
    "Monster Hunter 3": 0.0,
    "PlayStation 2": 0.0,
    "PlayStation (console)": 0.0,
    "Lego Batman: The Video Game": 5.157734627263411e-21,
    "Star Wars: The Force Unleashed": 5.157734627263411e-21,
    "Yakuza 2": 0.0,
    "Hannah Montana: Spotlight World Tour": 0.0,
    "PlayStation 3": 0.0,
    "PlayStation": 0.04240645957487883,
    "Thrill Kill": 5.157734627263411e-21,
    "Playstation 1": 1.2296997612150695e-27,
    "Memory Card": 0.0,
    "Sony Computer Entertainment": 0.0,
    "Final Fantasy VII (disambiguation)": 5.157734627263411e-21,
    "PlayStation 4": 0.0,
    "Ratchet & Clank: Going Commando": 0.0,
    "Playstation": 0.003989001775510079,
    "PocketStation": 0.0,
    "Playstation Event Project": 0.0,
    "Playstation Consoles": 0.06127423451287667,
    "Games": 3.3273462227612156e-25,
    "List of games with platinum trophies": 0.0,
    "PlayStation Network": 0.0,
    "NASCAR Thunder 2004": 0.013274807960455617,
    "Ratchet and Clank: Going Commando": 2.9318326979042758e-34,
    "Playstation 2 Game project": 0.0,
    "PlayStation 1": 0.0004785141959669445,
    "Rayman Arena": 0.008807291988978592,
    "Platinum Games": 2.9318326979042758e-34,
    "Sony Computer Entertainment Europe": 0.004876196850205195,
    "PSP": 0.0,
    "Ys: The Oath in Felghana": 2.9318326979042758e-34,
    "Pop'n music 10": 0.008807291988978592,
    "Dragon Quest Heroes": 0.04146985236617672,
    "Memory card": 2.9318326979042758e-34,
    "LittleBigPlanet 2": 0.03699993234315548,
    "LittleBigPlanet Karting": 0.03699993234315548,
    "Fearful Harmony": 1.2296997612150695e-27,
    "PlayStation 4K": 2.9318326979042758e-34,
    "PlayStation Neo": 0.0,
    "Metal Gear Solid": 0.0,
    "Lego Batman 2: DC Super Heroes": 0.032123735492950285,
    "Lego Batman 3: Beyond Gotham": 0.04146985236617672,
    "Star Wars: The Force Unleashed II": 0.032123735492950285,
    "Kingdom Hearts II": 0.008807291988978592,
    "Crash Bandicoot": 0.0012462404442327363,
    "Crash Bandicoot 2: Cortex Strikes Back": 0.036112737268460364,
    "Crash Bandicoot 3: Warp": 0.03332661595936926,
    "Star Wars: Battlefront": 0.008807291988978592,
    "Lego Star Wars: The Video Game": 0.008807291988978592,
    "Lego Star Wars II: The Original Trilogy": 0.008807291988978592,
    "Lego Star Wars: The Complete Saga": 0.032123735492950285,
    "Spyro the Dragon": 9.200401665654935e-24,
    "Spyro: Ripto's Rage": 9.200401665654935e-24,
    "Star Wars Episode III: Revenge of the Sith (Video Game)": 0.04240645957487883,
    "Lego Star Wars III: The Clone Wars": 0.032123735492950285,
    "Lego Indiana Jones: The Original Adventures": 0.04093102748192888,
    "Lego Indiana Jones 2: The Adventure Continues": 0.032123735492950285,
    "Lego Harry Potter Years 1-4": 0.032123735492950285,
    "Lego Harry Potter Years 5-7": 0.032123735492950285,
    "Lego The Lord of the Rings": 0.032123735492950285,
    "Lego The Hobbit": 0.032123735492950285,
    "Lego Marvel Super Heroes": 0.04146985236617672,
    "Lego Marvel's Avengers": 0.04146985236617672,
    "The Lego Movie Videogame": 0.04146985236617672,