{
  "numNodes": 116,
  "numEdges": 220,
  "selfLinks": 4,
  "numStrongComponents": 101,
  "numWeakComponents": 5,
  "sizeLargestStrong": 7,
  "sizeLargestWeak": 105,
  "radius": 2,
  "diameter": 4,
  "averageInDegree": 1.896551724137931,
  "averageOutDegree": 1.896551724137931,
  "maxOutDegree": 22,
  "maxInDegree": 42,
  "pageRank": {
    "List of PlayStation 2 games": 0.0015838084659869072,
    "Dark Cloud": 0.0018161446912498625,
    "Final Fantasy X": 0.0028497756071450774,
    "Final Fantasy X-2": 0.002296951595422177,
    "Dark Chronicle": 0.0030765509676704333,
    "Monster Hunter": 0.0024172572043031845,
    "Monster Hunter 2": 0.0021671956831043745,
    "Monster Hunter 3": 0.0021671956831043745,
    "PlayStation 2": 0.13553952091593294,
    "PlayStation (console)": 0.0629276637203477,
    "Lego Batman: The Video Game": 0.002313113416034927,
    "Star Wars: The Force Unleashed": 0.002901878965552741,
    "Yakuza 2": 0.001442016645125012,
    "Hannah Montana: Spotlight World Tour": 0.001442016645125012,
    "PlayStation 3": 0.25657833807779684,
    "PlayStation": 0.06238541295283813,
    "Thrill Kill": 0.0013772243233217951,
    "Playstation 1": 0.003236481607307804,
    "Memory Card": 0.0026167291793124676,
    "Sony Computer Entertainment": 0.004369523145285387,
    "Final Fantasy VII (disambiguation)": 0.0013772243233217951,
    "PlayStation 4": 0.04404304061409183,
    "Ratchet & Clank (game)": 0.0035354285251914855,
    "PlayStation Home": 0.0013772243233217951,
    "Trophies": 0.0013772243233217951,
    "Ratchet & Clank: Going Commando": 0.004652013793493434,
    "Playstation": 0.0013772243233217951,
    "PocketStation": 0.0015542964456061769,
    "Grand Theft Auto (series)": 0.0013772243233217951,
    "Playstation Consoles": 0.0013772243233217951,
    "Games": 0.0013772243233217951,
    "List of games with platinum trophies": 0.0026167291793124676,
    "PlayStation Network": 0.04027742013434735,
    "NASCAR Thunder 2004": 0.0013772243233217951,
    "PlayStation All-Stars Battle Royale": 0.003511702597741622,
    "Uncharted (series)": 0.0030908117129986104,
    "Infamous (series)": 0.004020937964322894,
    "Ratchet and Clank:Going Commando": 0.0013772243233217951,
    "Sir Daniel Fortesque": 0.0025040496273186514,
    "Ratchet and Clank: Going Commando": 0.0026167291793124676,
    "PlayStation Vita": 0.006118079042631406,
    "List of PlayStation 3 games": 0.0015838084659869072,
    "PlayStation Plus": 0.056949131727034565,
    "List of PlayStation 4 games": 0.0015838084659869072,
    "List of PlayStation games": 0.0015838084659869072,
    "List of PlayStation Portable games": 0.0015838084659869072,
    "List of PlayStation Vita games": 0.0015838084659869072,
    "Uncharted 2: Among Thieves": 0.004291121924966236,
    "Uncharted 2": 0.0013772243233217951,
    "Call of Duty: Black Ops II": 0.0027751104103869977,
    "Call of Duty: Black Ops 2": 0.0013772243233217951,
    "PlayStation 1": 0.0677002922423835,
    "Kingdom Hearts": 0.002342901491337469,
    "Sly Cooper: Thieves in Time": 0.004365811445691172,
    "Sly 4": 0.0013772243233217951,
    "Sly Cooper Thieves in Time": 0.0026167291793124676,
    "Infamous: Second Son": 0.0017335820932394878,
    "Ico": 0.004326613448615103,
    "Okage: Shadow King": 0.0024941804703066846,
    "The Mark of Kri": 0.001442016645125012,
    "Sly Cooper and the Thievius Raccoonus": 0.001442016645125012,
    "Grand Theft Auto: San Andreas": 0.0013772243233217951,
    "Rise to Honor": 0.001442016645125012,
    "Shadow of the Colossus": 0.002486212766275319,
    "ICO": 0.0019366236935518667,
    "Zener Works": 0.0017513523694466457,
    "Zone of the Enders": 0.001442016645125012,
    "Team Ico": 0.0032346112990606366,
    "Rayman Arena": 0.0013772243233217951,
    "Platinum Games": 0.0013772243233217951,
    "Sony Computer Entertainment Europe": 0.0013772243233217951,
    "PSP": 0.0026167291793124676,
    "Ys: The Oath in Felghana": 0.0013772243233217951,
    "Pop'n music 10": 0.0013772243233217951,
    "Dragon Quest Heroes": 0.0013772243233217951,
    "Memory card": 0.0013772243233217951,
    "LittleBigPlanet 2": 0.0021243711039141393,
    "LittleBigPlanet Karting": 0.0013772243233217951,
    "Uncharted (Series)": 0.001903981123409402,
    "Infamous (Series)": 0.002937452039260194,
    "Fearful Harmony": 0.0013772243233217951,
    "PlayStation 4K": 0.0013772243233217951,
    "PlayStation Neo": 0.0026167291793124676,
    "Metal Gear Solid": 0.0018523680165453851,
    "Lego Batman 2: DC Super Heroes": 0.002010749247619915,
    "Lego Batman 3: Beyond Gotham": 0.0013772243233217951,
    "Star Wars: The Force Unleashed II": 0.001965989872839609,
    "Kingdom Hearts II": 0.001442016645125012,
    "Crash Bandicoot": 0.0033679493579835606,
    "Crash Bandicoot 2: Cortex Strikes Back": 0.003987701785978897,
    "Crash Bandicoot 3: Warp": 0.0013772243233217951,
    "Star Wars: Battlefront": 0.0017335820932394878,
    "Lego Star Wars: The Video Game": 0.0013772243233217951,
    "Lego Star Wars II: The Original Trilogy": 0.0013772243233217951,
    "Lego Star Wars: The Complete Saga": 0.0013772243233217951,
    "Spyro the Dragon": 0.0013772243233217951,
    "Spyro: Ripto's Rage": 0.0013772243233217951,
    "Star Wars Episode III: Revenge of the Sith (Video Game)": 0.0013772243233217951,
    "Lego Star Wars III: The Clone Wars": 0.0013772243233217951,
    "Lego Indiana Jones: The Original Adventures": 0.0013772243233217951,
    "Lego Indiana Jones 2: The Adventure Continues": 0.0013772243233217951,
    "Lego Harry Potter Years 1-4": 0.0013772243233217951,
    "Lego Harry Potter Years 5-7": 0.0013772243233217951,
    "Lego The Lord of the Rings": 0.0013772243233217951,
    "Lego The Hobbit": 0.0013772243233217951,
    "Lego Marvel Super Heroes": 0.0017335820932394878,
    "Lego Marvel's Avengers": 0.0013772243233217951,
    "The Lego Movie Videogame": 0.0017335820932394878,
    "Lego Rock Band": 0.0013772243233217951,
    "Lego Pirates of the Caribbean: The Video Game": 0.0013772243233217951,
    "Lego Jurassic World": 0.0013772243233217951,
    "Spyro: Enter the Dragonfly": 0.025464809290399276,
    "Spyro: A Hero's Tail": 0.026817124801754303,
    "The Legend of Spyro: A New Beginning": 0.0033562777418790586,
    "The Legend of Spyro: The Eternal Night": 0.004397883233174453,
    "The Legend of Spyro: Dawn of the Dragon": 0.0033562777418790586
  },
  "hitsHubs": {
    "List of PlayStation 2 games": 0.02370716248578987,
    "Dark Cloud": 0.00044003910407898114,
    "Final Fantasy X": 0.011482634333092545,
    "Final Fantasy X-2": 0.01106888179102661,
    "Dark Chronicle": 0.010188190543182155,
    "Monster Hunter": 0.011470281202465418,
    "Monster Hunter 2": 0.010817337147583797,
    "Monster Hunter 3": 0.012182259654052443,
    "PlayStation 2": 0.012621972567410959,
    "PlayStation (console)": 0.022370450197234597,
    "Lego Batman: The Video Game": 0.022370450197234597,
    "Star Wars: The Force Unleashed": 0.022370450197234597,
    "Yakuza 2": 0.010188190543182155,
    "Hannah Montana: Spotlight World Tour": 0.0,
    "PlayStation 3": 0.029045959414899975,
    "PlayStation": 0.022370450197234597,
    "Thrill Kill": 0.0001926839929407248,
    "Playstation 1": 0.00043971291335851597,
    "Memory Card": 0.010627903456540671,
    "Sony Computer Entertainment": 0.0,
    "Final Fantasy VII (disambiguation)": 0.01038087453612288,
    "PlayStation 4": 0.012182259654052443,
    "Ratchet & Clank (game)": 0.010188190543182155,
    "PlayStation Home": 0.012182259654052443,
    "Trophies": 0.0138609766167072,
    "Ratchet & Clank: Going Commando": 0.010817337147583797,
    "Playstation": 0.001955114374118223,
    "PocketStation": 0.0,
    "Grand Theft Auto (series)": 0.022370450197234597,
    "Playstation Consoles": 0.030585405612522862,
    "Games": 3.857915925952552e-37,
    "List of games with platinum trophies": 0.0015219592785940812,
    "PlayStation Network": 0.0,
    "NASCAR Thunder 2004": 0.01038087453612288,