{
  "numNodes": 90,
  "numEdges": 109,
  "selfLinks": 3,
  "numStrongComponents": 87,
  "numWeakComponents": 7,
  "sizeLargestStrong": 2,
  "sizeLargestWeak": 73,
  "radius": 1,
  "diameter": 1,
  "averageInDegree": 1.211111111111111,
  "averageOutDegree": 1.211111111111111,
  "maxOutDegree": 13,
  "maxInDegree": 26,
  "pageRank": {
    "Main Page": 0.00478225931404212,
    "List of PlayStation 2 games": 0.00478225931404212,
    "Dark Cloud": 0.005113341745054292,
    "Final Fantasy X": 0.005113341745054292,
    "Final Fantasy X-2": 0.005113341745054292,
    "Dark Chronicle": 0.009715390538036123,
    "Monster Hunter": 0.005113341745054292,
    "Monster Hunter 2": 0.005113341745054292,
    "Monster Hunter 3": 0.005113341745054292,
    "PlayStation 2": 0.05234899401306694,
    "PlayStation (console)": 0.03493073131564774,
    "Lego Batman: The Video Game": 0.005113341745054292,
    "Star Wars: The Force Unleashed": 0.013291116815919265,
    "Yakuza 2": 0.005113341745054292,
    "Hannah Montana: Spotlight World Tour": 0.005113341745054292,
    "PlayStation 3": 0.09285521136962704,
    "PlayStation": 0.0260794982596245,
    "Thrill Kill": 0.00478225931404212,
    "Playstation 1": 0.025352527748119896,
    "Memory Card": 0.009086330917200356,
    "Sony Computer Entertainment": 0.01400526989223834,
    "Final Fantasy VII (disambiguation)": 0.00478225931404212,
    "PlayStation 4": 0.016157305693817455,
    "Ratchet & Clank (game)": 0.011094404358934945,
    "Ratchet & Clank: Going Commando": 0.013291116815919265,
    "Playstation": 0.00478225931404212,
    "PocketStation": 0.005397126685921868,
    "Playstation Event Project": 0.006934295115621238,
    "Playstation Consoles": 0.00478225931404212,
    "Games": 0.00478225931404212,
    "List of games with platinum trophies": 0.009086330917200356,
    "PlayStation Network": 0.006216949848428199,
    "NASCAR Thunder 2004": 0.00478225931404212,
    "PlayStation All-Stars Battle Royale": 0.012925278650293037,
    "Uncharted (series)": 0.011180277535175927,
    "Infamous (series)": 0.011180277535175927,
    "Ratchet and Clank:Going Commando": 0.00478225931404212,
    "Sir Daniel Fortesque": 0.012925278650293037,
    "Ratchet and Clank: Going Commando": 0.009086330917200356,
    "PlayStation Vita": 0.007723703639136416,
    "Playstation 2 Game project": 0.011238366718779473,
    "PlayStation 1": 0.031903844781536725,
    "Rayman Arena": 0.00478225931404212,
    "Platinum Games": 0.00478225931404212,
    "Sony Computer Entertainment Europe": 0.00478225931404212,
    "PSP": 0.009086330917200356,
    "Ys: The Oath in Felghana": 0.00478225931404212,
    "Pop'n music 10": 0.00478225931404212,
    "Dragon Quest Heroes": 0.00478225931404212,
    "Memory card": 0.00478225931404212,
    "LittleBigPlanet 2": 0.00478225931404212,
    "LittleBigPlanet Karting": 0.00478225931404212,
    "Uncharted (Series)": 0.007108836267256668,
    "Infamous (Series)": 0.007108836267256668,
    "Fearful Harmony": 0.00478225931404212,
    "PlayStation 4K": 0.00478225931404212,
    "PlayStation Neo": 0.009086330917200356,
    "Metal Gear Solid": 0.01260619314151492,
    "Lego Batman 2: DC Super Heroes": 0.00478225931404212,
    "Lego Batman 3: Beyond Gotham": 0.00478225931404212,
    "Star Wars: The Force Unleashed II": 0.00478225931404212,
    "Kingdom Hearts II": 0.00478225931404212,
    "Crash Bandicoot": 0.008695087920359893,
    "Crash Bandicoot 2: Cortex Strikes Back": 0.01084712372193901,
    "Crash Bandicoot 3: Warp": 0.00478225931404212,
    "Star Wars: Battlefront": 0.00478225931404212,
    "Lego Star Wars: The Video Game": 0.00478225931404212,
    "Lego Star Wars II: The Original Trilogy": 0.00478225931404212,
    "Lego Star Wars: The Complete Saga": 0.00478225931404212,
    "Spyro the Dragon": 0.00478225931404212,
    "Spyro: Ripto's Rage": 0.00478225931404212,
    "Star Wars Episode III: Revenge of the Sith (Video Game)": 0.00478225931404212,
    "Lego Star Wars III: The Clone Wars": 0.00478225931404212,
    "Lego Indiana Jones: The Original Adventures": 0.00478225931404212,
    "Lego Indiana Jones 2: The Adventure Continues": 0.00478225931404212,
    "Lego Harry Potter Years 1-4": 0.00478225931404212,
    "Lego Harry Potter Years 5-7": 0.00478225931404212,
    "Lego The Lord of the Rings": 0.00478225931404212,
    "Lego The Hobbit": 0.00478225931404212,
    "Lego Marvel Super Heroes": 0.00478225931404212,
    "Lego Marvel's Avengers": 0.00478225931404212,
    "The Lego Movie Videogame": 0.00478225931404212,
    "Lego Rock Band": 0.00478225931404212,
    "Lego Pirates of the Caribbean: The Video Game": 0.00478225931404212,
    "Lego Jurassic World": 0.00478225931404212,
    "Spyro: Enter the Dragonfly": 0.08857990147660735,
    "Spyro: A Hero's Tail": 0.09307330655536168,
    "The Legend of Spyro: A New Beginning": 0.011654472184774105,
    "The Legend of Spyro: The Eternal Night": 0.015271404875456841,
    "The Legend of Spyro: Dawn of the Dragon": 0.011654472184774105
  },
  "hitsHubs": {
    "Main Page": 1.1253266228458735e-27,
    "List of PlayStation 2 games": 0.0006089543132492865,
    "Dark Cloud": 2.075413350051298e-05,
    "Final Fantasy X": 0.0,
    "Final Fantasy X-2": 0.0,
    "Dark Chronicle": 0.0,
    "Monster Hunter": 0.0,
    "Monster Hunter 2": 0.0,
    "Monster Hunter 3": 0.0,
    "PlayStation 2": 0.0,
    "PlayStation (console)": 0.0,
    "Lego Batman: The Video Game": 0.03971180872509564,
    "Star Wars: The Force Unleashed": 2.525176252381029e-26,
    "Yakuza 2": 0.0,
    "Hannah Montana: Spotlight World Tour": 0.0,
    "PlayStation 3": 0.0,
    "PlayStation": 0.04106525004711592,
    "Thrill Kill": 2.525176252381029e-26,
    "Playstation 1": 1.5000352991450343e-30,
    "Memory Card": 0.0,
    "Sony Computer Entertainment": 0.0,
    "Final Fantasy VII (disambiguation)": 2.525176252381029e-26,
    "PlayStation 4": 0.0,
    "Ratchet & Clank (game)": 0.0,
    "Ratchet & Clank: Going Commando": 0.010497831136219703,
    "Playstation": 0.00380921632041517,
    "PocketStation": 0.0,
    "Playstation Event Project": 0.0,
    "Playstation Consoles": 0.06013623324626185,
    "Games": 6.954901013638839e-28,
    "List of games with platinum trophies": 2.075413350051298e-05,
    "PlayStation Network": 0.0,
    "NASCAR Thunder 2004": 0.014432882023633211,
    "PlayStation All-Stars Battle Royale": 0.002386337320643542,
    "Uncharted (series)": 0.00380921632041517,
    "Infamous (series)": 0.0,
    "Ratchet and Clank:Going Commando": 8.940907115608658e-38,
    "Sir Daniel Fortesque": 0.0001683996352271874,
    "Ratchet and Clank: Going Commando": 2.075413350051298e-05,
    "PlayStation Vita": 0.0,
    "Playstation 2 Game project": 0.0,
    "PlayStation 1": 0.0004918954731763943,
    "Rayman Arena": 0.010131770230041645,
    "Platinum Games": 8.940907115608658e-38,
    "Sony Computer Entertainment Europe": 0.0043632178984387565,
    "PSP": 0.0,
    "Ys: The Oath in Felghana": 8.940907115608658e-38,
    "Pop'n music 10": 0.010131770230041645,
    "Dragon Quest Heroes": 0.03778940167600702,
    "Memory card": 8.940907115608658e-38,
    "LittleBigPlanet 2": 0.03394325639349274,
    "LittleBigPlanet Karting": 0.03394325639349274,
    "Uncharted (Series)": 8.940907115608658e-38,
    "Infamous (Series)": 8.940907115608658e-38,
    "Fearful Harmony": 1.5000352991450343e-30,
    "PlayStation 4K": 8.940907115608658e-38,
    "PlayStation Neo": 0.0,
    "Metal Gear Solid": 0.0,
    "Lego Batman 2: DC Super Heroes": 0.029580038495053983,
    "Lego Batman 3: Beyond Gotham": 0.03778940167600702,
    "Star Wars: The Force Unleashed II": 0.029580038495053983,
    "Kingdom Hearts II": 0.010131770230041645,
    "Crash Bandicoot": 0.0010805762693612787,
    "Crash Bandicoot 2: Cortex Strikes Back": 0.03338925481546915,
    "Crash Bandicoot 3: Warp": 0.030625000794646202,
    "Star Wars: Battlefront": 0.010131770230041645,
    "Lego Star Wars: The Video Game": 0.010131770230041645,