{
  "numNodes": 93,
  "numEdges": 139,
  "selfLinks": 5,
  "numStrongComponents": 86,
  "numWeakComponents": 5,
  "sizeLargestStrong": 4,
  "sizeLargestWeak": 82,
  "radius": 1,
  "diameter": 2,
  "averageInDegree": 1.4946236559139785,
  "averageOutDegree": 1.4946236559139785,
  "maxOutDegree": 13,
  "maxInDegree": 32,
  "pageRank": {
    "Main Page": 0.0034330152380182286,
    "List of PlayStation 2 games": 0.0034330152380182286,
    "Dark Cloud": 0.0036706877838422088,
    "Final Fantasy X": 0.0036706877838422088,
    "Final Fantasy X-2": 0.0036706877838422088,
    "Dark Chronicle": 0.006974338459627224,
    "Monster Hunter": 0.0061532155668534245,
    "Monster Hunter 2": 0.005516671634676628,
    "Monster Hunter 3": 0.005516671634676628,
    "PlayStation 2": 0.09660264646007327,
    "PlayStation (console)": 0.028114605793270207,
    "Lego Batman: The Video Game": 0.0036706877838422088,
    "Star Wars: The Force Unleashed": 0.009541229420506482,
    "Yakuza 2": 0.0036706877838422088,
    "Hannah Montana: Spotlight World Tour": 0.0036706877838422088,
    "PlayStation 3": 0.14801764050542437,
    "PlayStation": 0.04893043247599502,
    "Thrill Kill": 0.0034330152380182286,
    "Playstation 1": 0.018199699465908964,
    "Memory Card": 0.0065227583337299725,
    "Sony Computer Entertainment": 0.01005389330025768,
    "Final Fantasy VII (disambiguation)": 0.0034330152380182286,
    "PlayStation 4": 0.033801704077900195,
    "Ratchet & Clank (game)": 0.007964286802075834,
    "PlayStation Home": 0.0034330152380182286,
    "Ratchet & Clank: Going Commando": 0.009541229420506482,
    "Playstation": 0.0034330152380182286,
    "PocketStation": 0.003874407108834192,
    "Playstation Event Project": 0.003874407108834192,
    "Playstation Consoles": 0.0034330152380182286,
    "Games": 0.0034330152380182286,
    "List of games with platinum trophies": 0.0065227583337299725,
    "PlayStation Network": 0.026665868833042113,
    "NASCAR Thunder 2004": 0.0034330152380182286,
    "PlayStation All-Stars Battle Royale": 0.009278610512005382,
    "Uncharted (series)": 0.008025931846786679,
    "Infamous (series)": 0.008025931846786679,
    "Ratchet and Clank:Going Commando": 0.0034330152380182286,
    "Sir Daniel Fortesque": 0.009278610512005382,
    "Ratchet and Clank: Going Commando": 0.0065227583337299725,
    "PlayStation Vita": 0.009156286437495657,
    "List of PlayStation 3 games": 0.004977886785874101,
    "PlayStation Plus": 0.037253589500931286,
    "Playstation 2 Game project": 0.005419278656690064,
    "PlayStation 1": 0.02627933215464876,
    "Rayman Arena": 0.0034330152380182286,
    "Platinum Games": 0.0034330152380182286,
    "Sony Computer Entertainment Europe": 0.0034330152380182286,
    "PSP": 0.0065227583337299725,
    "Ys: The Oath in Felghana": 0.0034330152380182286,
    "Pop'n music 10": 0.0034330152380182286,
    "Dragon Quest Heroes": 0.0034330152380182286,
    "Memory card": 0.0034330152380182286,
    "LittleBigPlanet 2": 0.0034330152380182286,
    "LittleBigPlanet Karting": 0.0034330152380182286,
    "Uncharted (Series)": 0.005103185316300272,
    "Infamous (Series)": 0.005103185316300272,
    "Fearful Harmony": 0.0034330152380182286,
    "PlayStation 4K": 0.0034330152380182286,
    "PlayStation Neo": 0.0065227583337299725,
    "Metal Gear Solid": 0.01811235196660118,
    "Lego Batman 2: DC Super Heroes": 0.0034330152380182286,
    "Lego Batman 3: Beyond Gotham": 0.0034330152380182286,
    "Star Wars: The Force Unleashed II": 0.0034330152380182286,
    "Kingdom Hearts II": 0.0034330152380182286,
    "Crash Bandicoot": 0.00624189999569945,
    "Crash Bandicoot 2: Cortex Strikes Back": 0.007786771543555322,
    "Crash Bandicoot 3: Warp": 0.0034330152380182286,
    "Star Wars: Battlefront": 0.0034330152380182286,
    "Lego Star Wars: The Video Game": 0.0034330152380182286,
    "Lego Star Wars II: The Original Trilogy": 0.0034330152380182286,
    "Lego Star Wars: The Complete Saga": 0.0034330152380182286,
    "Spyro the Dragon": 0.0034330152380182286,
    "Spyro: Ripto's Rage": 0.0034330152380182286,
    "Star Wars Episode III: Revenge of the Sith (Video Game)": 0.0034330152380182286,
    "Lego Star Wars III: The Clone Wars": 0.0034330152380182286,
    "Lego Indiana Jones: The Original Adventures": 0.0034330152380182286,
    "Lego Indiana Jones 2: The Adventure Continues": 0.0034330152380182286,
    "Lego Harry Potter Years 1-4": 0.0034330152380182286,
    "Lego Harry Potter Years 5-7": 0.0034330152380182286,
    "Lego The Lord of the Rings": 0.0034330152380182286,
    "Lego The Hobbit": 0.0034330152380182286,
    "Lego Marvel Super Heroes": 0.0034330152380182286,
    "Lego Marvel's Avengers": 0.0034330152380182286,
    "The Lego Movie Videogame": 0.0034330152380182286,
    "Lego Rock Band": 0.0034330152380182286,
    "Lego Pirates of the Caribbean: The Video Game": 0.0034330152380182286,
    "Lego Jurassic World": 0.0034330152380182286,
    "Spyro: Enter the Dragonfly": 0.06357306020062353,
    "Spyro: A Hero's Tail": 0.06678902130232169,
    "The Legend of Spyro: A New Beginning": 0.008366342288782145,
    "The Legend of Spyro: The Eternal Night": 0.010962814138805739,
    "The Legend of Spyro: Dawn of the Dragon": 0.008366342288782145
  },
  "hitsHubs": {
    "Main Page": 0.04260349302357753,
    "List of PlayStation 2 games": 0.0016337857282483952,
    "Dark Cloud": 4.1554120302193536e-05,
    "Final Fantasy X": 0.0,
    "Final Fantasy X-2": 0.010649607109766163,
    "Dark Chronicle": 0.010649607109766163,
    "Monster Hunter": 0.01129075200349455,
    "Monster Hunter 2": 0.01096202603577476,
    "Monster Hunter 3": 0.020065367833477156,
    "PlayStation 2": 0.0,
    "PlayStation (console)": 0.0,
    "Lego Batman: The Video Game": 0.030714974943243316,
    "Star Wars: The Force Unleashed": 6.176193632651086e-34,
    "Yakuza 2": 0.010649607109766163,
    "Hannah Montana: Spotlight World Tour": 0.0,
    "PlayStation 3": 0.04646949287061248,
    "PlayStation": 0.031496187398287134,
    "Thrill Kill": 6.176193632651086e-34,
    "Playstation 1": 0.0014270444627846037,
    "Memory Card": 0.012076651572550766,
    "Sony Computer Entertainment": 0.0,
    "Final Fantasy VII (disambiguation)": 6.176193632651086e-34,
    "PlayStation 4": 0.020065367833477156,
    "Ratchet & Clank (game)": 0.010649607109766163,
    "PlayStation Home": 0.020065367833477156,
    "Ratchet & Clank: Going Commando": 0.01096202603577476,
    "Playstation": 0.005407094820839214,
    "PocketStation": 0.0,
    "Playstation Event Project": 0.0,
    "Playstation Consoles": 0.046420316615710513,
    "Games": 0.001111867557339526,
    "List of games with platinum trophies": 4.1554120302193536e-05,
    "PlayStation Network": 0.0,
    "NASCAR Thunder 2004": 0.01647575033942099,
    "PlayStation All-Stars Battle Royale": 0.0015103661593132856,
    "Uncharted (series)": 0.006763701370526781,
    "Infamous (series)": 0.0,
    "Ratchet and Clank:Going Commando": 2.6997638085892316e-47,
    "Sir Daniel Fortesque": 7.883518524839751e-05,
    "Ratchet and Clank: Going Commando": 4.1554120302193536e-05,
    "PlayStation Vita": 0.0,
    "List of PlayStation 3 games": 0.0,
    "PlayStation Plus": 0.028385840615262163,
    "Playstation 2 Game project": 0.0,
    "PlayStation 1": 0.0004190484088156118,
    "Rayman Arena": 0.010649607109766163,
    "Platinum Games": 2.6997638085892316e-47,
    "Sony Computer Entertainment Europe": 0.0023193429031713834,
    "PSP": 0.0,
    "Ys: The Oath in Felghana": 2.6997638085892316e-47,
    "Pop'n music 10": 0.010649607109766163,
    "Dragon Quest Heroes": 0.02553628366826566,
    "Memory card": 2.6997638085892316e-47,
    "LittleBigPlanet 2": 0.02238471073664854,
    "LittleBigPlanet Karting": 0.02238471073664854,
    "Uncharted (Series)": 2.6997638085892316e-47,
    "Infamous (Series)": 2.6997638085892316e-47,
    "Fearful Harmony": 0.0014270444627846037,
    "PlayStation 4K": 2.6997638085892316e-47,
    "PlayStation Neo": 0.0,
    "Metal Gear Solid": 0.0,