{
  "numNodes": 95,
  "numEdges": 154,
  "selfLinks": 5,
  "numStrongComponents": 87,
  "numWeakComponents": 5,
  "sizeLargestStrong": 4,
  "sizeLargestWeak": 84,
  "radius": 1,
  "diameter": 2,
  "averageInDegree": 1.6210526315789473,
  "averageOutDegree": 1.6210526315789473,
  "maxOutDegree": 14,
  "maxInDegree": 34,
  "pageRank": {
    "List of PlayStation 2 games": 0.003360223141394963,
    "Dark Cloud": 0.0031379460504891684,
    "Final Fantasy X": 0.005705403768303594,
    "Final Fantasy X-2": 0.005705403768303594,
    "Dark Chronicle": 0.005962123259729046,
    "Monster Hunter": 0.00526017286168653,
    "Monster Hunter 2": 0.004716013480545877,
    "Monster Hunter 3": 0.004716013480545877,
    "PlayStation 2": 0.11674416469756396,
    "PlayStation (console)": 0.022161999637625895,
    "Lego Batman: The Video Game": 0.0069182317854562725,
    "Star Wars: The Force Unleashed": 0.005559526187247951,
    "Yakuza 2": 0.0031379460504891684,
    "Hannah Montana: Spotlight World Tour": 0.0031379460504891684,
    "PlayStation 3": 0.18287331348192395,
    "PlayStation": 0.053658495521403254,
    "Thrill Kill": 0.0029219297227767622,
    "Playstation 1": 0.013185073165006509,
    "Memory Card": 0.005551690234485965,
    "Sony Computer Entertainment": 0.009646853424082214,
    "Final Fantasy VII (disambiguation)": 0.0029219297227767622,
    "PlayStation 4": 0.037303381239367606,
    "Ratchet & Clank (game)": 0.006798514807430258,
    "PlayStation Home": 0.0029219297227767622,
    "Trophies": 0.0029219297227767622,
    "Ratchet & Clank: Going Commando": 0.008134515019785252,
    "Playstation": 0.0029219297227767622,
    "PocketStation": 0.003297609795878077,
    "Playstation Consoles": 0.0029219297227767622,
    "Games": 0.0029219297227767622,
    "List of games with platinum trophies": 0.005551690234485965,
    "PlayStation Network": 0.031229886724229695,
    "NASCAR Thunder 2004": 0.0029219297227767622,
    "PlayStation All-Stars Battle Royale": 0.01351666905874151,
    "Uncharted (series)": 0.007741444207622788,
    "Infamous (series)": 0.007741444207622788,
    "Ratchet and Clank:Going Commando": 0.0029219297227767622,
    "Sir Daniel Fortesque": 0.009736383323774408,
    "Ratchet and Clank: Going Commando": 0.005551690234485965,
    "PlayStation Vita": 0.010529206619310307,
    "List of PlayStation 3 games": 0.003360223141394963,
    "PlayStation Plus": 0.04336214455620126,
    "List of PlayStation 4 games": 0.003360223141394963,
    "List of PlayStation games": 0.003360223141394963,
    "List of PlayStation Portable games": 0.003360223141394963,
    "List of PlayStation Vita games": 0.003360223141394963,
    "PlayStation 1": 0.019916661658091576,
    "Rayman Arena": 0.0029219297227767622,
    "Platinum Games": 0.0029219297227767622,
    "Sony Computer Entertainment Europe": 0.0029219297227767622,
    "PSP": 0.005551690234485965,
    "Ys: The Oath in Felghana": 0.0029219297227767622,
    "Pop'n music 10": 0.0029219297227767622,
    "Dragon Quest Heroes": 0.0029219297227767622,
    "Memory card": 0.0029219297227767622,
    "LittleBigPlanet 2": 0.005343509859535544,
    "LittleBigPlanet Karting": 0.0029219297227767622,
    "Uncharted (Series)": 0.005354958209745634,
    "Infamous (Series)": 0.005354958209745634,
    "Fearful Harmony": 0.0029219297227767622,
    "PlayStation 4K": 0.0029219297227767622,
    "PlayStation Neo": 0.005551690234485965,
    "Metal Gear Solid": 0.00393000591876799,
    "Lego Batman 2: DC Super Heroes": 0.0029219297227767622,
    "Lego Batman 3: Beyond Gotham": 0.0029219297227767622,
    "Star Wars: The Force Unleashed II": 0.004587452712542123,
    "Kingdom Hearts II": 0.0031379460504891684,
    "Crash Bandicoot": 0.007145526104153992,
    "Crash Bandicoot 2: Cortex Strikes Back": 0.008460406360008593,
    "Crash Bandicoot 3: Warp": 0.0029219297227767622,
    "Star Wars: Battlefront": 0.0029219297227767622,
    "Lego Star Wars: The Video Game": 0.0029219297227767622,
    "Lego Star Wars II: The Original Trilogy": 0.0029219297227767622,
    "Lego Star Wars: The Complete Saga": 0.0029219297227767622,
    "Spyro the Dragon": 0.0029219297227767622,
    "Spyro: Ripto's Rage": 0.0029219297227767622,
    "Star Wars Episode III: Revenge of the Sith (Video Game)": 0.0029219297227767622,
    "Lego Star Wars III: The Clone Wars": 0.0029219297227767622,
    "Lego Indiana Jones: The Original Adventures": 0.0029219297227767622,
    "Lego Indiana Jones 2: The Adventure Continues": 0.0029219297227767622,
    "Lego Harry Potter Years 1-4": 0.0029219297227767622,
    "Lego Harry Potter Years 5-7": 0.0029219297227767622,
    "Lego The Lord of the Rings": 0.0029219297227767622,
    "Lego The Hobbit": 0.0029219297227767622,
    "Lego Marvel Super Heroes": 0.0029219297227767622,
    "Lego Marvel's Avengers": 0.0029219297227767622,
    "The Lego Movie Videogame": 0.0029219297227767622,
    "Lego Rock Band": 0.0029219297227767622,
    "Lego Pirates of the Caribbean: The Video Game": 0.0029219297227767622,
    "Lego Jurassic World": 0.0029219297227767622,
    "Spyro: Enter the Dragonfly": 0.054064838499067625,
    "Spyro: A Hero's Tail": 0.056872731237351204,
    "The Legend of Spyro: A New Beginning": 0.007120806163506624,
    "The Legend of Spyro: The Eternal Night": 0.009330728245208104,
    "The Legend of Spyro: Dawn of the Dragon": 0.007120806163506624
  },
  "hitsHubs": {
    "List of PlayStation 2 games": 0.002279705968058414,
    "Dark Cloud": 5.7308207314777556e-05,
    "Final Fantasy X": 0.009965770001468536,
    "Final Fantasy X-2": 0.009965770001468536,
    "Dark Chronicle": 0.009665486724968893,
    "Monster Hunter": 0.010281539881265987,
    "Monster Hunter 2": 0.009965770001468536,
    "Monster Hunter 3": 0.020234591824110238,
    "PlayStation 2": 0.0,
    "PlayStation (console)": 0.029900078549079133,
    "Lego Batman: The Video Game": 0.029900078549079133,
    "Star Wars: The Force Unleashed": 2.2811897189068665e-36,
    "Yakuza 2": 0.009665486724968893,
    "Hannah Montana: Spotlight World Tour": 0.0,
    "PlayStation 3": 0.042123633014148294,
    "PlayStation": 0.029900078549079133,
    "Thrill Kill": 2.2811897189068665e-36,
    "Playstation 1": 0.00025583778480138753,
    "Memory Card": 0.00992132450977028,
    "Sony Computer Entertainment": 0.0,
    "Final Fantasy VII (disambiguation)": 2.2811897189068665e-36,
    "PlayStation 4": 0.020234591824110238,
    "Ratchet & Clank (game)": 0.009665486724968893,
    "PlayStation Home": 0.020234591824110238,
    "Trophies": 0.022027154957294473,
    "Ratchet & Clank: Going Commando": 0.009965770001468536,
    "Playstation": 0.0035289296687549742,
    "PocketStation": 0.0,
    "Playstation Consoles": 0.04375146092955974,
    "Games": 2.449408809669105e-27,
    "List of games with platinum trophies": 7.031592604620948e-05,
    "PlayStation Network": 0.0,
    "NASCAR Thunder 2004": 0.009914727308748449,
    "PlayStation All-Stars Battle Royale": 0.002000162018104748,
    "Uncharted (series)": 0.0053214928019392135,
    "Infamous (series)": 0.0,
    "Ratchet and Clank:Going Commando": 1.1079591897421752e-50,
    "Sir Daniel Fortesque": 0.00010950303220994994,
    "Ratchet and Clank: Going Commando": 5.7308207314777556e-05,
    "PlayStation Vita": 0.020234591824110238,
    "List of PlayStation 3 games": 0.00018840595093596463,
    "PlayStation Plus": 0.0254198204840833,
    "List of PlayStation 4 games": 0.0,
    "List of PlayStation games": 0.000579758571138046,
    "List of PlayStation Portable games": 6.204443535202527e-05,
    "List of PlayStation Vita games": 5.776987505121342e-05,
    "PlayStation 1": 0.000249240583779555,
    "Rayman Arena": 0.009665486724968893,
    "Platinum Games": 1.1079591897421752e-50,
    "Sony Computer Entertainment Europe": 0.0022292538116768013,
    "PSP": 0.0,
    "Ys: The Oath in Felghana": 1.1079591897421752e-50,
    "Pop'n music 10": 0.009665486724968893,
    "Dragon Quest Heroes": 0.02546235528649924,
    "Memory card": 1.1079591897421752e-50,