{
  "numNodes": 91,
  "numEdges": 124,
  "selfLinks": 3,
  "numStrongComponents": 87,
  "numWeakComponents": 6,
  "sizeLargestStrong": 2,
  "sizeLargestWeak": 75,
  "radius": 1,
  "diameter": 1,
  "averageInDegree": 1.3626373626373627,
  "averageOutDegree": 1.3626373626373627,
  "maxOutDegree": 13,
  "maxInDegree": 28,
  "pageRank": {
    "Main Page": 0.00444395578146679,
    "List of PlayStation 2 games": 0.00444395578146679,
    "Dark Cloud": 0.004751616998841492,
    "Final Fantasy X": 0.004751616998841492,
    "Final Fantasy X-2": 0.004751616998841492,
    "Dark Chronicle": 0.009028110713026144,
    "Monster Hunter": 0.007965186460139967,
    "Monster Hunter 2": 0.0071411963139666225,
    "Monster Hunter 3": 0.0071411963139666225,
    "PlayStation 2": 0.08260301693411981,
    "PlayStation (console)": 0.03587939176383983,
    "Lego Batman: The Video Game": 0.004751616998841492,
    "Star Wars: The Force Unleashed": 0.012350885372788376,
    "Yakuza 2": 0.004751616998841492,
    "Hannah Montana: Spotlight World Tour": 0.004751616998841492,
    "PlayStation 3": 0.10482406825786708,
    "PlayStation": 0.019559334144265795,
    "Thrill Kill": 0.00444395578146679,
    "Playstation 1": 0.023559055988837264,
    "Memory Card": 0.008443551607337922,
    "Sony Computer Entertainment": 0.013014518265476355,
    "Final Fantasy VII (disambiguation)": 0.00444395578146679,
    "PlayStation 4": 0.01501431617841192,
    "Ratchet & Clank (game)": 0.010309571276655598,
    "Ratchet & Clank: Going Commando": 0.012350885372788376,
    "Playstation": 0.00444395578146679,
    "PocketStation": 0.0050153266137340944,
    "Playstation Event Project": 0.006443753694402356,
    "Playstation Consoles": 0.00444395578146679,
    "Games": 0.00444395578146679,
    "List of games with platinum trophies": 0.008443551607337922,
    "PlayStation Network": 0.0057771543900905,
    "NASCAR Thunder 2004": 0.00444395578146679,
    "PlayStation All-Stars Battle Royale": 0.01201092645656826,
    "Uncharted (series)": 0.010389369402028403,
    "Infamous (series)": 0.010389369402028403,
    "Ratchet and Clank:Going Commando": 0.00444395578146679,
    "Sir Daniel Fortesque": 0.01201092645656826,
    "Ratchet and Clank: Going Commando": 0.008443551607337922,
    "PlayStation Vita": 0.011852583340076049,
    "List of PlayStation 3 games": 0.006443753694402356,
    "Playstation 2 Game project": 0.008443551607337922,
    "PlayStation 1": 0.033446558276174945,
    "Rayman Arena": 0.00444395578146679,
    "Platinum Games": 0.00444395578146679,
    "Sony Computer Entertainment Europe": 0.00444395578146679,
    "PSP": 0.008443551607337922,
    "Ys: The Oath in Felghana": 0.00444395578146679,
    "Pop'n music 10": 0.00444395578146679,
    "Dragon Quest Heroes": 0.00444395578146679,
    "Memory card": 0.00444395578146679,
    "LittleBigPlanet 2": 0.00444395578146679,
    "LittleBigPlanet Karting": 0.00444395578146679,
    "Uncharted (Series)": 0.006605947402924353,
    "Infamous (Series)": 0.006605947402924353,
    "Fearful Harmony": 0.00444395578146679,
    "PlayStation 4K": 0.00444395578146679,
    "PlayStation Neo": 0.008443551607337922,
    "Metal Gear Solid": 0.010311817787760755,
    "Lego Batman 2: DC Super Heroes": 0.00444395578146679,
    "Lego Batman 3: Beyond Gotham": 0.00444395578146679,
    "Star Wars: The Force Unleashed II": 0.00444395578146679,
    "Kingdom Hearts II": 0.00444395578146679,
    "Crash Bandicoot": 0.008079985635600317,
    "Crash Bandicoot 2: Cortex Strikes Back": 0.010079783548535882,
    "Crash Bandicoot 3: Warp": 0.00444395578146679,
    "Star Wars: Battlefront": 0.00444395578146679,
    "Lego Star Wars: The Video Game": 0.00444395578146679,
    "Lego Star Wars II: The Original Trilogy": 0.00444395578146679,
    "Lego Star Wars: The Complete Saga": 0.00444395578146679,
    "Spyro the Dragon": 0.00444395578146679,
    "Spyro: Ripto's Rage": 0.00444395578146679,
    "Star Wars Episode III: Revenge of the Sith (Video Game)": 0.00444395578146679,
    "Lego Star Wars III: The Clone Wars": 0.00444395578146679,
    "Lego Indiana Jones: The Original Adventures": 0.00444395578146679,
    "Lego Indiana Jones 2: The Adventure Continues": 0.00444395578146679,
    "Lego Harry Potter Years 1-4": 0.00444395578146679,
    "Lego Harry Potter Years 5-7": 0.00444395578146679,
    "Lego The Lord of the Rings": 0.00444395578146679,
    "Lego The Hobbit": 0.00444395578146679,
    "Lego Marvel Super Heroes": 0.00444395578146679,
    "Lego Marvel's Avengers": 0.00444395578146679,
    "The Lego Movie Videogame": 0.00444395578146679,
    "Lego Rock Band": 0.00444395578146679,
    "Lego Pirates of the Caribbean: The Video Game": 0.00444395578146679,
    "Lego Jurassic World": 0.00444395578146679,
    "Spyro: Enter the Dragonfly": 0.0823124299251998,
    "Spyro: A Hero's Tail": 0.08648348990599071,
    "The Legend of Spyro: A New Beginning": 0.01083001856830097,
    "The Legend of Spyro: The Eternal Night": 0.014191084369156877,
    "The Legend of Spyro: Dawn of the Dragon": 0.01083001856830097
  },
  "hitsHubs": {
    "Main Page": 1.146360954845411e-38,
    "List of PlayStation 2 games": 0.0024601712721453134,
    "Dark Cloud": 7.733824655090638e-05,
    "Final Fantasy X": 0.0,
    "Final Fantasy X-2": 0.011455924984983684,
    "Dark Chronicle": 0.011455924984983684,
    "Monster Hunter": 0.012359258511589064,
    "Monster Hunter 2": 0.011893393096409495,
    "Monster Hunter 3": 0.024503160485750693,
    "PlayStation 2": 0.0,
    "PlayStation (console)": 0.0,
    "Lego Batman: The Video Game": 0.03595908547073438,
    "Star Wars: The Force Unleashed": 1.146360954845411e-38,
    "Yakuza 2": 0.011455924984983684,
    "Hannah Montana: Spotlight World Tour": 0.0,
    "PlayStation 3": 0.0,
    "PlayStation": 0.03708949969712694,
    "Thrill Kill": 1.146360954845411e-38,
    "Playstation 1": 0.000384291109965384,
    "Memory Card": 0.011840216094949068,
    "Sony Computer Entertainment": 0.0,
    "Final Fantasy VII (disambiguation)": 1.146360954845411e-38,
    "PlayStation 4": 0.024503160485750693,
    "Ratchet & Clank (game)": 0.011455924984983684,
    "Ratchet & Clank: Going Commando": 0.011893393096409495,
    "Playstation": 0.0031377798838102327,
    "PocketStation": 0.0,
    "Playstation Event Project": 0.0,
    "Playstation Consoles": 0.05216502428583891,
    "Games": 1.146360954845411e-38,
    "List of games with platinum trophies": 7.733824655090638e-05,
    "PlayStation Network": 0.0,
    "NASCAR Thunder 2004": 0.015067364386183356,
    "PlayStation All-Stars Battle Royale": 0.0020630308064195045,
    "Uncharted (series)": 0.004941139316177233,
    "Infamous (series)": 0.0,
    "Ratchet and Clank:Going Commando": 2.291276338911889e-55,
    "Sir Daniel Fortesque": 0.000133917217628087,
    "Ratchet and Clank: Going Commando": 7.733824655090638e-05,
    "PlayStation Vita": 0.0,
    "List of PlayStation 3 games": 0.0,
    "Playstation 2 Game project": 0.0,
    "PlayStation 1": 0.0004736595173894406,
    "Rayman Arena": 0.011455924984983684,
    "Platinum Games": 2.291276338911889e-55,
    "Sony Computer Entertainment Europe": 0.0033938113740180943,
    "PSP": 0.0,
    "Ys: The Oath in Felghana": 2.291276338911889e-55,
    "Pop'n music 10": 0.011455924984983684,
    "Dragon Quest Heroes": 0.030784262361165708,
    "Memory card": 2.291276338911889e-55,
    "LittleBigPlanet 2": 0.02789697185976879,
    "LittleBigPlanet Karting": 0.02789697185976879,
    "Uncharted (Series)": 2.291276338911889e-55,
    "Infamous (Series)": 2.291276338911889e-55,
    "Fearful Harmony": 0.000384291109965384,
    "PlayStation 4K": 2.291276338911889e-55,
    "PlayStation Neo": 0.0,
    "Metal Gear Solid": 0.0,
    "Lego Batman 2: DC Super Heroes": 0.024503160485750693,
    "Lego Batman 3: Beyond Gotham": 0.030784262361165708,
    "Star Wars: The Force Unleashed II": 0.024503160485750693,
    "Kingdom Hearts II": 0.011455924984983684,
    "Crash Bandicoot": 0.0008211235135991585,