{
  "numNodes": 103,
  "numEdges": 173,
  "selfLinks": 4,
  "numStrongComponents": 93,
  "numWeakComponents": 7,
  "sizeLargestStrong": 7,
  "sizeLargestWeak": 87,
  "radius": 2,
  "diameter": 4,
  "averageInDegree": 1.6796116504854368,
  "averageOutDegree": 1.6796116504854368,
  "maxOutDegree": 16,
  "maxInDegree": 39,
  "pageRank": {
    "List of PlayStation 2 games": 0.0018626894161839938,
    "Dark Cloud": 0.0017245059687534723,
    "Final Fantasy X": 0.003135471867032229,
    "Final Fantasy X-2": 0.003135471867032229,
    "Dark Chronicle": 0.003276564889156513,
    "Monster Hunter": 0.002890794749703709,
    "Monster Hunter 2": 0.0025917465269951205,
    "Monster Hunter 3": 0.0025917465269951205,
    "PlayStation 2": 0.12859839299476916,
    "PlayStation (console)": 0.06153097940696033,
    "Lego Batman: The Video Game": 0.0036404194931343933,
    "Star Wars: The Force Unleashed": 0.0026564318978377728,
    "Yakuza 2": 0.0017245059687534723,
    "Hannah Montana: Spotlight World Tour": 0.0017245059687534723,
    "PlayStation 3": 0.2562002739547581,
    "PlayStation": 0.06224006077158747,
    "Thrill Kill": 0.0016197294478888908,
    "Playstation 1": 0.003806369162544818,
    "Memory Card": 0.003077489257659509,
    "Sony Computer Entertainment": 0.005162868243331268,
    "Final Fantasy VII (disambiguation)": 0.0016197294478888908,
    "PlayStation 4": 0.04440560930559698,
    "Ratchet & Clank (game)": 0.003746924878370983,
    "PlayStation Home": 0.0016197294478888908,
    "Trophies": 0.0016197294478888908,
    "Ratchet & Clank: Going Commando": 0.004494252922900215,
    "Playstation": 0.0016197294478888908,
    "PocketStation": 0.0018279808492846932,
    "Playstation Consoles": 0.0016197294478888908,
    "Games": 0.0016197294478888908,
    "List of games with platinum trophies": 0.003077489257659509,
    "PlayStation Network": 0.04053594972632525,
    "NASCAR Thunder 2004": 0.0016197294478888908,
    "PlayStation All-Stars Battle Royale": 0.004022670018364781,
    "Uncharted (series)": 0.004163615946085907,
    "Infamous (series)": 0.003077489257659509,
    "Ratchet and Clank:Going Commando": 0.0016197294478888908,
    "Sir Daniel Fortesque": 0.002944968660900513,
    "Ratchet and Clank: Going Commando": 0.003077489257659509,
    "PlayStation Vita": 0.005012752809216883,
    "List of PlayStation 3 games": 0.0018626894161839938,
    "PlayStation Plus": 0.05721451656330556,
    "List of PlayStation 4 games": 0.0018626894161839938,
    "List of PlayStation games": 0.0018626894161839938,
    "List of PlayStation Portable games": 0.0018626894161839938,
    "List of PlayStation Vita games": 0.0018626894161839938,
    "Uncharted 2: Among Thieves": 0.005258503196662254,
    "Uncharted 2": 0.0016197294478888908,
    "Call of Duty: Black Ops II": 0.003316978448207124,
    "Call of Duty: Black Ops 2": 0.0016197294478888908,
    "PlayStation 1": 0.06575775311211807,
    "Kingdom Hearts": 0.0017245059687534723,
    "Sly Cooper: Thieves in Time": 0.004389476402035634,
    "Sly 4": 0.0016197294478888908,
    "Sly Cooper Thieves in Time": 0.003077489257659509,
    "Rayman Arena": 0.0016197294478888908,
    "Platinum Games": 0.0016197294478888908,
    "Sony Computer Entertainment Europe": 0.0016197294478888908,
    "PSP": 0.003077489257659509,
    "Ys: The Oath in Felghana": 0.0016197294478888908,
    "Pop'n music 10": 0.0016197294478888908,
    "Dragon Quest Heroes": 0.0016197294478888908,
    "Memory card": 0.0016197294478888908,
    "LittleBigPlanet 2": 0.0025516553769731917,
    "LittleBigPlanet Karting": 0.0016197294478888908,
    "Uncharted (Series)": 0.0028265334930173275,
    "Infamous (Series)": 0.0016197294478888908,
    "Fearful Harmony": 0.0016197294478888908,
    "PlayStation 4K": 0.0016197294478888908,
    "PlayStation Neo": 0.003077489257659509,
    "Metal Gear Solid": 0.0021785375591666595,
    "Lego Batman 2: DC Super Heroes": 0.0024579416148055437,
    "Lego Batman 3: Beyond Gotham": 0.0016197294478888908,
    "Star Wars: The Force Unleashed II": 0.0023121661864255764,
    "Kingdom Hearts II": 0.0017245059687534723,
    "Crash Bandicoot": 0.003960985760269664,
    "Crash Bandicoot 2: Cortex Strikes Back": 0.004689865665154973,
    "Crash Bandicoot 3: Warp": 0.0016197294478888908,
    "Star Wars: Battlefront": 0.0021785375591666595,
    "Lego Star Wars: The Video Game": 0.0016197294478888908,
    "Lego Star Wars II: The Original Trilogy": 0.0016197294478888908,
    "Lego Star Wars: The Complete Saga": 0.0016197294478888908,
    "Spyro the Dragon": 0.0016197294478888908,
    "Spyro: Ripto's Rage": 0.0016197294478888908,
    "Star Wars Episode III: Revenge of the Sith (Video Game)": 0.0016197294478888908,
    "Lego Star Wars III: The Clone Wars": 0.0016197294478888908,
    "Lego Indiana Jones: The Original Adventures": 0.0016197294478888908,
    "Lego Indiana Jones 2: The Adventure Continues": 0.0016197294478888908,
    "Lego Harry Potter Years 1-4": 0.0016197294478888908,
    "Lego Harry Potter Years 5-7": 0.0016197294478888908,
    "Lego The Lord of the Rings": 0.0016197294478888908,
    "Lego The Hobbit": 0.0016197294478888908,
    "Lego Marvel Super Heroes": 0.0021785375591666595,
    "Lego Marvel's Avengers": 0.0016197294478888908,
    "The Lego Movie Videogame": 0.0021785375591666595,
    "Lego Rock Band": 0.0016197294478888908,
    "Lego Pirates of the Caribbean: The Video Game": 0.0016197294478888908,
    "Lego Jurassic World": 0.0016197294478888908,
    "Spyro: Enter the Dragonfly": 0.029961662527860238,
    "Spyro: A Hero's Tail": 0.031538976704295965,
    "The Legend of Spyro: A New Beginning": 0.003947258571295248,
    "The Legend of Spyro: The Eternal Night": 0.005172272144905678,
    "The Legend of Spyro: Dawn of the Dragon": 0.003947258571295248
  },
  "hitsHubs": {
    "List of PlayStation 2 games": 0.01628032459874013,
    "Dark Cloud": 0.0003583099998435135,
    "Final Fantasy X": 0.009357999353528353,
    "Final Fantasy X-2": 0.009357999353528353,
    "Dark Chronicle": 0.008805882664173668,
    "Monster Hunter": 0.009934965779049766,
    "Monster Hunter 2": 0.009357999353528353,
    "Monster Hunter 3": 0.01730641015248555,
    "PlayStation 2": 0.01792173753278808,
    "PlayStation (console)": 0.026112292816659215,
    "Lego Batman: The Video Game": 0.026112292816659215,
    "Star Wars: The Force Unleashed": 0.026112292816659215,
    "Yakuza 2": 0.008805882664173668,
    "Hannah Montana: Spotlight World Tour": 0.0,
    "PlayStation 3": 0.035079300158799544,
    "PlayStation": 0.026112292816659215,
    "Thrill Kill": 0.00019816812722166227,
    "Playstation 1": 0.0006153273803025308,
    "Memory Card": 0.009421210044476198,
    "Sony Computer Entertainment": 0.0,
    "Final Fantasy VII (disambiguation)": 0.00900405079139533,
    "PlayStation 4": 0.01730641015248555,
    "Ratchet & Clank (game)": 0.008805882664173668,
    "PlayStation Home": 0.01730641015248555,
    "Trophies": 0.019031127183209172,
    "Ratchet & Clank: Going Commando": 0.009357999353528353,
    "Playstation": 0.0025902376309336218,
    "PocketStation": 0.0,
    "Playstation Consoles": 0.03667845452945788,
    "Games": 1.1686981475878934e-32,
    "List of games with platinum trophies": 0.002000358324531738,
    "PlayStation Network": 0.0,
    "NASCAR Thunder 2004": 0.00900405079139533,
    "PlayStation All-Stars Battle Royale": 0.019449978977473827,
    "Uncharted (series)": 0.004930128420722745,
    "Infamous (series)": 0.0,
    "Ratchet and Clank:Going Commando": 4.079057643555785e-59,
    "Sir Daniel Fortesque": 0.00048394427765666934,
    "Ratchet and Clank: Going Commando": 0.0003583099998435135,
    "PlayStation Vita": 0.01730641015248555,
    "List of PlayStation 3 games": 0.02102080821802471,
    "PlayStation Plus": 0.021106601046769518,
    "List of PlayStation 4 games": 6.802718548499361e-43,
    "List of PlayStation games": 0.0004268588885387332,
    "List of PlayStation Portable games": 0.0008209522361587243,