{
  "numNodes": 95,
  "numEdges": 146,
  "selfLinks": 5,
  "numStrongComponents": 88,
  "numWeakComponents": 5,
  "sizeLargestStrong": 4,
  "sizeLargestWeak": 84,
  "radius": 1,
  "diameter": 2,
  "averageInDegree": 1.5368421052631578,
  "averageOutDegree": 1.5368421052631578,
  "maxOutDegree": 13,
  "maxInDegree": 35,
  "pageRank": {
    "Main Page": 0.0030590657344014395,
    "List of PlayStation 2 games": 0.0030590657344014395,
    "Dark Cloud": 0.003270849236908654,
    "Final Fantasy X": 0.003270849236908654,
    "Final Fantasy X-2": 0.003270849236908654,
    "Dark Chronicle": 0.006214641972036268,
    "Monster Hunter": 0.005482961878379353,
    "Monster Hunter 2": 0.004915754988251104,
    "Monster Hunter 3": 0.004915754988251104,
    "PlayStation 2": 0.10671567476588069,
    "PlayStation (console)": 0.027661455382394083,
    "Lego Batman: The Video Game": 0.003270849236908654,
    "Star Wars: The Force Unleashed": 0.012081078479349252,
    "Yakuza 2": 0.003270849236908654,
    "Hannah Montana: Spotlight World Tour": 0.003270849236908654,
    "PlayStation 3": 0.1701036474440771,
    "PlayStation": 0.05178845215628053,
    "Thrill Kill": 0.0030590657344014395,
    "Playstation 1": 0.01943852507824726,
    "Memory Card": 0.0058122512669952255,
    "Sony Computer Entertainment": 0.00895874901853098,
    "Final Fantasy VII (disambiguation)": 0.0030590657344014395,
    "PlayStation 4": 0.03585124395834897,
    "Ratchet & Clank (game)": 0.0070967580250615074,
    "PlayStation Home": 0.0030590657344014395,
    "Trophies": 0.0030590657344014395,
    "Ratchet & Clank: Going Commando": 0.008501928402442209,
    "Playstation": 0.0030590657344014395,
    "PocketStation": 0.003452377953343409,
    "Playstation Event Project": 0.003452377953343409,
    "Playstation Consoles": 0.0030590657344014395,
    "Games": 0.0030590657344014395,
    "List of games with platinum trophies": 0.0058122512669952255,
    "PlayStation Network": 0.029492696418787143,
    "NASCAR Thunder 2004": 0.0030590657344014395,
    "PlayStation All-Stars Battle Royale": 0.008267915791015774,
    "Uncharted (series)": 0.007151688076708976,
    "Infamous (series)": 0.007151688076708976,
    "Ratchet and Clank:Going Commando": 0.0030590657344014395,
    "Sir Daniel Fortesque": 0.008267915791015774,
    "Ratchet and Clank: Going Commando": 0.0058122512669952255,
    "PlayStation Vita": 0.009535508949386744,
    "List of PlayStation 3 games": 0.0039767942452660346,
    "PlayStation Plus": 0.04138353669806566,
    "List of PlayStation 4 games": 0.0039767942452660346,
    "Playstation 2 Game project": 0.004370106464208004,
    "PlayStation 1": 0.026315974223129916,
    "Rayman Arena": 0.0030590657344014395,
    "Platinum Games": 0.0030590657344014395,
    "Sony Computer Entertainment Europe": 0.0030590657344014395,
    "PSP": 0.0058122512669952255,
    "Ys: The Oath in Felghana": 0.0030590657344014395,
    "Pop'n music 10": 0.0030590657344014395,
    "Dragon Quest Heroes": 0.0030590657344014395,
    "Memory card": 0.0030590657344014395,
    "LittleBigPlanet 2": 0.0030590657344014395,
    "LittleBigPlanet Karting": 0.0030590657344014395,
    "Uncharted (Series)": 0.004547308607719821,
    "Infamous (Series)": 0.004547308607719821,
    "Fearful Harmony": 0.0030590657344014395,
    "PlayStation 4K": 0.0030590657344014395,
    "PlayStation Neo": 0.0058122512669952255,
    "Metal Gear Solid": 0.01859583331839261,
    "Lego Batman 2: DC Super Heroes": 0.0030590657344014395,
    "Lego Batman 3: Beyond Gotham": 0.0030590657344014395,
    "Star Wars: The Force Unleashed II": 0.0030590657344014395,
    "Kingdom Hearts II": 0.0030590657344014395,
    "Crash Bandicoot": 0.005561986165552963,
    "Crash Bandicoot 2: Cortex Strikes Back": 0.006938578931849857,
    "Crash Bandicoot 3: Warp": 0.0030590657344014395,
    "Star Wars: Battlefront": 0.0030590657344014395,
    "Lego Star Wars: The Video Game": 0.0030590657344014395,
    "Lego Star Wars II: The Original Trilogy": 0.0030590657344014395,
    "Lego Star Wars: The Complete Saga": 0.0030590657344014395,
    "Spyro the Dragon": 0.0030590657344014395,
    "Spyro: Ripto's Rage": 0.0030590657344014395,
    "Star Wars Episode III: Revenge of the Sith (Video Game)": 0.0030590657344014395,
    "Lego Star Wars III: The Clone Wars": 0.0030590657344014395,
    "Lego Indiana Jones: The Original Adventures": 0.0030590657344014395,
    "Lego Indiana Jones 2: The Adventure Continues": 0.0030590657344014395,
    "Lego Harry Potter Years 1-4": 0.0030590657344014395,
    "Lego Harry Potter Years 5-7": 0.0030590657344014395,
    "Lego The Lord of the Rings": 0.0030590657344014395,
    "Lego The Hobbit": 0.0030590657344014395,
    "Lego Marvel Super Heroes": 0.0030590657344014395,
    "Lego Marvel's Avengers": 0.0030590657344014395,
    "The Lego Movie Videogame": 0.0030590657344014395,
    "Lego Rock Band": 0.0030590657344014395,
    "Lego Pirates of the Caribbean: The Video Game": 0.0030590657344014395,
    "Lego Jurassic World": 0.0030590657344014395,
    "Spyro: Enter the Dragonfly": 0.05660431994434602,
    "Spyro: A Hero's Tail": 0.059541521146840234,
    "The Legend of Spyro: A New Beginning": 0.007455018518890056,
    "The Legend of Spyro: The Eternal Night": 0.009768663542726513,
    "The Legend of Spyro: Dawn of the Dragon": 0.007455018518890056
  },
  "hitsHubs": {
    "Main Page": 0.03891003549087125,
    "List of PlayStation 2 games": 0.001345647185347826,
    "Dark Cloud": 3.1759138995455376e-05,
    "Final Fantasy X": 0.0,
    "Final Fantasy X-2": 0.009784437620742386,
    "Dark Chronicle": 0.009784437620742386,
    "Monster Hunter": 0.010322507679464316,
    "Monster Hunter 2": 0.010047123050466981,
    "Monster Hunter 3": 0.019036228676240264,
    "PlayStation 2": 0.0,
    "PlayStation (console)": 0.02882066629698265,
    "Lego Batman: The Video Game": 0.02882066629698265,
    "Star Wars: The Force Unleashed": 1.5597904935547008e-32,
    "Yakuza 2": 0.009784437620742386,
    "Hannah Montana: Spotlight World Tour": 0.0,
    "PlayStation 3": 0.04226094513660609,
    "PlayStation": 0.029500873971310706,
    "Thrill Kill": 1.5597904935547008e-32,
    "Playstation 1": 0.0012061927029926771,
    "Memory Card": 0.010990630323735064,
    "Sony Computer Entertainment": 0.0,
    "Final Fantasy VII (disambiguation)": 1.5597904935547008e-32,
    "PlayStation 4": 0.019036228676240264,
    "Ratchet & Clank (game)": 0.009784437620742386,
    "PlayStation Home": 0.019036228676240264,
    "Trophies": 0.02068464469743598,
    "Ratchet & Clank: Going Commando": 0.010047123050466981,
    "Playstation": 0.004593205044683734,
    "PocketStation": 0.0,
    "Playstation Event Project": 0.0,
    "Playstation Consoles": 0.04274582018122311,
    "Games": 0.0009638260335265427,
    "List of games with platinum trophies": 3.252681697178689e-05,
    "PlayStation Network": 0.0,
    "NASCAR Thunder 2004": 0.014725177260272532,
    "PlayStation All-Stars Battle Royale": 0.0018203642821392576,
    "Uncharted (series)": 0.00624162106587945,
    "Infamous (series)": 0.0,
    "Ratchet and Clank:Going Commando": 6.136399790149795e-45,
    "Sir Daniel Fortesque": 8.800323912356622e-05,
    "Ratchet and Clank: Going Commando": 3.1759138995455376e-05,
    "PlayStation Vita": 0.019036228676240264,
    "List of PlayStation 3 games": 3.252681697178689e-05,
    "PlayStation Plus": 0.026102868768312706,
    "List of PlayStation 4 games": 0.0,
    "Playstation 2 Game project": 0.0,
    "PlayStation 1": 0.0003475345948464099,
    "Rayman Arena": 0.009784437620742386,
    "Platinum Games": 6.136399790149795e-45,
    "Sony Computer Entertainment Europe": 0.002001919527030924,
    "PSP": 0.0,
    "Ys: The Oath in Felghana": 6.136399790149795e-45,
    "Pop'n music 10": 0.009784437620742386,
    "Dragon Quest Heroes": 0.02373224286432087,
    "Memory card": 6.136399790149795e-45,
    "LittleBigPlanet 2": 0.021038148203271188,
    "LittleBigPlanet Karting": 0.021038148203271188,