{
  "numNodes": 90,
  "numEdges": 121,
  "selfLinks": 3,
  "numStrongComponents": 86,
  "numWeakComponents": 6,
  "sizeLargestStrong": 2,
  "sizeLargestWeak": 75,
  "radius": 1,
  "diameter": 1,
  "averageInDegree": 1.3444444444444446,
  "averageOutDegree": 1.3444444444444446,
  "maxOutDegree": 13,
  "maxInDegree": 28,
  "pageRank": {
    "Main Page": 0.004464063948173584,
    "List of PlayStation 2 games": 0.004464063948173584,
    "Dark Cloud": 0.004773116953978909,
    "Final Fantasy X": 0.004773116953978909,
    "Final Fantasy X-2": 0.004773116953978909,
    "Dark Chronicle": 0.009068956206037315,
    "Monster Hunter": 0.00800122130820001,
    "Monster Hunter 2": 0.007173504033656351,
    "Monster Hunter 3": 0.007173504033656351,
    "PlayStation 2": 0.0800897541560229,
    "PlayStation (console)": 0.03604163827377027,
    "Lego Batman: The Video Game": 0.004773116953978909,
    "Star Wars: The Force Unleashed": 0.012406758325107538,
    "Yakuza 2": 0.004773116953978909,
    "Hannah Montana: Spotlight World Tour": 0.004773116953978909,
    "PlayStation 3": 0.10670717829997815,
    "PlayStation": 0.02434421583264499,
    "Thrill Kill": 0.004464063948173584,
    "Playstation 1": 0.023665623457919595,
    "Memory Card": 0.008481753023642805,
    "Sony Computer Entertainment": 0.013073397681321913,
    "Final Fantasy VII (disambiguation)": 0.004464063948173584,
    "PlayStation 4": 0.015082242219056522,
    "Ratchet & Clank (game)": 0.010356207633382693,
    "Ratchet & Clank: Going Commando": 0.012406758325107538,
    "Playstation": 0.004464063948173584,
    "PocketStation": 0.005038019530383473,
    "Playstation Event Project": 0.006472908485908194,
    "Playstation Consoles": 0.004464063948173584,
    "Games": 0.004464063948173584,
    "List of games with platinum trophies": 0.008481753023642805,
    "PlayStation Network": 0.005803293639996657,
    "NASCAR Thunder 2004": 0.004464063948173584,
    "PlayStation All-Stars Battle Royale": 0.012065245815701696,
    "Uncharted (series)": 0.01043636507045899,
    "Infamous (series)": 0.01043636507045899,
    "Ratchet and Clank:Going Commando": 0.004464063948173584,
    "Sir Daniel Fortesque": 0.012065245815701694,
    "Ratchet and Clank: Going Commando": 0.008481753023642805,
    "PlayStation Vita": 0.007209785778248647,
    "Playstation 2 Game project": 0.010490597561377414,
    "PlayStation 1": 0.03359783136461674,
    "Rayman Arena": 0.004464063948173584,
    "Platinum Games": 0.004464063948173584,
    "Sony Computer Entertainment Europe": 0.004464063948173584,
    "PSP": 0.008481753023642805,
    "Ys: The Oath in Felghana": 0.004464063948173584,
    "Pop'n music 10": 0.004464063948173584,
    "Dragon Quest Heroes": 0.004464063948173584,
    "Memory card": 0.004464063948173584,
    "LittleBigPlanet 2": 0.004464063948173584,
    "LittleBigPlanet Karting": 0.004464063948173584,
    "Uncharted (Series)": 0.006635830196038759,
    "Infamous (Series)": 0.006635830196038759,
    "Fearful Harmony": 0.004464063948173584,
    "PlayStation 4K": 0.004464063948173584,
    "PlayStation Neo": 0.008481753023642805,
    "Metal Gear Solid": 0.011767398050799547,
    "Lego Batman 2: DC Super Heroes": 0.004464063948173584,
    "Lego Batman 3: Beyond Gotham": 0.004464063948173584,
    "Star Wars: The Force Unleashed II": 0.004464063948173584,
    "Kingdom Hearts II": 0.004464063948173584,
    "Crash Bandicoot": 0.008116538341407464,
    "Crash Bandicoot 2: Cortex Strikes Back": 0.010125382879142074,
    "Crash Bandicoot 3: Warp": 0.004464063948173584,
    "Star Wars: Battlefront": 0.004464063948173584,
    "Lego Star Wars: The Video Game": 0.004464063948173584,
    "Lego Star Wars II: The Original Trilogy": 0.004464063948173584,
    "Lego Star Wars: The Complete Saga": 0.004464063948173584,
    "Spyro the Dragon": 0.004464063948173584,
    "Spyro: Ripto's Rage": 0.004464063948173584,
    "Star Wars Episode III: Revenge of the Sith (Video Game)": 0.004464063948173584,
    "Lego Star Wars III: The Clone Wars": 0.004464063948173584,
    "Lego Indiana Jones: The Original Adventures": 0.004464063948173584,
    "Lego Indiana Jones 2: The Adventure Continues": 0.004464063948173584,
    "Lego Harry Potter Years 1-4": 0.004464063948173584,
    "Lego Harry Potter Years 5-7": 0.004464063948173584,
    "Lego The Lord of the Rings": 0.004464063948173584,
    "Lego The Hobbit": 0.004464063948173584,
    "Lego Marvel Super Heroes": 0.004464063948173584,
    "Lego Marvel's Avengers": 0.004464063948173584,
    "The Lego Movie Videogame": 0.004464063948173584,
    "Lego Rock Band": 0.004464063948173584,
    "Lego Pirates of the Caribbean: The Video Game": 0.004464063948173584,
    "Lego Jurassic World": 0.004464063948173584,
    "Spyro: Enter the Dragonfly": 0.08265226742522473,
    "Spyro: A Hero's Tail": 0.08691653483466039,
    "The Legend of Spyro: A New Beginning": 0.010878997478198317,
    "The Legend of Spyro: The Eternal Night": 0.014255260691678307,
    "The Legend of Spyro: Dawn of the Dragon": 0.010878997478198317
  },
  "hitsHubs": {
    "Main Page": 2.1985987776365584e-38,
    "List of PlayStation 2 games": 0.0023909350768626003,
    "Dark Cloud": 7.556966354922722e-05,
    "Final Fantasy X": 0.0,
    "Final Fantasy X-2": 0.011031885207990217,
    "Dark Chronicle": 0.011031885207990217,
    "Monster Hunter": 0.011908082116414897,
    "Monster Hunter 2": 0.011456136798254569,
    "Monster Hunter 3": 0.02522910769045906,
    "PlayStation 2": 0.0,
    "PlayStation (console)": 0.0,
    "Lego Batman: The Video Game": 0.03626099289844927,
    "Star Wars: The Force Unleashed": 1.680632869328987e-36,
    "Yakuza 2": 0.0,
    "Hannah Montana: Spotlight World Tour": 0.0,
    "PlayStation 3": 0.0,
    "PlayStation": 0.03740708466939661,
    "Thrill Kill": 1.680632869328987e-36,
    "Playstation 1": 0.0003722106576583537,
    "Memory Card": 0.01140409586564857,
    "Sony Computer Entertainment": 0.0,
    "Final Fantasy VII (disambiguation)": 1.680632869328987e-36,
    "PlayStation 4": 0.02522910769045906,
    "Ratchet & Clank (game)": 0.011031885207990217,
    "Ratchet & Clank: Going Commando": 0.011456136798254569,
    "Playstation": 0.0031191950599627196,
    "PocketStation": 0.0,
    "Playstation Event Project": 0.0,
    "Playstation Consoles": 0.052607209826776684,
    "Games": 1.3588087722033656e-38,
    "List of games with platinum trophies": 7.556966354922722e-05,
    "PlayStation Network": 0.0,
    "NASCAR Thunder 2004": 0.014612947912159764,
    "PlayStation All-Stars Battle Royale": 0.0019124144638135272,
    "Uncharted (series)": 0.0031191950599627196,
    "Infamous (series)": 0.0,
    "Ratchet and Clank:Going Commando": 3.0232318018623984e-52,
    "Sir Daniel Fortesque": 0.0001248360331112516,
    "Ratchet and Clank: Going Commando": 7.556966354922722e-05,
    "PlayStation Vita": 0.0,
    "Playstation 2 Game project": 0.0,
    "PlayStation 1": 0.00046186764420682436,
    "Rayman Arena": 0.011031885207990217,
    "Platinum Games": 3.0232318018623984e-52,
    "Sony Computer Entertainment Europe": 0.00347737933427172,
    "PSP": 0.0,
    "Ys: The Oath in Felghana": 3.0232318018623984e-52,
    "Pop'n music 10": 0.011031885207990217,
    "Dragon Quest Heroes": 0.031696559588561136,
    "Memory card": 3.0232318018623984e-52,
    "LittleBigPlanet 2": 0.028706487024730783,
    "LittleBigPlanet Karting": 0.028706487024730783,
    "Uncharted (Series)": 3.0232318018623984e-52,
    "Infamous (Series)": 3.0232318018623984e-52,
    "Fearful Harmony": 0.0003722106576583537,
    "PlayStation 4K": 3.0232318018623984e-52,
    "PlayStation Neo": 0.0,
    "Metal Gear Solid": 0.0,
    "Lego Batman 2: DC Super Heroes": 0.02522910769045906,
    "Lego Batman 3: Beyond Gotham": 0.031696559588561136,
    "Star Wars: The Force Unleashed II": 0.02522910769045906,
    "Kingdom Hearts II": 0.011031885207990217,
    "Crash Bandicoot": 0.0008503392998687893,
    "Crash Bandicoot 2: Cortex Strikes Back": 0.02834830275042178,