{
  "numNodes": 116,
  "numEdges": 226,
  "selfLinks": 4,
  "numStrongComponents": 101,
  "numWeakComponents": 5,
  "sizeLargestStrong": 7,
  "sizeLargestWeak": 105,
  "radius": 2,
  "diameter": 4,
  "averageInDegree": 1.9482758620689655,
  "averageOutDegree": 1.9482758620689655,
  "maxOutDegree": 22,
  "maxInDegree": 43,
  "pageRank": {
    "List of PlayStation 2 games": 0.001580856534433401,
    "Dark Cloud": 0.0018123782885709114,
    "Final Fantasy X": 0.00284402318759162,
    "Final Fantasy X-2": 0.002292538214710498,
    "Dark Chronicle": 0.003070473552884179,
    "Monster Hunter": 0.002412751887833582,
    "Monster Hunter 2": 0.0021631564331080913,
    "Monster Hunter 3": 0.0021631564331080913,
    "PlayStation 2": 0.1338721019133496,
    "PlayStation (console)": 0.06223738267345859,
    "Lego Batman: The Video Game": 0.0022929935951765314,
    "Star Wars: The Force Unleashed": 0.0028806617996377055,
    "Yakuza 2": 0.0014393289868135052,
    "Hannah Montana: Spotlight World Tour": 0.0014393289868135052,
    "PlayStation 3": 0.2573762163337875,
    "PlayStation": 0.06214131375762621,
    "Thrill Kill": 0.001374657425573882,
    "Playstation 1": 0.0032304494053095527,
    "Memory Card": 0.0026118520787309957,
    "Sony Computer Entertainment": 0.008245995489367181,
    "Final Fantasy VII (disambiguation)": 0.001374657425573882,
    "PlayStation 4": 0.04405698581132979,
    "Ratchet & Clank (game)": 0.0035287796340695674,
    "PlayStation Home": 0.001374657425573882,
    "Trophies": 0.001374657425573882,
    "Ratchet & Clank: Going Commando": 0.004643211032555194,
    "Playstation": 0.001374657425573882,
    "PocketStation": 0.001551399518882041,
    "Grand Theft Auto (series)": 0.001374657425573882,
    "Playstation Consoles": 0.001374657425573882,
    "Games": 0.001374657425573882,
    "List of games with platinum trophies": 0.0026118520787309957,
    "PlayStation Network": 0.040393765417192494,
    "NASCAR Thunder 2004": 0.001374657425573882,
    "PlayStation All-Stars Battle Royale": 0.0034889674021229247,
    "Uncharted (series)": 0.003082865353057483,
    "Infamous (series)": 0.004013443700902124,
    "Ratchet and Clank:Going Commando": 0.001374657425573882,
    "Sir Daniel Fortesque": 0.0024993825498811103,
    "Ratchet and Clank: Going Commando": 0.0026118520787309957,
    "PlayStation Vita": 0.006096363580739303,
    "List of PlayStation 3 games": 0.001580856534433401,
    "PlayStation Plus": 0.05711643974020464,
    "List of PlayStation 4 games": 0.001580856534433401,
    "List of PlayStation games": 0.001580856534433401,
    "List of PlayStation Portable games": 0.001580856534433401,
    "List of PlayStation Vita games": 0.001580856534433401,
    "Uncharted 2: Among Thieves": 0.004266659777032521,
    "Uncharted 2": 0.001374657425573882,
    "Call of Duty: Black Ops II": 0.0027541295134581667,
    "Call of Duty: Black Ops 2": 0.001374657425573882,
    "PlayStation 1": 0.06693745098800226,
    "Kingdom Hearts": 0.0023357248051343606,
    "Sly Cooper: Thieves in Time": 0.004341865793902987,
    "Sly 4": 0.001374657425573882,
    "Sly Cooper Thieves in Time": 0.0026118520787309957,
    "Infamous: Second Son": 0.0017303510123918096,
    "Ico": 0.003977540638237062,
    "Okage: Shadow King": 0.0024869888377239756,
    "The Mark of Kri": 0.0014393289868135052,
    "Sly Cooper and the Thievius Raccoonus": 0.0014393289868135052,
    "Grand Theft Auto: San Andreas": 0.001374657425573882,
    "Rise to Honor": 0.0014393289868135052,
    "Shadow of the Colossus": 0.002383768731129872,
    "ICO": 0.0018037369353352312,
    "Zener Works": 0.001747706727331288,
    "Zone of the Enders": 0.0014393289868135052,
    "Team Ico": 0.0026986860039786035,
    "Rayman Arena": 0.001374657425573882,
    "Platinum Games": 0.001374657425573882,
    "Sony Computer Entertainment Europe": 0.001374657425573882,
    "PSP": 0.0026118520787309957,
    "Ys: The Oath in Felghana": 0.001374657425573882,
    "Pop'n music 10": 0.001374657425573882,
    "Dragon Quest Heroes": 0.001374657425573882,
    "Memory card": 0.001374657425573882,
    "LittleBigPlanet 2": 0.0021046030647622273,
    "LittleBigPlanet Karting": 0.001374657425573882,
    "Uncharted (Series)": 0.0018980039421373311,
    "Infamous (Series)": 0.002931977175393855,
    "Fearful Harmony": 0.001374657425573882,
    "PlayStation 4K": 0.001374657425573882,
    "PlayStation Neo": 0.0026118520787309957,
    "Metal Gear Solid": 0.0018489155413311188,
    "Lego Batman 2: DC Super Heroes": 0.00199119297605829,
    "Lego Batman 3: Beyond Gotham": 0.001374657425573882,
    "Star Wars: The Force Unleashed II": 0.0021046030647622273,
    "Kingdom Hearts II": 0.0014393289868135052,
    "Crash Bandicoot": 0.0033616721433589675,
    "Crash Bandicoot 2: Cortex Strikes Back": 0.0039802694699375245,
    "Crash Bandicoot 3: Warp": 0.001374657425573882,
    "Star Wars: Battlefront": 0.0017303510123918096,
    "Lego Star Wars: The Video Game": 0.001374657425573882,
    "Lego Star Wars II: The Original Trilogy": 0.001374657425573882,
    "Lego Star Wars: The Complete Saga": 0.001374657425573882,
    "Spyro the Dragon": 0.001374657425573882,
    "Spyro: Ripto's Rage": 0.001374657425573882,
    "Star Wars Episode III: Revenge of the Sith (Video Game)": 0.001374657425573882,
    "Lego Star Wars III: The Clone Wars": 0.001374657425573882,
    "Lego Indiana Jones: The Original Adventures": 0.001374657425573882,
    "Lego Indiana Jones 2: The Adventure Continues": 0.001374657425573882,
    "Lego Harry Potter Years 1-4": 0.001374657425573882,
    "Lego Harry Potter Years 5-7": 0.001374657425573882,
    "Lego The Lord of the Rings": 0.001374657425573882,
    "Lego The Hobbit": 0.001374657425573882,
    "Lego Marvel Super Heroes": 0.0017303510123918096,
    "Lego Marvel's Avengers": 0.001374657425573882,
    "The Lego Movie Videogame": 0.0017303510123918096,
    "Lego Rock Band": 0.001374657425573882,
    "Lego Pirates of the Caribbean: The Video Game": 0.001374657425573882,
    "Lego Jurassic World": 0.001374657425573882,
    "Spyro: Enter the Dragonfly": 0.025417153159534637,
    "Spyro: A Hero's Tail": 0.026767194998498528,
    "The Legend of Spyro: A New Beginning": 0.003350022305964432,
    "The Legend of Spyro: The Eternal Night": 0.004389686458649088,
    "The Legend of Spyro: Dawn of the Dragon": 0.003350022305964432
  },
  "hitsHubs": {
    "List of PlayStation 2 games": 0.022463504366437622,
    "Dark Cloud": 0.00040856839344583613,
    "Final Fantasy X": 0.010979155260021398,
    "Final Fantasy X-2": 0.010595091923718108,
    "Dark Chronicle": 0.00977350403418578,
    "Monster Hunter": 0.010967887254970901,
    "Monster Hunter 2": 0.010359833865715248,
    "Monster Hunter 3": 0.012049873099534399,
    "PlayStation 2": 0.012469706720290174,
    "PlayStation (console)": 0.02182337713372018,
    "Lego Batman: The Video Game": 0.02182337713372018,
    "Star Wars: The Force Unleashed": 0.02182337713372018,
    "Yakuza 2": 0.00977350403418578,
    "Hannah Montana: Spotlight World Tour": 0.0,
    "PlayStation 3": 0.02829704802660424,
    "PlayStation": 0.02182337713372018,
    "Thrill Kill": 0.00018105447440282832,
    "Playstation 1": 0.00041983362075577517,
    "Memory Card": 0.010193337654941554,
    "Sony Computer Entertainment": 0.0,
    "Final Fantasy VII (disambiguation)": 0.009954558508588606,
    "PlayStation 4": 0.012049873099534399,
    "Ratchet & Clank (game)": 0.00977350403418578,
    "PlayStation Home": 0.012049873099534399,
    "Trophies": 0.01367652426686808,
    "Ratchet & Clank: Going Commando": 0.010359833865715248,
    "Playstation": 0.0019294232020014839,
    "PocketStation": 0.0,
    "Grand Theft Auto (series)": 0.02182337713372018,
    "Playstation Consoles": 0.030848797136313034,
    "Games": 1.8480493639758819e-37,
    "List of games with platinum trophies": 0.0017746107899109628,
    "PlayStation Network": 0.0,
    "NASCAR Thunder 2004": 0.009954558508588606,