{
  "numNodes": 104,
  "numEdges": 175,
  "selfLinks": 4,
  "numStrongComponents": 94,
  "numWeakComponents": 6,
  "sizeLargestStrong": 7,
  "sizeLargestWeak": 90,
  "radius": 2,
  "diameter": 4,
  "averageInDegree": 1.6826923076923077,
  "averageOutDegree": 1.6826923076923077,
  "maxOutDegree": 16,
  "maxInDegree": 39,
  "pageRank": {
    "List of PlayStation 2 games": 0.0018578934400692152,
    "Dark Cloud": 0.0017200657806214124,
    "Final Fantasy X": 0.0031273988103002652,
    "Final Fantasy X-2": 0.0031273988103002652,
    "Dark Chronicle": 0.003268128538606622,
    "Monster Hunter": 0.0028833516683314706,
    "Monster Hunter 2": 0.0025850734186045055,
    "Monster Hunter 3": 0.0025850734186045055,
    "PlayStation 2": 0.12783620824604142,
    "PlayStation (console)": 0.061197967366001575,
    "Lego Batman: The Video Game": 0.0036310463095768804,
    "Star Wars: The Force Unleashed": 0.0026495922375569855,
    "Yakuza 2": 0.0017200657806214124,
    "Hannah Montana: Spotlight World Tour": 0.0017200657806214124,
    "PlayStation 3": 0.2546190360777151,
    "PlayStation": 0.06188232581461288,
    "Thrill Kill": 0.0016155590329441601,
    "Playstation 1": 0.003796568697069655,
    "Memory Card": 0.00306956547569449,
    "Sony Computer Entertainment": 0.005149575138746177,
    "Final Fantasy VII (disambiguation)": 0.0016155590329441601,
    "PlayStation 4": 0.04402762977078654,
    "Ratchet & Clank (game)": 0.0037372774896026633,
    "PlayStation Home": 0.0016155590329441601,
    "Trophies": 0.0016155590329441601,
    "Ratchet & Clank: Going Commando": 0.00448268134388597,
    "Playstation": 0.0016155590329441601,
    "PocketStation": 0.00182327423905135,
    "Playstation Consoles": 0.0016155590329441601,
    "Games": 0.0016155590329441601,
    "List of games with platinum trophies": 0.00306956547569449,
    "PlayStation Network": 0.04029334201111412,
    "NASCAR Thunder 2004": 0.0016155590329441601,
    "PlayStation All-Stars Battle Royale": 0.004012312647550242,
    "Uncharted (series)": 0.004152895685272066,
    "Infamous (series)": 0.004716778302970496,
    "Ratchet and Clank:Going Commando": 0.0016155590329441601,
    "Sir Daniel Fortesque": 0.0029373861000127916,
    "Ratchet and Clank: Going Commando": 0.00306956547569449,
    "PlayStation Vita": 0.004999846238189048,
    "List of PlayStation 3 games": 0.0018578934400692152,
    "PlayStation Plus": 0.05686972108001123,
    "List of PlayStation 4 games": 0.0018578934400692152,
    "List of PlayStation games": 0.0018578934400692152,
    "List of PlayStation Portable games": 0.0018578934400692152,
    "List of PlayStation Vita games": 0.0018578934400692152,
    "Uncharted 2: Among Thieves": 0.00524496387058916,
    "Uncharted 2": 0.0016155590329441601,
    "Call of Duty: Black Ops II": 0.0033084380418139233,
    "Call of Duty: Black Ops 2": 0.0016155590329441601,
    "PlayStation 1": 0.06539445943084567,
    "Kingdom Hearts": 0.0017200657806214124,
    "Sly Cooper: Thieves in Time": 0.004378174596208717,
    "Sly 4": 0.0016155590329441601,
    "Sly Cooper Thieves in Time": 0.00306956547569449,
    "Infamous: Second Son": 0.002033586023653169,
    "Rayman Arena": 0.0016155590329441601,
    "Platinum Games": 0.0016155590329441601,
    "Sony Computer Entertainment Europe": 0.0016155590329441601,
    "PSP": 0.00306956547569449,
    "Ys: The Oath in Felghana": 0.0016155590329441601,
    "Pop'n music 10": 0.0016155590329441601,
    "Dragon Quest Heroes": 0.0016155590329441601,
    "Memory card": 0.0016155590329441601,
    "LittleBigPlanet 2": 0.002545085489879733,
    "LittleBigPlanet Karting": 0.0016155590329441601,
    "Uncharted (Series)": 0.002819255872747596,
    "Infamous (Series)": 0.003445790736634008,
    "Fearful Harmony": 0.0016155590329441601,
    "PlayStation 4K": 0.0016155590329441601,
    "PlayStation Neo": 0.00306956547569449,
    "Metal Gear Solid": 0.0021729283538895047,
    "Lego Batman 2: DC Super Heroes": 0.0024516130143621773,
    "Lego Batman 3: Beyond Gotham": 0.0016155590329441601,
    "Star Wars: The Force Unleashed II": 0.0023062129237602993,
    "Kingdom Hearts II": 0.0017200657806214124,
    "Crash Bandicoot": 0.003950787221545983,
    "Crash Bandicoot 2: Cortex Strikes Back": 0.004677790442921148,
    "Crash Bandicoot 3: Warp": 0.0016155590329441601,
    "Star Wars: Battlefront": 0.002033586023653169,
    "Lego Star Wars: The Video Game": 0.0016155590329441601,
    "Lego Star Wars II: The Original Trilogy": 0.0016155590329441601,
    "Lego Star Wars: The Complete Saga": 0.0016155590329441601,
    "Spyro the Dragon": 0.0016155590329441601,
    "Spyro: Ripto's Rage": 0.0016155590329441601,
    "Star Wars Episode III: Revenge of the Sith (Video Game)": 0.0016155590329441601,
    "Lego Star Wars III: The Clone Wars": 0.0016155590329441601,
    "Lego Indiana Jones: The Original Adventures": 0.0016155590329441601,
    "Lego Indiana Jones 2: The Adventure Continues": 0.0016155590329441601,
    "Lego Harry Potter Years 1-4": 0.0016155590329441601,
    "Lego Harry Potter Years 5-7": 0.0016155590329441601,
    "Lego The Lord of the Rings": 0.0016155590329441601,
    "Lego The Hobbit": 0.0016155590329441601,
    "Lego Marvel Super Heroes": 0.002033586023653169,
    "Lego Marvel's Avengers": 0.0016155590329441601,
    "The Lego Movie Videogame": 0.002033586023653169,
    "Lego Rock Band": 0.0016155590329441601,
    "Lego Pirates of the Caribbean: The Video Game": 0.0016155590329441601,
    "Lego Jurassic World": 0.0016155590329441601,
    "Spyro: Enter the Dragonfly": 0.029884721959779998,
    "Spyro: A Hero's Tail": 0.031457396012055445,
    "The Legend of Spyro: A New Beginning": 0.003937095411781467,
    "The Legend of Spyro: The Eternal Night": 0.0051589549058758824,
    "The Legend of Spyro: Dawn of the Dragon": 0.003937095411781467
  },
  "hitsHubs": {
    "List of PlayStation 2 games": 0.01628032459874013,
    "Dark Cloud": 0.0003583099998435135,
    "Final Fantasy X": 0.009357999353528353,
    "Final Fantasy X-2": 0.009357999353528353,
    "Dark Chronicle": 0.008805882664173668,
    "Monster Hunter": 0.009934965779049766,
    "Monster Hunter 2": 0.009357999353528353,
    "Monster Hunter 3": 0.01730641015248555,
    "PlayStation 2": 0.01792173753278808,
    "PlayStation (console)": 0.026112292816659215,
    "Lego Batman: The Video Game": 0.026112292816659215,
    "Star Wars: The Force Unleashed": 0.026112292816659215,
    "Yakuza 2": 0.008805882664173668,
    "Hannah Montana: Spotlight World Tour": 0.0,
    "PlayStation 3": 0.035079300158799544,
    "PlayStation": 0.026112292816659215,
    "Thrill Kill": 0.00019816812722166227,
    "Playstation 1": 0.0006153273803025308,
    "Memory Card": 0.009421210044476198,
    "Sony Computer Entertainment": 0.0,
    "Final Fantasy VII (disambiguation)": 0.00900405079139533,
    "PlayStation 4": 0.01730641015248555,
    "Ratchet & Clank (game)": 0.008805882664173668,
    "PlayStation Home": 0.01730641015248555,
    "Trophies": 0.019031127183209172,
    "Ratchet & Clank: Going Commando": 0.009357999353528353,
    "Playstation": 0.0025902376309336218,
    "PocketStation": 0.0,
    "Playstation Consoles": 0.03667845452945788,
    "Games": 1.1686981475878934e-32,
    "List of games with platinum trophies": 0.002000358324531738,
    "PlayStation Network": 0.0,
    "NASCAR Thunder 2004": 0.00900405079139533,
    "PlayStation All-Stars Battle Royale": 0.019449978977473827,
    "Uncharted (series)": 0.004930128420722745,
    "Infamous (series)": 0.0,
    "Ratchet and Clank:Going Commando": 4.079057643555785e-59,
    "Sir Daniel Fortesque": 0.00048394427765666934,
    "Ratchet and Clank: Going Commando": 0.0003583099998435135,
    "PlayStation Vita": 0.01730641015248555,
    "List of PlayStation 3 games": 0.02102080821802471,
    "PlayStation Plus": 0.021106601046769518,
    "List of PlayStation 4 games": 1.2039253186013172e-38,
    "List of PlayStation games": 0.0004268588885387332,