{
  "numNodes": 115,
  "numEdges": 213,
  "selfLinks": 4,
  "numStrongComponents": 103,
  "numWeakComponents": 5,
  "sizeLargestStrong": 7,
  "sizeLargestWeak": 104,
  "radius": 2,
  "diameter": 4,
  "averageInDegree": 1.8521739130434782,
  "averageOutDegree": 1.8521739130434782,
  "maxOutDegree": 22,
  "maxInDegree": 41,
  "pageRank": {
    "List of PlayStation 2 games": 0.0016003644599653847,
    "Dark Cloud": 0.0018351293746736673,
    "Final Fantasy X": 0.0028795651705458346,
    "Final Fantasy X-2": 0.002320962313628502,
    "Dark Chronicle": 0.003108711070449281,
    "Monster Hunter": 0.00244252550777343,
    "Monster Hunter 2": 0.00218985001507822,
    "Monster Hunter 3": 0.00218985001507822,
    "PlayStation 2": 0.13618992997404086,
    "PlayStation (console)": 0.06327506420074845,
    "Lego Batman: The Video Game": 0.002337293058626969,
    "Star Wars: The Force Unleashed": 0.002932213160335296,
    "Yakuza 2": 0.001457090446564019,
    "Hannah Montana: Spotlight World Tour": 0.001457090446564019,
    "PlayStation 3": 0.25669528068338987,
    "PlayStation": 0.06288909716683545,
    "Thrill Kill": 0.0013916208307907416,
    "Playstation 1": 0.0032703134933625287,
    "Memory Card": 0.0026440826058385996,
    "Sony Computer Entertainment": 0.004415199070880368,
    "Final Fantasy VII (disambiguation)": 0.0013916208307907416,
    "PlayStation 4": 0.04353034556731753,
    "Ratchet & Clank (game)": 0.0035723854632132178,
    "PlayStation Home": 0.0013916208307907416,
    "Trophies": 0.0013916208307907416,
    "Ratchet & Clank: Going Commando": 0.004700642720461811,
    "Playstation": 0.0013916208307907416,
    "PocketStation": 0.0015705439415118641,
    "Grand Theft Auto (series)": 0.0013916208307907416,
    "Playstation Consoles": 0.0013916208307907416,
    "Games": 0.0013916208307907416,
    "List of games with platinum trophies": 0.0026440826058385996,
    "PlayStation Network": 0.040313679793972663,
    "NASCAR Thunder 2004": 0.0013916208307907416,
    "PlayStation All-Stars Battle Royale": 0.003548411491515923,
    "Uncharted (series)": 0.00312312089670674,
    "Infamous (series)": 0.0040629700599367265,
    "Ratchet and Clank:Going Commando": 0.0013916208307907416,
    "Sir Daniel Fortesque": 0.002530225209178675,
    "Ratchet and Clank: Going Commando": 0.0026440826058385996,
    "PlayStation Vita": 0.006182033238846053,
    "List of PlayStation 3 games": 0.0016003644599653847,
    "PlayStation Plus": 0.05699476333002144,
    "List of PlayStation 4 games": 0.0016003644599653847,
    "List of PlayStation games": 0.0016003644599653847,
    "List of PlayStation Portable games": 0.0016003644599653847,
    "List of PlayStation Vita games": 0.0016003644599653847,
    "Uncharted 2: Among Thieves": 0.004335978317874578,
    "Uncharted 2": 0.0013916208307907416,
    "Call of Duty: Black Ops II": 0.0028041194443954994,
    "Call of Duty: Black Ops 2": 0.0013916208307907416,
    "PlayStation 1": 0.06806309256253795,
    "Kingdom Hearts": 0.002367392538521393,
    "Sly Cooper: Thieves in Time": 0.004411448591851651,
    "Sly 4": 0.0013916208307907416,
    "Sly Cooper Thieves in Time": 0.0026440826058385996,
    "Infamous: Second Son": 0.0017517037175437667,
    "Ico": 0.0038061704236720074,
    "Okage: Shadow King": 0.0025202528799884447,
    "The Mark of Kri": 0.001457090446564019,
    "Sly Cooper and the Thievius Raccoonus": 0.001457090446564019,
    "Grand Theft Auto: San Andreas": 0.0013916208307907416,
    "Rise to Honor": 0.001457090446564019,
    "Shadow of the Colossus": 0.0019238839946384674,
    "ICO": 0.001968787519429408,
    "Zener Works": 0.00176965975890039,
    "Zone of the Enders": 0.001457090446564019,
    "Rayman Arena": 0.0013916208307907416,
    "Platinum Games": 0.0013916208307907416,
    "Sony Computer Entertainment Europe": 0.0013916208307907416,
    "PSP": 0.0026440826058385996,
    "Ys: The Oath in Felghana": 0.0013916208307907416,
    "Pop'n music 10": 0.0013916208307907416,
    "Dragon Quest Heroes": 0.0013916208307907416,
    "Memory card": 0.0013916208307907416,
    "LittleBigPlanet 2": 0.002146577771055969,
    "LittleBigPlanet Karting": 0.0013916208307907416,
    "Uncharted (Series)": 0.0019238839946384674,
    "Infamous (Series)": 0.002968158089191988,
    "Fearful Harmony": 0.0013916208307907416,
    "PlayStation 4K": 0.0013916208307907416,
    "PlayStation Neo": 0.0026440826058385996,
    "Metal Gear Solid": 0.0018717313464614415,
    "Lego Batman 2: DC Super Heroes": 0.0020317681850183416,
    "Lego Batman 3: Beyond Gotham": 0.0013916208307907416,
    "Star Wars: The Force Unleashed II": 0.001986540932499069,
    "Kingdom Hearts II": 0.001457090446564019,
    "Crash Bandicoot": 0.0034031555705181862,
    "Crash Bandicoot 2: Cortex Strikes Back": 0.004029386458042115,
    "Crash Bandicoot 3: Warp": 0.0013916208307907416,
    "Star Wars: Battlefront": 0.0017517037175437667,
    "Lego Star Wars: The Video Game": 0.0013916208307907416,
    "Lego Star Wars II: The Original Trilogy": 0.0013916208307907416,
    "Lego Star Wars: The Complete Saga": 0.0013916208307907416,
    "Spyro the Dragon": 0.0013916208307907416,
    "Spyro: Ripto's Rage": 0.0013916208307907416,
    "Star Wars Episode III: Revenge of the Sith (Video Game)": 0.0013916208307907416,
    "Lego Star Wars III: The Clone Wars": 0.0013916208307907416,
    "Lego Indiana Jones: The Original Adventures": 0.0013916208307907416,
    "Lego Indiana Jones 2: The Adventure Continues": 0.0013916208307907416,
    "Lego Harry Potter Years 1-4": 0.0013916208307907416,
    "Lego Harry Potter Years 5-7": 0.0013916208307907416,
    "Lego The Lord of the Rings": 0.0013916208307907416,
    "Lego The Hobbit": 0.0013916208307907416,
    "Lego Marvel Super Heroes": 0.0017517037175437667,
    "Lego Marvel's Avengers": 0.0013916208307907416,
    "The Lego Movie Videogame": 0.0017517037175437667,
    "Lego Rock Band": 0.0013916208307907416,
    "Lego Pirates of the Caribbean: The Video Game": 0.0013916208307907416,
    "Lego Jurassic World": 0.0013916208307907416,
    "Spyro: Enter the Dragonfly": 0.025731074324763775,
    "Spyro: A Hero's Tail": 0.02709742536872406,
    "The Legend of Spyro: A New Beginning": 0.0033913620216204426,
    "The Legend of Spyro: The Eternal Night": 0.004443855780956876,
    "The Legend of Spyro: Dawn of the Dragon": 0.0033913620216204426
  },
  "hitsHubs": {
    "List of PlayStation 2 games": 0.02446622365284141,
    "Dark Cloud": 0.0004767207616998036,
    "Final Fantasy X": 0.011797715875293165,
    "Final Fantasy X-2": 0.011351062904802303,
    "Dark Chronicle": 0.010398025651390015,
    "Monster Hunter": 0.011783674329374367,
    "Monster Hunter 2": 0.011077350410251553,
    "Monster Hunter 3": 0.012641050722528418,
    "PlayStation 2": 0.013117833878102022,
    "PlayStation (console)": 0.023039076373918436,
    "Lego Batman: The Video Game": 0.023039076373918436,
    "Star Wars: The Force Unleashed": 0.023039076373918436,
    "Yakuza 2": 0.010398025651390015,
    "Hannah Montana: Spotlight World Tour": 0.0,
    "PlayStation 3": 0.029665419283469482,
    "PlayStation": 0.023039076373918436,
    "Thrill Kill": 0.00020663015528130034,
    "Playstation 1": 0.0004767831555736037,
    "Memory Card": 0.010874808806963619,
    "Sony Computer Entertainment": 0.0,
    "Final Fantasy VII (disambiguation)": 0.010604655806671316,
    "PlayStation 4": 0.012641050722528418,
    "Ratchet & Clank (game)": 0.010398025651390015,
    "PlayStation Home": 0.012641050722528418,
    "Trophies": 0.014459201498620294,
    "Ratchet & Clank: Going Commando": 0.011077350410251553,
    "Playstation": 0.002109208204785714,
    "PocketStation": 0.0,
    "Grand Theft Auto (series)": 0.023039076373918436,
    "Playstation Consoles": 0.03133811880287005,
    "Games": 3.729261268004775e-40,
    "List of games with platinum trophies": 0.0016811729633741423,
    "PlayStation Network": 0.0,
    "NASCAR Thunder 2004": 0.010604655806671316,