{
  "numNodes": 118,
  "numEdges": 235,
  "selfLinks": 6,
  "numStrongComponents": 103,
  "numWeakComponents": 5,
  "sizeLargestStrong": 7,
  "sizeLargestWeak": 107,
  "radius": 2,
  "diameter": 4,
  "averageInDegree": 1.9915254237288136,
  "averageOutDegree": 1.9915254237288136,
  "maxOutDegree": 23,
  "maxInDegree": 44,
  "pageRank": {
    "List of PlayStation 2 games": 0.0015491322906974363,
    "Dark Cloud": 0.0017728094315781393,
    "Final Fantasy X": 0.002781819274500277,
    "Final Fantasy X-2": 0.002242237685241328,
    "Dark Chronicle": 0.00220545591410833,
    "Monster Hunter": 0.0023597148218054906,
    "Monster Hunter 2": 0.0021156059310284687,
    "Monster Hunter 3": 0.0021156059310284687,
    "PlayStation 2": 0.13492741380977027,
    "PlayStation (console)": 0.06250394944528272,
    "Lego Batman: The Video Game": 0.002244223139697861,
    "Star Wars: The Force Unleashed": 0.0028200983387800943,
    "Yakuza 2": 0.0014076894779434933,
    "Hannah Montana: Spotlight World Tour": 0.0014076894779434933,
    "PlayStation 3": 0.2577100879104947,
    "PlayStation": 0.06207198733099879,
    "Thrill Kill": 0.001347071096656945,
    "Playstation 1": 0.0031656218430213667,
    "Memory Card": 0.0025594382608998927,
    "Sony Computer Entertainment": 0.008078573458341336,
    "Final Fantasy VII (disambiguation)": 0.001347071096656945,
    "PlayStation 4": 0.04433897519068895,
    "Ratchet & Clank (game)": 0.003453277866998711,
    "PlayStation Home": 0.001347071096656945,
    "Trophies": 0.001347071096656945,
    "Ratchet & Clank: Going Commando": 0.0045457384815702625,
    "Playstation": 0.001347071096656945,
    "PocketStation": 0.001520266405834509,
    "Grand Theft Auto (series)": 0.001347071096656945,
    "Playstation Consoles": 0.001347071096656945,
    "Games": 0.001347071096656945,
    "List of games with platinum trophies": 0.0025594382608998927,
    "PlayStation Network": 0.04040800989487861,
    "NASCAR Thunder 2004": 0.001347071096656945,
    "PlayStation All-Stars Battle Royale": 0.003418509119138328,
    "Uncharted (series)": 0.003020939852901225,
    "Infamous (series)": 0.003876437395438918,
    "Ratchet and Clank:Going Commando": 0.001347071096656945,
    "Sir Daniel Fortesque": 0.00244922596534775,
    "Ratchet and Clank: Going Commando": 0.0025594382608998927,
    "PlayStation Vita": 0.005771746341734519,
    "List of PlayStation 3 games": 0.0015491322906974363,
    "PlayStation Plus": 0.057148630302517746,
    "List of PlayStation 4 games": 0.0015491322906974363,
    "List of PlayStation games": 0.0015491322906974363,
    "List of PlayStation Portable games": 0.0015491322906974363,
    "List of PlayStation Vita games": 0.0015491322906974363,
    "Uncharted 2: Among Thieves": 0.004181020316867558,
    "Uncharted 2": 0.001347071096656945,
    "Call of Duty: Black Ops II": 0.002698860537858954,
    "Call of Duty: Black Ops 2": 0.001347071096656945,
    "PlayStation 1": 0.06727803618520681,
    "Kingdom Hearts": 0.002285587303446664,
    "Sly Cooper: Thieves in Time": 0.004254735093141812,
    "Sly 4": 0.001347071096656945,
    "Sly Cooper Thieves in Time": 0.0025594382608998927,
    "Infamous: Second Son": 0.0016259156505750675,
    "Ico": 0.003894774558759808,
    "Okage: Shadow King": 0.002434126072345349,
    "The Mark of Kri": 0.0014076894779434933,
    "Sly Cooper and the Thievius Raccoonus": 0.0014076894779434933,
    "Grand Theft Auto: San Andreas": 0.001347071096656945,
    "Rise to Honor": 0.0014076894779434933,
    "Shadow of the Colossus": 0.0023357402027943536,
    "ICO": 0.0017675055504910802,
    "Zener Works": 0.001712191050291591,
    "Zone of the Enders": 0.0014076894779434933,
    "Team Ico": 0.002643832418189429,
    "\u014ckami": 0.0019243895529127133,
    "Just Cause": 0.0025594414984678004,
    "Rayman Arena": 0.001347071096656945,
    "Platinum Games": 0.001347071096656945,
    "Sony Computer Entertainment Europe": 0.001347071096656945,
    "PSP": 0.0025594382608998927,
    "Ys: The Oath in Felghana": 0.001347071096656945,
    "Pop'n music 10": 0.001347071096656945,
    "Dragon Quest Heroes": 0.001347071096656945,
    "Memory card": 0.001347071096656945,
    "LittleBigPlanet 2": 0.0020623685726982397,
    "LittleBigPlanet Karting": 0.001347071096656945,
    "Uncharted (Series)": 0.00185984896852547,
    "Infamous (Series)": 0.0028103991026564292,
    "Fearful Harmony": 0.001347071096656945,
    "PlayStation 4K": 0.001347071096656945,
    "PlayStation Neo": 0.0025594382608998927,
    "Metal Gear Solid": 0.0018118120198538157,
    "Lego Batman 2: DC Super Heroes": 0.001951234296812877,
    "Lego Batman 3: Beyond Gotham": 0.001347071096656945,
    "Star Wars: The Force Unleashed II": 0.0020623685726982397,
    "Kingdom Hearts II": 0.0014076894779434933,
    "Crash Bandicoot": 0.0032942117192681377,
    "Crash Bandicoot 2: Cortex Strikes Back": 0.0039003953013896113,
    "Crash Bandicoot 3: Warp": 0.001347071096656945,
    "Star Wars: Battlefront": 0.0016259156505750675,
    "Lego Star Wars: The Video Game": 0.001347071096656945,
    "Lego Star Wars II: The Original Trilogy": 0.001347071096656945,
    "Lego Star Wars: The Complete Saga": 0.001347071096656945,
    "Spyro the Dragon": 0.001347071096656945,
    "Spyro: Ripto's Rage": 0.001347071096656945,
    "Star Wars Episode III: Revenge of the Sith (Video Game)": 0.001347071096656945,
    "Lego Star Wars III: The Clone Wars": 0.001347071096656945,
    "Lego Indiana Jones: The Original Adventures": 0.001347071096656945,
    "Lego Indiana Jones 2: The Adventure Continues": 0.001347071096656945,
    "Lego Harry Potter Years 1-4": 0.001347071096656945,
    "Lego Harry Potter Years 5-7": 0.001347071096656945,
    "Lego The Lord of the Rings": 0.001347071096656945,
    "Lego The Hobbit": 0.0016259156505750675,
    "Lego Marvel Super Heroes": 0.0016259156505750675,
    "Lego Marvel's Avengers": 0.001347071096656945,
    "The Lego Movie Videogame": 0.0016259156505750675,
    "Lego Rock Band": 0.001347071096656945,
    "Lego Pirates of the Caribbean: The Video Game": 0.001347071096656945,
    "Lego Jurassic World": 0.001347071096656945,
    "Spyro: Enter the Dragonfly": 0.024953617010644188,
    "Spyro: A Hero's Tail": 0.02617753913033763,
    "The Legend of Spyro: A New Beginning": 0.0032827962883242613,
    "The Legend of Spyro: The Eternal Night": 0.0043015973373103315,
    "The Legend of Spyro: Dawn of the Dragon": 0.0032827962883242613
  },
  "hitsHubs": {
    "List of PlayStation 2 games": 0.02247268669767896,
    "Dark Cloud": 0.010380723269829315,
    "Final Fantasy X": 0.010967852239403816,
    "Final Fantasy X-2": 0.010601014985567153,
    "Dark Chronicle": 0.009823310162629975,
    "Monster Hunter": 0.010957715661005972,
    "Monster Hunter 2": 0.010380723269829315,
    "Monster Hunter 3": 0.011134139379492966,
    "PlayStation 2": 0.011515606514890683,
    "PlayStation (console)": 0.02095744954212294,
    "Lego Batman: The Video Game": 0.02095744954212294,
    "Star Wars: The Force Unleashed": 0.02095744954212294,
    "Yakuza 2": 0.009823310162629975,
    "Hannah Montana: Spotlight World Tour": 0.0,
    "PlayStation 3": 0.027044411616673123,
    "PlayStation": 0.02095744954212294,
    "Thrill Kill": 0.00017252319393405995,
    "Playstation 1": 0.000381467135397716,
    "Memory Card": 0.010204777298027691,
    "Sony Computer Entertainment": 0.0,
    "Final Fantasy VII (disambiguation)": 0.009995833356564034,
    "PlayStation 4": 0.011134139379492966,
    "Ratchet & Clank (game)": 0.009823310162629975,
    "PlayStation Home": 0.011134139379492966,
    "Trophies": 0.015474973564538785,
    "Ratchet & Clank: Going Commando": 0.010380723269829315,
    "Playstation": 0.0017309039556159809,
    "PocketStation": 0.0,
    "Grand Theft Auto (series)": 0.02095744954212294,
    "Playstation Consoles": 0.029379791013172743,
    "Games": 2.7352973627802567e-37,
    "List of games with platinum trophies": 0.0015701634391178142,
    "PlayStation Network": 0.0,