{
  "numNodes": 118,
  "numEdges": 234,
  "selfLinks": 6,
  "numStrongComponents": 103,
  "numWeakComponents": 5,
  "sizeLargestStrong": 7,
  "sizeLargestWeak": 107,
  "radius": 2,
  "diameter": 4,
  "averageInDegree": 1.9830508474576272,
  "averageOutDegree": 1.9830508474576272,
  "maxOutDegree": 23,
  "maxInDegree": 44,
  "pageRank": {
    "List of PlayStation 2 games": 0.001549248469627087,
    "Dark Cloud": 0.0017729423855600026,
    "Final Fantasy X": 0.0027820279007636124,
    "Final Fantasy X-2": 0.0022424058447718274,
    "Dark Chronicle": 0.0022056213150116093,
    "Monster Hunter": 0.002359891791637834,
    "Monster Hunter 2": 0.00211576459355808,
    "Monster Hunter 3": 0.00211576459355808,
    "PlayStation 2": 0.13495427364912804,
    "PlayStation (console)": 0.06251541711007183,
    "Lego Batman: The Video Game": 0.0022443914479367607,
    "Star Wars: The Force Unleashed": 0.0028203098356332193,
    "Yakuza 2": 0.0014077950491806813,
    "Hannah Montana: Spotlight World Tour": 0.0014077950491806813,
    "PlayStation 3": 0.25778496732816125,
    "PlayStation": 0.06208854658806809,
    "Thrill Kill": 0.0013471721217345886,
    "Playstation 1": 0.003165859252767075,
    "Memory Card": 0.0025596302090895797,
    "Sony Computer Entertainment": 0.008079179322567229,
    "Final Fantasy VII (disambiguation)": 0.0013471721217345886,
    "PlayStation 4": 0.043946480600197096,
    "Ratchet & Clank (game)": 0.003453536850567914,
    "PlayStation Home": 0.0013471721217345886,
    "Trophies": 0.0013471721217345886,
    "Ratchet & Clank: Going Commando": 0.004546079395557663,
    "Playstation": 0.0013471721217345886,
    "PocketStation": 0.0015203804199281586,
    "Grand Theft Auto (series)": 0.0013471721217345886,
    "Playstation Consoles": 0.0013471721217345886,
    "Games": 0.0013471721217345886,
    "List of games with platinum trophies": 0.0025596302090895797,
    "PlayStation Network": 0.04041937319189958,
    "NASCAR Thunder 2004": 0.0013471721217345886,
    "PlayStation All-Stars Battle Royale": 0.0034187654948882704,
    "Uncharted (series)": 0.0030211664123063076,
    "Infamous (series)": 0.003876728114205653,
    "Ratchet and Clank:Going Commando": 0.0013471721217345886,
    "Sir Daniel Fortesque": 0.0024494096482962253,
    "Ratchet and Clank: Going Commando": 0.0025596302090895797,
    "PlayStation Vita": 0.005974255550170693,
    "List of PlayStation 3 games": 0.001549248469627087,
    "PlayStation Plus": 0.057164820324682473,
    "List of PlayStation 4 games": 0.001549248469627087,
    "List of PlayStation games": 0.001549248469627087,
    "List of PlayStation Portable games": 0.001549248469627087,
    "List of PlayStation Vita games": 0.001549248469627087,
    "Uncharted 2: Among Thieves": 0.004181333878108254,
    "Uncharted 2": 0.0013471721217345886,
    "Call of Duty: Black Ops II": 0.0026990629422155928,
    "Call of Duty: Black Ops 2": 0.0013471721217345886,
    "PlayStation 1": 0.06729061518423962,
    "Kingdom Hearts": 0.0022857587140480075,
    "Sly Cooper: Thieves in Time": 0.004255054182733148,
    "Sly 4": 0.0013471721217345886,
    "Sly Cooper Thieves in Time": 0.0025596302090895797,
    "Infamous: Second Son": 0.001626037587986615,
    "Ico": 0.003895066652766827,
    "Okage: Shadow King": 0.002434308622789012,
    "The Mark of Kri": 0.0014077950491806813,
    "Sly Cooper and the Thievius Raccoonus": 0.0014077950491806813,
    "Grand Theft Auto: San Andreas": 0.0013471721217345886,
    "Rise to Honor": 0.0014077950491806813,
    "Shadow of the Colossus": 0.0023359153747400012,
    "ICO": 0.0017676381067269207,
    "Zener Works": 0.0017123194581139098,
    "Zone of the Enders": 0.0014077950491806813,
    "Team Ico": 0.0026440306960197873,
    "\u014ckami": 0.0019245338748401259,
    "Just Cause": 0.00255963344721127,
    "Rayman Arena": 0.0013471721217345886,
    "Platinum Games": 0.0013471721217345886,
    "Sony Computer Entertainment Europe": 0.0013471721217345886,
    "PSP": 0.0025596302090895797,
    "Ys: The Oath in Felghana": 0.0013471721217345886,
    "Pop'n music 10": 0.0013471721217345886,
    "Dragon Quest Heroes": 0.0013471721217345886,
    "Memory card": 0.0013471721217345886,
    "LittleBigPlanet 2": 0.0020625232425570605,
    "LittleBigPlanet Karting": 0.0013471721217345886,
    "Uncharted (Series)": 0.0018599884502225937,
    "Infamous (Series)": 0.002810609872073629,
    "Fearful Harmony": 0.0013471721217345886,
    "PlayStation 4K": 0.0013471721217345886,
    "PlayStation Neo": 0.0025596302090895797,
    "Metal Gear Solid": 0.0018119478988212992,
    "Lego Batman 2: DC Super Heroes": 0.0019513806319473126,
    "Lego Batman 3: Beyond Gotham": 0.0013471721217345886,
    "Star Wars: The Force Unleashed II": 0.0020625232425570605,
    "Kingdom Hearts II": 0.0014077950491806813,
    "Crash Bandicoot": 0.0032944587733115703,
    "Crash Bandicoot 2: Cortex Strikes Back": 0.0039006878169890657,
    "Crash Bandicoot 3: Warp": 0.0013471721217345886,
    "Star Wars: Battlefront": 0.001626037587986615,
    "Lego Star Wars: The Video Game": 0.0013471721217345886,
    "Lego Star Wars II: The Original Trilogy": 0.0013471721217345886,
    "Lego Star Wars: The Complete Saga": 0.0013471721217345886,
    "Spyro the Dragon": 0.0013471721217345886,
    "Spyro: Ripto's Rage": 0.0013471721217345886,
    "Star Wars Episode III: Revenge of the Sith (Video Game)": 0.0013471721217345886,
    "Lego Star Wars III: The Clone Wars": 0.0013471721217345886,
    "Lego Indiana Jones: The Original Adventures": 0.0013471721217345886,
    "Lego Indiana Jones 2: The Adventure Continues": 0.0013471721217345886,
    "Lego Harry Potter Years 1-4": 0.0013471721217345886,
    "Lego Harry Potter Years 5-7": 0.0013471721217345886,
    "Lego The Lord of the Rings": 0.0013471721217345886,
    "Lego The Hobbit": 0.001626037587986615,
    "Lego Marvel Super Heroes": 0.001626037587986615,
    "Lego Marvel's Avengers": 0.0013471721217345886,
    "The Lego Movie Videogame": 0.001626037587986615,
    "Lego Rock Band": 0.0013471721217345886,
    "Lego Pirates of the Caribbean: The Video Game": 0.0013471721217345886,
    "Lego Jurassic World": 0.0013471721217345886,
    "Spyro: Enter the Dragonfly": 0.024955472183176935,
    "Spyro: A Hero's Tail": 0.026179518405798612,
    "The Legend of Spyro: A New Beginning": 0.003283042486969587,
    "The Legend of Spyro: The Eternal Night": 0.0043019199428084385,
    "The Legend of Spyro: Dawn of the Dragon": 0.003283042486969587
  },
  "hitsHubs": {
    "List of PlayStation 2 games": 0.022847298285002166,
    "Dark Cloud": 0.010525987068715806,
    "Final Fantasy X": 0.011125643552597667,
    "Final Fantasy X-2": 0.010750663717833791,
    "Dark Chronicle": 0.009956835971064299,
    "Monster Hunter": 0.011115236391361853,
    "Monster Hunter 2": 0.010525987068715806,
    "Monster Hunter 3": 0.011113969309180948,
    "PlayStation 2": 0.01149962049684753,
    "PlayStation (console)": 0.021070805280245245,
    "Lego Batman: The Video Game": 0.021070805280245245,
    "Star Wars: The Force Unleashed": 0.021070805280245245,
    "Yakuza 2": 0.009956835971064299,
    "Hannah Montana: Spotlight World Tour": 0.0,
    "PlayStation 3": 0.026882040114108708,
    "PlayStation": 0.021070805280245245,
    "Thrill Kill": 0.00017580105728864673,
    "Playstation 1": 0.00038565118766658115,
    "Memory Card": 0.01034248715873088,
    "Sony Computer Entertainment": 0.0,
    "Final Fantasy VII (disambiguation)": 0.010132637028352943,
    "PlayStation 4": 0.011113969309180948,
    "Ratchet & Clank (game)": 0.009956835971064299,
    "PlayStation Home": 0.011113969309180948,
    "Trophies": 0.012570054632973745,
    "Ratchet & Clank: Going Commando": 0.010525987068715806,
    "Playstation": 0.001735255451276286,
    "PocketStation": 0.0,
    "Grand Theft Auto (series)": 0.021070805280245245,
    "Playstation Consoles": 0.02918087117238776,
    "Games": 3.122762135909445e-35,
    "List of games with platinum trophies": 0.0015867510266045332,