{
  "numNodes": 117,
  "numEdges": 228,
  "selfLinks": 4,
  "numStrongComponents": 102,
  "numWeakComponents": 5,
  "sizeLargestStrong": 7,
  "sizeLargestWeak": 106,
  "radius": 2,
  "diameter": 4,
  "averageInDegree": 1.9487179487179487,
  "averageOutDegree": 1.9487179487179487,
  "maxOutDegree": 22,
  "maxInDegree": 44,
  "pageRank": {
    "List of PlayStation 2 games": 0.0015657070795197896,
    "Dark Cloud": 0.0017950101335577717,
    "Final Fantasy X": 0.0028167686711047446,
    "Final Fantasy X-2": 0.002270568633379347,
    "Dark Chronicle": 0.0030410489531707188,
    "Monster Hunter": 0.002389630293255675,
    "Monster Hunter 2": 0.002142426735590281,
    "Monster Hunter 3": 0.002142426735590281,
    "PlayStation 2": 0.13423839196091703,
    "PlayStation (console)": 0.06230888300028867,
    "Lego Batman: The Video Game": 0.0022710196667213947,
    "Star Wars: The Force Unleashed": 0.0028530561896328178,
    "Yakuza 2": 0.001425535802360468,
    "Hannah Montana: Spotlight World Tour": 0.001425535802360468,
    "PlayStation 3": 0.25789626513381764,
    "PlayStation": 0.062185774949283096,
    "Thrill Kill": 0.0013614839944543372,
    "Playstation 1": 0.003199491760043409,
    "Memory Card": 0.0025868225048470517,
    "Sony Computer Entertainment": 0.00816697334435272,
    "Final Fantasy VII (disambiguation)": 0.0013614839944543372,
    "PlayStation 4": 0.04408276048051897,
    "Ratchet & Clank (game)": 0.0034949630063114165,
    "PlayStation Home": 0.0013614839944543372,
    "Trophies": 0.0013614839944543372,
    "Ratchet & Clank: Going Commando": 0.004598714725025042,
    "Playstation": 0.0013614839944543372,
    "PocketStation": 0.0015365323530818677,
    "Grand Theft Auto (series)": 0.0013614839944543372,
    "Playstation Consoles": 0.0013614839944543372,
    "Games": 0.0013614839944543372,
    "List of games with platinum trophies": 0.0025868225048470517,
    "PlayStation Network": 0.04045464506356329,
    "NASCAR Thunder 2004": 0.0013614839944543372,
    "PlayStation All-Stars Battle Royale": 0.0034555323236015456,
    "Uncharted (series)": 0.0030533219941581684,
    "Infamous (series)": 0.003974982511962649,
    "Ratchet and Clank:Going Commando": 0.0013614839944543372,
    "Sir Daniel Fortesque": 0.0024754307570324617,
    "Ratchet and Clank: Going Commando": 0.0025868225048470517,
    "PlayStation Vita": 0.0060379415491749015,
    "List of PlayStation 3 games": 0.0015657070795197896,
    "PlayStation Plus": 0.05720905482685206,
    "List of PlayStation 4 games": 0.0015657070795197896,
    "List of PlayStation games": 0.0015657070795197896,
    "List of PlayStation Portable games": 0.0015657070795197896,
    "List of PlayStation Vita games": 0.0015657070795197896,
    "Uncharted 2: Among Thieves": 0.004225772011313958,
    "Uncharted 2": 0.0013614839944543372,
    "Call of Duty: Black Ops II": 0.0027277364822405397,
    "Call of Duty: Black Ops 2": 0.0013614839944543372,
    "PlayStation 1": 0.06703812346922375,
    "Kingdom Hearts": 0.0023133413623824704,
    "Sly Cooper: Thieves in Time": 0.004300257321471813,
    "Sly 4": 0.0013614839944543372,
    "Sly Cooper Thieves in Time": 0.0025868225048470517,
    "Infamous: Second Son": 0.0017137689379380567,
    "Ico": 0.003939423512783256,
    "Okage: Shadow King": 0.002463155820750521,
    "The Mark of Kri": 0.001425535802360468,
    "Sly Cooper and the Thievius Raccoonus": 0.001425535802360468,
    "Grand Theft Auto: San Andreas": 0.0013614839944543372,
    "Rise to Honor": 0.001425535802360468,
    "Shadow of the Colossus": 0.0023609248741282636,
    "ICO": 0.001786451588946533,
    "Zener Works": 0.001730958325651641,
    "Zone of the Enders": 0.001425535802360468,
    "Team Ico": 0.0026728242595897766,
    "\u014ckami": 0.0013614839944543372,
    "Rayman Arena": 0.0013614839944543372,
    "Platinum Games": 0.0013614839944543372,
    "Sony Computer Entertainment Europe": 0.0013614839944543372,
    "PSP": 0.0025868225048470517,
    "Ys: The Oath in Felghana": 0.0013614839944543372,
    "Pop'n music 10": 0.0013614839944543372,
    "Dragon Quest Heroes": 0.0013614839944543372,
    "Memory card": 0.0013614839944543372,
    "LittleBigPlanet 2": 0.002084434494759249,
    "LittleBigPlanet Karting": 0.0013614839944543372,
    "Uncharted (Series)": 0.0018798152232790358,
    "Infamous (Series)": 0.002903879806475087,
    "Fearful Harmony": 0.0013614839944543372,
    "PlayStation 4K": 0.0013614839944543372,
    "PlayStation Neo": 0.0025868225048470517,
    "Metal Gear Solid": 0.0018311972524326296,
    "Lego Batman 2: DC Super Heroes": 0.0019721112298261177,
    "Lego Batman 3: Beyond Gotham": 0.0013614839944543372,
    "Star Wars: The Force Unleashed II": 0.002084434494759249,
    "Kingdom Hearts II": 0.001425535802360468,
    "Crash Bandicoot": 0.0033294569337249374,
    "Crash Bandicoot 2: Cortex Strikes Back": 0.003942126188921294,
    "Crash Bandicoot 3: Warp": 0.0013614839944543372,
    "Star Wars: Battlefront": 0.0017137689379380567,
    "Lego Star Wars: The Video Game": 0.0013614839944543372,
    "Lego Star Wars II: The Original Trilogy": 0.0013614839944543372,
    "Lego Star Wars: The Complete Saga": 0.0013614839944543372,
    "Spyro the Dragon": 0.0013614839944543372,
    "Spyro: Ripto's Rage": 0.0013614839944543372,
    "Star Wars Episode III: Revenge of the Sith (Video Game)": 0.0013614839944543372,
    "Lego Star Wars III: The Clone Wars": 0.0013614839944543372,
    "Lego Indiana Jones: The Original Adventures": 0.0013614839944543372,
    "Lego Indiana Jones 2: The Adventure Continues": 0.0013614839944543372,
    "Lego Harry Potter Years 1-4": 0.0013614839944543372,
    "Lego Harry Potter Years 5-7": 0.0013614839944543372,
    "Lego The Lord of the Rings": 0.0013614839944543372,
    "Lego The Hobbit": 0.0013614839944543372,
    "Lego Marvel Super Heroes": 0.0017137689379380567,
    "Lego Marvel's Avengers": 0.0013614839944543372,
    "The Lego Movie Videogame": 0.0017137689379380567,
    "Lego Rock Band": 0.0013614839944543372,
    "Lego Pirates of the Caribbean: The Video Game": 0.0013614839944543372,
    "Lego Jurassic World": 0.0013614839944543372,
    "Spyro: Enter the Dragonfly": 0.025173524371677348,
    "Spyro: A Hero's Tail": 0.026510678647664526,
    "The Legend of Spyro: A New Beginning": 0.0033179186755140965,
    "The Legend of Spyro: The Eternal Night": 0.004347619594514077,
    "The Legend of Spyro: Dawn of the Dragon": 0.0033179186755140965
  },
  "hitsHubs": {
    "List of PlayStation 2 games": 0.02156657505345895,
    "Dark Cloud": 0.0003800860036403449,
    "Final Fantasy X": 0.010818791429317699,
    "Final Fantasy X-2": 0.010461073159884995,
    "Dark Chronicle": 0.009687166675089204,
    "Monster Hunter": 0.01080855207911478,
    "Monster Hunter 2": 0.010237977815104961,
    "Monster Hunter 3": 0.011778325304349892,
    "PlayStation 2": 0.012177747923718878,
    "PlayStation (console)": 0.0214654919794391,
    "Lego Batman: The Video Game": 0.0214654919794391,
    "Star Wars: The Force Unleashed": 0.0214654919794391,
    "Yakuza 2": 0.009687166675089204,
    "Hannah Montana: Spotlight World Tour": 0.0,
    "PlayStation 3": 0.027572222528949118,
    "PlayStation": 0.0214654919794391,
    "Thrill Kill": 0.00017378794846548186,
    "Playstation 1": 0.00039942261936898755,
    "Memory Card": 0.01008658929445819,
    "Sony Computer Entertainment": 0.0,
    "Final Fantasy VII (disambiguation)": 0.009860954623554685,
    "PlayStation 4": 0.011778325304349892,
    "Ratchet & Clank (game)": 0.009687166675089204,
    "PlayStation Home": 0.011778325304349892,
    "Trophies": 0.013309890011309016,
    "Ratchet & Clank: Going Commando": 0.010237977815104961,
    "Playstation": 0.0018169183226372557,
    "PocketStation": 0.0,
    "Grand Theft Auto (series)": 0.0214654919794391,
    "Playstation Consoles": 0.029973138597576644,
    "Games": 5.541750521045151e-36,
    "List of games with platinum trophies": 0.0016534436111928898,
    "PlayStation Network": 0.0,