{
  "numNodes": 119,
  "numEdges": 238,
  "selfLinks": 6,
  "numStrongComponents": 104,
  "numWeakComponents": 5,
  "sizeLargestStrong": 7,
  "sizeLargestWeak": 108,
  "radius": 2,
  "diameter": 4,
  "averageInDegree": 2,
  "averageOutDegree": 2,
  "maxOutDegree": 24,
  "maxInDegree": 44,
  "pageRank": {
    "List of PlayStation 2 games": 0.0015334885419904314,
    "Dark Cloud": 0.0017520044416547192,
    "Final Fantasy X": 0.002749071154044448,
    "Final Fantasy X-2": 0.002215697535954898,
    "Dark Chronicle": 0.002179377960739824,
    "Monster Hunter": 0.0023316942600722793,
    "Monster Hunter 2": 0.0020904840582416494,
    "Monster Hunter 3": 0.0020904840582416494,
    "PlayStation 2": 0.1357015175896981,
    "PlayStation (console)": 0.06273810700194607,
    "Lego Batman: The Video Game": 0.0022190598107533713,
    "Star Wars: The Force Unleashed": 0.002789119574052738,
    "Yakuza 2": 0.0013909738178617154,
    "Hannah Montana: Spotlight World Tour": 0.0013909738178617154,
    "PlayStation 3": 0.2575333267165951,
    "PlayStation": 0.06196433423080847,
    "Thrill Kill": 0.0013334678461331283,
    "Playstation 1": 0.003133654108848857,
    "Memory Card": 0.0025335920212769475,
    "Sony Computer Entertainment": 0.00799522715905514,
    "Final Fantasy VII (disambiguation)": 0.0013334678461331283,
    "PlayStation 4": 0.04425496333668574,
    "Ratchet & Clank (game)": 0.0034141512280241627,
    "PlayStation Home": 0.0013334678461331283,
    "Trophies": 0.0013334678461331283,
    "Ratchet & Clank: Going Commando": 0.004495936589152364,
    "Playstation": 0.0013334678461331283,
    "PocketStation": 0.0015049141568679596,
    "Grand Theft Auto (series)": 0.0013334678461331283,
    "Playstation Consoles": 0.0013334678461331283,
    "Games": 0.0013334678461331283,
    "List of games with platinum trophies": 0.0025335920212769475,
    "PlayStation Network": 0.040363808526107776,
    "NASCAR Thunder 2004": 0.0013334678461331283,
    "PlayStation All-Stars Battle Royale": 0.003383585396267858,
    "Uncharted (series)": 0.0029903788529051997,
    "Infamous (series)": 0.0038372915028227726,
    "Ratchet and Clank:Going Commando": 0.0013334678461331283,
    "Sir Daniel Fortesque": 0.002424492666497547,
    "Ratchet and Clank: Going Commando": 0.0025335920212769475,
    "PlayStation Vita": 0.005713263500786546,
    "List of PlayStation 3 games": 0.0015334885419904314,
    "PlayStation Plus": 0.05709131332254472,
    "List of PlayStation 4 games": 0.0015334885419904314,
    "List of PlayStation games": 0.0015334885419904314,
    "List of PlayStation Portable games": 0.0015334885419904314,
    "List of PlayStation Vita games": 0.0015334885419904314,
    "Uncharted 2: Among Thieves": 0.0041387823439739315,
    "Uncharted 2": 0.0013334678461331283,
    "Call of Duty: Black Ops II": 0.0026716063534255566,
    "Call of Duty: Black Ops 2": 0.0013334678461331283,
    "PlayStation 1": 0.06756013152217671,
    "Kingdom Hearts": 0.002259543724733176,
    "Sly Cooper: Thieves in Time": 0.0042117690053079014,
    "Sly 4": 0.0013334678461331283,
    "Sly Cooper Thieves in Time": 0.0025335920212769475,
    "Infamous: Second Son": 0.001609496510430347,
    "Ico": 0.0038527696939688084,
    "Okage: Shadow King": 0.00240686402076212,
    "The Mark of Kri": 0.0013909738178617154,
    "Sly Cooper and the Thievius Raccoonus": 0.0013909738178617154,
    "Grand Theft Auto: San Andreas": 0.0013334678461331283,
    "Rise to Honor": 0.0013909738178617154,
    "Shadow of the Colossus": 0.002311978665001396,
    "ICO": 0.001749625198639373,
    "Zener Works": 0.001694498469926132,
    "Zone of the Enders": 0.0013909738178617154,
    "Team Ico": 0.0026165009179739394,
    "\u014ckami": 0.0019049562923532759,
    "Just Cause": 0.0025290492552165963,
    "Yakuza": 0.0020169136685788116,
    "Rayman Arena": 0.0013334678461331283,
    "Platinum Games": 0.0013334678461331283,
    "Sony Computer Entertainment Europe": 0.0013334678461331283,
    "PSP": 0.0025335920212769475,
    "Ys: The Oath in Felghana": 0.0013334678461331283,
    "Pop'n music 10": 0.0013334678461331283,
    "Dragon Quest Heroes": 0.0013334678461331283,
    "Memory card": 0.0013334678461331283,
    "LittleBigPlanet 2": 0.002041541941581104,
    "LittleBigPlanet Karting": 0.0013334678461331283,
    "Uncharted (Series)": 0.0018410071292115848,
    "Infamous (Series)": 0.0027820185474707365,
    "Fearful Harmony": 0.0013334678461331283,
    "PlayStation 4K": 0.0013334678461331283,
    "PlayStation Neo": 0.0025335920212769475,
    "Metal Gear Solid": 0.001793515619961826,
    "Lego Batman 2: DC Super Heroes": 0.0019315299521104356,
    "Lego Batman 3: Beyond Gotham": 0.0013334678461331283,
    "Star Wars: The Force Unleashed II": 0.002041541941581104,
    "Kingdom Hearts II": 0.0013909738178617154,
    "Crash Bandicoot": 0.0032609453762499395,
    "Crash Bandicoot 2: Cortex Strikes Back": 0.003861007463821849,
    "Crash Bandicoot 3: Warp": 0.0013334678461331283,
    "Star Wars: Battlefront": 0.001609496510430347,
    "Lego Star Wars: The Video Game": 0.0013334678461331283,
    "Lego Star Wars II: The Original Trilogy": 0.0013334678461331283,
    "Lego Star Wars: The Complete Saga": 0.0013334678461331283,
    "Spyro the Dragon": 0.0013334678461331283,
    "Spyro: Ripto's Rage": 0.0013334678461331283,
    "Star Wars Episode III: Revenge of the Sith (Video Game)": 0.0013334678461331283,
    "Lego Star Wars III: The Clone Wars": 0.0013334678461331283,
    "Lego Indiana Jones: The Original Adventures": 0.0013334678461331283,
    "Lego Indiana Jones 2: The Adventure Continues": 0.0013334678461331283,
    "Lego Harry Potter Years 1-4": 0.0013334678461331283,
    "Lego Harry Potter Years 5-7": 0.0013334678461331283,
    "Lego The Lord of the Rings": 0.0013334678461331283,
    "Lego The Hobbit": 0.001609496510430347,
    "Lego Marvel Super Heroes": 0.001609496510430347,
    "Lego Marvel's Avengers": 0.0013334678461331283,
    "The Lego Movie Videogame": 0.001609496510430347,
    "Lego Rock Band": 0.0013334678461331283,
    "Lego Pirates of the Caribbean: The Video Game": 0.0013334678461331283,
    "Lego Jurassic World": 0.0013334678461331283,
    "Spyro: Enter the Dragonfly": 0.0247016533519972,
    "Spyro: A Hero's Tail": 0.02591311044462459,
    "The Legend of Spyro: A New Beginning": 0.0032496451485210867,
    "The Legend of Spyro: The Eternal Night": 0.004258157868560371,
    "The Legend of Spyro: Dawn of the Dragon": 0.0032496451485210867
  },
  "hitsHubs": {
    "List of PlayStation 2 games": 0.023432886375480296,
    "Dark Cloud": 0.010526295770330303,
    "Final Fantasy X": 0.011128098529394536,
    "Final Fantasy X-2": 0.010747511678088796,
    "Dark Chronicle": 0.009954710327531795,
    "Monster Hunter": 0.011117792829803822,
    "Monster Hunter 2": 0.010526295770330303,
    "Monster Hunter 3": 0.01079312901358355,
    "PlayStation 2": 0.011167555897687238,
    "PlayStation (console)": 0.020747839341115345,
    "Lego Batman: The Video Game": 0.020747839341115345,
    "Star Wars: The Force Unleashed": 0.020747839341115345,
    "Yakuza 2": 0.010526295770330303,
    "Hannah Montana: Spotlight World Tour": 0.0,
    "PlayStation 3": 0.026672958605138092,
    "PlayStation": 0.020747839341115345,
    "Thrill Kill": 0.00017338997919785862,
    "Playstation 1": 0.00037442688410368894,
    "Memory Card": 0.010329137211635484,
    "Sony Computer Entertainment": 0.0,
    "Final Fantasy VII (disambiguation)": 0.010128100306729653,
    "PlayStation 4": 0.01079312901358355,
    "Ratchet & Clank (game)": 0.009954710327531795,
    "PlayStation Home": 0.01079312901358355,
    "Trophies": 0.015009058380306963,
    "Ratchet & Clank: Going Commando": 0.010526295770330303,
    "Playstation": 0.001689090713049967,
    "PocketStation": 0.0,
    "Grand Theft Auto (series)": 0.020747839341115345,
    "Playstation Consoles": 0.028954742914065322,
    "Games": 2.0197911784580023e-36,
    "List of games with platinum trophies": 0.0015434876193939765,