{
  "numNodes": 118,
  "numEdges": 232,
  "selfLinks": 6,
  "numStrongComponents": 103,
  "numWeakComponents": 5,
  "sizeLargestStrong": 7,
  "sizeLargestWeak": 107,
  "radius": 2,
  "diameter": 4,
  "averageInDegree": 1.9661016949152543,
  "averageOutDegree": 1.9661016949152543,
  "maxOutDegree": 23,
  "maxInDegree": 44,
  "pageRank": {
    "List of PlayStation 2 games": 0.0015492025083033848,
    "Dark Cloud": 0.001772889787831223,
    "Final Fantasy X": 0.002781945366269503,
    "Final Fantasy X-2": 0.0022423393193339446,
    "Dark Chronicle": 0.003003358477581113,
    "Monster Hunter": 0.0023598217807862146,
    "Monster Hunter 2": 0.0021157018252591863,
    "Monster Hunter 3": 0.0021157018252591863,
    "PlayStation 2": 0.13480936980027142,
    "PlayStation (console)": 0.062456497657641656,
    "Lego Batman: The Video Game": 0.002244324863754663,
    "Star Wars: The Force Unleashed": 0.002820226165596118,
    "Yakuza 2": 0.0014077532843586472,
    "Hannah Montana: Spotlight World Tour": 0.0014077532843586472,
    "PlayStation 3": 0.25737888633767547,
    "PlayStation": 0.06200132559365827,
    "Thrill Kill": 0.0013471321554169068,
    "Playstation 1": 0.003165765331395209,
    "Memory Card": 0.002559554272735775,
    "Sony Computer Entertainment": 0.008078939636681767,
    "Final Fantasy VII (disambiguation)": 0.0013471321554169068,
    "PlayStation 4": 0.043948154691008906,
    "Ratchet & Clank (game)": 0.0034534343940895483,
    "PlayStation Home": 0.0013471321554169068,
    "Trophies": 0.0013471321554169068,
    "Ratchet & Clank: Going Commando": 0.004545944526699764,
    "Playstation": 0.0013471321554169068,
    "PocketStation": 0.001520335315033888,
    "Grand Theft Auto (series)": 0.0013471321554169068,
    "Playstation Consoles": 0.0013471321554169068,
    "Games": 0.0013471321554169068,
    "List of games with platinum trophies": 0.002559554272735775,
    "PlayStation Network": 0.04035840886744369,
    "NASCAR Thunder 2004": 0.0013471321554169068,
    "PlayStation All-Stars Battle Royale": 0.0034186640702170905,
    "Uncharted (series)": 0.0030210767833059367,
    "Infamous (series)": 0.003933082038160066,
    "Ratchet and Clank:Going Commando": 0.0013471321554169068,
    "Sir Daniel Fortesque": 0.0024493369816251695,
    "Ratchet and Clank: Going Commando": 0.002559554272735775,
    "PlayStation Vita": 0.005974078311189507,
    "List of PlayStation 3 games": 0.0015492025083033848,
    "PlayStation Plus": 0.057077745403554474,
    "List of PlayStation 4 games": 0.0015492025083033848,
    "List of PlayStation games": 0.0015492025083033848,
    "List of PlayStation Portable games": 0.0015492025083033848,
    "List of PlayStation Vita games": 0.0015492025083033848,
    "Uncharted 2: Among Thieves": 0.004181209830349751,
    "Uncharted 2": 0.0013471321554169068,
    "Call of Duty: Black Ops II": 0.002698982869301777,
    "Call of Duty: Black Ops 2": 0.0013471321554169068,
    "PlayStation 1": 0.06722521367426408,
    "Kingdom Hearts": 0.0022856909024525553,
    "Sly Cooper: Thieves in Time": 0.004254927947902071,
    "Sly 4": 0.0013471321554169068,
    "Sly Cooper Thieves in Time": 0.002559554272735775,
    "Infamous: Second Son": 0.0016957036468319133,
    "Ico": 0.003894951097579061,
    "Okage: Shadow King": 0.0024342364041777574,
    "The Mark of Kri": 0.0014077532843586472,
    "Sly Cooper and the Thievius Raccoonus": 0.0014077532843586472,
    "Grand Theft Auto: San Andreas": 0.0013471321554169068,
    "Rise to Honor": 0.0014077532843586472,
    "Shadow of the Colossus": 0.002335846075094756,
    "ICO": 0.0017675856663387532,
    "Zener Works": 0.0017122686588894826,
    "Zone of the Enders": 0.0014077532843586472,
    "Team Ico": 0.0026439522554282677,
    "\u014ckami": 0.0019244767798500075,
    "Just Cause": 0.002559557510499767,
    "Rayman Arena": 0.0013471321554169068,
    "Platinum Games": 0.0013471321554169068,
    "Sony Computer Entertainment Europe": 0.0013471321554169068,
    "PSP": 0.002559554272735775,
    "Ys: The Oath in Felghana": 0.0013471321554169068,
    "Pop'n music 10": 0.0013471321554169068,
    "Dragon Quest Heroes": 0.0013471321554169068,
    "Memory card": 0.0013471321554169068,
    "LittleBigPlanet 2": 0.0020624620538243644,
    "LittleBigPlanet Karting": 0.0013471321554169068,
    "Uncharted (Series)": 0.001859933270038239,
    "Infamous (Series)": 0.002873269544103275,
    "Fearful Harmony": 0.0013471321554169068,
    "PlayStation 4K": 0.0013471321554169068,
    "PlayStation Neo": 0.002559554272735775,
    "Metal Gear Solid": 0.001811894143970249,
    "Lego Batman 2: DC Super Heroes": 0.0019513227405362518,
    "Lego Batman 3: Beyond Gotham": 0.0013471321554169068,
    "Star Wars: The Force Unleashed II": 0.0020624620538243644,
    "Kingdom Hearts II": 0.0014077532843586472,
    "Crash Bandicoot": 0.003294361036330418,
    "Crash Bandicoot 2: Cortex Strikes Back": 0.0039005720949898516,
    "Crash Bandicoot 3: Warp": 0.0013471321554169068,
    "Star Wars: Battlefront": 0.0016957036468319133,
    "Lego Star Wars: The Video Game": 0.0013471321554169068,
    "Lego Star Wars II: The Original Trilogy": 0.0013471321554169068,
    "Lego Star Wars: The Complete Saga": 0.0013471321554169068,
    "Spyro the Dragon": 0.0013471321554169068,
    "Spyro: Ripto's Rage": 0.0013471321554169068,
    "Star Wars Episode III: Revenge of the Sith (Video Game)": 0.0013471321554169068,
    "Lego Star Wars III: The Clone Wars": 0.0013471321554169068,
    "Lego Indiana Jones: The Original Adventures": 0.0013471321554169068,
    "Lego Indiana Jones 2: The Adventure Continues": 0.0013471321554169068,
    "Lego Harry Potter Years 1-4": 0.0013471321554169068,
    "Lego Harry Potter Years 5-7": 0.0013471321554169068,
    "Lego The Lord of the Rings": 0.0013471321554169068,
    "Lego The Hobbit": 0.0013471321554169068,
    "Lego Marvel Super Heroes": 0.0016957036468319133,
    "Lego Marvel's Avengers": 0.0013471321554169068,
    "The Lego Movie Videogame": 0.0016957036468319133,
    "Lego Rock Band": 0.0013471321554169068,
    "Lego Pirates of the Caribbean: The Video Game": 0.0013471321554169068,
    "Lego Jurassic World": 0.0013471321554169068,
    "Spyro: Enter the Dragonfly": 0.024954712021836717,
    "Spyro: A Hero's Tail": 0.02617876277752465,
    "The Legend of Spyro: A New Beginning": 0.003282945088072503,
    "The Legend of Spyro: The Eternal Night": 0.004301792316424628,
    "The Legend of Spyro: Dawn of the Dragon": 0.003282945088072503
  },
  "hitsHubs": {
    "List of PlayStation 2 games": 0.022514049786413304,
    "Dark Cloud": 0.0003935264472501511,
    "Final Fantasy X": 0.010986067988644637,
    "Final Fantasy X-2": 0.010614423619560238,
    "Dark Chronicle": 0.00982501999274606,
    "Monster Hunter": 0.010975650928685918,
    "Monster Hunter 2": 0.010390279435505946,
    "Monster Hunter 3": 0.011430371771595694,
    "PlayStation 2": 0.01182245794539347,
    "PlayStation (console)": 0.021255391764341755,
    "Lego Batman: The Video Game": 0.021255391764341755,
    "Star Wars: The Force Unleashed": 0.021255391764341755,
    "Yakuza 2": 0.00982501999274606,
    "Hannah Montana: Spotlight World Tour": 0.0,
    "PlayStation 3": 0.027205313802663344,
    "PlayStation": 0.021255391764341755,
    "Thrill Kill": 0.0001747881436435548,
    "Playstation 1": 0.00039208617379777824,
    "Memory Card": 0.010217106166543836,
    "Sony Computer Entertainment": 0.0,
    "Final Fantasy VII (disambiguation)": 0.009999808136389614,
    "PlayStation 4": 0.011430371771595694,
    "Ratchet & Clank (game)": 0.00982501999274606,
    "PlayStation Home": 0.011430371771595694,
    "Trophies": 0.012922171632027152,
    "Ratchet & Clank: Going Commando": 0.010390279435505946,
    "Playstation": 0.0017734899698275772,
    "PocketStation": 0.0,
    "Grand Theft Auto (series)": 0.021255391764341755,
    "Playstation Consoles": 0.029552307656713607,
    "Games": 4.149363775995064e-36,
    "List of games with platinum trophies": 0.0016243716279397812,