{
  "numNodes": 125,
  "numEdges": 259,
  "selfLinks": 6,
  "numStrongComponents": 108,
  "numWeakComponents": 5,
  "sizeLargestStrong": 7,
  "sizeLargestWeak": 114,
  "radius": 2,
  "diameter": 4,
  "averageInDegree": 2.072,
  "averageOutDegree": 2.072,
  "maxOutDegree": 24,
  "maxInDegree": 44,
  "pageRank": {
    "Main Page": 0.0013074013216415026,
    "List of PlayStation 2 games": 0.0015035120827179315,
    "Dark Cloud": 0.0020944486907056715,
    "Final Fantasy X": 0.0026773801118689924,
    "Final Fantasy X-2": 0.0021669997695347195,
    "Dark Chronicle": 0.002698509479703376,
    "Monster Hunter": 0.002286114935166417,
    "Monster Hunter 2": 0.002049619797790467,
    "Monster Hunter 3": 0.002049619797790467,
    "PlayStation 2": 0.13517384187848785,
    "PlayStation (console)": 0.062372437635476036,
    "Lego Batman: The Video Game": 0.0021531293313102762,
    "Star Wars: The Force Unleashed": 0.002712045846442117,
    "Yakuza 2": 0.0013637831889527542,
    "Hannah Montana: Spotlight World Tour": 0.0013637831889527542,
    "PlayStation 3": 0.25491890713948423,
    "PlayStation": 0.06183270748964465,
    "Thrill Kill": 0.0013074013216415026,
    "Playstation 1": 0.003072398171329363,
    "Memory Card": 0.0024840658881000763,
    "Sony Computer Entertainment": 0.0085898058821542,
    "Final Fantasy VII (disambiguation)": 0.0013074013216415026,
    "PlayStation 4": 0.04380876522165053,
    "Ratchet & Clank (game)": 0.0033449892474048367,
    "PlayStation Home": 0.0013074013216415026,
    "Trophies": 0.0013074013216415026,
    "Ratchet & Clank: Going Commando": 0.004402665830062082,
    "Playstation": 0.0013074013216415026,
    "PocketStation": 0.001475496259707013,
    "Grand Theft Auto (series)": 0.0013074013216415026,
    "Playstation Consoles": 0.0013074013216415026,
    "Games": 0.0013074013216415026,
    "List of games with platinum trophies": 0.0024840658881000763,
    "PlayStation Network": 0.040175722318552966,
    "NASCAR Thunder 2004": 0.0013074013216415026,
    "PlayStation All-Stars Battle Royale": 0.002658311636108053,
    "Uncharted (series)": 0.00284294031841012,
    "Infamous (series)": 0.0037257458843536185,
    "Ratchet and Clank:Going Commando": 0.0013074013216415026,
    "Sir Daniel Fortesque": 0.001993983514828798,
    "Ratchet and Clank: Going Commando": 0.0024840658881000763,
    "PlayStation Vita": 0.005461210220954714,
    "List of PlayStation 3 games": 0.0015035120827179315,
    "PlayStation Plus": 0.05649390417596795,
    "List of PlayStation 4 games": 0.0015035120827179315,
    "List of PlayStation games": 0.0015035120827179315,
    "List of PlayStation Portable games": 0.0015035120827179315,
    "List of PlayStation Vita games": 0.0015035120827179315,
    "Uncharted 2: Among Thieves": 0.0040086309023734425,
    "Uncharted 2": 0.0013074013216415026,
    "Call of Duty: Black Ops II": 0.0025968296227225794,
    "Call of Duty: Black Ops 2": 0.0013074013216415026,
    "PlayStation 1": 0.06719577838912562,
    "Kingdom Hearts": 0.002100975154371141,
    "Sly Cooper: Thieves in Time": 0.004106886055281381,
    "Sly 4": 0.0013074013216415026,
    "Sly Cooper Thieves in Time": 0.0024840658881000763,
    "Infamous: Second Son": 0.001532928790886509,
    "Ico": 0.0037369235993891504,
    "Okage: Shadow King": 0.0022562862394475596,
    "The Mark of Kri": 0.0013637831889527542,
    "Sly Cooper and the Thievius Raccoonus": 0.0013637831889527542,
    "Grand Theft Auto: San Andreas": 0.0013074013216415026,
    "Rise to Honor": 0.0013637831889527542,
    "Shadow of the Colossus": 0.0021629073169197924,
    "ICO": 0.001696725855759427,
    "Zener Works": 0.001645845301241562,
    "Zone of the Enders": 0.0013637831889527542,
    "Team Ico": 0.0025375363739023465,
    "\u014ckami": 0.0018677185885035714,
    "Just Cause": 0.002479612251166273,
    "Yakuza": 0.0019774873947536234,
    "Call of Duty: World at War": 0.0014201650562640057,
    "Rayman Arena": 0.0013074013216415026,
    "MediEvil": 0.0021149671127986577,
    "MediEvil 2": 0.001993983514828798,
    "Platinum Games": 0.0013074013216415026,
    "Sony Computer Entertainment Europe": 0.001545335853074823,
    "Sony Cambridge Studio": 0.0019042539824780029,
    "SCE Cambridge Studio": 0.0019042539824780029,
    "PSP": 0.0024840658881000763,
    "Ys: The Oath in Felghana": 0.0013074013216415026,
    "Pop'n music 10": 0.0013074013216415026,
    "Dragon Quest Heroes": 0.0013074013216415026,
    "Memory card": 0.0013074013216415026,
    "LittleBigPlanet 2": 0.001979081571395846,
    "LittleBigPlanet Karting": 0.0013074013216415026,
    "Uncharted (Series)": 0.00170614930745983,
    "Infamous (Series)": 0.002687041268672736,
    "Fearful Harmony": 0.0013074013216415026,
    "PlayStation 4K": 0.0013074013216415026,
    "PlayStation Neo": 0.0024840658881000763,
    "Metal Gear Solid": 0.0017584562601315153,
    "Lego Batman 2: DC Super Heroes": 0.0018712199947540187,
    "Lego Batman 3: Beyond Gotham": 0.001532928790886509,
    "Star Wars: The Force Unleashed II": 0.001979081571395846,
    "Kingdom Hearts II": 0.0013637831889527542,
    "Crash Bandicoot": 0.0031972017522684864,
    "Crash Bandicoot 2: Cortex Strikes Back": 0.0037855340354977732,
    "Crash Bandicoot 3: Warp": 0.0013074013216415026,
    "Star Wars: Battlefront": 0.001532928790886509,
    "Lego Star Wars: The Video Game": 0.0013074013216415026,
    "Lego Star Wars II: The Original Trilogy": 0.0013074013216415026,
    "Lego Star Wars: The Complete Saga": 0.0013074013216415026,
    "Spyro the Dragon": 0.0013074013216415026,
    "Spyro: Ripto's Rage": 0.0013074013216415026,
    "Star Wars Episode III: Revenge of the Sith (Video Game)": 0.0013074013216415026,
    "Lego Star Wars III: The Clone Wars": 0.0013074013216415026,
    "Lego Indiana Jones: The Original Adventures": 0.0014201650562640057,
    "Lego Indiana Jones 2: The Adventure Continues": 0.0013074013216415026,
    "Lego Harry Potter Years 1-4": 0.0013074013216415026,
    "Lego Harry Potter Years 5-7": 0.0013074013216415026,
    "Lego The Lord of the Rings": 0.0013074013216415026,
    "Lego The Hobbit": 0.001532928790886509,
    "Lego Marvel Super Heroes": 0.001532928790886509,
    "Lego Marvel's Avengers": 0.0013074013216415026,
    "The Lego Movie Videogame": 0.001532928790886509,
    "Lego Rock Band": 0.0013074013216415026,
    "Lego Pirates of the Caribbean: The Video Game": 0.0013074013216415026,
    "Lego Jurassic World": 0.0013074013216415026,
    "Spyro: Enter the Dragonfly": 0.024162974558928102,
    "Spyro: A Hero's Tail": 0.025455547022139147,
    "The Legend of Spyro: A New Beginning": 0.0031861231747533562,
    "The Legend of Spyro: The Eternal Night": 0.004174922361260253,
    "The Legend of Spyro: Dawn of the Dragon": 0.0031861231747533562
  },
  "hitsHubs": {
    "Main Page": 0.01151292235964761,
    "List of PlayStation 2 games": 0.02373379598958266,
    "Dark Cloud": 0.010709125509240656,
    "Final Fantasy X": 0.011113689432089907,
    "Final Fantasy X-2": 0.01073578675067263,
    "Dark Chronicle": 0.009944913102711733,
    "Monster Hunter": 0.011103552874115873,
    "Monster Hunter 2": 0.010514436408170381,
    "Monster Hunter 3": 0.010298183395894025,
    "PlayStation 2": 0.010658798505288619,
    "PlayStation (console)": 0.02024309649860576,
    "Lego Batman: The Video Game": 0.02024309649860576,
    "Star Wars: The Force Unleashed": 0.02024309649860576,
    "Yakuza 2": 0.010514436408170381,
    "Hannah Montana: Spotlight World Tour": 0.0,
    "PlayStation 3": 0.02619643391835158,
    "PlayStation": 0.02024309649860576,
    "Thrill Kill": 0.00017106611500772922,
    "Playstation 1": 0.00036061510939459283,
    "Memory Card": 0.010305528212106325,
    "Sony Computer Entertainment": 0.0,
    "Final Fantasy VII (disambiguation)": 0.010115979217719461,
    "PlayStation 4": 0.010298183395894025,
    "Ratchet & Clank (game)": 0.009944913102711733,
    "PlayStation Home": 0.010298183395894025,
    "Trophies": 0.014334775194288522,