{
  "numNodes": 156,
  "numEdges": 160,
  "selfLinks": 3,
  "numStrongComponents": 154,
  "numWeakComponents": 29,
  "sizeLargestStrong": 2,
  "sizeLargestWeak": 85,
  "radius": 1,
  "diameter": 1,
  "averageInDegree": 1.0256410256410255,
  "averageOutDegree": 1.0256410256410255,
  "maxOutDegree": 10,
  "maxInDegree": 12,
  "pageRank": {
    "Magic: The Gathering Wiki": 0.011151726201244988,
    "Mtg": 0.0030283188836373307,
    "Magic The Gathering": 0.006662596015496891,
    "Expansion Blocks": 0.006657353602824301,
    "Core Set": 0.0030283188836373307,
    "Planes": 0.006657504829197447,
    "MTG": 0.03518835852852666,
    "Card Types": 0.004940641774529224,
    "Basic Lands": 0.009340367215358308,
    "Richard Garfield": 0.008010505724231232,
    "Mana": 0.0030283188836373307,
    "Mana Pool": 0.006662596015496892,
    "Wizards of the Coast": 0.022178919019209337,
    "Tapping": 0.022108273825900023,
    "Haste": 0.006324541713232942,
    "Magic: the gathering": 0.0030283188836373307,
    "Rules": 0.004032072491564334,
    "Double Strike": 0.005754026732532001,
    "Hellbent": 0.0030283188836373307,
    "First strike": 0.008479734581426672,
    "Flying": 0.012114011713286233,
    "Landwalk": 0.013931150279216013,
    "Trample": 0.018135942391776513,
    "Cycling": 0.011205442430321342,
    "Phasing": 0.005754026732532001,
    "Time Spiral Block": 0.008750120656410846,
    "Cumulative Upkeep": 0.008479734581426672,
    "Domain": 0.005754026732532001,
    "Affinity": 0.008479734581426672,
    "Imprint": 0.005754026732532001,
    "Entwine": 0.004391172808084666,
    "Equipment": 0.005754026732532001,
    "Mechanics": 0.004032072491564334,
    "Familiars": 0.0030283188836373307,
    "You need to know this": 0.004032072491564334,
    "WotC": 0.0048429118564173885,
    "Set": 0.00911086634279093,
    "Alpha": 0.00682484053031205,
    "Beta": 0.006435453694755669,
    "Unlimited": 0.006435453694755669,
    "Revised": 0.011098961403947914,
    "Power Nine": 0.012948976576521316,
    "4th Edition": 0.006571813903729829,
    "5th Edition": 0.006571813903729829,
    "Blocking": 0.008479734581426672,
    "Blockers": 0.0030283188836373307,
    "6th Edition": 0.005754026732532001,
    "Magic: The Gathering": 0.0325987862683348,
    "Slang": 0.0030283188836373307,
    "Sorrow's Path": 0.007324216186053089,
    "The Dark": 0.009545497682786749,
    "Ball Lightning": 0.007324216186053089,
    "Ronom Hulk": 0.0030283188836373307,
    "Bull Aurochs": 0.0030283188836373307,
    "J\u00f6tun Owl Keeper": 0.0030283188836373307,
    "Void Maw": 0.0030283188836373307,
    "Ravinca Block": 0.006024412807516176,
    "Cruzer": 0.013658894443634387,
    "Ravnica": 0.016439176032791752,
    "Magic's Planes": 0.004032072491564334,
    "Creature Types": 0.0030283188836373307,
    "The Dark (Magic: The Gathering)": 0.007240625543494604,
    "MTG Wiki:Images": 0.0030283188836373307,
    "First Strike": 0.0030283188836373307,
    "Time Spiral": 0.017394704250372532,
    "Affinity for Artifacts": 0.0030283188836373307,
    "Elves": 0.0034826035251197757,
    "Lhurgoyf (type)": 0.0030283188836373307,
    "Time Spiral block": 0.0030283188836373307,
    "Token": 0.005754026732532001,
    "Planeshift": 0.005754026732532001,
    "Treefolk": 0.005754026732532001,
    "Auratog": 0.0030283188836373307,
    "Myr Enforcer": 0.0030283188836373307,
    "Suntouched Myr": 0.0030283188836373307,
    "Fourth Edition": 0.003936888166602221,
    "Fifth Edition": 0.003936888166602221,
    "Sapling of Colfenor": 0.0030283188836373307,
    "Typecycling": 0.0030283188836373307,
    "Limited Edition Alpha": 0.0030283188836373307,
    "Limited Edition Beta": 0.0030283188836373307,
    "Revised Edition": 0.0030283188836373307,
    "Unlimited Edition": 0.0030283188836373307,
    "Sixth Edition": 0.0030283188836373307,
    "Ability": 0.005754026732532001,
    "Tap": 0.0030283188836373307,
    "Faerie Mechanist": 0.0030283188836373307,
    "Inkwell Leviathan": 0.0030283188836373307,
    "Worldly Counsel": 0.0030283188836373307,
    "Pestilent Kathari": 0.0030283188836373307,
    "Dragonsoul Knight": 0.0030283188836373307,
    "Fiery Fall": 0.0030283188836373307,
    "Sunburst": 0.005754026732532001,
    "Goblins": 0.0034826035251197757,
    "Tapped": 0.0030283188836373307,
    "Double strike": 0.0030283188836373307,
    "Block": 0.0030283188836373307,
    "Plainswalk": 0.0030283188836373307,
    "Forestwalk": 0.0030283188836373307,
    "The Boros Legion": 0.0030283188836373307,
    "Basic land": 0.0030283188836373307,
    "+1/+1 counter": 0.009842588505874007,
    "Spells": 0.005754026732532001,
    "-1/-1 counter": 0.004391172808084666,
    "Rulings:Suleiman's Legacy": 0.0030283188836373307,
    "Rulings:Llanowar Reborn": 0.0030283188836373307,
    "Boon Cycle": 0.0030283188836373307,
    "Rulings:Shorecrasher Mimic": 0.0030283188836373307,
    "Rulings:Void": 0.0030283188836373307,
    "Rulings:Sengir Vampire": 0.0030283188836373307,
    "Tom LaPille": 0.0030283188836373307,
    "Rulings:Arcbound Ravager": 0.0030283188836373307,
    "Rulings:Boartusk Liege": 0.0030283188836373307,
    "Rulings:Demonic Consultation": 0.0030283188836373307,
    "Swampcycling": 0.0030283188836373307,
    "Isperia the Inscrutable": 0.003936888166602221,
    "Swampwalk": 0.0030283188836373307,
    "Anger": 0.003417705719193712,
    "Brawn": 0.003417705719193712,
    "Filth": 0.003417705719193712,
    "Glory": 0.003417705719193712,
    "Valor": 0.003417705719193712,
    "Wonder": 0.003417705719193712,
    "Sphinx Ambassador": 0.003936888166602221,
    "Atog": 0.005754026732532001,
    "Momir Vig, Simic Visionary": 0.003936888166602221,
    "Champions of Kamigawa": 0.0034826035251197757,
    "Static ability": 0.005754026732532001,
    "Main Page": 0.009025175417323313,
    "Card": 0.0030283188836373307,
    "Sets": 0.006757780340459004,
    "Portal Three Kingdoms": 0.030147547104624636,
    "Urborg Volcano": 0.0030283188836373307,
    "Tinder Farm": 0.0030283188836373307,
    "Sulfur Vent": 0.0030283188836373307,
    "Elfhame Palace": 0.0030283188836373307,
    "Horizon Canopy": 0.0030283188836373307,
    "Timeshifted cards": 0.005653599994897299,
    "Sphinx": 0.0030283188836373307,
    "Niv-mizzet, the firemind": 0.0030283188836373307,
    "Niv-mizzet, the Firemind": 0.005754026732532001,
    "Incarnation": 0.0030283188836373307,
    "Gatecrash": 0.030147547104624636,
    "Boros": 0.005754026732532001,
    "Children of Korlis": 0.030147547104624636,
    "Plagued Rusalka": 0.030147547104624636,
    "Soul of the Harvest": 0.0030283188836373307,
    "Bonesplitter": 0.0030283188836373307,
    "Plated Slagwurm": 0.0030283188836373307,
    "Journey of Discovery": 0.0030283188836373307,
    "Slith Predator": 0.0030283188836373307,
    "Assault Zeppelid": 0.0030283188836373307,
    "Knowledge Pool": 0.0030283188836373307,
    "Ur-Golem's Eye": 0.0030283188836373307,
    "Carnivorous Death-Parrot": 0.0030283188836373307,
    "Boros Battalion": 0.030147547104624636
  },
  "hitsHubs": {
    "Magic: The Gathering Wiki": 0.07435687454118207,
    "Mtg": 0.00031902652891788207,
    "Magic The Gathering": 7.799379533525452e-53,
    "Expansion Blocks": 1.2518054364990318e-35,
    "Core Set": 0.009282450565304407,
    "Planes": 0.008084976667184851,
    "MTG": 0.0,
    "Card Types": 1.3340113008078822e-28,
    "Basic Lands": 4.6329726274476e-29,
    "Richard Garfield": 0.0,
    "Mana": 0.005220776149229622,
    "Mana Pool": 0.0,
    "Wizards of the Coast": 0.0,
    "Tapping": 0.0,
    "Haste": 0.0,
    "Magic: the gathering": 0.037816630646055685,
    "Rules": 0.037816630646055685,
    "Double Strike": 0.0,
    "Hellbent": 0.008084976667184851,
    "First strike": 0.0,
    "Flying": 0.0,
    "Landwalk": 0.0,
    "Trample": 0.0,
    "Cycling": 0.0,
    "Phasing": 0.0,
    "Time Spiral Block": 0.01473891241572226,
    "Cumulative Upkeep": 0.0,
    "Domain": 0.0,
    "Affinity": 0.0,
    "Imprint": 0.0,
    "Entwine": 0.0,
    "Equipment": 0.0,